{
  "_system" : {
    "deleted" : false,
    "changeset" : "6:4126c15680468ca4c794",
    "created_on" : {
      "timestamp" : "31-Aug-2022 15:26:02",
      "year" : 2022,
      "month" : 7,
      "day_of_month" : 31,
      "hour" : 15,
      "minute" : 26,
      "second" : 2,
      "millisecond" : 273,
      "ms" : 1661959562273,
      "iso_8601" : "2022-08-31T15:26:02Z"
    },
    "created_by" : "admin",
    "created_by_principal_id" : "2f873756d87a4ad1befc",
    "created_by_principal_domain_id" : "default",
    "modified_on" : {
      "timestamp" : "31-Aug-2022 15:26:02",
      "year" : 2022,
      "month" : 7,
      "day_of_month" : 31,
      "hour" : 15,
      "minute" : 26,
      "second" : 2,
      "millisecond" : 299,
      "ms" : 1661959562299,
      "iso_8601" : "2022-08-31T15:26:02Z"
    },
    "modified_by" : "admin",
    "modified_by_principal_id" : "2f873756d87a4ad1befc",
    "modified_by_principal_domain_id" : "default",
    "edited_on" : {
      "timestamp" : "31-Aug-2022 15:26:02",
      "year" : 2022,
      "month" : 7,
      "day_of_month" : 31,
      "hour" : 15,
      "minute" : 26,
      "second" : 2,
      "millisecond" : 299,
      "ms" : 1661959562299,
      "iso_8601" : "2022-08-31T15:26:02Z"
    },
    "edited_by" : "admin",
    "edited_by_principal_id" : "2f873756d87a4ad1befc",
    "rev" : 6,
    "branch" : "88810405bb84bac72aab",
    "_op" : "create",
    "edited_by_principal_domain_id" : "default"
  },
  "_doc" : "c0b11aa353867c4911ca",
  "_qname" : "o:c0b11aa353867c4911ca",
  "_type" : "n:node",
  "_features" : {
    "f:audit" : { },
    "f:titled" : { },
    "f:filename" : {
      "filename" : "Content"
    },
    "f:geolocation" : { },
    "f:indexable" : { },
    "f:container" : { }
  },
  "title" : "Content"
}