{
  "tag" : "macbeth",
  "title" : "macbeth",
  "_system" : {
    "deleted" : false,
    "changeset" : "9:eaebea8e1a345198b940",
    "created_on" : {
      "timestamp" : "20-Oct-2021 00:03:29",
      "year" : 2021,
      "month" : 9,
      "day_of_month" : 20,
      "hour" : 0,
      "minute" : 3,
      "second" : 29,
      "millisecond" : 84,
      "ms" : 1634702609084,
      "iso_8601" : "2021-10-20T00:03:29-04:00"
    },
    "created_by" : "admin",
    "created_by_principal_id" : "2a7c6669601b1ba4c958",
    "created_by_principal_domain_id" : "default",
    "modified_on" : {
      "timestamp" : "20-Oct-2021 00:03:29",
      "year" : 2021,
      "month" : 9,
      "day_of_month" : 20,
      "hour" : 0,
      "minute" : 3,
      "second" : 29,
      "millisecond" : 98,
      "ms" : 1634702609098,
      "iso_8601" : "2021-10-20T00:03:29-04:00"
    },
    "modified_by" : "admin",
    "modified_by_principal_id" : "2a7c6669601b1ba4c958",
    "modified_by_principal_domain_id" : "default",
    "edited_on" : {
      "timestamp" : "20-Oct-2021 00:03:29",
      "year" : 2021,
      "month" : 9,
      "day_of_month" : 20,
      "hour" : 0,
      "minute" : 3,
      "second" : 29,
      "millisecond" : 98,
      "ms" : 1634702609098,
      "iso_8601" : "2021-10-20T00:03:29-04:00"
    },
    "edited_by" : "admin",
    "edited_by_principal_id" : "2a7c6669601b1ba4c958",
    "edited_by_principal_domain_id" : "default",
    "rev" : 9,
    "branch" : "a73f26b4127e018473e1",
    "_op" : "create"
  },
  "_doc" : "b21b20416cf7ceb27528",
  "_qname" : "o:b21b20416cf7ceb27528",
  "_type" : "n:tag",
  "_features" : {
    "f:audit" : { },
    "f:titled" : { },
    "f:filename" : {
      "filename" : "macbeth"
    },
    "f:geolocation" : { },
    "f:indexable" : { }
  }
}