{
  "_type" : "store:author",
  "title" : "Jane Austen",
  "firstName" : "Jane",
  "lastName" : "Austen",
  "slug" : "jane-austen",
  "_features" : {
    "f:filename" : {
      "filename" : "Jane%20Austen"
    },
    "f:deployment-config" : {
      "default" : {
        "mappings" : [ {
          "type" : "object-to-file",
          "config" : {
            "filepath" : "/store/authors/{{object.slug}}.json"
          }
        }, {
          "type" : "attachment-to-file",
          "config" : {
            "attachmentId" : "*",
            "filepath" : "/store/authors/{{object.slug}}.{{attachment.ext}}"
          }
        } ]
      }
    },
    "f:embeddable" : {
      "enabled" : true
    },
    "f:audit" : { },
    "f:titled" : { },
    "f:geolocation" : { },
    "f:indexable" : { }
  },
  "_qname" : "o:1abffd5cbff84e84a781",
  "_doc" : "1abffd5cbff84e84a781",
  "_system" : {
    "deleted" : false,
    "changeset" : "28:ca877f9b5e75e35dc3ad",
    "created_on" : {
      "timestamp" : "07-Mar-2023 09:39:35",
      "year" : 2023,
      "month" : 2,
      "day_of_month" : 7,
      "hour" : 9,
      "minute" : 39,
      "second" : 35,
      "millisecond" : 144,
      "ms" : 1678199975144,
      "iso_8601" : "2023-03-07T09:39:35-05:00"
    },
    "created_by" : "admin",
    "created_by_principal_id" : "046cf0d415feaf45bcf2",
    "created_by_principal_domain_id" : "default",
    "modified_on" : {
      "timestamp" : "07-Mar-2023 09:39:42",
      "year" : 2023,
      "month" : 2,
      "day_of_month" : 7,
      "hour" : 9,
      "minute" : 39,
      "second" : 42,
      "millisecond" : 189,
      "ms" : 1678199982189,
      "iso_8601" : "2023-03-07T09:39:42-05:00"
    },
    "modified_by" : "admin",
    "modified_by_principal_id" : "046cf0d415feaf45bcf2",
    "modified_by_principal_domain_id" : "default",
    "edited_on" : {
      "timestamp" : "07-Mar-2023 09:39:42",
      "year" : 2023,
      "month" : 2,
      "day_of_month" : 7,
      "hour" : 9,
      "minute" : 39,
      "second" : 42,
      "millisecond" : 189,
      "ms" : 1678199982189,
      "iso_8601" : "2023-03-07T09:39:42-05:00"
    },
    "edited_by" : "admin",
    "edited_by_principal_id" : "046cf0d415feaf45bcf2",
    "rev" : 28,
    "branch" : "660838eae4eeba015a76",
    "_op" : "create",
    "edited_by_principal_domain_id" : "default",
    "attachments" : {
      "default" : {
        "contentType" : "image/jpeg",
        "length" : 89873,
        "objectId" : "attachment_1abffd5cbff84e84a781_c14be82c4f70911ca02a",
        "filename" : "default.jpg",
        "md5" : "b3346ec8f92c65f28ff4a6e9a973dd3"
      }
    }
  }
}