{
  "_system" : {
    "deleted" : false,
    "changeset" : "35:93718751e164a526f4ab",
    "created_on" : {
      "timestamp" : "14-Feb-2019 15:33:01",
      "year" : 2019,
      "month" : 1,
      "day_of_month" : 14,
      "hour" : 15,
      "minute" : 33,
      "second" : 1,
      "millisecond" : 221,
      "ms" : 1550158381221,
      "iso_8601" : "2019-02-14T15:33:01Z"
    },
    "created_by" : "admin",
    "created_by_principal_id" : "5bab281f1cb2047f12ba",
    "created_by_principal_domain_id" : "default",
    "modified_on" : {
      "timestamp" : "14-Feb-2019 15:33:01",
      "year" : 2019,
      "month" : 1,
      "day_of_month" : 14,
      "hour" : 15,
      "minute" : 33,
      "second" : 1,
      "millisecond" : 288,
      "ms" : 1550158381288,
      "iso_8601" : "2019-02-14T15:33:01Z"
    },
    "modified_by" : "admin",
    "modified_by_principal_id" : "5bab281f1cb2047f12ba",
    "modified_by_principal_domain_id" : "default",
    "edited_on" : {
      "timestamp" : "14-Feb-2019 15:33:01",
      "year" : 2019,
      "month" : 1,
      "day_of_month" : 14,
      "hour" : 15,
      "minute" : 33,
      "second" : 1,
      "millisecond" : 288,
      "ms" : 1550158381288,
      "iso_8601" : "2019-02-14T15:33:01Z"
    },
    "edited_by" : "admin",
    "edited_by_principal_id" : "5bab281f1cb2047f12ba",
    "edited_by_principal_domain_id" : "default"
  },
  "_doc" : "ea9bdb75d2c4a3de6c83",
  "_qname" : "o:ea9bdb75d2c4a3de6c83",
  "_type" : "a:has_role",
  "directionality" : "DIRECTED",
  "_features" : {
    "f:audit" : { },
    "f:indexable" : { }
  },
  "source_type" : "n:person",
  "source" : "fb528b3cc0f4915e1ab5",
  "target_type" : "catalog:product",
  "target" : "3a0a47bf3c2ed20549bb",
  "role-key" : "owner",
  "inherited" : true,
  "inheritsFrom" : "3b7fa074cb11d282e53f"
}