{
  "_system" : {
    "deleted" : false,
    "changeset" : "25:7cb4ef67a1dd31ef4bef",
    "created_on" : {
      "timestamp" : "14-Feb-2019 15:32:54",
      "year" : 2019,
      "month" : 1,
      "day_of_month" : 14,
      "hour" : 15,
      "minute" : 32,
      "second" : 54,
      "millisecond" : 925,
      "ms" : 1550158374925,
      "iso_8601" : "2019-02-14T15:32:54Z"
    },
    "created_by" : "admin",
    "created_by_principal_id" : "5bab281f1cb2047f12ba",
    "created_by_principal_domain_id" : "default",
    "modified_on" : {
      "timestamp" : "14-Feb-2019 15:32:54",
      "year" : 2019,
      "month" : 1,
      "day_of_month" : 14,
      "hour" : 15,
      "minute" : 32,
      "second" : 54,
      "millisecond" : 976,
      "ms" : 1550158374976,
      "iso_8601" : "2019-02-14T15:32:54Z"
    },
    "modified_by" : "admin",
    "modified_by_principal_id" : "5bab281f1cb2047f12ba",
    "modified_by_principal_domain_id" : "default",
    "edited_on" : {
      "timestamp" : "14-Feb-2019 15:32:54",
      "year" : 2019,
      "month" : 1,
      "day_of_month" : 14,
      "hour" : 15,
      "minute" : 32,
      "second" : 54,
      "millisecond" : 976,
      "ms" : 1550158374976,
      "iso_8601" : "2019-02-14T15:32:54Z"
    },
    "edited_by" : "admin",
    "edited_by_principal_id" : "5bab281f1cb2047f12ba",
    "edited_by_principal_domain_id" : "default"
  },
  "_doc" : "11506f7bf6c5857736c2",
  "_qname" : "o:11506f7bf6c5857736c2",
  "_type" : "n:node",
  "_features" : {
    "f:audit" : { },
    "f:titled" : { },
    "f:filename" : {
      "filename" : "Reviews"
    },
    "f:geolocation" : { },
    "f:indexable" : { },
    "f:container" : { }
  },
  "title" : "Reviews"
}