{
  "_system" : {
    "deleted" : false,
    "changeset" : "4:58d55b0739042aed18ef",
    "created_on" : {
      "timestamp" : "05-Aug-2021 15:36:48",
      "year" : 2021,
      "month" : 7,
      "day_of_month" : 5,
      "hour" : 15,
      "minute" : 36,
      "second" : 48,
      "millisecond" : 633,
      "ms" : 1628177808633,
      "iso_8601" : "2021-08-05T15:36:48Z"
    },
    "created_by" : "admin",
    "created_by_principal_id" : "b3236127dacc03f40cd9",
    "created_by_principal_domain_id" : "default",
    "modified_on" : {
      "timestamp" : "05-Aug-2021 15:36:48",
      "year" : 2021,
      "month" : 7,
      "day_of_month" : 5,
      "hour" : 15,
      "minute" : 36,
      "second" : 48,
      "millisecond" : 678,
      "ms" : 1628177808678,
      "iso_8601" : "2021-08-05T15:36:48Z"
    },
    "modified_by" : "admin",
    "modified_by_principal_id" : "b3236127dacc03f40cd9",
    "modified_by_principal_domain_id" : "default",
    "edited_on" : {
      "timestamp" : "05-Aug-2021 15:36:48",
      "year" : 2021,
      "month" : 7,
      "day_of_month" : 5,
      "hour" : 15,
      "minute" : 36,
      "second" : 48,
      "millisecond" : 678,
      "ms" : 1628177808678,
      "iso_8601" : "2021-08-05T15:36:48Z"
    },
    "edited_by" : "admin",
    "edited_by_principal_id" : "b3236127dacc03f40cd9",
    "edited_by_principal_domain_id" : "default",
    "rev" : 4,
    "branch" : "23fafbfbb544c803da8d",
    "_op" : "create"
  },
  "_doc" : "d781d973c8859b8ab7bc",
  "_qname" : "o:d781d973c8859b8ab7bc",
  "_type" : "a:child",
  "directionality" : "DIRECTED",
  "_features" : {
    "f:audit" : { },
    "f:indexable" : { },
    "f:propagates-authorities" : {
      "enabled" : true
    },
    "f:non-cyclic" : { },
    "f:knowledge-sharing" : {
      "enabled" : true
    }
  },
  "source_type" : "n:node",
  "source" : "2a9815d4704c5e49d108",
  "target_type" : "n:node",
  "target" : "86f6b84e6adb4f1303bd"
}