{
  "title" : "Catalog Person",
  "_qname" : "catalog:person",
  "_type" : "d:type",
  "_parent" : "n:person",
  "type" : "object",
  "properties" : {
    "title" : {
      "type" : "string",
      "title" : "Title"
    },
    "name" : {
      "type" : "string",
      "title" : "Name"
    },
    "email" : {
      "type" : "string",
      "title" : "Email"
    },
    "firstName" : {
      "type" : "string",
      "title" : "First Name"
    },
    "lastName" : {
      "type" : "string",
      "title" : "Last Name"
    },
    "about" : {
      "type" : "string",
      "title" : "About"
    }
  },
  "_doc" : "eeece031b569fc085992",
  "_system" : {
    "deleted" : false,
    "changeset" : "12:9586b89c6bf13112ee53",
    "created_on" : {
      "timestamp" : "14-Feb-2019 15:32:47",
      "year" : 2019,
      "month" : 1,
      "day_of_month" : 14,
      "hour" : 15,
      "minute" : 32,
      "second" : 47,
      "millisecond" : 702,
      "ms" : 1550158367702,
      "iso_8601" : "2019-02-14T15:32:47Z"
    },
    "created_by" : "admin",
    "created_by_principal_id" : "5bab281f1cb2047f12ba",
    "created_by_principal_domain_id" : "default",
    "modified_on" : {
      "timestamp" : "14-Feb-2019 15:32:47",
      "year" : 2019,
      "month" : 1,
      "day_of_month" : 14,
      "hour" : 15,
      "minute" : 32,
      "second" : 47,
      "millisecond" : 745,
      "ms" : 1550158367745,
      "iso_8601" : "2019-02-14T15:32:47Z"
    },
    "modified_by" : "admin",
    "modified_by_principal_id" : "5bab281f1cb2047f12ba",
    "modified_by_principal_domain_id" : "default",
    "edited_on" : {
      "timestamp" : "14-Feb-2019 15:32:47",
      "year" : 2019,
      "month" : 1,
      "day_of_month" : 14,
      "hour" : 15,
      "minute" : 32,
      "second" : 47,
      "millisecond" : 745,
      "ms" : 1550158367745,
      "iso_8601" : "2019-02-14T15:32:47Z"
    },
    "edited_by" : "admin",
    "edited_by_principal_id" : "5bab281f1cb2047f12ba",
    "edited_by_principal_domain_id" : "default"
  }
}