{
  "teamableObjectTypeId" : "stack",
  "teamableObjectId" : "146875f48575af63bb34",
  "key" : "project-editors-team",
  "groupId" : "bda8ffedb9565eee88fb",
  "groupDomainId" : "8a11739a997caa7f8dac",
  "roleKeys" : [ ],
  "title" : "Project Editors",
  "description" : "Project Editors Team",
  "_system" : {
    "created_on" : {
      "timestamp" : "20-Oct-2021 09:34:01",
      "year" : 2021,
      "month" : 9,
      "day_of_month" : 20,
      "hour" : 9,
      "minute" : 34,
      "second" : 1,
      "millisecond" : 556,
      "ms" : 1634736841556,
      "iso_8601" : "2021-10-20T09:34:01-04:00"
    },
    "created_by" : "admin",
    "created_by_principal_id" : "2a7c6669601b1ba4c958",
    "created_by_principal_domain_id" : "default",
    "modified_on" : {
      "timestamp" : "20-Oct-2021 09:34:01",
      "year" : 2021,
      "month" : 9,
      "day_of_month" : 20,
      "hour" : 9,
      "minute" : 34,
      "second" : 1,
      "millisecond" : 556,
      "ms" : 1634736841556,
      "iso_8601" : "2021-10-20T09:34:01-04:00"
    },
    "modified_by" : "admin",
    "modified_by_principal_id" : "2a7c6669601b1ba4c958",
    "modified_by_principal_domain_id" : "default",
    "edited_on" : {
      "timestamp" : "20-Oct-2021 09:34:01",
      "year" : 2021,
      "month" : 9,
      "day_of_month" : 20,
      "hour" : 9,
      "minute" : 34,
      "second" : 1,
      "millisecond" : 556,
      "ms" : 1634736841556,
      "iso_8601" : "2021-10-20T09:34:01-04:00"
    },
    "edited_by" : "admin",
    "edited_by_principal_id" : "2a7c6669601b1ba4c958",
    "edited_by_principal_domain_id" : "default"
  },
  "_doc" : "12ef7350f5a9d360a0b5"
}