{
  "_system" : {
    "deleted" : false,
    "changeset" : "2:245ada12830d8412e848",
    "created_on" : {
      "timestamp" : "15-Nov-2021 14:53:45",
      "year" : 2021,
      "month" : 10,
      "day_of_month" : 15,
      "hour" : 14,
      "minute" : 53,
      "second" : 45,
      "millisecond" : 186,
      "ms" : 1637006025186,
      "iso_8601" : "2021-11-15T14:53:45-05:00"
    },
    "created_by" : "admin",
    "created_by_principal_id" : "b9ed9753748864134424",
    "created_by_principal_domain_id" : "default",
    "modified_on" : {
      "timestamp" : "15-Nov-2021 14:53:45",
      "year" : 2021,
      "month" : 10,
      "day_of_month" : 15,
      "hour" : 14,
      "minute" : 53,
      "second" : 45,
      "millisecond" : 208,
      "ms" : 1637006025208,
      "iso_8601" : "2021-11-15T14:53:45-05:00"
    },
    "modified_by" : "admin",
    "modified_by_principal_id" : "b9ed9753748864134424",
    "modified_by_principal_domain_id" : "default",
    "edited_on" : {
      "timestamp" : "15-Nov-2021 14:53:45",
      "year" : 2021,
      "month" : 10,
      "day_of_month" : 15,
      "hour" : 14,
      "minute" : 53,
      "second" : 45,
      "millisecond" : 208,
      "ms" : 1637006025208,
      "iso_8601" : "2021-11-15T14:53:45-05:00"
    },
    "edited_by" : "admin",
    "edited_by_principal_id" : "b9ed9753748864134424",
    "edited_by_principal_domain_id" : "default",
    "rev" : 2,
    "branch" : "cdcfc25b8b052c9d2586",
    "_op" : "create"
  },
  "_doc" : "1dedde7c0ebdcd046a93",
  "_qname" : "o:1dedde7c0ebdcd046a93",
  "_type" : "a:child",
  "directionality" : "DIRECTED",
  "_features" : {
    "f:audit" : { },
    "f:indexable" : { },
    "f:propagates-authorities" : {
      "enabled" : true
    },
    "f:non-cyclic" : { },
    "f:knowledge-sharing" : {
      "enabled" : true
    }
  },
  "source_type" : "n:node",
  "source" : "ed9352201b0d4d46fcf0",
  "target_type" : "n:node",
  "target" : "0d8efbf7a1f22446ae9b"
}