{
  "_type" : "catalog:product",
  "title" : "Chocolate Delight",
  "sku" : "Chocolate Delight SKU",
  "headline" : "If you love chocolate, hold on to your sweet tooth!",
  "summary" : "Treat the chocolate lovers of your family with this delicious cupcake - a perfect baked dessert.",
  "body" : "This lovely Chocolate Cupcake is all about having your own little cake that you do not have to share. It has a mild chocolate flavor and moist texture that is topped with a rich and creamy chocolate butter frosting. The frosting can be either piped into lovely swirls or, for the kids, all you need is a quick swipe of frosting with a liberal dusting of colored sprinkles.",
  "price" : 2.99,
  "categories" : [ "chocolate", "birthdays" ],
  "_doc" : "db246f20344f16e36275",
  "_system" : {
    "deleted" : false,
    "changeset" : "60:2618a1381cea6dfc0e34",
    "created_on" : {
      "timestamp" : "14-Feb-2019 15:33:00",
      "year" : 2019,
      "month" : 1,
      "day_of_month" : 14,
      "hour" : 15,
      "minute" : 33,
      "second" : 0,
      "millisecond" : 302,
      "ms" : 1550158380302,
      "iso_8601" : "2019-02-14T15:33:00Z"
    },
    "created_by" : "admin",
    "created_by_principal_id" : "5bab281f1cb2047f12ba",
    "created_by_principal_domain_id" : "default",
    "modified_on" : {
      "timestamp" : "14-Feb-2019 15:33:07",
      "year" : 2019,
      "month" : 1,
      "day_of_month" : 14,
      "hour" : 15,
      "minute" : 33,
      "second" : 7,
      "millisecond" : 132,
      "ms" : 1550158387132,
      "iso_8601" : "2019-02-14T15:33:07Z"
    },
    "modified_by" : "admin",
    "modified_by_principal_id" : "5bab281f1cb2047f12ba",
    "modified_by_principal_domain_id" : "default",
    "edited_on" : {
      "timestamp" : "14-Feb-2019 15:33:07",
      "year" : 2019,
      "month" : 1,
      "day_of_month" : 14,
      "hour" : 15,
      "minute" : 33,
      "second" : 7,
      "millisecond" : 132,
      "ms" : 1550158387132,
      "iso_8601" : "2019-02-14T15:33:07Z"
    },
    "edited_by" : "admin",
    "edited_by_principal_id" : "5bab281f1cb2047f12ba",
    "edited_by_principal_domain_id" : "default",
    "previousChangeset" : "34:cb3c2281b699aa095977",
    "attachments" : {
      "default" : {
        "contentType" : "image/jpeg",
        "length" : 246958,
        "objectId" : "attachment_db246f20344f16e36275_d7a376575580602d7632",
        "filename" : "default"
      }
    }
  },
  "_qname" : "o:db246f20344f16e36275",
  "_features" : {
    "f:audit" : { },
    "f:titled" : { },
    "f:filename" : {
      "filename" : "Chocolate_Delight"
    },
    "f:geolocation" : { },
    "f:indexable" : { }
  },
  "_statistics" : {
    "a:has_role" : 3,
    "a:has_role_INCOMING" : 3,
    "a:child" : 1,
    "a:child_INCOMING" : 1,
    "ratingTotalCount" : 2,
    "ratingTotalValue" : 6,
    "ratingAverageValue" : 3.0,
    "catalog:product-has-review" : 2,
    "catalog:product-has-review_OUTGOING" : 2
  }
}