{
  "_type" : "catalog:product-has-review",
  "source" : "1c4cc5cc26772fa8ba92",
  "target" : "103fae94e2b041ab29b4",
  "_is_instance" : true,
  "_system" : {
    "deleted" : false,
    "changeset" : "46:dbfb269fb3df8b16e12c",
    "created_on" : {
      "timestamp" : "14-Feb-2019 15:33:03",
      "year" : 2019,
      "month" : 1,
      "day_of_month" : 14,
      "hour" : 15,
      "minute" : 33,
      "second" : 3,
      "millisecond" : 967,
      "ms" : 1550158383967,
      "iso_8601" : "2019-02-14T15:33:03Z"
    },
    "created_by" : "admin",
    "created_by_principal_id" : "5bab281f1cb2047f12ba",
    "created_by_principal_domain_id" : "default",
    "modified_on" : {
      "timestamp" : "14-Feb-2019 15:33:03",
      "year" : 2019,
      "month" : 1,
      "day_of_month" : 14,
      "hour" : 15,
      "minute" : 33,
      "second" : 3,
      "millisecond" : 977,
      "ms" : 1550158383977,
      "iso_8601" : "2019-02-14T15:33:03Z"
    },
    "modified_by" : "admin",
    "modified_by_principal_id" : "5bab281f1cb2047f12ba",
    "modified_by_principal_domain_id" : "default",
    "edited_on" : {
      "timestamp" : "14-Feb-2019 15:33:03",
      "year" : 2019,
      "month" : 1,
      "day_of_month" : 14,
      "hour" : 15,
      "minute" : 33,
      "second" : 3,
      "millisecond" : 977,
      "ms" : 1550158383977,
      "iso_8601" : "2019-02-14T15:33:03Z"
    },
    "edited_by" : "admin",
    "edited_by_principal_id" : "5bab281f1cb2047f12ba",
    "edited_by_principal_domain_id" : "default"
  },
  "_doc" : "97a0e6a2a2b217ac2d39",
  "_qname" : "o:97a0e6a2a2b217ac2d39",
  "directionality" : "DIRECTED",
  "_features" : {
    "f:audit" : { },
    "f:indexable" : { },
    "f:rates" : {
      "property" : "rating"
    }
  },
  "source_type" : "catalog:product",
  "target_type" : "catalog:product-review"
}