{
  "_features" : {
    "f:relator" : {
      "propertyHolder" : "source",
      "propertyPath" : "/recommendations[0]",
      "active" : true
    },
    "f:audit" : { },
    "f:indexable" : { }
  },
  "source" : "71644ab71637418eb484",
  "source_type" : "store:book",
  "target" : "6cf15486d6fc4790951a",
  "target_type" : "store:book",
  "directionality" : "DIRECTED",
  "_system" : {
    "deleted" : false,
    "changeset" : "37:60b0f3ac5e507b7ffe00",
    "created_on" : {
      "timestamp" : "15-Nov-2021 14:54:11",
      "year" : 2021,
      "month" : 10,
      "day_of_month" : 15,
      "hour" : 14,
      "minute" : 54,
      "second" : 11,
      "millisecond" : 162,
      "ms" : 1637006051162,
      "iso_8601" : "2021-11-15T14:54:11-05:00"
    },
    "created_by" : "admin",
    "created_by_principal_id" : "b9ed9753748864134424",
    "created_by_principal_domain_id" : "default",
    "modified_on" : {
      "timestamp" : "15-Nov-2021 14:54:11",
      "year" : 2021,
      "month" : 10,
      "day_of_month" : 15,
      "hour" : 14,
      "minute" : 54,
      "second" : 11,
      "millisecond" : 230,
      "ms" : 1637006051230,
      "iso_8601" : "2021-11-15T14:54:11-05:00"
    },
    "modified_by" : "admin",
    "modified_by_principal_id" : "b9ed9753748864134424",
    "modified_by_principal_domain_id" : "default",
    "edited_on" : {
      "timestamp" : "15-Nov-2021 14:54:11",
      "year" : 2021,
      "month" : 10,
      "day_of_month" : 15,
      "hour" : 14,
      "minute" : 54,
      "second" : 11,
      "millisecond" : 230,
      "ms" : 1637006051230,
      "iso_8601" : "2021-11-15T14:54:11-05:00"
    },
    "edited_by" : "admin",
    "edited_by_principal_id" : "b9ed9753748864134424",
    "edited_by_principal_domain_id" : "default",
    "rev" : 37,
    "branch" : "cdcfc25b8b052c9d2586",
    "_op" : "create"
  },
  "_doc" : "46d0b218a00f703319c8",
  "_qname" : "o:46d0b218a00f703319c8",
  "_type" : "store:suggests"
}