{
  "type" : "CREATE",
  "timestamp" : {
    "timestamp" : "27-Oct-2021 15:39:32",
    "year" : 2021,
    "month" : 9,
    "day_of_month" : 27,
    "hour" : 15,
    "minute" : 39,
    "second" : 32,
    "millisecond" : 970,
    "ms" : 1635349172970,
    "iso_8601" : "2021-10-27T15:39:32Z"
  },
  "userDomainId" : "default",
  "userId" : "ed403cd3ae171ad7caf0",
  "userTitle" : "admin",
  "userName" : "admin",
  "objectDatastoreTypeId" : "repository",
  "objectDatastoreId" : "a8db999c5898f0b5d950",
  "objectDatastoreTitle" : "Sample Project 'content' repository",
  "objectId" : "21e38e9322442cb4d925",
  "objectTypeId" : "association",
  "objectTitle" : "21e38e9322442cb4d925",
  "stackId" : "60d86c9f942917d841ff",
  "projectId" : "99607efb08eb40e18532",
  "projectTitle" : "Sample Project",
  "_system" : {
    "created_on" : {
      "timestamp" : "27-Oct-2021 15:39:32",
      "year" : 2021,
      "month" : 9,
      "day_of_month" : 27,
      "hour" : 15,
      "minute" : 39,
      "second" : 32,
      "millisecond" : 972,
      "ms" : 1635349172972,
      "iso_8601" : "2021-10-27T15:39:32Z"
    },
    "created_by" : "admin",
    "created_by_principal_id" : "ed403cd3ae171ad7caf0",
    "created_by_principal_domain_id" : "default",
    "modified_on" : {
      "timestamp" : "27-Oct-2021 15:39:32",
      "year" : 2021,
      "month" : 9,
      "day_of_month" : 27,
      "hour" : 15,
      "minute" : 39,
      "second" : 32,
      "millisecond" : 972,
      "ms" : 1635349172972,
      "iso_8601" : "2021-10-27T15:39:32Z"
    },
    "modified_by" : "admin",
    "modified_by_principal_id" : "ed403cd3ae171ad7caf0",
    "modified_by_principal_domain_id" : "default",
    "edited_on" : {
      "timestamp" : "27-Oct-2021 15:39:32",
      "year" : 2021,
      "month" : 9,
      "day_of_month" : 27,
      "hour" : 15,
      "minute" : 39,
      "second" : 32,
      "millisecond" : 972,
      "ms" : 1635349172972,
      "iso_8601" : "2021-10-27T15:39:32Z"
    },
    "edited_by" : "admin",
    "edited_by_principal_id" : "ed403cd3ae171ad7caf0",
    "edited_by_principal_domain_id" : "default"
  },
  "_doc" : "3dcbdcd4782dd1ba8e3e"
}