{
  "_system" : {
    "deleted" : false,
    "changeset" : "36:18dba073c6b6edb587f6",
    "created_on" : {
      "timestamp" : "14-Feb-2019 15:33:01",
      "year" : 2019,
      "month" : 1,
      "day_of_month" : 14,
      "hour" : 15,
      "minute" : 33,
      "second" : 1,
      "millisecond" : 648,
      "ms" : 1550158381648,
      "iso_8601" : "2019-02-14T15:33:01Z"
    },
    "created_by" : "admin",
    "created_by_principal_id" : "5bab281f1cb2047f12ba",
    "created_by_principal_domain_id" : "default",
    "modified_on" : {
      "timestamp" : "14-Feb-2019 15:33:01",
      "year" : 2019,
      "month" : 1,
      "day_of_month" : 14,
      "hour" : 15,
      "minute" : 33,
      "second" : 1,
      "millisecond" : 696,
      "ms" : 1550158381696,
      "iso_8601" : "2019-02-14T15:33:01Z"
    },
    "modified_by" : "admin",
    "modified_by_principal_id" : "5bab281f1cb2047f12ba",
    "modified_by_principal_domain_id" : "default",
    "edited_on" : {
      "timestamp" : "14-Feb-2019 15:33:01",
      "year" : 2019,
      "month" : 1,
      "day_of_month" : 14,
      "hour" : 15,
      "minute" : 33,
      "second" : 1,
      "millisecond" : 696,
      "ms" : 1550158381696,
      "iso_8601" : "2019-02-14T15:33:01Z"
    },
    "edited_by" : "admin",
    "edited_by_principal_id" : "5bab281f1cb2047f12ba",
    "edited_by_principal_domain_id" : "default"
  },
  "_doc" : "baddc598c2d299fa64da",
  "_qname" : "o:baddc598c2d299fa64da",
  "_type" : "a:child",
  "directionality" : "DIRECTED",
  "_features" : {
    "f:audit" : { },
    "f:indexable" : { },
    "f:propagates-authorities" : {
      "enabled" : true
    },
    "f:non-cyclic" : { },
    "f:knowledge-sharing" : {
      "enabled" : true
    }
  },
  "source_type" : "n:node",
  "source" : "f71c04d94119bf7d0c95",
  "target_type" : "catalog:product",
  "target" : "e946709c50c49b162473"
}