{
  "teamableObjectTypeId" : "stack",
  "teamableObjectId" : "7b28f95810a708ce457a",
  "key" : "owners",
  "groupId" : "87d5b2aebb87d0dad14b",
  "groupDomainId" : "a0abec8452e4962aced3",
  "roleKeys" : [ ],
  "title" : "Project Owners",
  "description" : "Project Owners Team",
  "_system" : {
    "created_on" : {
      "timestamp" : "20-Oct-2021 14:37:15",
      "year" : 2021,
      "month" : 9,
      "day_of_month" : 20,
      "hour" : 14,
      "minute" : 37,
      "second" : 15,
      "millisecond" : 970,
      "ms" : 1634755035970,
      "iso_8601" : "2021-10-20T14:37:15-04:00"
    },
    "created_by" : "admin",
    "created_by_principal_id" : "b4d6c22caee99692904d",
    "created_by_principal_domain_id" : "default",
    "modified_on" : {
      "timestamp" : "20-Oct-2021 14:37:18",
      "year" : 2021,
      "month" : 9,
      "day_of_month" : 20,
      "hour" : 14,
      "minute" : 37,
      "second" : 18,
      "millisecond" : 299,
      "ms" : 1634755038299,
      "iso_8601" : "2021-10-20T14:37:18-04:00"
    },
    "modified_by" : "admin",
    "modified_by_principal_id" : "b4d6c22caee99692904d",
    "modified_by_principal_domain_id" : "default",
    "edited_on" : {
      "timestamp" : "20-Oct-2021 14:37:18",
      "year" : 2021,
      "month" : 9,
      "day_of_month" : 20,
      "hour" : 14,
      "minute" : 37,
      "second" : 18,
      "millisecond" : 299,
      "ms" : 1634755038299,
      "iso_8601" : "2021-10-20T14:37:18-04:00"
    },
    "edited_by" : "admin",
    "edited_by_principal_id" : "b4d6c22caee99692904d",
    "edited_by_principal_domain_id" : "default"
  },
  "_doc" : "9304184cf17a6c96449e"
}