{
  "_type" : "catalog:product-review",
  "title" : "Review #23 Monstorous",
  "author" : "joan.rivers",
  "body" : "The cake part was incredibly stale and lacked any flavor. It was like eating styrofoam. The icing was WAY too sweet (and I love sweet usually) with an odd taste. To top off the complete disappointment, the cupcakes made myself and my friends sick. ",
  "rating" : 1,
  "_doc" : "50184e1dcbb72ebe50e0",
  "_system" : {
    "deleted" : false,
    "changeset" : "29:af2481f425f570d83772",
    "created_on" : {
      "timestamp" : "14-Feb-2019 15:32:57",
      "year" : 2019,
      "month" : 1,
      "day_of_month" : 14,
      "hour" : 15,
      "minute" : 32,
      "second" : 57,
      "millisecond" : 586,
      "ms" : 1550158377586,
      "iso_8601" : "2019-02-14T15:32:57Z"
    },
    "created_by" : "admin",
    "created_by_principal_id" : "5bab281f1cb2047f12ba",
    "created_by_principal_domain_id" : "default",
    "modified_on" : {
      "timestamp" : "14-Feb-2019 15:32:57",
      "year" : 2019,
      "month" : 1,
      "day_of_month" : 14,
      "hour" : 15,
      "minute" : 32,
      "second" : 57,
      "millisecond" : 621,
      "ms" : 1550158377621,
      "iso_8601" : "2019-02-14T15:32:57Z"
    },
    "modified_by" : "admin",
    "modified_by_principal_id" : "5bab281f1cb2047f12ba",
    "modified_by_principal_domain_id" : "default",
    "edited_on" : {
      "timestamp" : "14-Feb-2019 15:32:57",
      "year" : 2019,
      "month" : 1,
      "day_of_month" : 14,
      "hour" : 15,
      "minute" : 32,
      "second" : 57,
      "millisecond" : 621,
      "ms" : 1550158377621,
      "iso_8601" : "2019-02-14T15:32:57Z"
    },
    "edited_by" : "admin",
    "edited_by_principal_id" : "5bab281f1cb2047f12ba",
    "edited_by_principal_domain_id" : "default"
  },
  "_qname" : "o:50184e1dcbb72ebe50e0",
  "_features" : {
    "f:audit" : { },
    "f:titled" : { },
    "f:filename" : {
      "filename" : "Review+%2323+Monstorous"
    },
    "f:geolocation" : { },
    "f:indexable" : { }
  }
}