{
  "_doc" : "88810405bb84bac72aab",
  "root" : "0:root",
  "tip" : "56:97848ef403a4a1ca4ba3",
  "title" : "master",
  "type" : "MASTER",
  "_system" : {
    "created_on" : {
      "timestamp" : "31-Aug-2022 15:25:57",
      "year" : 2022,
      "month" : 7,
      "day_of_month" : 31,
      "hour" : 15,
      "minute" : 25,
      "second" : 57,
      "millisecond" : 211,
      "ms" : 1661959557211,
      "iso_8601" : "2022-08-31T15:25:57Z"
    },
    "created_by" : "admin",
    "created_by_principal_id" : "2f873756d87a4ad1befc",
    "created_by_principal_domain_id" : "default",
    "modified_on" : {
      "timestamp" : "31-Aug-2022 15:25:57",
      "year" : 2022,
      "month" : 7,
      "day_of_month" : 31,
      "hour" : 15,
      "minute" : 25,
      "second" : 57,
      "millisecond" : 211,
      "ms" : 1661959557211,
      "iso_8601" : "2022-08-31T15:25:57Z"
    },
    "modified_by" : "admin",
    "modified_by_principal_id" : "2f873756d87a4ad1befc",
    "modified_by_principal_domain_id" : "default",
    "edited_on" : {
      "timestamp" : "31-Aug-2022 15:25:57",
      "year" : 2022,
      "month" : 7,
      "day_of_month" : 31,
      "hour" : 15,
      "minute" : 25,
      "second" : 57,
      "millisecond" : 211,
      "ms" : 1661959557211,
      "iso_8601" : "2022-08-31T15:25:57Z"
    },
    "edited_by" : "admin",
    "edited_by_principal_id" : "2f873756d87a4ad1befc",
    "edited_by_principal_domain_id" : "default"
  },
  "archived" : false,
  "snapshot" : false,
  "searchIndex" : "6a93bf1fc0d596f7e37a_88810405bb84bac72aab___1661959557289",
  "autoMergePullRequests" : true,
  "autoMergeConflictResolution" : "SOURCE"
}