{
  "title" : "Master Form",
  "fields" : {
    "title" : {
      "type" : "text",
      "label" : "Title"
    },
    "sku" : {
      "type" : "text",
      "label" : "SKU"
    },
    "headline" : {
      "type" : "text",
      "label" : "Headline"
    },
    "summary" : {
      "type" : "text",
      "label" : "Summary"
    },
    "body" : {
      "type" : "ckeditor",
      "label" : "Body",
      "ckeditor" : {
        "toolbar" : [ [ "Format", "Font", "FontSize" ], [ "Bold", "Italic", "Underline", "StrikeThrough", "-", "Undo", "Redo", "-", "Cut", "Copy", "Paste", "Find", "Replace", "-", "Outdent", "Indent", "-", "Print" ], "/", [ "NumberedList", "BulletedList", "-", "JustifyLeft", "JustifyCenter", "JustifyRight", "JustifyBlock" ], [ "Image", "Table", "-", "Link", "Flash", "Smiley", "TextColor", "BGColor", "Source" ] ]
      }
    },
    "price" : {
      "type" : "currency",
      "label" : "Price"
    },
    "categories" : {
      "type" : "array",
      "items" : {
        "type" : "select",
        "optionLabels" : [ "Chocolate", "Strawberry", "Birthdays", "Holidays" ]
      }
    }
  },
  "engineId" : "alpaca1",
  "_type" : "n:form",
  "_doc" : "40f6d27f5299205e4f93",
  "_system" : {
    "deleted" : false,
    "changeset" : "50:518d14b02965d608d094",
    "created_on" : {
      "timestamp" : "14-Feb-2019 15:33:04",
      "year" : 2019,
      "month" : 1,
      "day_of_month" : 14,
      "hour" : 15,
      "minute" : 33,
      "second" : 4,
      "millisecond" : 699,
      "ms" : 1550158384699,
      "iso_8601" : "2019-02-14T15:33:04Z"
    },
    "created_by" : "admin",
    "created_by_principal_id" : "5bab281f1cb2047f12ba",
    "created_by_principal_domain_id" : "default",
    "modified_on" : {
      "timestamp" : "14-Feb-2019 15:33:04",
      "year" : 2019,
      "month" : 1,
      "day_of_month" : 14,
      "hour" : 15,
      "minute" : 33,
      "second" : 4,
      "millisecond" : 732,
      "ms" : 1550158384732,
      "iso_8601" : "2019-02-14T15:33:04Z"
    },
    "modified_by" : "admin",
    "modified_by_principal_id" : "5bab281f1cb2047f12ba",
    "modified_by_principal_domain_id" : "default",
    "edited_on" : {
      "timestamp" : "14-Feb-2019 15:33:04",
      "year" : 2019,
      "month" : 1,
      "day_of_month" : 14,
      "hour" : 15,
      "minute" : 33,
      "second" : 4,
      "millisecond" : 732,
      "ms" : 1550158384732,
      "iso_8601" : "2019-02-14T15:33:04Z"
    },
    "edited_by" : "admin",
    "edited_by_principal_id" : "5bab281f1cb2047f12ba",
    "edited_by_principal_domain_id" : "default"
  },
  "_qname" : "o:40f6d27f5299205e4f93",
  "_features" : {
    "f:audit" : { },
    "f:titled" : { },
    "f:filename" : {
      "filename" : "Master_Form"
    },
    "f:geolocation" : { },
    "f:indexable" : { }
  }
}