{
  "_doc" : "31:765a024bb99bd1052523",
  "_system" : {
    "created_on" : {
      "timestamp" : "20-Oct-2021 00:03:39",
      "year" : 2021,
      "month" : 9,
      "day_of_month" : 20,
      "hour" : 0,
      "minute" : 3,
      "second" : 39,
      "millisecond" : 778,
      "ms" : 1634702619778,
      "iso_8601" : "2021-10-20T00:03:39-04:00"
    },
    "created_by" : "admin",
    "created_by_principal_id" : "2a7c6669601b1ba4c958",
    "created_by_principal_domain_id" : "default",
    "modified_on" : {
      "timestamp" : "20-Oct-2021 00:03:39",
      "year" : 2021,
      "month" : 9,
      "day_of_month" : 20,
      "hour" : 0,
      "minute" : 3,
      "second" : 39,
      "millisecond" : 832,
      "ms" : 1634702619832,
      "iso_8601" : "2021-10-20T00:03:39-04:00"
    },
    "modified_by" : "admin",
    "modified_by_principal_id" : "2a7c6669601b1ba4c958",
    "modified_by_principal_domain_id" : "default",
    "edited_on" : {
      "timestamp" : "20-Oct-2021 00:03:39",
      "year" : 2021,
      "month" : 9,
      "day_of_month" : 20,
      "hour" : 0,
      "minute" : 3,
      "second" : 39,
      "millisecond" : 832,
      "ms" : 1634702619832,
      "iso_8601" : "2021-10-20T00:03:39-04:00"
    },
    "edited_by" : "admin",
    "edited_by_principal_id" : "2a7c6669601b1ba4c958",
    "edited_by_principal_domain_id" : "default"
  },
  "revision" : 31,
  "active" : true,
  "parents" : [ "30:df5ef108b851620c7ba6" ],
  "branch" : "a73f26b4127e018473e1"
}