{
  "_doc" : "27:d68751baa7b53080a1d5",
  "_system" : {
    "created_on" : {
      "timestamp" : "20-Oct-2021 09:44:30",
      "year" : 2021,
      "month" : 9,
      "day_of_month" : 20,
      "hour" : 9,
      "minute" : 44,
      "second" : 30,
      "millisecond" : 350,
      "ms" : 1634737470350,
      "iso_8601" : "2021-10-20T09:44:30-04:00"
    },
    "created_by" : "admin",
    "created_by_principal_id" : "2a7c6669601b1ba4c958",
    "created_by_principal_domain_id" : "default",
    "modified_on" : {
      "timestamp" : "20-Oct-2021 09:44:30",
      "year" : 2021,
      "month" : 9,
      "day_of_month" : 20,
      "hour" : 9,
      "minute" : 44,
      "second" : 30,
      "millisecond" : 392,
      "ms" : 1634737470392,
      "iso_8601" : "2021-10-20T09:44:30-04:00"
    },
    "modified_by" : "admin",
    "modified_by_principal_id" : "2a7c6669601b1ba4c958",
    "modified_by_principal_domain_id" : "default",
    "edited_on" : {
      "timestamp" : "20-Oct-2021 09:44:30",
      "year" : 2021,
      "month" : 9,
      "day_of_month" : 20,
      "hour" : 9,
      "minute" : 44,
      "second" : 30,
      "millisecond" : 392,
      "ms" : 1634737470392,
      "iso_8601" : "2021-10-20T09:44:30-04:00"
    },
    "edited_by" : "admin",
    "edited_by_principal_id" : "2a7c6669601b1ba4c958",
    "edited_by_principal_domain_id" : "default"
  },
  "revision" : 27,
  "active" : true,
  "parents" : [ "26:8f52f92f73526272e8dd" ],
  "branch" : "c05d26b68d5e6c9699cf"
}