{
  "_doc" : "36:87a2280e1c9cfc3eda0a",
  "_system" : {
    "created_on" : {
      "timestamp" : "31-Aug-2022 15:26:23",
      "year" : 2022,
      "month" : 7,
      "day_of_month" : 31,
      "hour" : 15,
      "minute" : 26,
      "second" : 23,
      "millisecond" : 274,
      "ms" : 1661959583274,
      "iso_8601" : "2022-08-31T15:26:23Z"
    },
    "created_by" : "admin",
    "created_by_principal_id" : "2f873756d87a4ad1befc",
    "created_by_principal_domain_id" : "default",
    "modified_on" : {
      "timestamp" : "31-Aug-2022 15:26:23",
      "year" : 2022,
      "month" : 7,
      "day_of_month" : 31,
      "hour" : 15,
      "minute" : 26,
      "second" : 23,
      "millisecond" : 317,
      "ms" : 1661959583317,
      "iso_8601" : "2022-08-31T15:26:23Z"
    },
    "modified_by" : "admin",
    "modified_by_principal_id" : "2f873756d87a4ad1befc",
    "modified_by_principal_domain_id" : "default",
    "edited_on" : {
      "timestamp" : "31-Aug-2022 15:26:23",
      "year" : 2022,
      "month" : 7,
      "day_of_month" : 31,
      "hour" : 15,
      "minute" : 26,
      "second" : 23,
      "millisecond" : 317,
      "ms" : 1661959583317,
      "iso_8601" : "2022-08-31T15:26:23Z"
    },
    "edited_by" : "admin",
    "edited_by_principal_id" : "2f873756d87a4ad1befc",
    "edited_by_principal_domain_id" : "default"
  },
  "revision" : 36,
  "active" : true,
  "parents" : [ "35:b43f6fef440899b1177b" ],
  "branch" : "88810405bb84bac72aab"
}