{
  "_doc" : "36:34a7a6fb14c509f4d8ae",
  "_system" : {
    "created_on" : {
      "timestamp" : "19-Nov-2021 22:41:27",
      "year" : 2021,
      "month" : 10,
      "day_of_month" : 19,
      "hour" : 22,
      "minute" : 41,
      "second" : 27,
      "millisecond" : 435,
      "ms" : 1637379687435,
      "iso_8601" : "2021-11-19T22:41:27-05:00"
    },
    "created_by" : "admin",
    "created_by_principal_id" : "e319a2cd626b671ba7f7",
    "created_by_principal_domain_id" : "default",
    "modified_on" : {
      "timestamp" : "19-Nov-2021 22:41:27",
      "year" : 2021,
      "month" : 10,
      "day_of_month" : 19,
      "hour" : 22,
      "minute" : 41,
      "second" : 27,
      "millisecond" : 476,
      "ms" : 1637379687476,
      "iso_8601" : "2021-11-19T22:41:27-05:00"
    },
    "modified_by" : "admin",
    "modified_by_principal_id" : "e319a2cd626b671ba7f7",
    "modified_by_principal_domain_id" : "default",
    "edited_on" : {
      "timestamp" : "19-Nov-2021 22:41:27",
      "year" : 2021,
      "month" : 10,
      "day_of_month" : 19,
      "hour" : 22,
      "minute" : 41,
      "second" : 27,
      "millisecond" : 476,
      "ms" : 1637379687476,
      "iso_8601" : "2021-11-19T22:41:27-05:00"
    },
    "edited_by" : "admin",
    "edited_by_principal_id" : "e319a2cd626b671ba7f7",
    "edited_by_principal_domain_id" : "default"
  },
  "revision" : 36,
  "active" : true,
  "parents" : [ "35:150d14b780f27471da8a" ],
  "branch" : "d13c41461bea0e1eaef1"
}