{
  "_doc" : "125:6d33eb3d5a612f58651a",
  "_system" : {
    "created_on" : {
      "timestamp" : "14-Feb-2019 15:33:32",
      "year" : 2019,
      "month" : 1,
      "day_of_month" : 14,
      "hour" : 15,
      "minute" : 33,
      "second" : 32,
      "millisecond" : 334,
      "ms" : 1550158412334,
      "iso_8601" : "2019-02-14T15:33:32Z"
    },
    "created_by" : "system",
    "created_by_principal_id" : "system",
    "created_by_principal_domain_id" : null,
    "modified_on" : {
      "timestamp" : "14-Feb-2019 15:33:32",
      "year" : 2019,
      "month" : 1,
      "day_of_month" : 14,
      "hour" : 15,
      "minute" : 33,
      "second" : 32,
      "millisecond" : 630,
      "ms" : 1550158412630,
      "iso_8601" : "2019-02-14T15:33:32Z"
    },
    "modified_by" : "system",
    "modified_by_principal_id" : "system",
    "modified_by_principal_domain_id" : null,
    "edited_on" : {
      "timestamp" : "14-Feb-2019 15:33:32",
      "year" : 2019,
      "month" : 1,
      "day_of_month" : 14,
      "hour" : 15,
      "minute" : 33,
      "second" : 32,
      "millisecond" : 334,
      "ms" : 1550158412334,
      "iso_8601" : "2019-02-14T15:33:32Z"
    },
    "edited_by" : "system",
    "edited_by_principal_id" : "system",
    "edited_by_principal_domain_id" : null
  },
  "revision" : 125,
  "active" : true,
  "parents" : [ "124:091dcb7038c2a3e0ba17" ],
  "branch" : "4a11b3490f5cf2a8a2b7"
}