{
  "_system" : {
    "deleted" : false,
    "changeset" : "5:df1a8a41163e54619217",
    "created_on" : {
      "timestamp" : "05-Aug-2021 15:36:49",
      "year" : 2021,
      "month" : 7,
      "day_of_month" : 5,
      "hour" : 15,
      "minute" : 36,
      "second" : 49,
      "millisecond" : 125,
      "ms" : 1628177809125,
      "iso_8601" : "2021-08-05T15:36:49Z"
    },
    "created_by" : "admin",
    "created_by_principal_id" : "b3236127dacc03f40cd9",
    "created_by_principal_domain_id" : "default",
    "modified_on" : {
      "timestamp" : "05-Aug-2021 15:36:49",
      "year" : 2021,
      "month" : 7,
      "day_of_month" : 5,
      "hour" : 15,
      "minute" : 36,
      "second" : 49,
      "millisecond" : 177,
      "ms" : 1628177809177,
      "iso_8601" : "2021-08-05T15:36:49Z"
    },
    "modified_by" : "admin",
    "modified_by_principal_id" : "b3236127dacc03f40cd9",
    "modified_by_principal_domain_id" : "default",
    "edited_on" : {
      "timestamp" : "05-Aug-2021 15:36:49",
      "year" : 2021,
      "month" : 7,
      "day_of_month" : 5,
      "hour" : 15,
      "minute" : 36,
      "second" : 49,
      "millisecond" : 177,
      "ms" : 1628177809177,
      "iso_8601" : "2021-08-05T15:36:49Z"
    },
    "edited_by" : "admin",
    "edited_by_principal_id" : "b3236127dacc03f40cd9",
    "edited_by_principal_domain_id" : "default",
    "rev" : 5,
    "branch" : "23fafbfbb544c803da8d",
    "_op" : "create"
  },
  "_doc" : "f4bdb1c29810f9a32078",
  "_qname" : "o:f4bdb1c29810f9a32078",
  "_type" : "a:child",
  "directionality" : "DIRECTED",
  "_features" : {
    "f:audit" : { },
    "f:indexable" : { },
    "f:propagates-authorities" : {
      "enabled" : true
    },
    "f:non-cyclic" : { },
    "f:knowledge-sharing" : {
      "enabled" : true
    }
  },
  "source_type" : "n:root",
  "source" : "821c40ab613d9b5bcbbc656b62229301",
  "target_type" : "n:node",
  "target" : "039d31bb453c9806ed2a"
}