{
  "tag" : "shrew",
  "title" : "shrew",
  "_system" : {
    "deleted" : false,
    "changeset" : "51:e913fdb1c2de624c9494",
    "created_on" : {
      "timestamp" : "05-Aug-2021 15:37:18",
      "year" : 2021,
      "month" : 7,
      "day_of_month" : 5,
      "hour" : 15,
      "minute" : 37,
      "second" : 18,
      "millisecond" : 962,
      "ms" : 1628177838962,
      "iso_8601" : "2021-08-05T15:37:18Z"
    },
    "created_by" : "system",
    "created_by_principal_id" : "system",
    "modified_on" : {
      "timestamp" : "05-Aug-2021 15:37:18",
      "year" : 2021,
      "month" : 7,
      "day_of_month" : 5,
      "hour" : 15,
      "minute" : 37,
      "second" : 18,
      "millisecond" : 997,
      "ms" : 1628177838997,
      "iso_8601" : "2021-08-05T15:37:18Z"
    },
    "modified_by" : "system",
    "modified_by_principal_id" : "system",
    "edited_on" : {
      "timestamp" : "05-Aug-2021 15:37:18",
      "year" : 2021,
      "month" : 7,
      "day_of_month" : 5,
      "hour" : 15,
      "minute" : 37,
      "second" : 18,
      "millisecond" : 962,
      "ms" : 1628177838962,
      "iso_8601" : "2021-08-05T15:37:18Z"
    },
    "edited_by" : "system",
    "edited_by_principal_id" : "system",
    "rev" : 51,
    "branch" : "23fafbfbb544c803da8d",
    "_op" : "create"
  },
  "_doc" : "f813a2d714acf2e5b0af",
  "_qname" : "o:f813a2d714acf2e5b0af",
  "_type" : "n:tag",
  "_features" : {
    "f:audit" : { },
    "f:titled" : { },
    "f:filename" : {
      "filename" : "shrew"
    },
    "f:geolocation" : { },
    "f:indexable" : { }
  }
}