{
  "_system" : {
    "deleted" : false,
    "changeset" : "9:2a39461291a06adf94e1",
    "created_on" : {
      "timestamp" : "17-Nov-2021 09:27:51",
      "year" : 2021,
      "month" : 10,
      "day_of_month" : 17,
      "hour" : 9,
      "minute" : 27,
      "second" : 51,
      "millisecond" : 348,
      "ms" : 1637159271348,
      "iso_8601" : "2021-11-17T09:27:51-05:00"
    },
    "created_by" : "admin",
    "created_by_principal_id" : "4dbc7eeadc99359ba687",
    "created_by_principal_domain_id" : "default",
    "modified_on" : {
      "timestamp" : "17-Nov-2021 09:27:51",
      "year" : 2021,
      "month" : 10,
      "day_of_month" : 17,
      "hour" : 9,
      "minute" : 27,
      "second" : 51,
      "millisecond" : 371,
      "ms" : 1637159271371,
      "iso_8601" : "2021-11-17T09:27:51-05:00"
    },
    "modified_by" : "admin",
    "modified_by_principal_id" : "4dbc7eeadc99359ba687",
    "modified_by_principal_domain_id" : "default",
    "edited_on" : {
      "timestamp" : "17-Nov-2021 09:27:51",
      "year" : 2021,
      "month" : 10,
      "day_of_month" : 17,
      "hour" : 9,
      "minute" : 27,
      "second" : 51,
      "millisecond" : 371,
      "ms" : 1637159271371,
      "iso_8601" : "2021-11-17T09:27:51-05:00"
    },
    "edited_by" : "admin",
    "edited_by_principal_id" : "4dbc7eeadc99359ba687",
    "edited_by_principal_domain_id" : "default",
    "rev" : 9,
    "branch" : "921fd3299d530ef02309",
    "_op" : "create"
  },
  "_doc" : "11a6dcfa82fb93fead79",
  "_qname" : "o:11a6dcfa82fb93fead79",
  "_type" : "a:has_tag",
  "directionality" : "DIRECTED",
  "_features" : {
    "f:audit" : { },
    "f:indexable" : { }
  },
  "source_type" : "store:book",
  "source" : "2e54d49f5ad546059251",
  "target_type" : "n:tag",
  "target" : "989aecc7afc2f8b95cd3"
}