{
  "policy" : "p:afterAssociateNode",
  "scope" : 0,
  "_features" : {
    "f:behavior" : {
      "active" : true
    },
    "f:behavior-binding" : { },
    "f:audit" : { },
    "f:indexable" : { }
  },
  "_system" : {
    "deleted" : false,
    "changeset" : "16:699135b81898eddb4471",
    "created_on" : {
      "timestamp" : "31-Aug-2022 15:26:04",
      "year" : 2022,
      "month" : 7,
      "day_of_month" : 31,
      "hour" : 15,
      "minute" : 26,
      "second" : 4,
      "millisecond" : 303,
      "ms" : 1661959564303,
      "iso_8601" : "2022-08-31T15:26:04Z"
    },
    "created_by" : "admin",
    "created_by_principal_id" : "2f873756d87a4ad1befc",
    "created_by_principal_domain_id" : "default",
    "modified_on" : {
      "timestamp" : "31-Aug-2022 15:26:04",
      "year" : 2022,
      "month" : 7,
      "day_of_month" : 31,
      "hour" : 15,
      "minute" : 26,
      "second" : 4,
      "millisecond" : 316,
      "ms" : 1661959564316,
      "iso_8601" : "2022-08-31T15:26:04Z"
    },
    "modified_by" : "admin",
    "modified_by_principal_id" : "2f873756d87a4ad1befc",
    "modified_by_principal_domain_id" : "default",
    "edited_on" : {
      "timestamp" : "31-Aug-2022 15:26:04",
      "year" : 2022,
      "month" : 7,
      "day_of_month" : 31,
      "hour" : 15,
      "minute" : 26,
      "second" : 4,
      "millisecond" : 316,
      "ms" : 1661959564316,
      "iso_8601" : "2022-08-31T15:26:04Z"
    },
    "edited_by" : "admin",
    "edited_by_principal_id" : "2f873756d87a4ad1befc",
    "rev" : 16,
    "branch" : "88810405bb84bac72aab",
    "_op" : "create",
    "edited_by_principal_domain_id" : "default"
  },
  "_doc" : "2843e7d090d6eaaa8507",
  "_qname" : "o:2843e7d090d6eaaa8507",
  "_type" : "a:has_behavior",
  "directionality" : "DIRECTED",
  "source_type" : "n:node",
  "source" : "1b178bced41d49aa084e",
  "target_type" : "n:rule",
  "target" : "162afd882b9999654160"
}