{
  "_system" : {
    "deleted" : false,
    "changeset" : "65:45b37126726e44f5db28",
    "created_on" : {
      "timestamp" : "14-Feb-2019 15:33:08",
      "year" : 2019,
      "month" : 1,
      "day_of_month" : 14,
      "hour" : 15,
      "minute" : 33,
      "second" : 8,
      "millisecond" : 605,
      "ms" : 1550158388605,
      "iso_8601" : "2019-02-14T15:33:08Z"
    },
    "created_by" : "admin",
    "created_by_principal_id" : "5bab281f1cb2047f12ba",
    "created_by_principal_domain_id" : "default",
    "modified_on" : {
      "timestamp" : "14-Feb-2019 15:33:08",
      "year" : 2019,
      "month" : 1,
      "day_of_month" : 14,
      "hour" : 15,
      "minute" : 33,
      "second" : 8,
      "millisecond" : 632,
      "ms" : 1550158388632,
      "iso_8601" : "2019-02-14T15:33:08Z"
    },
    "modified_by" : "admin",
    "modified_by_principal_id" : "5bab281f1cb2047f12ba",
    "modified_by_principal_domain_id" : "default",
    "edited_on" : {
      "timestamp" : "14-Feb-2019 15:33:08",
      "year" : 2019,
      "month" : 1,
      "day_of_month" : 14,
      "hour" : 15,
      "minute" : 33,
      "second" : 8,
      "millisecond" : 632,
      "ms" : 1550158388632,
      "iso_8601" : "2019-02-14T15:33:08Z"
    },
    "edited_by" : "admin",
    "edited_by_principal_id" : "5bab281f1cb2047f12ba",
    "edited_by_principal_domain_id" : "default"
  },
  "_doc" : "d55aa969ce25a782b590",
  "_qname" : "o:d55aa969ce25a782b590",
  "_type" : "a:has_role",
  "directionality" : "DIRECTED",
  "_features" : {
    "f:audit" : { },
    "f:indexable" : { }
  },
  "source_type" : "n:person",
  "source" : "fb528b3cc0f4915e1ab5",
  "target_type" : "d:type",
  "target" : "4ff612aa273860ab6b0f",
  "role-key" : "owner"
}