{
  "title" : "Unpublish Content",
  "description" : "A workflow that coordinates the unpublishing of one or more content items.",
  "handlers" : {
    "START" : [ {
      "type" : "editorial.start"
    } ]
  },
  "nodes" : {
    "start" : {
      "type" : "start",
      "title" : "Start the Workflow",
      "description" : "Start the workflow and automatically transition it to unpublish stage so that content begins unpublishing immediately.",
      "transitions" : {
        "start" : "unpublish"
      }
    },
    "unpublish" : {
      "type" : "external",
      "title" : "Unpublish Content",
      "description" : "The content is unpublished from the configured endpoints based on your publishing lifecycle rules.  This task then waits for the unpublishing job to finish.",
      "transitions" : {
        "next" : "unpublished"
      },
      "handlers" : {
        "ENTER" : [ {
          "type" : "publishing.unpublish"
        } ]
      }
    },
    "unpublished" : {
      "type" : "passthru",
      "title" : "Content has been Unpublished",
      "description" : "The content was successfully unpublished and we now transition to the end of workflow.",
      "transitions" : {
        "next" : "end"
      }
    },
    "end" : {
      "type" : "end",
      "title" : "Workflow Ends",
      "description" : "The workflow ends and is removed from the system.  This is a final stage and is the result of either a successful or a cancelled publishing process.",
      "handlers" : {
        "ENTER" : [ {
          "type" : "editorial.end",
          "config" : {
            "archiveBranch" : true
          }
        } ]
      }
    }
  },
  "id" : "unpublish",
  "version" : 1,
  "_system" : {
    "created_on" : {
      "timestamp" : "02-Mar-2023 01:38:43",
      "year" : 2023,
      "month" : 2,
      "day_of_month" : 2,
      "hour" : 1,
      "minute" : 38,
      "second" : 43,
      "millisecond" : 893,
      "ms" : 1677739123893,
      "iso_8601" : "2023-03-02T01:38:43-05:00"
    },
    "created_by" : "system",
    "created_by_principal_id" : "system",
    "modified_on" : {
      "timestamp" : "02-Mar-2023 01:38:43",
      "year" : 2023,
      "month" : 2,
      "day_of_month" : 2,
      "hour" : 1,
      "minute" : 38,
      "second" : 43,
      "millisecond" : 896,
      "ms" : 1677739123896,
      "iso_8601" : "2023-03-02T01:38:43-05:00"
    },
    "modified_by" : "system",
    "modified_by_principal_id" : "system",
    "edited_on" : {
      "timestamp" : "02-Mar-2023 01:38:43",
      "year" : 2023,
      "month" : 2,
      "day_of_month" : 2,
      "hour" : 1,
      "minute" : 38,
      "second" : 43,
      "millisecond" : 893,
      "ms" : 1677739123893,
      "iso_8601" : "2023-03-02T01:38:43-05:00"
    },
    "edited_by" : "system",
    "edited_by_principal_id" : "system"
  },
  "_doc" : "454a5ee6f311e8cb71e3",
  "deployed" : true,
  "head" : true
}