{
  "_doc" : "821c40ab613d9b5bcbbc656b62229342",
  "_qname" : "n:pdf_template",
  "_type" : "d:type",
  "_parent" : "n:node",
  "type" : "object",
  "title" : "PDF Template",
  "description" : "A PDF Template",
  "properties" : {
    "key" : {
      "type" : "string",
      "title" : "Key"
    }
  },
  "systemBootstrapped" : true,
  "_system" : {
    "deleted" : false,
    "changeset" : "0:root",
    "created_on" : {
      "timestamp" : "31-Aug-2022 15:25:57",
      "year" : 2022,
      "month" : 7,
      "day_of_month" : 31,
      "hour" : 15,
      "minute" : 25,
      "second" : 57,
      "millisecond" : 486,
      "ms" : 1661959557486,
      "iso_8601" : "2022-08-31T15:25:57Z"
    },
    "created_by" : "admin",
    "created_by_principal_id" : "2f873756d87a4ad1befc",
    "created_by_principal_domain_id" : "default",
    "modified_on" : {
      "timestamp" : "31-Aug-2022 15:25:57",
      "year" : 2022,
      "month" : 7,
      "day_of_month" : 31,
      "hour" : 15,
      "minute" : 25,
      "second" : 57,
      "millisecond" : 552,
      "ms" : 1661959557552,
      "iso_8601" : "2022-08-31T15:25:57Z"
    },
    "modified_by" : "admin",
    "modified_by_principal_id" : "2f873756d87a4ad1befc",
    "modified_by_principal_domain_id" : "default",
    "edited_on" : {
      "timestamp" : "31-Aug-2022 15:25:57",
      "year" : 2022,
      "month" : 7,
      "day_of_month" : 31,
      "hour" : 15,
      "minute" : 25,
      "second" : 57,
      "millisecond" : 552,
      "ms" : 1661959557552,
      "iso_8601" : "2022-08-31T15:25:57Z"
    },
    "edited_by" : "admin",
    "edited_by_principal_id" : "2f873756d87a4ad1befc",
    "rev" : 0,
    "branch" : "88810405bb84bac72aab",
    "_op" : "create",
    "edited_by_principal_domain_id" : "default"
  }
}