{
  "_doc" : "4:41505e6f0aeea71025b1",
  "_system" : {
    "created_on" : {
      "timestamp" : "20-Oct-2021 00:03:17",
      "year" : 2021,
      "month" : 9,
      "day_of_month" : 20,
      "hour" : 0,
      "minute" : 3,
      "second" : 17,
      "millisecond" : 346,
      "ms" : 1634702597346,
      "iso_8601" : "2021-10-20T00:03:17-04:00"
    },
    "created_by" : "admin",
    "created_by_principal_id" : "2a7c6669601b1ba4c958",
    "created_by_principal_domain_id" : "default",
    "modified_on" : {
      "timestamp" : "20-Oct-2021 00:03:17",
      "year" : 2021,
      "month" : 9,
      "day_of_month" : 20,
      "hour" : 0,
      "minute" : 3,
      "second" : 17,
      "millisecond" : 545,
      "ms" : 1634702597545,
      "iso_8601" : "2021-10-20T00:03:17-04:00"
    },
    "modified_by" : "admin",
    "modified_by_principal_id" : "2a7c6669601b1ba4c958",
    "modified_by_principal_domain_id" : "default",
    "edited_on" : {
      "timestamp" : "20-Oct-2021 00:03:17",
      "year" : 2021,
      "month" : 9,
      "day_of_month" : 20,
      "hour" : 0,
      "minute" : 3,
      "second" : 17,
      "millisecond" : 545,
      "ms" : 1634702597545,
      "iso_8601" : "2021-10-20T00:03:17-04:00"
    },
    "edited_by" : "admin",
    "edited_by_principal_id" : "2a7c6669601b1ba4c958",
    "edited_by_principal_domain_id" : "default"
  },
  "revision" : 4,
  "active" : true,
  "parents" : [ "3:dcb9106c6a0896d7fbe4" ],
  "branch" : "a73f26b4127e018473e1"
}