{
  "_type" : "n:email_template",
  "key" : "pullrequest-accepted-default",
  "_system" : {
    "deleted" : false,
    "changeset" : "12:d540cc792072cd8a4432",
    "created_on" : {
      "timestamp" : "31-Aug-2022 15:26:03",
      "year" : 2022,
      "month" : 7,
      "day_of_month" : 31,
      "hour" : 15,
      "minute" : 26,
      "second" : 3,
      "millisecond" : 584,
      "ms" : 1661959563584,
      "iso_8601" : "2022-08-31T15:26:03Z"
    },
    "created_by" : "admin",
    "created_by_principal_id" : "2f873756d87a4ad1befc",
    "created_by_principal_domain_id" : "default",
    "modified_on" : {
      "timestamp" : "31-Aug-2022 15:26:03",
      "year" : 2022,
      "month" : 7,
      "day_of_month" : 31,
      "hour" : 15,
      "minute" : 26,
      "second" : 3,
      "millisecond" : 717,
      "ms" : 1661959563717,
      "iso_8601" : "2022-08-31T15:26:03Z"
    },
    "modified_by" : "admin",
    "modified_by_principal_id" : "2f873756d87a4ad1befc",
    "modified_by_principal_domain_id" : "default",
    "edited_on" : {
      "timestamp" : "31-Aug-2022 15:26:03",
      "year" : 2022,
      "month" : 7,
      "day_of_month" : 31,
      "hour" : 15,
      "minute" : 26,
      "second" : 3,
      "millisecond" : 717,
      "ms" : 1661959563717,
      "iso_8601" : "2022-08-31T15:26:03Z"
    },
    "edited_by" : "admin",
    "edited_by_principal_id" : "2f873756d87a4ad1befc",
    "rev" : 12,
    "branch" : "88810405bb84bac72aab",
    "_op" : "create",
    "edited_by_principal_domain_id" : "default",
    "attachments" : {
      "default" : {
        "contentType" : "text/x-handlebars-template",
        "length" : 181,
        "objectId" : "attachment_4090863969d4775a0e15_8e66b5f0204e53b5d6bf",
        "filename" : "default",
        "md5" : "c07fa2d5fdb195b2507073a8284f4e3"
      }
    }
  },
  "_doc" : "4090863969d4775a0e15",
  "_qname" : "o:4090863969d4775a0e15",
  "_features" : {
    "f:audit" : { },
    "f:titled" : { },
    "f:filename" : {
      "filename" : "Pull+Request+-+Accepted+Email+Template"
    },
    "f:geolocation" : { },
    "f:indexable" : { }
  },
  "title" : "Pull Request - Accepted Email Template"
}