{
  "stackId" : "4d4027a6a1b7b740dc24",
  "key" : "content",
  "datastoreTypeId" : "repository",
  "datastoreId" : "1677ffc4e33a815d61c0",
  "_system" : {
    "created_on" : {
      "timestamp" : "20-Oct-2021 09:44:05",
      "year" : 2021,
      "month" : 9,
      "day_of_month" : 20,
      "hour" : 9,
      "minute" : 44,
      "second" : 5,
      "millisecond" : 631,
      "ms" : 1634737445631,
      "iso_8601" : "2021-10-20T09:44:05-04:00"
    },
    "created_by" : "admin",
    "created_by_principal_id" : "2a7c6669601b1ba4c958",
    "created_by_principal_domain_id" : "default",
    "modified_on" : {
      "timestamp" : "20-Oct-2021 09:44:05",
      "year" : 2021,
      "month" : 9,
      "day_of_month" : 20,
      "hour" : 9,
      "minute" : 44,
      "second" : 5,
      "millisecond" : 631,
      "ms" : 1634737445631,
      "iso_8601" : "2021-10-20T09:44:05-04:00"
    },
    "modified_by" : "admin",
    "modified_by_principal_id" : "2a7c6669601b1ba4c958",
    "modified_by_principal_domain_id" : "default",
    "edited_on" : {
      "timestamp" : "20-Oct-2021 09:44:05",
      "year" : 2021,
      "month" : 9,
      "day_of_month" : 20,
      "hour" : 9,
      "minute" : 44,
      "second" : 5,
      "millisecond" : 631,
      "ms" : 1634737445631,
      "iso_8601" : "2021-10-20T09:44:05-04:00"
    },
    "edited_by" : "admin",
    "edited_by_principal_id" : "2a7c6669601b1ba4c958",
    "edited_by_principal_domain_id" : "default"
  },
  "_doc" : "b27d984f2c96090bbd41"
}