{
  "_type" : "catalog:product",
  "title" : "Tango Mango",
  "sku" : "Tango Mango SKU",
  "headline" : "Any fruit that rhymes with tango can't help but be perfect to be in, on and around a cupcake.",
  "summary" : "Cupcakes are not just for dessert anymore. Cupcakes are great for any occasion. And with Tango Mango cupcakes you can take your event to the next level of delicious",
  "body" : "This inventive cupcake has two pureed mangoes in the batter, along with a helping of chopped macadamia nuts. If you aren't sold on that alone, then the rum cream cheese frosting should convince you! Oh yes, that's perfection.",
  "price" : 4.29,
  "categories" : [ "holidays" ],
  "_doc" : "1c4cc5cc26772fa8ba92",
  "_system" : {
    "deleted" : false,
    "changeset" : "37:c78370035424a9f12c52",
    "created_on" : {
      "timestamp" : "14-Feb-2019 15:33:01",
      "year" : 2019,
      "month" : 1,
      "day_of_month" : 14,
      "hour" : 15,
      "minute" : 33,
      "second" : 1,
      "millisecond" : 998,
      "ms" : 1550158381998,
      "iso_8601" : "2019-02-14T15:33:01Z"
    },
    "created_by" : "admin",
    "created_by_principal_id" : "5bab281f1cb2047f12ba",
    "created_by_principal_domain_id" : "default",
    "modified_on" : {
      "timestamp" : "14-Feb-2019 15:33:02",
      "year" : 2019,
      "month" : 1,
      "day_of_month" : 14,
      "hour" : 15,
      "minute" : 33,
      "second" : 2,
      "millisecond" : 29,
      "ms" : 1550158382029,
      "iso_8601" : "2019-02-14T15:33:02Z"
    },
    "modified_by" : "admin",
    "modified_by_principal_id" : "5bab281f1cb2047f12ba",
    "modified_by_principal_domain_id" : "default",
    "edited_on" : {
      "timestamp" : "14-Feb-2019 15:33:02",
      "year" : 2019,
      "month" : 1,
      "day_of_month" : 14,
      "hour" : 15,
      "minute" : 33,
      "second" : 2,
      "millisecond" : 29,
      "ms" : 1550158382029,
      "iso_8601" : "2019-02-14T15:33:02Z"
    },
    "edited_by" : "admin",
    "edited_by_principal_id" : "5bab281f1cb2047f12ba",
    "edited_by_principal_domain_id" : "default"
  },
  "_qname" : "o:1c4cc5cc26772fa8ba92",
  "_features" : {
    "f:audit" : { },
    "f:titled" : { },
    "f:filename" : {
      "filename" : "Tango_Mango"
    },
    "f:geolocation" : { },
    "f:indexable" : { }
  }
}