{
  "_features" : {
    "f:relator" : {
      "propertyHolder" : "source",
      "propertyPath" : "/recommendations[1]",
      "active" : true
    },
    "f:audit" : { },
    "f:indexable" : { }
  },
  "source" : "e8af9fc1f0d341cc9eca",
  "source_type" : "store:book",
  "target" : "7e20154425244651a587",
  "target_type" : "store:book",
  "directionality" : "DIRECTED",
  "_system" : {
    "deleted" : false,
    "changeset" : "31:918ce05145ec1573e97b",
    "created_on" : {
      "timestamp" : "20-Oct-2021 14:37:41",
      "year" : 2021,
      "month" : 9,
      "day_of_month" : 20,
      "hour" : 14,
      "minute" : 37,
      "second" : 41,
      "millisecond" : 721,
      "ms" : 1634755061721,
      "iso_8601" : "2021-10-20T14:37:41-04:00"
    },
    "created_by" : "admin",
    "created_by_principal_id" : "b4d6c22caee99692904d",
    "created_by_principal_domain_id" : "default",
    "modified_on" : {
      "timestamp" : "20-Oct-2021 14:37:41",
      "year" : 2021,
      "month" : 9,
      "day_of_month" : 20,
      "hour" : 14,
      "minute" : 37,
      "second" : 41,
      "millisecond" : 782,
      "ms" : 1634755061782,
      "iso_8601" : "2021-10-20T14:37:41-04:00"
    },
    "modified_by" : "admin",
    "modified_by_principal_id" : "b4d6c22caee99692904d",
    "modified_by_principal_domain_id" : "default",
    "edited_on" : {
      "timestamp" : "20-Oct-2021 14:37:41",
      "year" : 2021,
      "month" : 9,
      "day_of_month" : 20,
      "hour" : 14,
      "minute" : 37,
      "second" : 41,
      "millisecond" : 782,
      "ms" : 1634755061782,
      "iso_8601" : "2021-10-20T14:37:41-04:00"
    },
    "edited_by" : "admin",
    "edited_by_principal_id" : "b4d6c22caee99692904d",
    "edited_by_principal_domain_id" : "default",
    "rev" : 31,
    "branch" : "4375d1eb9094255abf40",
    "_op" : "create"
  },
  "_doc" : "deda06a3727f26568132",
  "_qname" : "o:deda06a3727f26568132",
  "_type" : "store:suggests"
}