{
  "_system" : {
    "deleted" : false,
    "changeset" : "18:ef1b8450a5c2148646e2",
    "created_on" : {
      "timestamp" : "05-Aug-2021 15:37:13",
      "year" : 2021,
      "month" : 7,
      "day_of_month" : 5,
      "hour" : 15,
      "minute" : 37,
      "second" : 13,
      "millisecond" : 320,
      "ms" : 1628177833320,
      "iso_8601" : "2021-08-05T15:37:13Z"
    },
    "created_by" : "system",
    "created_by_principal_id" : "system",
    "modified_on" : {
      "timestamp" : "05-Aug-2021 15:37:13",
      "year" : 2021,
      "month" : 7,
      "day_of_month" : 5,
      "hour" : 15,
      "minute" : 37,
      "second" : 13,
      "millisecond" : 379,
      "ms" : 1628177833379,
      "iso_8601" : "2021-08-05T15:37:13Z"
    },
    "modified_by" : "system",
    "modified_by_principal_id" : "system",
    "edited_on" : {
      "timestamp" : "05-Aug-2021 15:37:13",
      "year" : 2021,
      "month" : 7,
      "day_of_month" : 5,
      "hour" : 15,
      "minute" : 37,
      "second" : 13,
      "millisecond" : 320,
      "ms" : 1628177833320,
      "iso_8601" : "2021-08-05T15:37:13Z"
    },
    "edited_by" : "system",
    "edited_by_principal_id" : "system",
    "rev" : 18,
    "branch" : "23fafbfbb544c803da8d",
    "_op" : "create"
  },
  "_doc" : "5a9b89a058b71ec95030",
  "_qname" : "o:5a9b89a058b71ec95030",
  "_type" : "a:has_tag",
  "directionality" : "DIRECTED",
  "_features" : {
    "f:audit" : { },
    "f:indexable" : { }
  },
  "source_type" : "store:book",
  "source" : "d9c336ce8f514020a1a1",
  "target_type" : "n:tag",
  "target" : "a8c2dfe5bc159ddcab98"
}