{
  "_system" : {
    "deleted" : false,
    "changeset" : "9:11970c9e61c04461d271",
    "created_on" : {
      "timestamp" : "14-Feb-2019 15:32:46",
      "year" : 2019,
      "month" : 1,
      "day_of_month" : 14,
      "hour" : 15,
      "minute" : 32,
      "second" : 46,
      "millisecond" : 595,
      "ms" : 1550158366595,
      "iso_8601" : "2019-02-14T15:32:46Z"
    },
    "created_by" : "admin",
    "created_by_principal_id" : "5bab281f1cb2047f12ba",
    "created_by_principal_domain_id" : "default",
    "modified_on" : {
      "timestamp" : "14-Feb-2019 15:32:46",
      "year" : 2019,
      "month" : 1,
      "day_of_month" : 14,
      "hour" : 15,
      "minute" : 32,
      "second" : 46,
      "millisecond" : 678,
      "ms" : 1550158366678,
      "iso_8601" : "2019-02-14T15:32:46Z"
    },
    "modified_by" : "admin",
    "modified_by_principal_id" : "5bab281f1cb2047f12ba",
    "modified_by_principal_domain_id" : "default",
    "edited_on" : {
      "timestamp" : "14-Feb-2019 15:32:46",
      "year" : 2019,
      "month" : 1,
      "day_of_month" : 14,
      "hour" : 15,
      "minute" : 32,
      "second" : 46,
      "millisecond" : 678,
      "ms" : 1550158366678,
      "iso_8601" : "2019-02-14T15:32:46Z"
    },
    "edited_by" : "admin",
    "edited_by_principal_id" : "5bab281f1cb2047f12ba",
    "edited_by_principal_domain_id" : "default"
  },
  "_doc" : "fb528b3cc0f4915e1ab5",
  "_qname" : "o:fb528b3cc0f4915e1ab5",
  "_type" : "n:person",
  "_features" : {
    "f:audit" : { },
    "f:titled" : { },
    "f:filename" : {
      "filename" : "fb528b3cc0f4915e1ab5"
    },
    "f:geolocation" : { },
    "f:indexable" : { }
  },
  "principal-id" : "5bab281f1cb2047f12ba",
  "principal-domain" : "default",
  "principal-name" : "admin"
}