{
  "permissioned" : "891068da027747fae86f",
  "principal" : "2d415128ccec1f02aa71",
  "authority" : "consumer",
  "domain" : "default",
  "_system" : {
    "created_on" : {
      "timestamp" : "09-Jul-2020 15:32:28",
      "year" : 2020,
      "month" : 6,
      "day_of_month" : 9,
      "hour" : 15,
      "minute" : 32,
      "second" : 28,
      "millisecond" : 414,
      "ms" : 1594308748414,
      "iso_8601" : "2020-07-09T15:32:28Z"
    },
    "created_by" : "system",
    "created_by_principal_id" : "system",
    "created_by_principal_domain_id" : null,
    "modified_on" : {
      "timestamp" : "09-Jul-2020 15:32:28",
      "year" : 2020,
      "month" : 6,
      "day_of_month" : 9,
      "hour" : 15,
      "minute" : 32,
      "second" : 28,
      "millisecond" : 414,
      "ms" : 1594308748414,
      "iso_8601" : "2020-07-09T15:32:28Z"
    },
    "modified_by" : "system",
    "modified_by_principal_id" : "system",
    "modified_by_principal_domain_id" : null,
    "edited_on" : {
      "timestamp" : "09-Jul-2020 15:32:28",
      "year" : 2020,
      "month" : 6,
      "day_of_month" : 9,
      "hour" : 15,
      "minute" : 32,
      "second" : 28,
      "millisecond" : 414,
      "ms" : 1594308748414,
      "iso_8601" : "2020-07-09T15:32:28Z"
    },
    "edited_by" : "system",
    "edited_by_principal_id" : "system",
    "edited_by_principal_domain_id" : null
  },
  "_doc" : "1c8c3efec74813e570ef"
}