{
  "_doc" : "74:0cdcb179210d7bf08c43",
  "_system" : {
    "created_on" : {
      "timestamp" : "14-Feb-2019 15:33:13",
      "year" : 2019,
      "month" : 1,
      "day_of_month" : 14,
      "hour" : 15,
      "minute" : 33,
      "second" : 13,
      "millisecond" : 214,
      "ms" : 1550158393214,
      "iso_8601" : "2019-02-14T15:33:13Z"
    },
    "created_by" : "admin",
    "created_by_principal_id" : "5bab281f1cb2047f12ba",
    "created_by_principal_domain_id" : "default",
    "modified_on" : {
      "timestamp" : "14-Feb-2019 15:33:13",
      "year" : 2019,
      "month" : 1,
      "day_of_month" : 14,
      "hour" : 15,
      "minute" : 33,
      "second" : 13,
      "millisecond" : 339,
      "ms" : 1550158393339,
      "iso_8601" : "2019-02-14T15:33:13Z"
    },
    "modified_by" : "admin",
    "modified_by_principal_id" : "5bab281f1cb2047f12ba",
    "modified_by_principal_domain_id" : "default",
    "edited_on" : {
      "timestamp" : "14-Feb-2019 15:33:13",
      "year" : 2019,
      "month" : 1,
      "day_of_month" : 14,
      "hour" : 15,
      "minute" : 33,
      "second" : 13,
      "millisecond" : 339,
      "ms" : 1550158393339,
      "iso_8601" : "2019-02-14T15:33:13Z"
    },
    "edited_by" : "admin",
    "edited_by_principal_id" : "5bab281f1cb2047f12ba",
    "edited_by_principal_domain_id" : "default"
  },
  "revision" : 74,
  "active" : true,
  "parents" : [ "73:8115d56e119cbfe4a74a" ],
  "branch" : "4a11b3490f5cf2a8a2b7"
}