{
  "_type" : "n:email_template",
  "_system" : {
    "deleted" : false,
    "changeset" : "7:5fe7bcf334fa4ce4165e",
    "created_on" : {
      "timestamp" : "21-Jan-2021 16:22:17",
      "year" : 2021,
      "month" : 0,
      "day_of_month" : 21,
      "hour" : 16,
      "minute" : 22,
      "second" : 17,
      "millisecond" : 202,
      "ms" : 1611264137202,
      "iso_8601" : "2021-01-21T16:22:17-05:00"
    },
    "created_by" : "admin",
    "created_by_principal_id" : "8df8c30d1c2f95496937",
    "created_by_principal_domain_id" : "default",
    "modified_on" : {
      "timestamp" : "21-Jan-2021 16:22:17",
      "year" : 2021,
      "month" : 0,
      "day_of_month" : 21,
      "hour" : 16,
      "minute" : 22,
      "second" : 17,
      "millisecond" : 212,
      "ms" : 1611264137212,
      "iso_8601" : "2021-01-21T16:22:17-05:00"
    },
    "modified_by" : "admin",
    "modified_by_principal_id" : "8df8c30d1c2f95496937",
    "modified_by_principal_domain_id" : "default",
    "edited_on" : {
      "timestamp" : "21-Jan-2021 16:22:17",
      "year" : 2021,
      "month" : 0,
      "day_of_month" : 21,
      "hour" : 16,
      "minute" : 22,
      "second" : 17,
      "millisecond" : 212,
      "ms" : 1611264137212,
      "iso_8601" : "2021-01-21T16:22:17-05:00"
    },
    "edited_by" : "admin",
    "edited_by_principal_id" : "8df8c30d1c2f95496937",
    "edited_by_principal_domain_id" : "default",
    "rev" : 7,
    "branch" : "3d4e3a21a7c02c55017c",
    "_op" : "create",
    "attachments" : {
      "default" : {
        "contentType" : "application/freemarker",
        "length" : 422,
        "objectId" : "attachment_922358fe953e22a67314_9b0aa0b77930a793be63",
        "filename" : "default"
      }
    }
  },
  "_doc" : "922358fe953e22a67314",
  "_qname" : "o:922358fe953e22a67314",
  "_features" : {
    "f:audit" : { },
    "f:titled" : { },
    "f:filename" : {
      "filename" : "Invite+User+-+Confirmation+Email+Template"
    },
    "f:geolocation" : { },
    "f:indexable" : { }
  },
  "title" : "Invite User - Confirmation Email Template"
}