{
  "_features" : {
    "f:relator" : {
      "propertyHolder" : "source",
      "propertyPath" : "/author",
      "active" : true
    },
    "f:audit" : { },
    "f:indexable" : { }
  },
  "source" : "dcf3e1f4d3d74e4e93c7",
  "source_type" : "store:book",
  "target" : "be7f701dc0ae4c57a17d",
  "target_type" : "store:author",
  "directionality" : "DIRECTED",
  "_system" : {
    "deleted" : true,
    "created_on" : {
      "timestamp" : "31-Aug-2022 15:26:16",
      "year" : 2022,
      "month" : 7,
      "day_of_month" : 31,
      "hour" : 15,
      "minute" : 26,
      "second" : 16,
      "millisecond" : 422,
      "ms" : 1661959576422,
      "iso_8601" : "2022-08-31T15:26:16Z"
    },
    "created_by" : "admin",
    "created_by_principal_id" : "2f873756d87a4ad1befc",
    "created_by_principal_domain_id" : "default",
    "modified_on" : {
      "timestamp" : "31-Aug-2022 15:26:19",
      "year" : 2022,
      "month" : 7,
      "day_of_month" : 31,
      "hour" : 15,
      "minute" : 26,
      "second" : 19,
      "millisecond" : 920,
      "ms" : 1661959579920,
      "iso_8601" : "2022-08-31T15:26:19Z"
    },
    "modified_by" : "admin",
    "modified_by_principal_id" : "2f873756d87a4ad1befc",
    "modified_by_principal_domain_id" : "default",
    "edited_on" : {
      "timestamp" : "31-Aug-2022 15:26:19",
      "year" : 2022,
      "month" : 7,
      "day_of_month" : 31,
      "hour" : 15,
      "minute" : 26,
      "second" : 19,
      "millisecond" : 920,
      "ms" : 1661959579920,
      "iso_8601" : "2022-08-31T15:26:19Z"
    },
    "edited_by" : "admin",
    "edited_by_principal_id" : "2f873756d87a4ad1befc",
    "rev" : 26,
    "branch" : "88810405bb84bac72aab",
    "_op" : "delete",
    "previousChangeset" : "26:448530dd6c4ba1eb665e",
    "changeset" : "26:448530dd6c4ba1eb665e",
    "edited_by_principal_domain_id" : "default"
  },
  "_doc" : "e48a8fb361b0dff874e9",
  "_qname" : "o:e48a8fb361b0dff874e9",
  "_type" : "store:authored-by"
}