{
  "_doc" : "11:8e8e0bf79843b8c7ff2c",
  "_system" : {
    "created_on" : {
      "timestamp" : "19-Nov-2021 17:36:47",
      "year" : 2021,
      "month" : 10,
      "day_of_month" : 19,
      "hour" : 17,
      "minute" : 36,
      "second" : 47,
      "millisecond" : 716,
      "ms" : 1637361407716,
      "iso_8601" : "2021-11-19T17:36:47-05:00"
    },
    "created_by" : "admin",
    "created_by_principal_id" : "e319a2cd626b671ba7f7",
    "created_by_principal_domain_id" : "default",
    "modified_on" : {
      "timestamp" : "19-Nov-2021 17:36:47",
      "year" : 2021,
      "month" : 10,
      "day_of_month" : 19,
      "hour" : 17,
      "minute" : 36,
      "second" : 47,
      "millisecond" : 764,
      "ms" : 1637361407764,
      "iso_8601" : "2021-11-19T17:36:47-05:00"
    },
    "modified_by" : "admin",
    "modified_by_principal_id" : "e319a2cd626b671ba7f7",
    "modified_by_principal_domain_id" : "default",
    "edited_on" : {
      "timestamp" : "19-Nov-2021 17:36:47",
      "year" : 2021,
      "month" : 10,
      "day_of_month" : 19,
      "hour" : 17,
      "minute" : 36,
      "second" : 47,
      "millisecond" : 764,
      "ms" : 1637361407764,
      "iso_8601" : "2021-11-19T17:36:47-05:00"
    },
    "edited_by" : "admin",
    "edited_by_principal_id" : "e319a2cd626b671ba7f7",
    "edited_by_principal_domain_id" : "default"
  },
  "revision" : 11,
  "active" : true,
  "parents" : [ "10:c1178a1ec7a528397101" ],
  "branch" : "187193302a18db2eb328"
}