{
  "_system" : {
    "deleted" : false,
    "changeset" : "10:88d745cd125bfb498305",
    "created_on" : {
      "timestamp" : "26-Nov-2021 22:42:35",
      "year" : 2021,
      "month" : 10,
      "day_of_month" : 26,
      "hour" : 22,
      "minute" : 42,
      "second" : 35,
      "millisecond" : 82,
      "ms" : 1637984555082,
      "iso_8601" : "2021-11-26T22:42:35-05:00"
    },
    "created_by" : "admin",
    "created_by_principal_id" : "5bef34d1ea45b9e98ee7",
    "created_by_principal_domain_id" : "default",
    "modified_on" : {
      "timestamp" : "26-Nov-2021 22:42:35",
      "year" : 2021,
      "month" : 10,
      "day_of_month" : 26,
      "hour" : 22,
      "minute" : 42,
      "second" : 35,
      "millisecond" : 95,
      "ms" : 1637984555095,
      "iso_8601" : "2021-11-26T22:42:35-05:00"
    },
    "modified_by" : "admin",
    "modified_by_principal_id" : "5bef34d1ea45b9e98ee7",
    "modified_by_principal_domain_id" : "default",
    "edited_on" : {
      "timestamp" : "26-Nov-2021 22:42:35",
      "year" : 2021,
      "month" : 10,
      "day_of_month" : 26,
      "hour" : 22,
      "minute" : 42,
      "second" : 35,
      "millisecond" : 95,
      "ms" : 1637984555095,
      "iso_8601" : "2021-11-26T22:42:35-05:00"
    },
    "edited_by" : "admin",
    "edited_by_principal_id" : "5bef34d1ea45b9e98ee7",
    "edited_by_principal_domain_id" : "default",
    "rev" : 10,
    "branch" : "9bc800c8fc0417d3210c",
    "_op" : "create"
  },
  "_doc" : "cc3d5845568826c1e0e5",
  "_qname" : "o:cc3d5845568826c1e0e5",
  "_type" : "a:child",
  "directionality" : "DIRECTED",
  "_features" : {
    "f:audit" : { },
    "f:indexable" : { },
    "f:propagates-authorities" : {
      "enabled" : true
    },
    "f:non-cyclic" : { },
    "f:knowledge-sharing" : {
      "enabled" : true
    }
  },
  "source_type" : "n:node",
  "source" : "529b0475ddc0adfbf01a",
  "target_type" : "n:email_template",
  "target" : "5924d8ffb657558944eb"
}