{
  "teamableObjectTypeId" : "stack",
  "teamableObjectId" : "16f64e2a2467c5eed4f9",
  "key" : "project-appusers-team",
  "groupId" : "e8c5c32190f5028424d7",
  "groupDomainId" : "6c72a17e416b6a1391fa",
  "roleKeys" : [ ],
  "title" : "Project Application Users",
  "description" : "Project Application Users Team",
  "_system" : {
    "created_on" : {
      "timestamp" : "19-Nov-2021 22:41:01",
      "year" : 2021,
      "month" : 10,
      "day_of_month" : 19,
      "hour" : 22,
      "minute" : 41,
      "second" : 1,
      "millisecond" : 71,
      "ms" : 1637379661071,
      "iso_8601" : "2021-11-19T22:41:01-05:00"
    },
    "created_by" : "admin",
    "created_by_principal_id" : "e319a2cd626b671ba7f7",
    "created_by_principal_domain_id" : "default",
    "modified_on" : {
      "timestamp" : "19-Nov-2021 22:41:01",
      "year" : 2021,
      "month" : 10,
      "day_of_month" : 19,
      "hour" : 22,
      "minute" : 41,
      "second" : 1,
      "millisecond" : 71,
      "ms" : 1637379661071,
      "iso_8601" : "2021-11-19T22:41:01-05:00"
    },
    "modified_by" : "admin",
    "modified_by_principal_id" : "e319a2cd626b671ba7f7",
    "modified_by_principal_domain_id" : "default",
    "edited_on" : {
      "timestamp" : "19-Nov-2021 22:41:01",
      "year" : 2021,
      "month" : 10,
      "day_of_month" : 19,
      "hour" : 22,
      "minute" : 41,
      "second" : 1,
      "millisecond" : 71,
      "ms" : 1637379661071,
      "iso_8601" : "2021-11-19T22:41:01-05:00"
    },
    "edited_by" : "admin",
    "edited_by_principal_id" : "e319a2cd626b671ba7f7",
    "edited_by_principal_domain_id" : "default"
  },
  "_doc" : "0e3815a8a390f77c3bc1"
}