{
  "_doc" : "13:82248ec98bdd7cdb8f66",
  "_system" : {
    "created_on" : {
      "timestamp" : "26-Nov-2021 22:42:48",
      "year" : 2021,
      "month" : 10,
      "day_of_month" : 26,
      "hour" : 22,
      "minute" : 42,
      "second" : 48,
      "millisecond" : 819,
      "ms" : 1637984568819,
      "iso_8601" : "2021-11-26T22:42:48-05:00"
    },
    "created_by" : "admin",
    "created_by_principal_id" : "5bef34d1ea45b9e98ee7",
    "created_by_principal_domain_id" : "default",
    "modified_on" : {
      "timestamp" : "26-Nov-2021 22:42:48",
      "year" : 2021,
      "month" : 10,
      "day_of_month" : 26,
      "hour" : 22,
      "minute" : 42,
      "second" : 48,
      "millisecond" : 861,
      "ms" : 1637984568861,
      "iso_8601" : "2021-11-26T22:42:48-05:00"
    },
    "modified_by" : "admin",
    "modified_by_principal_id" : "5bef34d1ea45b9e98ee7",
    "modified_by_principal_domain_id" : "default",
    "edited_on" : {
      "timestamp" : "26-Nov-2021 22:42:48",
      "year" : 2021,
      "month" : 10,
      "day_of_month" : 26,
      "hour" : 22,
      "minute" : 42,
      "second" : 48,
      "millisecond" : 861,
      "ms" : 1637984568861,
      "iso_8601" : "2021-11-26T22:42:48-05:00"
    },
    "edited_by" : "admin",
    "edited_by_principal_id" : "5bef34d1ea45b9e98ee7",
    "edited_by_principal_domain_id" : "default"
  },
  "revision" : 13,
  "active" : true,
  "parents" : [ "12:78068e758e51bf5d3a4b" ],
  "branch" : "9bc800c8fc0417d3210c"
}