{
  "deployments" : {
    "default" : {
      "webhost" : "primary",
      "baseURL" : "http://api",
      "domain" : "mycompany.net",
      "clientId" : "eaa62182696156978301",
      "authGrantId" : "aa29450c1077bc28360e"
    }
  },
  "template" : { },
  "projectId" : "62b7a97a30eeb50bc78f",
  "title" : "Default Application",
  "platformId" : "6e8673891fc76b5b699a",
  "datastoreId" : "e47cee318b4962467986",
  "datastoreTypeId" : "application",
  "enableAuditing" : false,
  "enableAuthorities" : true,
  "dataSize" : 0,
  "storageSize" : 0,
  "fsSize" : 0,
  "objectcount" : 0,
  "_system" : {
    "created_on" : {
      "timestamp" : "31-Aug-2022 15:26:05",
      "year" : 2022,
      "month" : 7,
      "day_of_month" : 31,
      "hour" : 15,
      "minute" : 26,
      "second" : 5,
      "millisecond" : 149,
      "ms" : 1661959565149,
      "iso_8601" : "2022-08-31T15:26:05Z"
    },
    "created_by" : "admin",
    "created_by_principal_id" : "2f873756d87a4ad1befc",
    "created_by_principal_domain_id" : "default",
    "modified_on" : {
      "timestamp" : "31-Aug-2022 15:26:06",
      "year" : 2022,
      "month" : 7,
      "day_of_month" : 31,
      "hour" : 15,
      "minute" : 26,
      "second" : 6,
      "millisecond" : 225,
      "ms" : 1661959566225,
      "iso_8601" : "2022-08-31T15:26:06Z"
    },
    "modified_by" : "admin",
    "modified_by_principal_id" : "2f873756d87a4ad1befc",
    "modified_by_principal_domain_id" : "default",
    "edited_on" : {
      "timestamp" : "31-Aug-2022 15:26:06",
      "year" : 2022,
      "month" : 7,
      "day_of_month" : 31,
      "hour" : 15,
      "minute" : 26,
      "second" : 6,
      "millisecond" : 225,
      "ms" : 1661959566225,
      "iso_8601" : "2022-08-31T15:26:06Z"
    },
    "edited_by" : "admin",
    "edited_by_principal_id" : "2f873756d87a4ad1befc",
    "edited_by_principal_domain_id" : "default"
  },
  "_doc" : "b71179ad7bee751c68a6",
  "statisticsDate" : {
    "timestamp" : "01-Jan-1970 00:00:00",
    "year" : 1970,
    "month" : 0,
    "day_of_month" : 1,
    "hour" : 0,
    "minute" : 0,
    "second" : 0,
    "millisecond" : 1,
    "ms" : 1,
    "iso_8601" : "1970-01-01T00:00:00Z"
  },
  "flags" : { },
  "applicationType" : "web",
  "statisticsDirty" : true
}