{
  "_system" : {
    "deleted" : false,
    "changeset" : "19:4de4f82ffd3762c26e5b",
    "created_on" : {
      "timestamp" : "14-Feb-2019 15:32:50",
      "year" : 2019,
      "month" : 1,
      "day_of_month" : 14,
      "hour" : 15,
      "minute" : 32,
      "second" : 50,
      "millisecond" : 546,
      "ms" : 1550158370546,
      "iso_8601" : "2019-02-14T15:32:50Z"
    },
    "created_by" : "admin",
    "created_by_principal_id" : "5bab281f1cb2047f12ba",
    "created_by_principal_domain_id" : "default",
    "modified_on" : {
      "timestamp" : "14-Feb-2019 15:32:50",
      "year" : 2019,
      "month" : 1,
      "day_of_month" : 14,
      "hour" : 15,
      "minute" : 32,
      "second" : 50,
      "millisecond" : 575,
      "ms" : 1550158370575,
      "iso_8601" : "2019-02-14T15:32:50Z"
    },
    "modified_by" : "admin",
    "modified_by_principal_id" : "5bab281f1cb2047f12ba",
    "modified_by_principal_domain_id" : "default",
    "edited_on" : {
      "timestamp" : "14-Feb-2019 15:32:50",
      "year" : 2019,
      "month" : 1,
      "day_of_month" : 14,
      "hour" : 15,
      "minute" : 32,
      "second" : 50,
      "millisecond" : 575,
      "ms" : 1550158370575,
      "iso_8601" : "2019-02-14T15:32:50Z"
    },
    "edited_by" : "admin",
    "edited_by_principal_id" : "5bab281f1cb2047f12ba",
    "edited_by_principal_domain_id" : "default"
  },
  "_doc" : "286e983a0e493a15bfed",
  "_qname" : "o:286e983a0e493a15bfed",
  "_type" : "a:child",
  "directionality" : "DIRECTED",
  "_features" : {
    "f:audit" : { },
    "f:indexable" : { },
    "f:propagates-authorities" : {
      "enabled" : true
    },
    "f:non-cyclic" : { },
    "f:knowledge-sharing" : {
      "enabled" : true
    }
  },
  "source_type" : "n:root",
  "source" : "821c40ab613d9b5bcbbc656b62229301",
  "target_type" : "n:node",
  "target" : "b5e4b76b480560b641be"
}