{
  "_doc" : "0:root",
  "_system" : {
    "created_on" : {
      "timestamp" : "05-Aug-2021 15:36:40",
      "year" : 2021,
      "month" : 7,
      "day_of_month" : 5,
      "hour" : 15,
      "minute" : 36,
      "second" : 40,
      "millisecond" : 861,
      "ms" : 1628177800861,
      "iso_8601" : "2021-08-05T15:36:40Z"
    },
    "created_by" : "admin",
    "created_by_principal_id" : "b3236127dacc03f40cd9",
    "created_by_principal_domain_id" : "default",
    "modified_on" : {
      "timestamp" : "05-Aug-2021 15:36:41",
      "year" : 2021,
      "month" : 7,
      "day_of_month" : 5,
      "hour" : 15,
      "minute" : 36,
      "second" : 41,
      "millisecond" : 913,
      "ms" : 1628177801913,
      "iso_8601" : "2021-08-05T15:36:41Z"
    },
    "modified_by" : "admin",
    "modified_by_principal_id" : "b3236127dacc03f40cd9",
    "modified_by_principal_domain_id" : "default",
    "edited_on" : {
      "timestamp" : "05-Aug-2021 15:36:41",
      "year" : 2021,
      "month" : 7,
      "day_of_month" : 5,
      "hour" : 15,
      "minute" : 36,
      "second" : 41,
      "millisecond" : 913,
      "ms" : 1628177801913,
      "iso_8601" : "2021-08-05T15:36:41Z"
    },
    "edited_by" : "admin",
    "edited_by_principal_id" : "b3236127dacc03f40cd9",
    "edited_by_principal_domain_id" : "default"
  },
  "revision" : 0,
  "active" : true,
  "branch" : "23fafbfbb544c803da8d"
}