{
  "_features" : {
    "f:relator" : {
      "propertyHolder" : "source",
      "propertyPath" : "/recommendations[1]",
      "active" : true
    },
    "f:audit" : { },
    "f:indexable" : { }
  },
  "source" : "fbf5d618c8ff4aa991bb",
  "source_type" : "store:book",
  "target" : "c3617a1779a34f86b78c",
  "target_type" : "store:book",
  "directionality" : "DIRECTED",
  "_system" : {
    "deleted" : false,
    "changeset" : "25:ace43da5fe138d1fc3a9",
    "created_on" : {
      "timestamp" : "20-Oct-2021 00:03:37",
      "year" : 2021,
      "month" : 9,
      "day_of_month" : 20,
      "hour" : 0,
      "minute" : 3,
      "second" : 37,
      "millisecond" : 711,
      "ms" : 1634702617711,
      "iso_8601" : "2021-10-20T00:03:37-04:00"
    },
    "created_by" : "admin",
    "created_by_principal_id" : "2a7c6669601b1ba4c958",
    "created_by_principal_domain_id" : "default",
    "modified_on" : {
      "timestamp" : "20-Oct-2021 00:03:37",
      "year" : 2021,
      "month" : 9,
      "day_of_month" : 20,
      "hour" : 0,
      "minute" : 3,
      "second" : 37,
      "millisecond" : 775,
      "ms" : 1634702617775,
      "iso_8601" : "2021-10-20T00:03:37-04:00"
    },
    "modified_by" : "admin",
    "modified_by_principal_id" : "2a7c6669601b1ba4c958",
    "modified_by_principal_domain_id" : "default",
    "edited_on" : {
      "timestamp" : "20-Oct-2021 00:03:37",
      "year" : 2021,
      "month" : 9,
      "day_of_month" : 20,
      "hour" : 0,
      "minute" : 3,
      "second" : 37,
      "millisecond" : 775,
      "ms" : 1634702617775,
      "iso_8601" : "2021-10-20T00:03:37-04:00"
    },
    "edited_by" : "admin",
    "edited_by_principal_id" : "2a7c6669601b1ba4c958",
    "edited_by_principal_domain_id" : "default",
    "rev" : 25,
    "branch" : "a73f26b4127e018473e1",
    "_op" : "create"
  },
  "_doc" : "c9433340c9633e2824c6",
  "_qname" : "o:c9433340c9633e2824c6",
  "_type" : "store:suggests"
}