{
  "_system" : {
    "deleted" : false,
    "changeset" : "10:a02451af56b21cc37ecb",
    "created_on" : {
      "timestamp" : "20-Oct-2021 14:37:34",
      "year" : 2021,
      "month" : 9,
      "day_of_month" : 20,
      "hour" : 14,
      "minute" : 37,
      "second" : 34,
      "millisecond" : 481,
      "ms" : 1634755054481,
      "iso_8601" : "2021-10-20T14:37:34-04:00"
    },
    "created_by" : "admin",
    "created_by_principal_id" : "b4d6c22caee99692904d",
    "created_by_principal_domain_id" : "default",
    "modified_on" : {
      "timestamp" : "20-Oct-2021 14:37:34",
      "year" : 2021,
      "month" : 9,
      "day_of_month" : 20,
      "hour" : 14,
      "minute" : 37,
      "second" : 34,
      "millisecond" : 544,
      "ms" : 1634755054544,
      "iso_8601" : "2021-10-20T14:37:34-04:00"
    },
    "modified_by" : "admin",
    "modified_by_principal_id" : "b4d6c22caee99692904d",
    "modified_by_principal_domain_id" : "default",
    "edited_on" : {
      "timestamp" : "20-Oct-2021 14:37:34",
      "year" : 2021,
      "month" : 9,
      "day_of_month" : 20,
      "hour" : 14,
      "minute" : 37,
      "second" : 34,
      "millisecond" : 544,
      "ms" : 1634755054544,
      "iso_8601" : "2021-10-20T14:37:34-04:00"
    },
    "edited_by" : "admin",
    "edited_by_principal_id" : "b4d6c22caee99692904d",
    "edited_by_principal_domain_id" : "default",
    "rev" : 10,
    "branch" : "4375d1eb9094255abf40",
    "_op" : "create"
  },
  "_doc" : "3be75445cc59793b8441",
  "_qname" : "o:3be75445cc59793b8441",
  "_type" : "n:person",
  "_features" : {
    "f:audit" : { },
    "f:titled" : { },
    "f:filename" : {
      "filename" : "3be75445cc59793b8441"
    },
    "f:geolocation" : { },
    "f:indexable" : { }
  },
  "principal-id" : "b4d6c22caee99692904d",
  "principal-domain" : "default",
  "principal-name" : "admin"
}