{
  "permissioned" : "f8b2464f47ce34b6b3f3",
  "principal" : "601c70215c6ee29cdea5",
  "authority" : "connector",
  "domain" : "default",
  "_system" : {
    "created_on" : {
      "timestamp" : "24-Aug-2022 16:08:32",
      "year" : 2022,
      "month" : 7,
      "day_of_month" : 24,
      "hour" : 16,
      "minute" : 8,
      "second" : 32,
      "millisecond" : 648,
      "ms" : 1661357312648,
      "iso_8601" : "2022-08-24T16:08:32Z"
    },
    "created_by" : "admin",
    "created_by_principal_id" : "fda4fc3b0ff3e7838fbe",
    "created_by_principal_domain_id" : "default",
    "modified_on" : {
      "timestamp" : "24-Aug-2022 16:08:32",
      "year" : 2022,
      "month" : 7,
      "day_of_month" : 24,
      "hour" : 16,
      "minute" : 8,
      "second" : 32,
      "millisecond" : 648,
      "ms" : 1661357312648,
      "iso_8601" : "2022-08-24T16:08:32Z"
    },
    "modified_by" : "admin",
    "modified_by_principal_id" : "fda4fc3b0ff3e7838fbe",
    "modified_by_principal_domain_id" : "default",
    "edited_on" : {
      "timestamp" : "24-Aug-2022 16:08:32",
      "year" : 2022,
      "month" : 7,
      "day_of_month" : 24,
      "hour" : 16,
      "minute" : 8,
      "second" : 32,
      "millisecond" : 648,
      "ms" : 1661357312648,
      "iso_8601" : "2022-08-24T16:08:32Z"
    },
    "edited_by" : "admin",
    "edited_by_principal_id" : "fda4fc3b0ff3e7838fbe",
    "edited_by_principal_domain_id" : "default"
  },
  "_doc" : "18422c954bdf15c8e0af"
}