{
  "_doc" : "61:58df0eb6425db7fcbe9e",
  "_system" : {
    "created_on" : {
      "timestamp" : "14-Feb-2019 15:33:07",
      "year" : 2019,
      "month" : 1,
      "day_of_month" : 14,
      "hour" : 15,
      "minute" : 33,
      "second" : 7,
      "millisecond" : 388,
      "ms" : 1550158387388,
      "iso_8601" : "2019-02-14T15:33:07Z"
    },
    "created_by" : "admin",
    "created_by_principal_id" : "5bab281f1cb2047f12ba",
    "created_by_principal_domain_id" : "default",
    "modified_on" : {
      "timestamp" : "14-Feb-2019 15:33:07",
      "year" : 2019,
      "month" : 1,
      "day_of_month" : 14,
      "hour" : 15,
      "minute" : 33,
      "second" : 7,
      "millisecond" : 546,
      "ms" : 1550158387546,
      "iso_8601" : "2019-02-14T15:33:07Z"
    },
    "modified_by" : "admin",
    "modified_by_principal_id" : "5bab281f1cb2047f12ba",
    "modified_by_principal_domain_id" : "default",
    "edited_on" : {
      "timestamp" : "14-Feb-2019 15:33:07",
      "year" : 2019,
      "month" : 1,
      "day_of_month" : 14,
      "hour" : 15,
      "minute" : 33,
      "second" : 7,
      "millisecond" : 546,
      "ms" : 1550158387546,
      "iso_8601" : "2019-02-14T15:33:07Z"
    },
    "edited_by" : "admin",
    "edited_by_principal_id" : "5bab281f1cb2047f12ba",
    "edited_by_principal_domain_id" : "default"
  },
  "revision" : 61,
  "active" : true,
  "parents" : [ "60:2618a1381cea6dfc0e34" ],
  "branch" : "4a11b3490f5cf2a8a2b7"
}