{
  "type" : "UPDATE",
  "timestamp" : {
    "timestamp" : "27-Oct-2021 15:40:03",
    "year" : 2021,
    "month" : 9,
    "day_of_month" : 27,
    "hour" : 15,
    "minute" : 40,
    "second" : 3,
    "millisecond" : 784,
    "ms" : 1635349203784,
    "iso_8601" : "2021-10-27T15:40:03Z"
  },
  "userDomainId" : "default",
  "userId" : "ed403cd3ae171ad7caf0",
  "userTitle" : "admin",
  "userName" : "admin",
  "objectDatastoreTypeId" : "platform",
  "objectDatastoreId" : "497454044b0555145fd7",
  "objectDatastoreTitle" : "497454044b0555145fd7",
  "objectId" : "3a1cef1cdbeb0310ef19",
  "objectTypeId" : "application",
  "objectTitle" : "Sample Web Application",
  "stackId" : "60d86c9f942917d841ff",
  "projectId" : "99607efb08eb40e18532",
  "projectTitle" : "Sample Project",
  "_system" : {
    "created_on" : {
      "timestamp" : "27-Oct-2021 15:40:03",
      "year" : 2021,
      "month" : 9,
      "day_of_month" : 27,
      "hour" : 15,
      "minute" : 40,
      "second" : 3,
      "millisecond" : 786,
      "ms" : 1635349203786,
      "iso_8601" : "2021-10-27T15:40:03Z"
    },
    "created_by" : "admin",
    "created_by_principal_id" : "ed403cd3ae171ad7caf0",
    "created_by_principal_domain_id" : "default",
    "modified_on" : {
      "timestamp" : "27-Oct-2021 15:40:03",
      "year" : 2021,
      "month" : 9,
      "day_of_month" : 27,
      "hour" : 15,
      "minute" : 40,
      "second" : 3,
      "millisecond" : 786,
      "ms" : 1635349203786,
      "iso_8601" : "2021-10-27T15:40:03Z"
    },
    "modified_by" : "admin",
    "modified_by_principal_id" : "ed403cd3ae171ad7caf0",
    "modified_by_principal_domain_id" : "default",
    "edited_on" : {
      "timestamp" : "27-Oct-2021 15:40:03",
      "year" : 2021,
      "month" : 9,
      "day_of_month" : 27,
      "hour" : 15,
      "minute" : 40,
      "second" : 3,
      "millisecond" : 786,
      "ms" : 1635349203786,
      "iso_8601" : "2021-10-27T15:40:03Z"
    },
    "edited_by" : "admin",
    "edited_by_principal_id" : "ed403cd3ae171ad7caf0",
    "edited_by_principal_domain_id" : "default"
  },
  "_doc" : "66e2327d82fb71209f2d"
}