{
  "stackId" : "7b28f95810a708ce457a",
  "key" : "content",
  "datastoreTypeId" : "repository",
  "datastoreId" : "fdc5ce9d25c8ae75f09a",
  "_system" : {
    "created_on" : {
      "timestamp" : "20-Oct-2021 14:37:17",
      "year" : 2021,
      "month" : 9,
      "day_of_month" : 20,
      "hour" : 14,
      "minute" : 37,
      "second" : 17,
      "millisecond" : 620,
      "ms" : 1634755037620,
      "iso_8601" : "2021-10-20T14:37:17-04:00"
    },
    "created_by" : "admin",
    "created_by_principal_id" : "b4d6c22caee99692904d",
    "created_by_principal_domain_id" : "default",
    "modified_on" : {
      "timestamp" : "20-Oct-2021 14:37:17",
      "year" : 2021,
      "month" : 9,
      "day_of_month" : 20,
      "hour" : 14,
      "minute" : 37,
      "second" : 17,
      "millisecond" : 620,
      "ms" : 1634755037620,
      "iso_8601" : "2021-10-20T14:37:17-04:00"
    },
    "modified_by" : "admin",
    "modified_by_principal_id" : "b4d6c22caee99692904d",
    "modified_by_principal_domain_id" : "default",
    "edited_on" : {
      "timestamp" : "20-Oct-2021 14:37:17",
      "year" : 2021,
      "month" : 9,
      "day_of_month" : 20,
      "hour" : 14,
      "minute" : 37,
      "second" : 17,
      "millisecond" : 620,
      "ms" : 1634755037620,
      "iso_8601" : "2021-10-20T14:37:17-04:00"
    },
    "edited_by" : "admin",
    "edited_by_principal_id" : "b4d6c22caee99692904d",
    "edited_by_principal_domain_id" : "default"
  },
  "_doc" : "0b01ee552c1b2ddd497a"
}