{
  "_system" : {
    "deleted" : false,
    "changeset" : "7:275ecd882ea47b8585bf",
    "created_on" : {
      "timestamp" : "19-Nov-2021 17:36:32",
      "year" : 2021,
      "month" : 10,
      "day_of_month" : 19,
      "hour" : 17,
      "minute" : 36,
      "second" : 32,
      "millisecond" : 90,
      "ms" : 1637361392090,
      "iso_8601" : "2021-11-19T17:36:32-05:00"
    },
    "created_by" : "admin",
    "created_by_principal_id" : "e319a2cd626b671ba7f7",
    "created_by_principal_domain_id" : "default",
    "modified_on" : {
      "timestamp" : "19-Nov-2021 17:36:32",
      "year" : 2021,
      "month" : 10,
      "day_of_month" : 19,
      "hour" : 17,
      "minute" : 36,
      "second" : 32,
      "millisecond" : 115,
      "ms" : 1637361392115,
      "iso_8601" : "2021-11-19T17:36:32-05:00"
    },
    "modified_by" : "admin",
    "modified_by_principal_id" : "e319a2cd626b671ba7f7",
    "modified_by_principal_domain_id" : "default",
    "edited_on" : {
      "timestamp" : "19-Nov-2021 17:36:32",
      "year" : 2021,
      "month" : 10,
      "day_of_month" : 19,
      "hour" : 17,
      "minute" : 36,
      "second" : 32,
      "millisecond" : 115,
      "ms" : 1637361392115,
      "iso_8601" : "2021-11-19T17:36:32-05:00"
    },
    "edited_by" : "admin",
    "edited_by_principal_id" : "e319a2cd626b671ba7f7",
    "edited_by_principal_domain_id" : "default",
    "rev" : 7,
    "branch" : "187193302a18db2eb328",
    "_op" : "create"
  },
  "_doc" : "d9f6a421fe2a269c8e86",
  "_qname" : "o:d9f6a421fe2a269c8e86",
  "_type" : "a:child",
  "directionality" : "DIRECTED",
  "_features" : {
    "f:audit" : { },
    "f:indexable" : { },
    "f:propagates-authorities" : {
      "enabled" : true
    },
    "f:non-cyclic" : { },
    "f:knowledge-sharing" : {
      "enabled" : true
    }
  },
  "source_type" : "n:node",
  "source" : "0bef3697030f16cb3b96",
  "target_type" : "n:email_template",
  "target" : "aabc862c9dd2e928180d"
}