{
  "stackId" : "2a6f21129e6ef2503f16",
  "key" : "content",
  "datastoreTypeId" : "repository",
  "datastoreId" : "6a93bf1fc0d596f7e37a",
  "_system" : {
    "created_on" : {
      "timestamp" : "31-Aug-2022 15:25:59",
      "year" : 2022,
      "month" : 7,
      "day_of_month" : 31,
      "hour" : 15,
      "minute" : 25,
      "second" : 59,
      "millisecond" : 660,
      "ms" : 1661959559660,
      "iso_8601" : "2022-08-31T15:25:59Z"
    },
    "created_by" : "admin",
    "created_by_principal_id" : "2f873756d87a4ad1befc",
    "created_by_principal_domain_id" : "default",
    "modified_on" : {
      "timestamp" : "31-Aug-2022 15:25:59",
      "year" : 2022,
      "month" : 7,
      "day_of_month" : 31,
      "hour" : 15,
      "minute" : 25,
      "second" : 59,
      "millisecond" : 660,
      "ms" : 1661959559660,
      "iso_8601" : "2022-08-31T15:25:59Z"
    },
    "modified_by" : "admin",
    "modified_by_principal_id" : "2f873756d87a4ad1befc",
    "modified_by_principal_domain_id" : "default",
    "edited_on" : {
      "timestamp" : "31-Aug-2022 15:25:59",
      "year" : 2022,
      "month" : 7,
      "day_of_month" : 31,
      "hour" : 15,
      "minute" : 25,
      "second" : 59,
      "millisecond" : 660,
      "ms" : 1661959559660,
      "iso_8601" : "2022-08-31T15:25:59Z"
    },
    "edited_by" : "admin",
    "edited_by_principal_id" : "2f873756d87a4ad1befc",
    "edited_by_principal_domain_id" : "default"
  },
  "_doc" : "3b6e2805834598bd9d48"
}