{
  "_system" : {
    "deleted" : false,
    "changeset" : "6:581d9dddc2c9678397df",
    "created_on" : {
      "timestamp" : "21-Jan-2021 16:22:17",
      "year" : 2021,
      "month" : 0,
      "day_of_month" : 21,
      "hour" : 16,
      "minute" : 22,
      "second" : 17,
      "millisecond" : 68,
      "ms" : 1611264137068,
      "iso_8601" : "2021-01-21T16:22:17-05:00"
    },
    "created_by" : "admin",
    "created_by_principal_id" : "8df8c30d1c2f95496937",
    "created_by_principal_domain_id" : "default",
    "modified_on" : {
      "timestamp" : "21-Jan-2021 16:22:17",
      "year" : 2021,
      "month" : 0,
      "day_of_month" : 21,
      "hour" : 16,
      "minute" : 22,
      "second" : 17,
      "millisecond" : 78,
      "ms" : 1611264137078,
      "iso_8601" : "2021-01-21T16:22:17-05:00"
    },
    "modified_by" : "admin",
    "modified_by_principal_id" : "8df8c30d1c2f95496937",
    "modified_by_principal_domain_id" : "default",
    "edited_on" : {
      "timestamp" : "21-Jan-2021 16:22:17",
      "year" : 2021,
      "month" : 0,
      "day_of_month" : 21,
      "hour" : 16,
      "minute" : 22,
      "second" : 17,
      "millisecond" : 78,
      "ms" : 1611264137078,
      "iso_8601" : "2021-01-21T16:22:17-05:00"
    },
    "edited_by" : "admin",
    "edited_by_principal_id" : "8df8c30d1c2f95496937",
    "edited_by_principal_domain_id" : "default",
    "rev" : 6,
    "branch" : "3d4e3a21a7c02c55017c",
    "_op" : "create"
  },
  "_doc" : "c08bef1c5fffe7218773",
  "_qname" : "o:c08bef1c5fffe7218773",
  "_type" : "a:child",
  "directionality" : "DIRECTED",
  "_features" : {
    "f:audit" : { },
    "f:indexable" : { },
    "f:propagates-authorities" : {
      "enabled" : true
    },
    "f:non-cyclic" : { },
    "f:knowledge-sharing" : {
      "enabled" : true
    }
  },
  "source_type" : "n:node",
  "source" : "8773a5cc27529e64f35b",
  "target_type" : "n:node",
  "target" : "fd1ef9ce4b9bb61d0559"
}