{
  "teamableObjectTypeId" : "application",
  "teamableObjectId" : "3a1cef1cdbeb0310ef19",
  "key" : "owners",
  "groupId" : "d8f88889227213b61505",
  "groupDomainId" : "e6703453a64e41edd720",
  "roleKeys" : [ "owner" ],
  "title" : "Owners",
  "description" : "Owners Team",
  "_system" : {
    "created_on" : {
      "timestamp" : "27-Oct-2021 15:38:33",
      "year" : 2021,
      "month" : 9,
      "day_of_month" : 27,
      "hour" : 15,
      "minute" : 38,
      "second" : 33,
      "millisecond" : 330,
      "ms" : 1635349113330,
      "iso_8601" : "2021-10-27T15:38:33Z"
    },
    "created_by" : "admin",
    "created_by_principal_id" : "ed403cd3ae171ad7caf0",
    "created_by_principal_domain_id" : "default",
    "modified_on" : {
      "timestamp" : "27-Oct-2021 15:38:33",
      "year" : 2021,
      "month" : 9,
      "day_of_month" : 27,
      "hour" : 15,
      "minute" : 38,
      "second" : 33,
      "millisecond" : 330,
      "ms" : 1635349113330,
      "iso_8601" : "2021-10-27T15:38:33Z"
    },
    "modified_by" : "admin",
    "modified_by_principal_id" : "ed403cd3ae171ad7caf0",
    "modified_by_principal_domain_id" : "default",
    "edited_on" : {
      "timestamp" : "27-Oct-2021 15:38:33",
      "year" : 2021,
      "month" : 9,
      "day_of_month" : 27,
      "hour" : 15,
      "minute" : 38,
      "second" : 33,
      "millisecond" : 330,
      "ms" : 1635349113330,
      "iso_8601" : "2021-10-27T15:38:33Z"
    },
    "edited_by" : "admin",
    "edited_by_principal_id" : "ed403cd3ae171ad7caf0",
    "edited_by_principal_domain_id" : "default"
  },
  "_doc" : "8fd40979eed09d12bbdc"
}