{
  "_doc" : "17:7dbf6e98dc0c2b245261",
  "_system" : {
    "created_on" : {
      "timestamp" : "19-Nov-2021 22:41:20",
      "year" : 2021,
      "month" : 10,
      "day_of_month" : 19,
      "hour" : 22,
      "minute" : 41,
      "second" : 20,
      "millisecond" : 709,
      "ms" : 1637379680709,
      "iso_8601" : "2021-11-19T22:41:20-05:00"
    },
    "created_by" : "admin",
    "created_by_principal_id" : "e319a2cd626b671ba7f7",
    "created_by_principal_domain_id" : "default",
    "modified_on" : {
      "timestamp" : "19-Nov-2021 22:41:20",
      "year" : 2021,
      "month" : 10,
      "day_of_month" : 19,
      "hour" : 22,
      "minute" : 41,
      "second" : 20,
      "millisecond" : 749,
      "ms" : 1637379680749,
      "iso_8601" : "2021-11-19T22:41:20-05:00"
    },
    "modified_by" : "admin",
    "modified_by_principal_id" : "e319a2cd626b671ba7f7",
    "modified_by_principal_domain_id" : "default",
    "edited_on" : {
      "timestamp" : "19-Nov-2021 22:41:20",
      "year" : 2021,
      "month" : 10,
      "day_of_month" : 19,
      "hour" : 22,
      "minute" : 41,
      "second" : 20,
      "millisecond" : 749,
      "ms" : 1637379680749,
      "iso_8601" : "2021-11-19T22:41:20-05:00"
    },
    "edited_by" : "admin",
    "edited_by_principal_id" : "e319a2cd626b671ba7f7",
    "edited_by_principal_domain_id" : "default"
  },
  "revision" : 17,
  "active" : true,
  "parents" : [ "16:65b097bd79361c74bf47" ],
  "branch" : "d13c41461bea0e1eaef1"
}