{
  "_doc" : "660838eae4eeba015a76",
  "root" : "0:root",
  "tip" : "28:ca877f9b5e75e35dc3ad",
  "title" : "master",
  "type" : "MASTER",
  "_system" : {
    "created_on" : {
      "timestamp" : "07-Mar-2023 09:39:12",
      "year" : 2023,
      "month" : 2,
      "day_of_month" : 7,
      "hour" : 9,
      "minute" : 39,
      "second" : 12,
      "millisecond" : 840,
      "ms" : 1678199952840,
      "iso_8601" : "2023-03-07T09:39:12-05:00"
    },
    "created_by" : "admin",
    "created_by_principal_id" : "046cf0d415feaf45bcf2",
    "created_by_principal_domain_id" : "default",
    "modified_on" : {
      "timestamp" : "07-Mar-2023 09:39:12",
      "year" : 2023,
      "month" : 2,
      "day_of_month" : 7,
      "hour" : 9,
      "minute" : 39,
      "second" : 12,
      "millisecond" : 840,
      "ms" : 1678199952840,
      "iso_8601" : "2023-03-07T09:39:12-05:00"
    },
    "modified_by" : "admin",
    "modified_by_principal_id" : "046cf0d415feaf45bcf2",
    "modified_by_principal_domain_id" : "default",
    "edited_on" : {
      "timestamp" : "07-Mar-2023 09:39:12",
      "year" : 2023,
      "month" : 2,
      "day_of_month" : 7,
      "hour" : 9,
      "minute" : 39,
      "second" : 12,
      "millisecond" : 840,
      "ms" : 1678199952840,
      "iso_8601" : "2023-03-07T09:39:12-05:00"
    },
    "edited_by" : "admin",
    "edited_by_principal_id" : "046cf0d415feaf45bcf2",
    "edited_by_principal_domain_id" : "default"
  },
  "archived" : false,
  "snapshot" : false,
  "accessMode" : "public",
  "searchIndex" : "6682b7301a9cd9aa9e2c_660838eae4eeba015a76___1678199952879",
  "autoMergePullRequests" : true,
  "autoMergeConflictResolution" : "SOURCE"
}