{
  "_doc" : "821c40ab613d9b5bcbbc656b6222933b",
  "_qname" : "f:dublincore",
  "_type" : "d:feature",
  "type" : "object",
  "title" : "Dublin Core",
  "description" : "Extracts properties from a document and applies Dublin Core metadata to a node",
  "systemBootstrapped" : true,
  "properties" : {
    "dublincore" : {
      "type" : "object",
      "title" : "Dublin Core Properties",
      "properties" : {
        "title" : {
          "type" : "string",
          "title" : "Title"
        },
        "creator" : {
          "type" : "string",
          "title" : "Creator"
        },
        "subject" : {
          "type" : "string",
          "title" : "Subject"
        },
        "description" : {
          "type" : "string",
          "title" : "Description"
        },
        "publisher" : {
          "type" : "string",
          "title" : "Publisher"
        },
        "other_contributor" : {
          "type" : "string",
          "title" : "Other Contributor"
        },
        "date" : {
          "type" : "string",
          "title" : "Date"
        },
        "type" : {
          "type" : "string",
          "title" : "Type"
        },
        "format" : {
          "type" : "string",
          "title" : "Format"
        },
        "identifier" : {
          "type" : "string",
          "title" : "Identifier"
        },
        "language" : {
          "type" : "string",
          "title" : "Language"
        },
        "relation" : {
          "type" : "string",
          "title" : "Relation"
        },
        "coverage" : {
          "type" : "string",
          "title" : "Coverage"
        },
        "rights_management" : {
          "type" : "string",
          "title" : "Rights Management"
        }
      }
    }
  },
  "mandatoryFeatures" : {
    "f:extractable" : { }
  },
  "_system" : {
    "deleted" : false,
    "changeset" : "0:root",
    "created_on" : {
      "timestamp" : "21-Jan-2021 16:22:13",
      "year" : 2021,
      "month" : 0,
      "day_of_month" : 21,
      "hour" : 16,
      "minute" : 22,
      "second" : 13,
      "millisecond" : 645,
      "ms" : 1611264133645,
      "iso_8601" : "2021-01-21T16:22:13-05:00"
    },
    "created_by" : "admin",
    "created_by_principal_id" : "8df8c30d1c2f95496937",
    "created_by_principal_domain_id" : "default",
    "modified_on" : {
      "timestamp" : "21-Jan-2021 16:22:13",
      "year" : 2021,
      "month" : 0,
      "day_of_month" : 21,
      "hour" : 16,
      "minute" : 22,
      "second" : 13,
      "millisecond" : 693,
      "ms" : 1611264133693,
      "iso_8601" : "2021-01-21T16:22:13-05:00"
    },
    "modified_by" : "admin",
    "modified_by_principal_id" : "8df8c30d1c2f95496937",
    "modified_by_principal_domain_id" : "default",
    "edited_on" : {
      "timestamp" : "21-Jan-2021 16:22:13",
      "year" : 2021,
      "month" : 0,
      "day_of_month" : 21,
      "hour" : 16,
      "minute" : 22,
      "second" : 13,
      "millisecond" : 693,
      "ms" : 1611264133693,
      "iso_8601" : "2021-01-21T16:22:13-05:00"
    },
    "edited_by" : "admin",
    "edited_by_principal_id" : "8df8c30d1c2f95496937",
    "edited_by_principal_domain_id" : "default",
    "rev" : 0,
    "branch" : "3d4e3a21a7c02c55017c",
    "_op" : "create"
  }
}