{
  "_doc" : "37:8ba44c17f9a6b68b9b60",
  "_system" : {
    "created_on" : {
      "timestamp" : "19-Nov-2021 17:36:57",
      "year" : 2021,
      "month" : 10,
      "day_of_month" : 19,
      "hour" : 17,
      "minute" : 36,
      "second" : 57,
      "millisecond" : 365,
      "ms" : 1637361417365,
      "iso_8601" : "2021-11-19T17:36:57-05:00"
    },
    "created_by" : "admin",
    "created_by_principal_id" : "e319a2cd626b671ba7f7",
    "created_by_principal_domain_id" : "default",
    "modified_on" : {
      "timestamp" : "19-Nov-2021 17:36:57",
      "year" : 2021,
      "month" : 10,
      "day_of_month" : 19,
      "hour" : 17,
      "minute" : 36,
      "second" : 57,
      "millisecond" : 433,
      "ms" : 1637361417433,
      "iso_8601" : "2021-11-19T17:36:57-05:00"
    },
    "modified_by" : "admin",
    "modified_by_principal_id" : "e319a2cd626b671ba7f7",
    "modified_by_principal_domain_id" : "default",
    "edited_on" : {
      "timestamp" : "19-Nov-2021 17:36:57",
      "year" : 2021,
      "month" : 10,
      "day_of_month" : 19,
      "hour" : 17,
      "minute" : 36,
      "second" : 57,
      "millisecond" : 433,
      "ms" : 1637361417433,
      "iso_8601" : "2021-11-19T17:36:57-05:00"
    },
    "edited_by" : "admin",
    "edited_by_principal_id" : "e319a2cd626b671ba7f7",
    "edited_by_principal_domain_id" : "default"
  },
  "revision" : 37,
  "active" : true,
  "parents" : [ "36:9aef0c1c880b4d5186f6" ],
  "branch" : "187193302a18db2eb328"
}