{
  "_qname" : "a:list_item",
  "_type" : "d:association",
  "_parent" : "a:owned",
  "type" : "object",
  "title" : "List Item",
  "description" : "A relationship identifying that a source node has a list item defined on the target node",
  "properties" : { },
  "mandatoryFeatures" : {
    "f:propagates-authorities" : {
      "enabled" : true
    }
  },
  "systemBootstrapped" : true,
  "_system" : {
    "deleted" : false,
    "changeset" : "0:root",
    "modified_on" : {
      "timestamp" : "19-Apr-2019 20:08:32",
      "year" : 2019,
      "month" : 3,
      "day_of_month" : 19,
      "hour" : 20,
      "minute" : 8,
      "second" : 32,
      "millisecond" : 990,
      "ms" : 1555704512990,
      "iso_8601" : "2019-04-19T20:08:32Z"
    },
    "modified_by" : "admin",
    "modified_by_principal_id" : "74004ce2e8561e763ac4",
    "modified_by_principal_domain_id" : "default",
    "edited_on" : {
      "timestamp" : "19-Apr-2019 20:08:32",
      "year" : 2019,
      "month" : 3,
      "day_of_month" : 19,
      "hour" : 20,
      "minute" : 8,
      "second" : 32,
      "millisecond" : 990,
      "ms" : 1555704512990,
      "iso_8601" : "2019-04-19T20:08:32Z"
    },
    "edited_by" : "admin",
    "edited_by_principal_id" : "74004ce2e8561e763ac4",
    "edited_by_principal_domain_id" : "default",
    "created_on" : {
      "timestamp" : "19-Apr-2019 20:08:32",
      "year" : 2019,
      "month" : 3,
      "day_of_month" : 19,
      "hour" : 20,
      "minute" : 8,
      "second" : 32,
      "millisecond" : 990,
      "ms" : 1555704512990,
      "iso_8601" : "2019-04-19T20:08:32Z"
    },
    "created_by" : "admin",
    "created_by_principal_id" : "74004ce2e8561e763ac4",
    "created_by_principal_domain_id" : "default"
  },
  "_doc" : "821c40ab613d9b5bcbbc656b62229336"
}