{
  "_type" : "catalog:product-has-review",
  "source" : "3a0a47bf3c2ed20549bb",
  "target" : "50184e1dcbb72ebe50e0",
  "_is_instance" : true,
  "_system" : {
    "deleted" : false,
    "changeset" : "43:d17942f04f936f0b9acc",
    "created_on" : {
      "timestamp" : "14-Feb-2019 15:33:03",
      "year" : 2019,
      "month" : 1,
      "day_of_month" : 14,
      "hour" : 15,
      "minute" : 33,
      "second" : 3,
      "millisecond" : 518,
      "ms" : 1550158383518,
      "iso_8601" : "2019-02-14T15:33:03Z"
    },
    "created_by" : "admin",
    "created_by_principal_id" : "5bab281f1cb2047f12ba",
    "created_by_principal_domain_id" : "default",
    "modified_on" : {
      "timestamp" : "14-Feb-2019 15:33:03",
      "year" : 2019,
      "month" : 1,
      "day_of_month" : 14,
      "hour" : 15,
      "minute" : 33,
      "second" : 3,
      "millisecond" : 534,
      "ms" : 1550158383534,
      "iso_8601" : "2019-02-14T15:33:03Z"
    },
    "modified_by" : "admin",
    "modified_by_principal_id" : "5bab281f1cb2047f12ba",
    "modified_by_principal_domain_id" : "default",
    "edited_on" : {
      "timestamp" : "14-Feb-2019 15:33:03",
      "year" : 2019,
      "month" : 1,
      "day_of_month" : 14,
      "hour" : 15,
      "minute" : 33,
      "second" : 3,
      "millisecond" : 534,
      "ms" : 1550158383534,
      "iso_8601" : "2019-02-14T15:33:03Z"
    },
    "edited_by" : "admin",
    "edited_by_principal_id" : "5bab281f1cb2047f12ba",
    "edited_by_principal_domain_id" : "default"
  },
  "_doc" : "60f5337993a3f92fff1b",
  "_qname" : "o:60f5337993a3f92fff1b",
  "directionality" : "DIRECTED",
  "_features" : {
    "f:audit" : { },
    "f:indexable" : { },
    "f:rates" : {
      "property" : "rating"
    }
  },
  "source_type" : "catalog:product",
  "target_type" : "catalog:product-review"
}