{
  "_type" : "catalog:product-has-review",
  "source" : "db246f20344f16e36275",
  "target" : "2e7656f3344619a0b639",
  "_is_instance" : true,
  "_system" : {
    "deleted" : false,
    "changeset" : "39:69b0f4442f2f0d6a8b0b",
    "created_on" : {
      "timestamp" : "14-Feb-2019 15:33:02",
      "year" : 2019,
      "month" : 1,
      "day_of_month" : 14,
      "hour" : 15,
      "minute" : 33,
      "second" : 2,
      "millisecond" : 879,
      "ms" : 1550158382879,
      "iso_8601" : "2019-02-14T15:33:02Z"
    },
    "created_by" : "admin",
    "created_by_principal_id" : "5bab281f1cb2047f12ba",
    "created_by_principal_domain_id" : "default",
    "modified_on" : {
      "timestamp" : "14-Feb-2019 15:33:02",
      "year" : 2019,
      "month" : 1,
      "day_of_month" : 14,
      "hour" : 15,
      "minute" : 33,
      "second" : 2,
      "millisecond" : 896,
      "ms" : 1550158382896,
      "iso_8601" : "2019-02-14T15:33:02Z"
    },
    "modified_by" : "admin",
    "modified_by_principal_id" : "5bab281f1cb2047f12ba",
    "modified_by_principal_domain_id" : "default",
    "edited_on" : {
      "timestamp" : "14-Feb-2019 15:33:02",
      "year" : 2019,
      "month" : 1,
      "day_of_month" : 14,
      "hour" : 15,
      "minute" : 33,
      "second" : 2,
      "millisecond" : 896,
      "ms" : 1550158382896,
      "iso_8601" : "2019-02-14T15:33:02Z"
    },
    "edited_by" : "admin",
    "edited_by_principal_id" : "5bab281f1cb2047f12ba",
    "edited_by_principal_domain_id" : "default"
  },
  "_doc" : "6613a27b0a599d4f9808",
  "_qname" : "o:6613a27b0a599d4f9808",
  "directionality" : "DIRECTED",
  "_features" : {
    "f:audit" : { },
    "f:indexable" : { },
    "f:rates" : {
      "property" : "rating"
    }
  },
  "source_type" : "catalog:product",
  "target_type" : "catalog:product-review"
}