{
  "_system" : {
    "deleted" : false,
    "changeset" : "2:6587ec68dacd0fc197c0",
    "created_on" : {
      "timestamp" : "07-Mar-2023 09:39:15",
      "year" : 2023,
      "month" : 2,
      "day_of_month" : 7,
      "hour" : 9,
      "minute" : 39,
      "second" : 15,
      "millisecond" : 407,
      "ms" : 1678199955407,
      "iso_8601" : "2023-03-07T09:39:15-05:00"
    },
    "created_by" : "admin",
    "created_by_principal_id" : "046cf0d415feaf45bcf2",
    "created_by_principal_domain_id" : "default",
    "modified_on" : {
      "timestamp" : "07-Mar-2023 09:39:15",
      "year" : 2023,
      "month" : 2,
      "day_of_month" : 7,
      "hour" : 9,
      "minute" : 39,
      "second" : 15,
      "millisecond" : 418,
      "ms" : 1678199955418,
      "iso_8601" : "2023-03-07T09:39:15-05:00"
    },
    "modified_by" : "admin",
    "modified_by_principal_id" : "046cf0d415feaf45bcf2",
    "modified_by_principal_domain_id" : "default",
    "edited_on" : {
      "timestamp" : "07-Mar-2023 09:39:15",
      "year" : 2023,
      "month" : 2,
      "day_of_month" : 7,
      "hour" : 9,
      "minute" : 39,
      "second" : 15,
      "millisecond" : 418,
      "ms" : 1678199955418,
      "iso_8601" : "2023-03-07T09:39:15-05:00"
    },
    "edited_by" : "admin",
    "edited_by_principal_id" : "046cf0d415feaf45bcf2",
    "rev" : 2,
    "branch" : "660838eae4eeba015a76",
    "_op" : "create",
    "edited_by_principal_domain_id" : "default"
  },
  "_doc" : "68c28bfd2b150a7deca0",
  "_qname" : "o:68c28bfd2b150a7deca0",
  "_type" : "n:node",
  "_features" : {
    "f:audit" : { },
    "f:titled" : { },
    "f:filename" : {
      "filename" : "Theme"
    },
    "f:geolocation" : { },
    "f:indexable" : { },
    "f:container" : { }
  },
  "title" : "Theme"
}