{
  "_doc" : "c2f9290c2a6a092f8361",
  "root" : "157:cd137d444b7490abad11",
  "tip" : "159:a124b94ca50018c06964",
  "root-branch" : "7a5e5955f49c20a9b312",
  "type" : "CUSTOM",
  "_system" : {
    "created_on" : {
      "timestamp" : "24-Aug-2022 16:10:17",
      "year" : 2022,
      "month" : 7,
      "day_of_month" : 24,
      "hour" : 16,
      "minute" : 10,
      "second" : 17,
      "millisecond" : 558,
      "ms" : 1661357417558,
      "iso_8601" : "2022-08-24T16:10:17Z"
    },
    "created_by" : "admin",
    "created_by_principal_id" : "fda4fc3b0ff3e7838fbe",
    "created_by_principal_domain_id" : "default",
    "modified_on" : {
      "timestamp" : "24-Aug-2022 16:10:17",
      "year" : 2022,
      "month" : 7,
      "day_of_month" : 24,
      "hour" : 16,
      "minute" : 10,
      "second" : 17,
      "millisecond" : 558,
      "ms" : 1661357417558,
      "iso_8601" : "2022-08-24T16:10:17Z"
    },
    "modified_by" : "admin",
    "modified_by_principal_id" : "fda4fc3b0ff3e7838fbe",
    "modified_by_principal_domain_id" : "default",
    "edited_on" : {
      "timestamp" : "24-Aug-2022 16:10:17",
      "year" : 2022,
      "month" : 7,
      "day_of_month" : 24,
      "hour" : 16,
      "minute" : 10,
      "second" : 17,
      "millisecond" : 558,
      "ms" : 1661357417558,
      "iso_8601" : "2022-08-24T16:10:17Z"
    },
    "edited_by" : "admin",
    "edited_by_principal_id" : "fda4fc3b0ff3e7838fbe",
    "edited_by_principal_domain_id" : "default"
  },
  "archived" : false,
  "snapshot" : false,
  "title" : "Add Florence, Italy to Guide",
  "workspace" : true,
  "releaseId" : "d74548172efb3d500211"
}