{
  "tag" : "royalty",
  "title" : "royalty",
  "_system" : {
    "deleted" : false,
    "changeset" : "0:root",
    "modified_on" : {
      "timestamp" : "19-Apr-2019 20:08:37",
      "year" : 2019,
      "month" : 3,
      "day_of_month" : 19,
      "hour" : 20,
      "minute" : 8,
      "second" : 37,
      "millisecond" : 651,
      "ms" : 1555704517651,
      "iso_8601" : "2019-04-19T20:08:37Z"
    },
    "modified_by" : "admin",
    "modified_by_principal_id" : "74004ce2e8561e763ac4",
    "modified_by_principal_domain_id" : "default",
    "edited_on" : {
      "timestamp" : "19-Apr-2019 20:08:37",
      "year" : 2019,
      "month" : 3,
      "day_of_month" : 19,
      "hour" : 20,
      "minute" : 8,
      "second" : 37,
      "millisecond" : 651,
      "ms" : 1555704517651,
      "iso_8601" : "2019-04-19T20:08:37Z"
    },
    "edited_by" : "admin",
    "edited_by_principal_id" : "74004ce2e8561e763ac4",
    "edited_by_principal_domain_id" : "default",
    "created_on" : {
      "timestamp" : "19-Apr-2019 20:08:37",
      "year" : 2019,
      "month" : 3,
      "day_of_month" : 19,
      "hour" : 20,
      "minute" : 8,
      "second" : 37,
      "millisecond" : 651,
      "ms" : 1555704517651,
      "iso_8601" : "2019-04-19T20:08:37Z"
    },
    "created_by" : "admin",
    "created_by_principal_id" : "74004ce2e8561e763ac4",
    "created_by_principal_domain_id" : "default"
  },
  "_qname" : "o:2818b9900c4a5ae8afbe",
  "_type" : "n:tag",
  "_features" : {
    "f:audit" : { },
    "f:titled" : { },
    "f:filename" : {
      "filename" : "royalty"
    },
    "f:geolocation" : { },
    "f:indexable" : { }
  },
  "_doc" : "2818b9900c4a5ae8afbe"
}