{
  "_features" : {
    "f:relator" : {
      "propertyHolder" : "source",
      "propertyPath" : "/recommendations[0]",
      "active" : true
    },
    "f:audit" : { },
    "f:indexable" : { }
  },
  "source" : "59a8bbc3905f4cc4ad5d",
  "source_type" : "store:book",
  "target" : "ea6eda4015f4473ea256",
  "target_type" : "store:book",
  "directionality" : "DIRECTED",
  "_system" : {
    "deleted" : false,
    "changeset" : "28:8984cb4f9a421661eb86",
    "created_on" : {
      "timestamp" : "19-Nov-2021 17:36:53",
      "year" : 2021,
      "month" : 10,
      "day_of_month" : 19,
      "hour" : 17,
      "minute" : 36,
      "second" : 53,
      "millisecond" : 984,
      "ms" : 1637361413984,
      "iso_8601" : "2021-11-19T17:36:53-05:00"
    },
    "created_by" : "admin",
    "created_by_principal_id" : "e319a2cd626b671ba7f7",
    "created_by_principal_domain_id" : "default",
    "modified_on" : {
      "timestamp" : "19-Nov-2021 17:36:54",
      "year" : 2021,
      "month" : 10,
      "day_of_month" : 19,
      "hour" : 17,
      "minute" : 36,
      "second" : 54,
      "millisecond" : 52,
      "ms" : 1637361414052,
      "iso_8601" : "2021-11-19T17:36:54-05:00"
    },
    "modified_by" : "admin",
    "modified_by_principal_id" : "e319a2cd626b671ba7f7",
    "modified_by_principal_domain_id" : "default",
    "edited_on" : {
      "timestamp" : "19-Nov-2021 17:36:54",
      "year" : 2021,
      "month" : 10,
      "day_of_month" : 19,
      "hour" : 17,
      "minute" : 36,
      "second" : 54,
      "millisecond" : 52,
      "ms" : 1637361414052,
      "iso_8601" : "2021-11-19T17:36:54-05:00"
    },
    "edited_by" : "admin",
    "edited_by_principal_id" : "e319a2cd626b671ba7f7",
    "edited_by_principal_domain_id" : "default",
    "rev" : 28,
    "branch" : "187193302a18db2eb328",
    "_op" : "create"
  },
  "_doc" : "ec6e10786ed357299cf9",
  "_qname" : "o:ec6e10786ed357299cf9",
  "_type" : "store:suggests"
}