{
  "platformId" : "976d0d81e5ef6071f051",
  "_system" : {
    "schema" : 2,
    "created_on" : {
      "timestamp" : "24-Aug-2022 16:08:16",
      "year" : 2022,
      "month" : 7,
      "day_of_month" : 24,
      "hour" : 16,
      "minute" : 8,
      "second" : 16,
      "millisecond" : 648,
      "ms" : 1661357296648,
      "iso_8601" : "2022-08-24T16:08:16Z"
    },
    "created_by" : "admin",
    "created_by_principal_id" : "fda4fc3b0ff3e7838fbe",
    "created_by_principal_domain_id" : "default",
    "modified_on" : {
      "timestamp" : "24-Aug-2022 16:10:07",
      "year" : 2022,
      "month" : 7,
      "day_of_month" : 24,
      "hour" : 16,
      "minute" : 10,
      "second" : 7,
      "millisecond" : 215,
      "ms" : 1661357407215,
      "iso_8601" : "2022-08-24T16:10:07Z"
    },
    "modified_by" : "admin",
    "modified_by_principal_id" : "fda4fc3b0ff3e7838fbe",
    "modified_by_principal_domain_id" : "default",
    "edited_on" : {
      "timestamp" : "24-Aug-2022 16:10:07",
      "year" : 2022,
      "month" : 7,
      "day_of_month" : 24,
      "hour" : 16,
      "minute" : 10,
      "second" : 7,
      "millisecond" : 215,
      "ms" : 1661357407215,
      "iso_8601" : "2022-08-24T16:10:07Z"
    },
    "edited_by" : "admin",
    "edited_by_principal_id" : "fda4fc3b0ff3e7838fbe",
    "edited_by_principal_domain_id" : "default"
  },
  "enableStrictRelators" : true,
  "filefolder" : {
    "forceUriEncoding" : true
  },
  "datastoreId" : "be7d4afe10e21f420374",
  "datastoreTypeId" : "repository",
  "enableAuditing" : true,
  "enableAuthorities" : true,
  "maxsize" : -1,
  "size" : 0,
  "objectcount" : 0,
  "_doc" : "05226d10d8fe8fbd82dd",
  "statisticsDate" : {
    "timestamp" : "01-Jan-1970 00:00:00",
    "year" : 1970,
    "month" : 0,
    "day_of_month" : 1,
    "hour" : 0,
    "minute" : 0,
    "second" : 0,
    "millisecond" : 1,
    "ms" : 1,
    "iso_8601" : "1970-01-01T00:00:00Z"
  },
  "statisticsDirty" : true,
  "title" : "Sample Project 'content' repository"
}