{
  "_system" : {
    "deleted" : false,
    "changeset" : "6:e4126ec655da5f49d1f9",
    "created_on" : {
      "timestamp" : "20-Oct-2021 00:03:17",
      "year" : 2021,
      "month" : 9,
      "day_of_month" : 20,
      "hour" : 0,
      "minute" : 3,
      "second" : 17,
      "millisecond" : 812,
      "ms" : 1634702597812,
      "iso_8601" : "2021-10-20T00:03:17-04:00"
    },
    "created_by" : "admin",
    "created_by_principal_id" : "2a7c6669601b1ba4c958",
    "created_by_principal_domain_id" : "default",
    "modified_on" : {
      "timestamp" : "20-Oct-2021 00:03:17",
      "year" : 2021,
      "month" : 9,
      "day_of_month" : 20,
      "hour" : 0,
      "minute" : 3,
      "second" : 17,
      "millisecond" : 827,
      "ms" : 1634702597827,
      "iso_8601" : "2021-10-20T00:03:17-04:00"
    },
    "modified_by" : "admin",
    "modified_by_principal_id" : "2a7c6669601b1ba4c958",
    "modified_by_principal_domain_id" : "default",
    "edited_on" : {
      "timestamp" : "20-Oct-2021 00:03:17",
      "year" : 2021,
      "month" : 9,
      "day_of_month" : 20,
      "hour" : 0,
      "minute" : 3,
      "second" : 17,
      "millisecond" : 827,
      "ms" : 1634702597827,
      "iso_8601" : "2021-10-20T00:03:17-04:00"
    },
    "edited_by" : "admin",
    "edited_by_principal_id" : "2a7c6669601b1ba4c958",
    "edited_by_principal_domain_id" : "default",
    "rev" : 6,
    "branch" : "a73f26b4127e018473e1",
    "_op" : "create"
  },
  "_doc" : "ad58299555203f4ebe2a",
  "_qname" : "o:ad58299555203f4ebe2a",
  "_type" : "a:child",
  "directionality" : "DIRECTED",
  "_features" : {
    "f:audit" : { },
    "f:indexable" : { },
    "f:propagates-authorities" : {
      "enabled" : true
    },
    "f:non-cyclic" : { },
    "f:knowledge-sharing" : {
      "enabled" : true
    }
  },
  "source_type" : "n:node",
  "source" : "10d31328115a221fd25d",
  "target_type" : "n:node",
  "target" : "8f15640aaffc18d1f32d"
}