{
  "_system" : {
    "deleted" : false,
    "changeset" : "38:f6a4d1c868a1b488bfe5",
    "created_on" : {
      "timestamp" : "05-Aug-2021 15:37:16",
      "year" : 2021,
      "month" : 7,
      "day_of_month" : 5,
      "hour" : 15,
      "minute" : 37,
      "second" : 16,
      "millisecond" : 674,
      "ms" : 1628177836674,
      "iso_8601" : "2021-08-05T15:37:16Z"
    },
    "created_by" : "system",
    "created_by_principal_id" : "system",
    "modified_on" : {
      "timestamp" : "05-Aug-2021 15:37:16",
      "year" : 2021,
      "month" : 7,
      "day_of_month" : 5,
      "hour" : 15,
      "minute" : 37,
      "second" : 16,
      "millisecond" : 756,
      "ms" : 1628177836756,
      "iso_8601" : "2021-08-05T15:37:16Z"
    },
    "modified_by" : "system",
    "modified_by_principal_id" : "system",
    "edited_on" : {
      "timestamp" : "05-Aug-2021 15:37:16",
      "year" : 2021,
      "month" : 7,
      "day_of_month" : 5,
      "hour" : 15,
      "minute" : 37,
      "second" : 16,
      "millisecond" : 674,
      "ms" : 1628177836674,
      "iso_8601" : "2021-08-05T15:37:16Z"
    },
    "edited_by" : "system",
    "edited_by_principal_id" : "system",
    "rev" : 38,
    "branch" : "23fafbfbb544c803da8d",
    "_op" : "create"
  },
  "_doc" : "636d4006566c342cdbab",
  "_qname" : "o:636d4006566c342cdbab",
  "_type" : "a:has_tag",
  "directionality" : "DIRECTED",
  "_features" : {
    "f:audit" : { },
    "f:indexable" : { }
  },
  "source_type" : "store:book",
  "source" : "3e8cd53490a94c278f79",
  "target_type" : "n:tag",
  "target" : "93a4b0bf1aad38ee6f73"
}