{
  "_doc" : "32:8e08662c4c317c668897",
  "_system" : {
    "created_on" : {
      "timestamp" : "26-Nov-2021 22:42:55",
      "year" : 2021,
      "month" : 10,
      "day_of_month" : 26,
      "hour" : 22,
      "minute" : 42,
      "second" : 55,
      "millisecond" : 572,
      "ms" : 1637984575572,
      "iso_8601" : "2021-11-26T22:42:55-05:00"
    },
    "created_by" : "admin",
    "created_by_principal_id" : "5bef34d1ea45b9e98ee7",
    "created_by_principal_domain_id" : "default",
    "modified_on" : {
      "timestamp" : "26-Nov-2021 22:42:55",
      "year" : 2021,
      "month" : 10,
      "day_of_month" : 26,
      "hour" : 22,
      "minute" : 42,
      "second" : 55,
      "millisecond" : 618,
      "ms" : 1637984575618,
      "iso_8601" : "2021-11-26T22:42:55-05:00"
    },
    "modified_by" : "admin",
    "modified_by_principal_id" : "5bef34d1ea45b9e98ee7",
    "modified_by_principal_domain_id" : "default",
    "edited_on" : {
      "timestamp" : "26-Nov-2021 22:42:55",
      "year" : 2021,
      "month" : 10,
      "day_of_month" : 26,
      "hour" : 22,
      "minute" : 42,
      "second" : 55,
      "millisecond" : 618,
      "ms" : 1637984575618,
      "iso_8601" : "2021-11-26T22:42:55-05:00"
    },
    "edited_by" : "admin",
    "edited_by_principal_id" : "5bef34d1ea45b9e98ee7",
    "edited_by_principal_domain_id" : "default"
  },
  "revision" : 32,
  "active" : true,
  "parents" : [ "31:49a0ba49239fc776250d" ],
  "branch" : "9bc800c8fc0417d3210c"
}