{
  "_doc" : "19:c041385d4f90ec525acc",
  "_system" : {
    "created_on" : {
      "timestamp" : "20-Oct-2021 09:34:19",
      "year" : 2021,
      "month" : 9,
      "day_of_month" : 20,
      "hour" : 9,
      "minute" : 34,
      "second" : 19,
      "millisecond" : 53,
      "ms" : 1634736859053,
      "iso_8601" : "2021-10-20T09:34:19-04:00"
    },
    "created_by" : "admin",
    "created_by_principal_id" : "2a7c6669601b1ba4c958",
    "created_by_principal_domain_id" : "default",
    "modified_on" : {
      "timestamp" : "20-Oct-2021 09:34:19",
      "year" : 2021,
      "month" : 9,
      "day_of_month" : 20,
      "hour" : 9,
      "minute" : 34,
      "second" : 19,
      "millisecond" : 94,
      "ms" : 1634736859094,
      "iso_8601" : "2021-10-20T09:34:19-04:00"
    },
    "modified_by" : "admin",
    "modified_by_principal_id" : "2a7c6669601b1ba4c958",
    "modified_by_principal_domain_id" : "default",
    "edited_on" : {
      "timestamp" : "20-Oct-2021 09:34:19",
      "year" : 2021,
      "month" : 9,
      "day_of_month" : 20,
      "hour" : 9,
      "minute" : 34,
      "second" : 19,
      "millisecond" : 94,
      "ms" : 1634736859094,
      "iso_8601" : "2021-10-20T09:34:19-04:00"
    },
    "edited_by" : "admin",
    "edited_by_principal_id" : "2a7c6669601b1ba4c958",
    "edited_by_principal_domain_id" : "default"
  },
  "revision" : 19,
  "active" : true,
  "parents" : [ "18:144b63a62dacc7b3e255" ],
  "branch" : "1ad06a3e9160fdc88c85"
}