{
  "_doc" : "122:0bd778a1d4a703d9d4b1",
  "_system" : {
    "created_on" : {
      "timestamp" : "14-Feb-2019 15:33:29",
      "year" : 2019,
      "month" : 1,
      "day_of_month" : 14,
      "hour" : 15,
      "minute" : 33,
      "second" : 29,
      "millisecond" : 698,
      "ms" : 1550158409698,
      "iso_8601" : "2019-02-14T15:33:29Z"
    },
    "created_by" : "admin",
    "created_by_principal_id" : "5bab281f1cb2047f12ba",
    "created_by_principal_domain_id" : "default",
    "modified_on" : {
      "timestamp" : "14-Feb-2019 15:33:31",
      "year" : 2019,
      "month" : 1,
      "day_of_month" : 14,
      "hour" : 15,
      "minute" : 33,
      "second" : 31,
      "millisecond" : 241,
      "ms" : 1550158411241,
      "iso_8601" : "2019-02-14T15:33:31Z"
    },
    "modified_by" : "admin",
    "modified_by_principal_id" : "5bab281f1cb2047f12ba",
    "modified_by_principal_domain_id" : "default",
    "edited_on" : {
      "timestamp" : "14-Feb-2019 15:33:31",
      "year" : 2019,
      "month" : 1,
      "day_of_month" : 14,
      "hour" : 15,
      "minute" : 33,
      "second" : 31,
      "millisecond" : 241,
      "ms" : 1550158411241,
      "iso_8601" : "2019-02-14T15:33:31Z"
    },
    "edited_by" : "admin",
    "edited_by_principal_id" : "5bab281f1cb2047f12ba",
    "edited_by_principal_domain_id" : "default"
  },
  "revision" : 122,
  "active" : true,
  "parents" : [ "121:73ba3858ab9170df896c" ],
  "branch" : "4a11b3490f5cf2a8a2b7"
}