{
  "key" : "branch://7173fe698ebac7cd9992/e28320b2f511cb6c5329/a73f26b4127e018473e1_approved",
  "title" : "Publish 'approved' Content from Branch 'a73f26b4127e018473e1'",
  "targetIds" : [ "14aa01b0cd46f143ce4a" ],
  "_system" : {
    "created_on" : {
      "timestamp" : "20-Oct-2021 00:03:32",
      "year" : 2021,
      "month" : 9,
      "day_of_month" : 20,
      "hour" : 0,
      "minute" : 3,
      "second" : 32,
      "millisecond" : 620,
      "ms" : 1634702612620,
      "iso_8601" : "2021-10-20T00:03:32-04:00"
    },
    "created_by" : "admin",
    "created_by_principal_id" : "2a7c6669601b1ba4c958",
    "created_by_principal_domain_id" : "default",
    "modified_on" : {
      "timestamp" : "20-Oct-2021 00:03:32",
      "year" : 2021,
      "month" : 9,
      "day_of_month" : 20,
      "hour" : 0,
      "minute" : 3,
      "second" : 32,
      "millisecond" : 620,
      "ms" : 1634702612620,
      "iso_8601" : "2021-10-20T00:03:32-04:00"
    },
    "modified_by" : "admin",
    "modified_by_principal_id" : "2a7c6669601b1ba4c958",
    "modified_by_principal_domain_id" : "default",
    "edited_on" : {
      "timestamp" : "20-Oct-2021 00:03:32",
      "year" : 2021,
      "month" : 9,
      "day_of_month" : 20,
      "hour" : 0,
      "minute" : 3,
      "second" : 32,
      "millisecond" : 620,
      "ms" : 1634702612620,
      "iso_8601" : "2021-10-20T00:03:32-04:00"
    },
    "edited_by" : "admin",
    "edited_by_principal_id" : "2a7c6669601b1ba4c958",
    "edited_by_principal_domain_id" : "default"
  },
  "_doc" : "8a077190c280eccafc4c"
}