{
  "_type" : "store:author",
  "title" : "William Shakespeare",
  "firstName" : "William",
  "lastName" : "Shakespeare",
  "_system" : {
    "deleted" : false,
    "changeset" : "0:root",
    "modified_on" : {
      "timestamp" : "19-Apr-2019 20:08:38",
      "year" : 2019,
      "month" : 3,
      "day_of_month" : 19,
      "hour" : 20,
      "minute" : 8,
      "second" : 38,
      "millisecond" : 698,
      "ms" : 1555704518698,
      "iso_8601" : "2019-04-19T20:08:38Z"
    },
    "modified_by" : "admin",
    "modified_by_principal_id" : "74004ce2e8561e763ac4",
    "modified_by_principal_domain_id" : "default",
    "edited_on" : {
      "timestamp" : "19-Apr-2019 20:08:38",
      "year" : 2019,
      "month" : 3,
      "day_of_month" : 19,
      "hour" : 20,
      "minute" : 8,
      "second" : 38,
      "millisecond" : 698,
      "ms" : 1555704518698,
      "iso_8601" : "2019-04-19T20:08:38Z"
    },
    "edited_by" : "admin",
    "edited_by_principal_id" : "74004ce2e8561e763ac4",
    "edited_by_principal_domain_id" : "default",
    "attachments" : {
      "default" : {
        "contentType" : "image/jpeg",
        "length" : 28573,
        "objectId" : "attachment_1b77a8f856fecdf311e5_0f98250a7da74f7c0774",
        "filename" : "default"
      }
    },
    "created_on" : {
      "timestamp" : "19-Apr-2019 20:08:38",
      "year" : 2019,
      "month" : 3,
      "day_of_month" : 19,
      "hour" : 20,
      "minute" : 8,
      "second" : 38,
      "millisecond" : 698,
      "ms" : 1555704518698,
      "iso_8601" : "2019-04-19T20:08:38Z"
    },
    "created_by" : "admin",
    "created_by_principal_id" : "74004ce2e8561e763ac4",
    "created_by_principal_domain_id" : "default"
  },
  "_qname" : "o:1b77a8f856fecdf311e5",
  "_features" : {
    "f:audit" : { },
    "f:titled" : { },
    "f:filename" : {
      "filename" : "William_Shakespeare"
    },
    "f:geolocation" : { },
    "f:indexable" : { },
    "f:related" : { }
  },
  "_doc" : "1b77a8f856fecdf311e5"
}