{
  "deployments" : {
    "default" : {
      "webhost" : "primary",
      "baseURL" : "http://localhost:8080",
      "domain" : "cloudcms.net",
      "clientId" : "d4c1fc295e6097a6fc5f",
      "authGrantId" : "ddf5eadfb798ac4c6f29"
    }
  },
  "template" : { },
  "projectId" : "cd0dff1d1080aab3a614",
  "title" : "Default Application",
  "platformId" : "98ef3d2f698ca7135109",
  "datastoreId" : "66faf7f59a17ba29ee49",
  "datastoreTypeId" : "application",
  "enableAuditing" : false,
  "enableAuthorities" : true,
  "dataSize" : 0,
  "storageSize" : 0,
  "fsSize" : 0,
  "objectcount" : 0,
  "_system" : {
    "created_on" : {
      "timestamp" : "19-Nov-2021 17:36:33",
      "year" : 2021,
      "month" : 10,
      "day_of_month" : 19,
      "hour" : 17,
      "minute" : 36,
      "second" : 33,
      "millisecond" : 2,
      "ms" : 1637361393002,
      "iso_8601" : "2021-11-19T17:36:33-05:00"
    },
    "created_by" : "admin",
    "created_by_principal_id" : "e319a2cd626b671ba7f7",
    "created_by_principal_domain_id" : "default",
    "modified_on" : {
      "timestamp" : "19-Nov-2021 17:36:33",
      "year" : 2021,
      "month" : 10,
      "day_of_month" : 19,
      "hour" : 17,
      "minute" : 36,
      "second" : 33,
      "millisecond" : 270,
      "ms" : 1637361393270,
      "iso_8601" : "2021-11-19T17:36:33-05:00"
    },
    "modified_by" : "admin",
    "modified_by_principal_id" : "e319a2cd626b671ba7f7",
    "modified_by_principal_domain_id" : "default",
    "edited_on" : {
      "timestamp" : "19-Nov-2021 17:36:33",
      "year" : 2021,
      "month" : 10,
      "day_of_month" : 19,
      "hour" : 17,
      "minute" : 36,
      "second" : 33,
      "millisecond" : 270,
      "ms" : 1637361393270,
      "iso_8601" : "2021-11-19T17:36:33-05:00"
    },
    "edited_by" : "admin",
    "edited_by_principal_id" : "e319a2cd626b671ba7f7",
    "edited_by_principal_domain_id" : "default"
  },
  "_doc" : "69a055c2cd781709bf32",
  "statisticsDate" : {
    "timestamp" : "31-Dec-1969 19:00:00",
    "year" : 1969,
    "month" : 11,
    "day_of_month" : 31,
    "hour" : 19,
    "minute" : 0,
    "second" : 0,
    "millisecond" : 1,
    "ms" : 1,
    "iso_8601" : "1969-12-31T19:00:00-05:00"
  },
  "flags" : { },
  "statisticsDirty" : true,
  "applicationType" : "web"
}