{
  "name" : "team_stack_0a7fc8e20274200ad031_project-appusers-team",
  "type" : "GROUP",
  "_system" : {
    "created_on" : {
      "timestamp" : "24-Aug-2022 16:08:27",
      "year" : 2022,
      "month" : 7,
      "day_of_month" : 24,
      "hour" : 16,
      "minute" : 8,
      "second" : 27,
      "millisecond" : 4,
      "ms" : 1661357307004,
      "iso_8601" : "2022-08-24T16:08:27Z"
    },
    "created_by" : "admin",
    "created_by_principal_id" : "fda4fc3b0ff3e7838fbe",
    "created_by_principal_domain_id" : "default",
    "modified_on" : {
      "timestamp" : "24-Aug-2022 16:08:27",
      "year" : 2022,
      "month" : 7,
      "day_of_month" : 24,
      "hour" : 16,
      "minute" : 8,
      "second" : 27,
      "millisecond" : 54,
      "ms" : 1661357307054,
      "iso_8601" : "2022-08-24T16:08:27Z"
    },
    "modified_by" : "admin",
    "modified_by_principal_id" : "fda4fc3b0ff3e7838fbe",
    "modified_by_principal_domain_id" : "default",
    "edited_on" : {
      "timestamp" : "24-Aug-2022 16:08:27",
      "year" : 2022,
      "month" : 7,
      "day_of_month" : 24,
      "hour" : 16,
      "minute" : 8,
      "second" : 27,
      "millisecond" : 54,
      "ms" : 1661357307054,
      "iso_8601" : "2022-08-24T16:08:27Z"
    },
    "edited_by" : "admin",
    "edited_by_principal_id" : "fda4fc3b0ff3e7838fbe",
    "edited_by_principal_domain_id" : "default"
  },
  "_doc" : "5ab11839592eab77dc5d",
  "title" : "Group for project-appusers-team",
  "teamGroup" : true,
  "teamableTypeId" : "stack",
  "teamableId" : "0a7fc8e20274200ad031",
  "teamKey" : "project-appusers-team"
}