{
  "type" : "CREATE",
  "timestamp" : {
    "timestamp" : "07-Dec-2021 18:02:14",
    "year" : 2021,
    "month" : 11,
    "day_of_month" : 7,
    "hour" : 18,
    "minute" : 2,
    "second" : 14,
    "millisecond" : 80,
    "ms" : 1638900134080,
    "iso_8601" : "2021-12-07T18:02:14Z"
  },
  "userDomainId" : "default",
  "userId" : "9a36db8c2529d3cf7b7b",
  "userTitle" : "admin",
  "userName" : "admin",
  "objectDatastoreTypeId" : "repository",
  "objectDatastoreId" : "f94809da6b272fb71091",
  "objectDatastoreTitle" : "Sample Project 'content' repository",
  "objectId" : "bc24275651b44a53bf50",
  "objectTypeId" : "association",
  "objectTitle" : "bc24275651b44a53bf50",
  "stackId" : "7bb366f549b7530ad72b",
  "projectId" : "7fb79119a8212211b304",
  "projectTitle" : "Sample Project",
  "_system" : {
    "created_on" : {
      "timestamp" : "07-Dec-2021 18:02:14",
      "year" : 2021,
      "month" : 11,
      "day_of_month" : 7,
      "hour" : 18,
      "minute" : 2,
      "second" : 14,
      "millisecond" : 81,
      "ms" : 1638900134081,
      "iso_8601" : "2021-12-07T18:02:14Z"
    },
    "created_by" : "admin",
    "created_by_principal_id" : "9a36db8c2529d3cf7b7b",
    "created_by_principal_domain_id" : "default",
    "modified_on" : {
      "timestamp" : "07-Dec-2021 18:02:14",
      "year" : 2021,
      "month" : 11,
      "day_of_month" : 7,
      "hour" : 18,
      "minute" : 2,
      "second" : 14,
      "millisecond" : 81,
      "ms" : 1638900134081,
      "iso_8601" : "2021-12-07T18:02:14Z"
    },
    "modified_by" : "admin",
    "modified_by_principal_id" : "9a36db8c2529d3cf7b7b",
    "modified_by_principal_domain_id" : "default",
    "edited_on" : {
      "timestamp" : "07-Dec-2021 18:02:14",
      "year" : 2021,
      "month" : 11,
      "day_of_month" : 7,
      "hour" : 18,
      "minute" : 2,
      "second" : 14,
      "millisecond" : 81,
      "ms" : 1638900134081,
      "iso_8601" : "2021-12-07T18:02:14Z"
    },
    "edited_by" : "admin",
    "edited_by_principal_id" : "9a36db8c2529d3cf7b7b",
    "edited_by_principal_domain_id" : "default"
  },
  "_doc" : "74901699b06500c982b9"
}