{
  "_type" : "n:node",
  "title" : "Sample Site Guide.pdf",
  "_system" : {
    "deleted" : false,
    "changeset" : "0:root",
    "modified_on" : {
      "timestamp" : "19-Apr-2019 20:10:47",
      "year" : 2019,
      "month" : 3,
      "day_of_month" : 19,
      "hour" : 20,
      "minute" : 10,
      "second" : 47,
      "millisecond" : 447,
      "ms" : 1555704647447,
      "iso_8601" : "2019-04-19T20:10:47Z"
    },
    "modified_by" : "admin",
    "modified_by_principal_id" : "74004ce2e8561e763ac4",
    "modified_by_principal_domain_id" : "default",
    "edited_on" : {
      "timestamp" : "19-Apr-2019 20:10:47",
      "year" : 2019,
      "month" : 3,
      "day_of_month" : 19,
      "hour" : 20,
      "minute" : 10,
      "second" : 47,
      "millisecond" : 447,
      "ms" : 1555704647447,
      "iso_8601" : "2019-04-19T20:10:47Z"
    },
    "edited_by" : "admin",
    "edited_by_principal_id" : "74004ce2e8561e763ac4",
    "edited_by_principal_domain_id" : "default",
    "attachments" : {
      "default" : {
        "contentType" : "application/pdf",
        "length" : 926140,
        "objectId" : "attachment_002d3822100772e1f45b_a190429ffecfa1637d81",
        "filename" : "Sample Site Guide v2.0.pdf"
      },
      "_preview_default_icon64_64" : {
        "contentType" : "image/png",
        "length" : 3169,
        "objectId" : "attachment_002d3822100772e1f45b_785a02a3fcb6c156eaee",
        "filename" : "_preview_default_icon64_64"
      }
    },
    "created_on" : {
      "timestamp" : "19-Apr-2019 20:08:33",
      "year" : 2019,
      "month" : 3,
      "day_of_month" : 19,
      "hour" : 20,
      "minute" : 8,
      "second" : 33,
      "millisecond" : 801,
      "ms" : 1555704513801,
      "iso_8601" : "2019-04-19T20:08:33Z"
    },
    "created_by" : "admin",
    "created_by_principal_id" : "74004ce2e8561e763ac4",
    "created_by_principal_domain_id" : "default"
  },
  "_qname" : "o:002d3822100772e1f45b",
  "_features" : {
    "f:audit" : { },
    "f:titled" : { },
    "f:filename" : {
      "filename" : "Sample_Site_Guide.pdf"
    },
    "f:geolocation" : { },
    "f:indexable" : { }
  },
  "_doc" : "002d3822100772e1f45b"
}