{
  "_doc" : "119:6bf8a5b138e706fb47f2",
  "_system" : {
    "created_on" : {
      "timestamp" : "14-Feb-2019 15:33:27",
      "year" : 2019,
      "month" : 1,
      "day_of_month" : 14,
      "hour" : 15,
      "minute" : 33,
      "second" : 27,
      "millisecond" : 874,
      "ms" : 1550158407874,
      "iso_8601" : "2019-02-14T15:33:27Z"
    },
    "created_by" : "system",
    "created_by_principal_id" : "system",
    "created_by_principal_domain_id" : null,
    "modified_on" : {
      "timestamp" : "14-Feb-2019 15:33:28",
      "year" : 2019,
      "month" : 1,
      "day_of_month" : 14,
      "hour" : 15,
      "minute" : 33,
      "second" : 28,
      "millisecond" : 42,
      "ms" : 1550158408042,
      "iso_8601" : "2019-02-14T15:33:28Z"
    },
    "modified_by" : "system",
    "modified_by_principal_id" : "system",
    "modified_by_principal_domain_id" : null,
    "edited_on" : {
      "timestamp" : "14-Feb-2019 15:33:27",
      "year" : 2019,
      "month" : 1,
      "day_of_month" : 14,
      "hour" : 15,
      "minute" : 33,
      "second" : 27,
      "millisecond" : 874,
      "ms" : 1550158407874,
      "iso_8601" : "2019-02-14T15:33:27Z"
    },
    "edited_by" : "system",
    "edited_by_principal_id" : "system",
    "edited_by_principal_domain_id" : null
  },
  "revision" : 119,
  "active" : true,
  "parents" : [ "118:52646c5ffa0518b806c4" ],
  "branch" : "4a11b3490f5cf2a8a2b7"
}