{
  "_doc" : "25:240aad75e546e62b8dfe",
  "_system" : {
    "created_on" : {
      "timestamp" : "15-Nov-2021 14:54:06",
      "year" : 2021,
      "month" : 10,
      "day_of_month" : 15,
      "hour" : 14,
      "minute" : 54,
      "second" : 6,
      "millisecond" : 771,
      "ms" : 1637006046771,
      "iso_8601" : "2021-11-15T14:54:06-05:00"
    },
    "created_by" : "admin",
    "created_by_principal_id" : "b9ed9753748864134424",
    "created_by_principal_domain_id" : "default",
    "modified_on" : {
      "timestamp" : "15-Nov-2021 14:54:06",
      "year" : 2021,
      "month" : 10,
      "day_of_month" : 15,
      "hour" : 14,
      "minute" : 54,
      "second" : 6,
      "millisecond" : 841,
      "ms" : 1637006046841,
      "iso_8601" : "2021-11-15T14:54:06-05:00"
    },
    "modified_by" : "admin",
    "modified_by_principal_id" : "b9ed9753748864134424",
    "modified_by_principal_domain_id" : "default",
    "edited_on" : {
      "timestamp" : "15-Nov-2021 14:54:06",
      "year" : 2021,
      "month" : 10,
      "day_of_month" : 15,
      "hour" : 14,
      "minute" : 54,
      "second" : 6,
      "millisecond" : 841,
      "ms" : 1637006046841,
      "iso_8601" : "2021-11-15T14:54:06-05:00"
    },
    "edited_by" : "admin",
    "edited_by_principal_id" : "b9ed9753748864134424",
    "edited_by_principal_domain_id" : "default"
  },
  "revision" : 25,
  "active" : true,
  "parents" : [ "24:cad757a036ce483c2fc9" ],
  "branch" : "cdcfc25b8b052c9d2586"
}