{
  "_type" : "store:book",
  "title" : "Macbeth",
  "description" : "Macbeth (the Scottish Play) is among the best-known of William Shakespeare's plays, and is his shortest tragedy, believed to have been written between 1603 and 1606.",
  "summary" : "Macbeth is among the best-known of William Shakespeare's plays, and is his shortest tragedy, believed to have been written between 1603 and 1606. It is frequently performed at both amateur and professional levels, and has been adapted for opera, film, books, stage and screen. Often regarded as archetypal, the play tells of the dangers of the lust for power and the betrayal of friends. For the plot Shakespeare drew loosely on the historical account of King Macbeth of Scotland by Raphael Holinshed and that by the Scottish philosopher Hector Boece. There are many superstitions centred on the belief the play is somehow 'cursed', and many actors will not mention the name of the play aloud, referring to it instead as 'The Scottish play'.",
  "author" : {
    "id" : "b6aa81e808dd4fc9ad4e",
    "ref" : "node://60748d9223d1d8b18ea5/fdc5ce9d25c8ae75f09a/4375d1eb9094255abf40/b6aa81e808dd4fc9ad4e",
    "typeQName" : "store:author",
    "title" : "William Shakespeare",
    "qname" : "o:b6aa81e808dd4fc9ad4e"
  },
  "recommendations" : [ {
    "id" : "e8af9fc1f0d341cc9eca",
    "ref" : "node://60748d9223d1d8b18ea5/fdc5ce9d25c8ae75f09a/4375d1eb9094255abf40/e8af9fc1f0d341cc9eca",
    "typeQName" : "store:book",
    "title" : "Hamlet",
    "qname" : "o:e8af9fc1f0d341cc9eca",
    "slug" : "hamlet"
  }, {
    "id" : "ea6ce0457ee54ac9ad1b",
    "ref" : "node://60748d9223d1d8b18ea5/fdc5ce9d25c8ae75f09a/4375d1eb9094255abf40/ea6ce0457ee54ac9ad1b",
    "typeQName" : "store:book",
    "title" : "Taming of the Shrew",
    "qname" : "o:ea6ce0457ee54ac9ad1b",
    "slug" : "taming-of-the-shrew"
  } ],
  "tags" : [ "tragedy", "macbeth", "shakespeare", "war", "royalty" ],
  "slug" : "macbeth",
  "_features" : {
    "f:filename" : {
      "filename" : "Macbeth"
    },
    "f:audit" : { },
    "f:titled" : { },
    "f:geolocation" : { },
    "f:indexable" : { },
    "f:taggable" : {
      "enabled" : true
    },
    "f:deployment-config" : {
      "default" : {
        "mappings" : [ {
          "type" : "object-to-file",
          "config" : {
            "filepath" : "/store/books/{{object.slug}}.json"
          }
        }, {
          "type" : "attachment-to-file",
          "config" : {
            "attachmentId" : "*",
            "filepath" : "/store/books/{{object.slug}}.{{attachment.ext}}"
          }
        } ]
      }
    },
    "f:related" : { }
  },
  "_qname" : "o:08e964cba0f4451880e3",
  "_doc" : "08e964cba0f4451880e3",
  "_system" : {
    "deleted" : false,
    "changeset" : "9:3d893e50966213b2e4d3",
    "created_on" : {
      "timestamp" : "20-Oct-2021 14:37:27",
      "year" : 2021,
      "month" : 9,
      "day_of_month" : 20,
      "hour" : 14,
      "minute" : 37,
      "second" : 27,
      "millisecond" : 384,
      "ms" : 1634755047384,
      "iso_8601" : "2021-10-20T14:37:27-04:00"
    },
    "created_by" : "admin",
    "created_by_principal_id" : "b4d6c22caee99692904d",
    "created_by_principal_domain_id" : "default",
    "modified_on" : {
      "timestamp" : "20-Oct-2021 14:37:30",
      "year" : 2021,
      "month" : 9,
      "day_of_month" : 20,
      "hour" : 14,
      "minute" : 37,
      "second" : 30,
      "millisecond" : 682,
      "ms" : 1634755050682,
      "iso_8601" : "2021-10-20T14:37:30-04:00"
    },
    "modified_by" : "admin",
    "modified_by_principal_id" : "b4d6c22caee99692904d",
    "modified_by_principal_domain_id" : "default",
    "edited_on" : {
      "timestamp" : "20-Oct-2021 14:37:30",
      "year" : 2021,
      "month" : 9,
      "day_of_month" : 20,
      "hour" : 14,
      "minute" : 37,
      "second" : 30,
      "millisecond" : 682,
      "ms" : 1634755050682,
      "iso_8601" : "2021-10-20T14:37:30-04:00"
    },
    "edited_by" : "admin",
    "edited_by_principal_id" : "b4d6c22caee99692904d",
    "edited_by_principal_domain_id" : "default",
    "rev" : 9,
    "branch" : "4375d1eb9094255abf40",
    "_op" : "create",
    "attachments" : {
      "book_pdf" : {
        "contentType" : "application/pdf",
        "length" : 219384,
        "objectId" : "attachment_08e964cba0f4451880e3_89faa6207163954297be",
        "filename" : "book_pdf.pdf"
      },
      "default" : {
        "contentType" : "image/jpeg",
        "length" : 64172,
        "objectId" : "attachment_08e964cba0f4451880e3_3f9aebfd3024e2c22949",
        "filename" : "default.jpg"
      }
    }
  },
  "cover" : {
    "id" : "default",
    "name" : "default.jpg",
    "size" : 64172,
    "contentType" : "image/jpeg"
  },
  "pdf" : {
    "id" : "book_pdf",
    "name" : "book_pdf.pdf",
    "size" : 219384,
    "contentType" : "application/pdf"
  }
}