{
  "type" : "CREATE",
  "timestamp" : {
    "timestamp" : "27-Oct-2021 15:38:27",
    "year" : 2021,
    "month" : 9,
    "day_of_month" : 27,
    "hour" : 15,
    "minute" : 38,
    "second" : 27,
    "millisecond" : 892,
    "ms" : 1635349107892,
    "iso_8601" : "2021-10-27T15:38:27Z"
  },
  "userDomainId" : "default",
  "userId" : "ed403cd3ae171ad7caf0",
  "userTitle" : "admin",
  "userName" : "admin",
  "objectDatastoreTypeId" : "platform",
  "objectDatastoreId" : "497454044b0555145fd7",
  "objectDatastoreTitle" : "497454044b0555145fd7",
  "objectId" : "a8db999c5898f0b5d950",
  "objectTypeId" : "repository",
  "objectTitle" : "a8db999c5898f0b5d950",
  "_system" : {
    "created_on" : {
      "timestamp" : "27-Oct-2021 15:38:27",
      "year" : 2021,
      "month" : 9,
      "day_of_month" : 27,
      "hour" : 15,
      "minute" : 38,
      "second" : 27,
      "millisecond" : 894,
      "ms" : 1635349107894,
      "iso_8601" : "2021-10-27T15:38:27Z"
    },
    "created_by" : "admin",
    "created_by_principal_id" : "ed403cd3ae171ad7caf0",
    "created_by_principal_domain_id" : "default",
    "modified_on" : {
      "timestamp" : "27-Oct-2021 15:38:27",
      "year" : 2021,
      "month" : 9,
      "day_of_month" : 27,
      "hour" : 15,
      "minute" : 38,
      "second" : 27,
      "millisecond" : 894,
      "ms" : 1635349107894,
      "iso_8601" : "2021-10-27T15:38:27Z"
    },
    "modified_by" : "admin",
    "modified_by_principal_id" : "ed403cd3ae171ad7caf0",
    "modified_by_principal_domain_id" : "default",
    "edited_on" : {
      "timestamp" : "27-Oct-2021 15:38:27",
      "year" : 2021,
      "month" : 9,
      "day_of_month" : 27,
      "hour" : 15,
      "minute" : 38,
      "second" : 27,
      "millisecond" : 894,
      "ms" : 1635349107894,
      "iso_8601" : "2021-10-27T15:38:27Z"
    },
    "edited_by" : "admin",
    "edited_by_principal_id" : "ed403cd3ae171ad7caf0",
    "edited_by_principal_domain_id" : "default"
  },
  "_doc" : "86cac40f0ae9f4f4911d"
}