{
  "title" : "Add Auto Analyze Text Feature to children of this folder",
  "_system" : {
    "deleted" : false,
    "changeset" : "25:e0c3ba7bdb7536a96b89",
    "created_on" : {
      "timestamp" : "31-Aug-2022 15:26:04",
      "year" : 2022,
      "month" : 7,
      "day_of_month" : 31,
      "hour" : 15,
      "minute" : 26,
      "second" : 4,
      "millisecond" : 879,
      "ms" : 1661959564879,
      "iso_8601" : "2022-08-31T15:26:04Z"
    },
    "created_by" : "admin",
    "created_by_principal_id" : "2f873756d87a4ad1befc",
    "created_by_principal_domain_id" : "default",
    "modified_on" : {
      "timestamp" : "31-Aug-2022 15:26:05",
      "year" : 2022,
      "month" : 7,
      "day_of_month" : 31,
      "hour" : 15,
      "minute" : 26,
      "second" : 5,
      "millisecond" : 12,
      "ms" : 1661959565012,
      "iso_8601" : "2022-08-31T15:26:05Z"
    },
    "modified_by" : "admin",
    "modified_by_principal_id" : "2f873756d87a4ad1befc",
    "modified_by_principal_domain_id" : "default",
    "edited_on" : {
      "timestamp" : "31-Aug-2022 15:26:05",
      "year" : 2022,
      "month" : 7,
      "day_of_month" : 31,
      "hour" : 15,
      "minute" : 26,
      "second" : 5,
      "millisecond" : 12,
      "ms" : 1661959565012,
      "iso_8601" : "2022-08-31T15:26:05Z"
    },
    "edited_by" : "admin",
    "edited_by_principal_id" : "2f873756d87a4ad1befc",
    "rev" : 25,
    "branch" : "88810405bb84bac72aab",
    "_op" : "update",
    "previousChangeset" : "23:97d297536074b225ce69",
    "edited_by_principal_domain_id" : "default"
  },
  "_doc" : "4fd3d3094dba0908bd32",
  "_qname" : "o:4fd3d3094dba0908bd32",
  "_type" : "n:rule",
  "_features" : {
    "f:behavior" : { },
    "f:audit" : { },
    "f:titled" : { },
    "f:filename" : {
      "filename" : "Add+Auto+Analyze+Text+Feature+to+children+of+this+folder"
    },
    "f:geolocation" : { },
    "f:indexable" : { },
    "f:auto-analyze-text" : { }
  },
  "actions" : [ {
    "type" : "addFeature",
    "config" : {
      "qname" : "f:auto-analyze-text",
      "config" : { }
    }
  } ]
}