{
  "teamableObjectTypeId" : "repository",
  "teamableObjectId" : "f2aaf1a1faccfeb1bf60",
  "key" : "owners",
  "groupId" : "8e707ca1d8f89e1cb1af",
  "groupDomainId" : "e923dd740a03ee3f2447",
  "roleKeys" : [ "owner" ],
  "title" : "Owners",
  "description" : "Owners Team",
  "_system" : {
    "created_on" : {
      "timestamp" : "21-Jan-2021 16:22:12",
      "year" : 2021,
      "month" : 0,
      "day_of_month" : 21,
      "hour" : 16,
      "minute" : 22,
      "second" : 12,
      "millisecond" : 889,
      "ms" : 1611264132889,
      "iso_8601" : "2021-01-21T16:22:12-05:00"
    },
    "created_by" : "admin",
    "created_by_principal_id" : "8df8c30d1c2f95496937",
    "created_by_principal_domain_id" : "default",
    "modified_on" : {
      "timestamp" : "21-Jan-2021 16:22:12",
      "year" : 2021,
      "month" : 0,
      "day_of_month" : 21,
      "hour" : 16,
      "minute" : 22,
      "second" : 12,
      "millisecond" : 889,
      "ms" : 1611264132889,
      "iso_8601" : "2021-01-21T16:22:12-05:00"
    },
    "modified_by" : "admin",
    "modified_by_principal_id" : "8df8c30d1c2f95496937",
    "modified_by_principal_domain_id" : "default",
    "edited_on" : {
      "timestamp" : "21-Jan-2021 16:22:12",
      "year" : 2021,
      "month" : 0,
      "day_of_month" : 21,
      "hour" : 16,
      "minute" : 22,
      "second" : 12,
      "millisecond" : 889,
      "ms" : 1611264132889,
      "iso_8601" : "2021-01-21T16:22:12-05:00"
    },
    "edited_by" : "admin",
    "edited_by_principal_id" : "8df8c30d1c2f95496937",
    "edited_by_principal_domain_id" : "default"
  },
  "_doc" : "ea763b4d738e844aaf82"
}