{
  "title" : "Jane Austen",
  "firstName" : "Jane",
  "lastName" : "Austen",
  "slug" : "jane-austen",
  "_system" : {
    "deleted" : false,
    "changeset" : "63:759a73684579ab4a8482",
    "created_on" : {
      "timestamp" : "05-Aug-2021 15:36:59",
      "year" : 2021,
      "month" : 7,
      "day_of_month" : 5,
      "hour" : 15,
      "minute" : 36,
      "second" : 59,
      "millisecond" : 251,
      "ms" : 1628177819251,
      "iso_8601" : "2021-08-05T15:36:59Z"
    },
    "created_by" : "system",
    "created_by_principal_id" : "system",
    "modified_on" : {
      "timestamp" : "05-Aug-2021 15:37:23",
      "year" : 2021,
      "month" : 7,
      "day_of_month" : 5,
      "hour" : 15,
      "minute" : 37,
      "second" : 23,
      "millisecond" : 847,
      "ms" : 1628177843847,
      "iso_8601" : "2021-08-05T15:37:23Z"
    },
    "modified_by" : "admin",
    "modified_by_principal_id" : "b3236127dacc03f40cd9",
    "edited_on" : {
      "timestamp" : "05-Aug-2021 15:37:23",
      "year" : 2021,
      "month" : 7,
      "day_of_month" : 5,
      "hour" : 15,
      "minute" : 37,
      "second" : 23,
      "millisecond" : 847,
      "ms" : 1628177843847,
      "iso_8601" : "2021-08-05T15:37:23Z"
    },
    "edited_by" : "admin",
    "edited_by_principal_id" : "b3236127dacc03f40cd9",
    "rev" : 63,
    "attachments" : {
      "default" : {
        "contentType" : "image/jpeg",
        "length" : 89873,
        "objectId" : "attachment_e1dfecea4ddc434cbd8d_0e7e6c425127d688ab26",
        "filename" : "default.jpg"
      }
    },
    "previousChangeset" : "62:3bb453fe275aaa022266",
    "modified_by_principal_domain_id" : "default",
    "edited_by_principal_domain_id" : "default",
    "branch" : "23fafbfbb544c803da8d",
    "_op" : "update"
  },
  "_doc" : "e1dfecea4ddc434cbd8d",
  "_qname" : "o:e1dfecea4ddc434cbd8d",
  "_features" : {
    "f:filename" : {
      "filename" : "Jane%20Austen"
    },
    "f:audit" : { },
    "f:titled" : { },
    "f:geolocation" : { },
    "f:indexable" : { },
    "f:deployment-config" : {
      "default" : {
        "mappings" : [ {
          "type" : "object-to-file",
          "config" : {
            "filepath" : "/store/authors/{{object.slug}}.json"
          }
        }, {
          "type" : "attachment-to-file",
          "config" : {
            "attachmentId" : "*",
            "filepath" : "/store/authors/{{object.slug}}.{{attachment.ext}}"
          }
        } ]
      }
    },
    "f:related" : { },
    "f:publishable" : {
      "state" : "approved"
    }
  },
  "_type" : "store:author"
}