{
  "type" : "CREATE",
  "timestamp" : {
    "timestamp" : "28-Sep-2020 15:25:05",
    "year" : 2020,
    "month" : 8,
    "day_of_month" : 28,
    "hour" : 15,
    "minute" : 25,
    "second" : 5,
    "millisecond" : 238,
    "ms" : 1601306705238,
    "iso_8601" : "2020-09-28T15:25:05Z"
  },
  "userDomainId" : "default",
  "userId" : "bb39303eba0c35a3d2da",
  "userTitle" : "admin",
  "userName" : "admin",
  "objectDatastoreTypeId" : "domain",
  "objectDatastoreId" : "429f4c8560260c790575",
  "objectDatastoreTitle" : "429f4c8560260c790575",
  "objectId" : "f28e53c89e8be99485ab",
  "objectTypeId" : "team",
  "objectTitle" : "Owners",
  "_system" : {
    "created_on" : {
      "timestamp" : "28-Sep-2020 15:25:05",
      "year" : 2020,
      "month" : 8,
      "day_of_month" : 28,
      "hour" : 15,
      "minute" : 25,
      "second" : 5,
      "millisecond" : 241,
      "ms" : 1601306705241,
      "iso_8601" : "2020-09-28T15:25:05Z"
    },
    "created_by" : "admin",
    "created_by_principal_id" : "bb39303eba0c35a3d2da",
    "created_by_principal_domain_id" : "default",
    "modified_on" : {
      "timestamp" : "28-Sep-2020 15:25:05",
      "year" : 2020,
      "month" : 8,
      "day_of_month" : 28,
      "hour" : 15,
      "minute" : 25,
      "second" : 5,
      "millisecond" : 241,
      "ms" : 1601306705241,
      "iso_8601" : "2020-09-28T15:25:05Z"
    },
    "modified_by" : "admin",
    "modified_by_principal_id" : "bb39303eba0c35a3d2da",
    "modified_by_principal_domain_id" : "default",
    "edited_on" : {
      "timestamp" : "28-Sep-2020 15:25:05",
      "year" : 2020,
      "month" : 8,
      "day_of_month" : 28,
      "hour" : 15,
      "minute" : 25,
      "second" : 5,
      "millisecond" : 241,
      "ms" : 1601306705241,
      "iso_8601" : "2020-09-28T15:25:05Z"
    },
    "edited_by" : "admin",
    "edited_by_principal_id" : "bb39303eba0c35a3d2da",
    "edited_by_principal_domain_id" : "default"
  },
  "_doc" : "677f5486afd61f43f17c"
}