{
  "title" : "Create Content in Draft",
  "description" : "A general workflow for creating content within a draft editorial workspace.  This workflow allows editors to change a vast set of content in a branch and then commit those changes as a single unit of work.",
  "handlers" : {
    "START" : [ {
      "type" : "editorial.start",
      "config" : {
        "branch" : {
          "publishingState" : "draft"
        }
      }
    } ]
  },
  "nodes" : {
    "start" : {
      "type" : "start",
      "title" : "Start the Workflow",
      "description" : "Start the workflow and automatically transition it to the content editing stage so that the contributor can get straight to work.",
      "transitions" : {
        "start" : "edit"
      }
    },
    "edit" : {
      "type" : "participant",
      "title" : "Edit Content",
      "description" : "The contributor works to add new content or modify existing content. The full set of changes is then committed to the parent branch all at once.",
      "swimlane" : "initiator",
      "transitions" : {
        "finish" : {
          "to" : "merge",
          "title" : "Finish Editing",
          "description" : "Saves your changes"
        },
        "cancel" : {
          "to" : "cancel",
          "title" : "Cancel this Draft",
          "description" : "Cancels the draft and throws away any changes it may contain"
        }
      }
    },
    "merge" : {
      "type" : "decision",
      "title" : "Commit Changes to Parent Branch",
      "description" : "The accumulated set of changes in the workspace are committed to the parent branch all at once.",
      "handlers" : {
        "ENTER" : [ {
          "type" : "editorial.merge"
        } ]
      },
      "transitions" : {
        "merge-success" : {
          "when" : {
            "type" : "script",
            "config" : {
              "script" : "workflowData.mergeResult && workflowData.mergeResult.success;"
            }
          },
          "transition" : "end"
        },
        "default" : "edit"
      }
    },
    "cancel" : {
      "type" : "passthru",
      "title" : "Cancel this Workflow",
      "description" : "The workflow is cancelled and all changes are discarded.",
      "transitions" : {
        "next" : "end"
      },
      "handlers" : {
        "ENTER" : [ {
          "type" : "editorial.cancel"
        } ]
      }
    },
    "end" : {
      "type" : "end",
      "title" : "Workflow Ends",
      "description" : "The workflow ends and is removed from the system.  This is a final stage that is the result of either a successful or a cancelled editorial process.",
      "handlers" : {
        "ENTER" : [ {
          "type" : "editorial.end"
        } ]
      }
    }
  },
  "id" : "create",
  "version" : 1,
  "_system" : {
    "created_on" : {
      "timestamp" : "02-Mar-2023 01:38:43",
      "year" : 2023,
      "month" : 2,
      "day_of_month" : 2,
      "hour" : 1,
      "minute" : 38,
      "second" : 43,
      "millisecond" : 899,
      "ms" : 1677739123899,
      "iso_8601" : "2023-03-02T01:38:43-05:00"
    },
    "created_by" : "system",
    "created_by_principal_id" : "system",
    "modified_on" : {
      "timestamp" : "02-Mar-2023 01:38:43",
      "year" : 2023,
      "month" : 2,
      "day_of_month" : 2,
      "hour" : 1,
      "minute" : 38,
      "second" : 43,
      "millisecond" : 902,
      "ms" : 1677739123902,
      "iso_8601" : "2023-03-02T01:38:43-05:00"
    },
    "modified_by" : "system",
    "modified_by_principal_id" : "system",
    "edited_on" : {
      "timestamp" : "02-Mar-2023 01:38:43",
      "year" : 2023,
      "month" : 2,
      "day_of_month" : 2,
      "hour" : 1,
      "minute" : 38,
      "second" : 43,
      "millisecond" : 899,
      "ms" : 1677739123899,
      "iso_8601" : "2023-03-02T01:38:43-05:00"
    },
    "edited_by" : "system",
    "edited_by_principal_id" : "system"
  },
  "_doc" : "be4cb49304bdee57946b",
  "deployed" : true,
  "head" : true
}