{
  "_type" : "store:book",
  "title" : "Taming of the Shrew",
  "description" : "A nobleman, Petruchio, marries an outspoken, intelligent, and bad-tempered shrew named Katherina. Petruchio manipulates and 'tames' her until she is obedient to his will.",
  "summary" : "The Taming of the Shrew is a comedy by William Shakespeare. It was one of his earlier plays, believed to have been written between 1590 and 1594. The play begins with a framing device in which a drunkard is deceived into thinking he is a nobleman who then watches the 'play' itself, which depicts a nobleman, Petruchio, who marries an outspoken, intelligent, and bad-tempered shrew named Katherina. Petruchio manipulates and 'tames' her until she is obedient to his will. The main subplot features the courting of Katherina's more conventional sister Bianca by numerous suitors.",
  "author" : {
    "id" : "ec05e254d7f548d19092",
    "ref" : "node://3736c920729d6b4060f8/00d8631af6cbfaf58edf/9bc800c8fc0417d3210c/ec05e254d7f548d19092",
    "typeQName" : "store:author",
    "title" : "William Shakespeare",
    "qname" : "o:ec05e254d7f548d19092"
  },
  "recommendations" : [ {
    "id" : "228add961db04b6aba26",
    "ref" : "node://3736c920729d6b4060f8/00d8631af6cbfaf58edf/9bc800c8fc0417d3210c/228add961db04b6aba26",
    "typeQName" : "store:book",
    "title" : "Hamlet",
    "qname" : "o:228add961db04b6aba26",
    "slug" : "hamlet"
  }, {
    "id" : "522430c0d22a46719106",
    "ref" : "node://3736c920729d6b4060f8/00d8631af6cbfaf58edf/9bc800c8fc0417d3210c/522430c0d22a46719106",
    "typeQName" : "store:book",
    "title" : "Romeo and Juliet",
    "qname" : "o:522430c0d22a46719106",
    "slug" : "romeo-and-juliet"
  } ],
  "tags" : [ "shakespeare", "shrew", "taming" ],
  "slug" : "taming-of-the-shrew",
  "_features" : {
    "f:filename" : {
      "filename" : "Taming_of_the_Shrew"
    },
    "f:related" : { },
    "f:audit" : { },
    "f:titled" : { },
    "f:geolocation" : { },
    "f:indexable" : { },
    "f:taggable" : {
      "enabled" : true
    },
    "f:deployment-config" : {
      "default" : {
        "mappings" : [ {
          "type" : "object-to-file",
          "config" : {
            "filepath" : "/store/books/{{object.slug}}.json"
          }
        }, {
          "type" : "attachment-to-file",
          "config" : {
            "attachmentId" : "*",
            "filepath" : "/store/books/{{object.slug}}.{{attachment.ext}}"
          }
        } ]
      }
    }
  },
  "_qname" : "o:62b5a8c4932643ea9616",
  "_doc" : "62b5a8c4932643ea9616",
  "_system" : {
    "deleted" : false,
    "changeset" : "11:aaa71e7d6583028e6d2f",
    "created_on" : {
      "timestamp" : "26-Nov-2021 22:42:41",
      "year" : 2021,
      "month" : 10,
      "day_of_month" : 26,
      "hour" : 22,
      "minute" : 42,
      "second" : 41,
      "millisecond" : 503,
      "ms" : 1637984561503,
      "iso_8601" : "2021-11-26T22:42:41-05:00"
    },
    "created_by" : "admin",
    "created_by_principal_id" : "5bef34d1ea45b9e98ee7",
    "created_by_principal_domain_id" : "default",
    "modified_on" : {
      "timestamp" : "26-Nov-2021 22:42:44",
      "year" : 2021,
      "month" : 10,
      "day_of_month" : 26,
      "hour" : 22,
      "minute" : 42,
      "second" : 44,
      "millisecond" : 758,
      "ms" : 1637984564758,
      "iso_8601" : "2021-11-26T22:42:44-05:00"
    },
    "modified_by" : "admin",
    "modified_by_principal_id" : "5bef34d1ea45b9e98ee7",
    "modified_by_principal_domain_id" : "default",
    "edited_on" : {
      "timestamp" : "26-Nov-2021 22:42:44",
      "year" : 2021,
      "month" : 10,
      "day_of_month" : 26,
      "hour" : 22,
      "minute" : 42,
      "second" : 44,
      "millisecond" : 758,
      "ms" : 1637984564758,
      "iso_8601" : "2021-11-26T22:42:44-05:00"
    },
    "edited_by" : "admin",
    "edited_by_principal_id" : "5bef34d1ea45b9e98ee7",
    "edited_by_principal_domain_id" : "default",
    "rev" : 11,
    "branch" : "9bc800c8fc0417d3210c",
    "_op" : "create",
    "attachments" : {
      "book_pdf" : {
        "contentType" : "application/pdf",
        "length" : 238367,
        "objectId" : "attachment_62b5a8c4932643ea9616_cad6da084e50db491985",
        "filename" : "book_pdf.pdf"
      },
      "default" : {
        "contentType" : "image/jpeg",
        "length" : 59023,
        "objectId" : "attachment_62b5a8c4932643ea9616_0f46f99681159010168c",
        "filename" : "default.jpg"
      }
    }
  },
  "cover" : {
    "id" : "default",
    "name" : "default.jpg",
    "size" : 59023,
    "contentType" : "image/jpeg"
  },
  "pdf" : {
    "id" : "book_pdf",
    "name" : "book_pdf.pdf",
    "size" : 238367,
    "contentType" : "application/pdf"
  }
}