{
  "_system" : {
    "deleted" : false,
    "changeset" : "8:ba428f85a66d8275959c",
    "created_on" : {
      "timestamp" : "20-Oct-2021 14:37:20",
      "year" : 2021,
      "month" : 9,
      "day_of_month" : 20,
      "hour" : 14,
      "minute" : 37,
      "second" : 20,
      "millisecond" : 835,
      "ms" : 1634755040835,
      "iso_8601" : "2021-10-20T14:37:20-04:00"
    },
    "created_by" : "admin",
    "created_by_principal_id" : "b4d6c22caee99692904d",
    "created_by_principal_domain_id" : "default",
    "modified_on" : {
      "timestamp" : "20-Oct-2021 14:37:20",
      "year" : 2021,
      "month" : 9,
      "day_of_month" : 20,
      "hour" : 14,
      "minute" : 37,
      "second" : 20,
      "millisecond" : 853,
      "ms" : 1634755040853,
      "iso_8601" : "2021-10-20T14:37:20-04:00"
    },
    "modified_by" : "admin",
    "modified_by_principal_id" : "b4d6c22caee99692904d",
    "modified_by_principal_domain_id" : "default",
    "edited_on" : {
      "timestamp" : "20-Oct-2021 14:37:20",
      "year" : 2021,
      "month" : 9,
      "day_of_month" : 20,
      "hour" : 14,
      "minute" : 37,
      "second" : 20,
      "millisecond" : 853,
      "ms" : 1634755040853,
      "iso_8601" : "2021-10-20T14:37:20-04:00"
    },
    "edited_by" : "admin",
    "edited_by_principal_id" : "b4d6c22caee99692904d",
    "edited_by_principal_domain_id" : "default",
    "rev" : 8,
    "branch" : "4375d1eb9094255abf40",
    "_op" : "create"
  },
  "_doc" : "fe12ec6108eef85c976a",
  "_qname" : "o:fe12ec6108eef85c976a",
  "_type" : "a:child",
  "directionality" : "DIRECTED",
  "_features" : {
    "f:audit" : { },
    "f:indexable" : { },
    "f:propagates-authorities" : {
      "enabled" : true
    },
    "f:non-cyclic" : { },
    "f:knowledge-sharing" : {
      "enabled" : true
    }
  },
  "source_type" : "n:node",
  "source" : "1d1fcbdae9417df9d053",
  "target_type" : "n:email_template",
  "target" : "921a6e604b5281b9e3c5"
}