{
  "_doc" : "56:97848ef403a4a1ca4ba3",
  "_system" : {
    "created_on" : {
      "timestamp" : "31-Aug-2022 15:26:26",
      "year" : 2022,
      "month" : 7,
      "day_of_month" : 31,
      "hour" : 15,
      "minute" : 26,
      "second" : 26,
      "millisecond" : 251,
      "ms" : 1661959586251,
      "iso_8601" : "2022-08-31T15:26:26Z"
    },
    "created_by" : "admin",
    "created_by_principal_id" : "2f873756d87a4ad1befc",
    "created_by_principal_domain_id" : "default",
    "modified_on" : {
      "timestamp" : "31-Aug-2022 15:26:26",
      "year" : 2022,
      "month" : 7,
      "day_of_month" : 31,
      "hour" : 15,
      "minute" : 26,
      "second" : 26,
      "millisecond" : 281,
      "ms" : 1661959586281,
      "iso_8601" : "2022-08-31T15:26:26Z"
    },
    "modified_by" : "admin",
    "modified_by_principal_id" : "2f873756d87a4ad1befc",
    "modified_by_principal_domain_id" : "default",
    "edited_on" : {
      "timestamp" : "31-Aug-2022 15:26:26",
      "year" : 2022,
      "month" : 7,
      "day_of_month" : 31,
      "hour" : 15,
      "minute" : 26,
      "second" : 26,
      "millisecond" : 281,
      "ms" : 1661959586281,
      "iso_8601" : "2022-08-31T15:26:26Z"
    },
    "edited_by" : "admin",
    "edited_by_principal_id" : "2f873756d87a4ad1befc",
    "edited_by_principal_domain_id" : "default"
  },
  "revision" : 56,
  "active" : true,
  "parents" : [ "55:1eb2f592e2e1d0c6b023" ],
  "branch" : "88810405bb84bac72aab"
}