{
  "_type" : "n:email_template",
  "_system" : {
    "deleted" : false,
    "changeset" : "8:e86f845abfc22f1c13c1",
    "created_on" : {
      "timestamp" : "17-Nov-2021 09:27:39",
      "year" : 2021,
      "month" : 10,
      "day_of_month" : 17,
      "hour" : 9,
      "minute" : 27,
      "second" : 39,
      "millisecond" : 864,
      "ms" : 1637159259864,
      "iso_8601" : "2021-11-17T09:27:39-05:00"
    },
    "created_by" : "admin",
    "created_by_principal_id" : "4dbc7eeadc99359ba687",
    "created_by_principal_domain_id" : "default",
    "modified_on" : {
      "timestamp" : "17-Nov-2021 09:27:40",
      "year" : 2021,
      "month" : 10,
      "day_of_month" : 17,
      "hour" : 9,
      "minute" : 27,
      "second" : 40,
      "millisecond" : 83,
      "ms" : 1637159260083,
      "iso_8601" : "2021-11-17T09:27:40-05:00"
    },
    "modified_by" : "admin",
    "modified_by_principal_id" : "4dbc7eeadc99359ba687",
    "modified_by_principal_domain_id" : "default",
    "edited_on" : {
      "timestamp" : "17-Nov-2021 09:27:40",
      "year" : 2021,
      "month" : 10,
      "day_of_month" : 17,
      "hour" : 9,
      "minute" : 27,
      "second" : 40,
      "millisecond" : 83,
      "ms" : 1637159260083,
      "iso_8601" : "2021-11-17T09:27:40-05:00"
    },
    "edited_by" : "admin",
    "edited_by_principal_id" : "4dbc7eeadc99359ba687",
    "edited_by_principal_domain_id" : "default",
    "rev" : 8,
    "branch" : "921fd3299d530ef02309",
    "_op" : "create",
    "attachments" : {
      "default" : {
        "contentType" : "text/x-handlebars-template",
        "length" : 475,
        "objectId" : "attachment_8104031aeafec4819a01_5dae3aa51f788ffe4502",
        "filename" : "default"
      }
    }
  },
  "_doc" : "8104031aeafec4819a01",
  "_qname" : "o:8104031aeafec4819a01",
  "_features" : {
    "f:audit" : { },
    "f:titled" : { },
    "f:filename" : {
      "filename" : "Invite+User+-+Welcome+Email+Template"
    },
    "f:geolocation" : { },
    "f:indexable" : { }
  },
  "title" : "Invite User - Welcome Email Template"
}