{
  "_system" : {
    "deleted" : false,
    "changeset" : "9:3d893e50966213b2e4d3",
    "created_on" : {
      "timestamp" : "20-Oct-2021 14:37:30",
      "year" : 2021,
      "month" : 9,
      "day_of_month" : 20,
      "hour" : 14,
      "minute" : 37,
      "second" : 30,
      "millisecond" : 98,
      "ms" : 1634755050098,
      "iso_8601" : "2021-10-20T14:37:30-04:00"
    },
    "created_by" : "admin",
    "created_by_principal_id" : "b4d6c22caee99692904d",
    "created_by_principal_domain_id" : "default",
    "modified_on" : {
      "timestamp" : "20-Oct-2021 14:37:30",
      "year" : 2021,
      "month" : 9,
      "day_of_month" : 20,
      "hour" : 14,
      "minute" : 37,
      "second" : 30,
      "millisecond" : 108,
      "ms" : 1634755050108,
      "iso_8601" : "2021-10-20T14:37:30-04:00"
    },
    "modified_by" : "admin",
    "modified_by_principal_id" : "b4d6c22caee99692904d",
    "modified_by_principal_domain_id" : "default",
    "edited_on" : {
      "timestamp" : "20-Oct-2021 14:37:30",
      "year" : 2021,
      "month" : 9,
      "day_of_month" : 20,
      "hour" : 14,
      "minute" : 37,
      "second" : 30,
      "millisecond" : 108,
      "ms" : 1634755050108,
      "iso_8601" : "2021-10-20T14:37:30-04:00"
    },
    "edited_by" : "admin",
    "edited_by_principal_id" : "b4d6c22caee99692904d",
    "edited_by_principal_domain_id" : "default",
    "rev" : 9,
    "branch" : "4375d1eb9094255abf40",
    "_op" : "create"
  },
  "_doc" : "987020bb7171d8e003a4",
  "_qname" : "o:987020bb7171d8e003a4",
  "_type" : "a:has_tag",
  "directionality" : "DIRECTED",
  "_features" : {
    "f:audit" : { },
    "f:indexable" : { }
  },
  "source_type" : "store:book",
  "source" : "7e20154425244651a587",
  "target_type" : "n:tag",
  "target" : "ee178d17c0643a0f1d19"
}