{
  "_doc" : "150:72f98bc8ba6efb231f0e",
  "_system" : {
    "created_on" : {
      "timestamp" : "14-Feb-2019 15:33:40",
      "year" : 2019,
      "month" : 1,
      "day_of_month" : 14,
      "hour" : 15,
      "minute" : 33,
      "second" : 40,
      "millisecond" : 25,
      "ms" : 1550158420025,
      "iso_8601" : "2019-02-14T15:33:40Z"
    },
    "created_by" : "admin",
    "created_by_principal_id" : "5bab281f1cb2047f12ba",
    "created_by_principal_domain_id" : "default",
    "modified_on" : {
      "timestamp" : "14-Feb-2019 15:33:40",
      "year" : 2019,
      "month" : 1,
      "day_of_month" : 14,
      "hour" : 15,
      "minute" : 33,
      "second" : 40,
      "millisecond" : 436,
      "ms" : 1550158420436,
      "iso_8601" : "2019-02-14T15:33:40Z"
    },
    "modified_by" : "admin",
    "modified_by_principal_id" : "5bab281f1cb2047f12ba",
    "modified_by_principal_domain_id" : "default",
    "edited_on" : {
      "timestamp" : "14-Feb-2019 15:33:40",
      "year" : 2019,
      "month" : 1,
      "day_of_month" : 14,
      "hour" : 15,
      "minute" : 33,
      "second" : 40,
      "millisecond" : 436,
      "ms" : 1550158420436,
      "iso_8601" : "2019-02-14T15:33:40Z"
    },
    "edited_by" : "admin",
    "edited_by_principal_id" : "5bab281f1cb2047f12ba",
    "edited_by_principal_domain_id" : "default"
  },
  "revision" : 150,
  "active" : true,
  "parents" : [ "149:6923393242a2f53dacf4" ],
  "branch" : "4a11b3490f5cf2a8a2b7"
}