{
  "_doc" : "12:dd2ca91fbf4bd625403d",
  "_system" : {
    "created_on" : {
      "timestamp" : "17-Nov-2021 09:27:58",
      "year" : 2021,
      "month" : 10,
      "day_of_month" : 17,
      "hour" : 9,
      "minute" : 27,
      "second" : 58,
      "millisecond" : 971,
      "ms" : 1637159278971,
      "iso_8601" : "2021-11-17T09:27:58-05:00"
    },
    "created_by" : "admin",
    "created_by_principal_id" : "4dbc7eeadc99359ba687",
    "created_by_principal_domain_id" : "default",
    "modified_on" : {
      "timestamp" : "17-Nov-2021 09:27:59",
      "year" : 2021,
      "month" : 10,
      "day_of_month" : 17,
      "hour" : 9,
      "minute" : 27,
      "second" : 59,
      "millisecond" : 75,
      "ms" : 1637159279075,
      "iso_8601" : "2021-11-17T09:27:59-05:00"
    },
    "modified_by" : "admin",
    "modified_by_principal_id" : "4dbc7eeadc99359ba687",
    "modified_by_principal_domain_id" : "default",
    "edited_on" : {
      "timestamp" : "17-Nov-2021 09:27:59",
      "year" : 2021,
      "month" : 10,
      "day_of_month" : 17,
      "hour" : 9,
      "minute" : 27,
      "second" : 59,
      "millisecond" : 75,
      "ms" : 1637159279075,
      "iso_8601" : "2021-11-17T09:27:59-05:00"
    },
    "edited_by" : "admin",
    "edited_by_principal_id" : "4dbc7eeadc99359ba687",
    "edited_by_principal_domain_id" : "default"
  },
  "revision" : 12,
  "active" : true,
  "parents" : [ "11:8e10b623865082b39fed" ],
  "branch" : "921fd3299d530ef02309"
}