{
  "_system" : {
    "deleted" : false,
    "changeset" : "31:6aba5c90d0b59a2836fe",
    "created_on" : {
      "timestamp" : "14-Feb-2019 15:32:58",
      "year" : 2019,
      "month" : 1,
      "day_of_month" : 14,
      "hour" : 15,
      "minute" : 32,
      "second" : 58,
      "millisecond" : 851,
      "ms" : 1550158378851,
      "iso_8601" : "2019-02-14T15:32:58Z"
    },
    "created_by" : "admin",
    "created_by_principal_id" : "5bab281f1cb2047f12ba",
    "created_by_principal_domain_id" : "default",
    "modified_on" : {
      "timestamp" : "14-Feb-2019 15:32:58",
      "year" : 2019,
      "month" : 1,
      "day_of_month" : 14,
      "hour" : 15,
      "minute" : 32,
      "second" : 58,
      "millisecond" : 891,
      "ms" : 1550158378891,
      "iso_8601" : "2019-02-14T15:32:58Z"
    },
    "modified_by" : "admin",
    "modified_by_principal_id" : "5bab281f1cb2047f12ba",
    "modified_by_principal_domain_id" : "default",
    "edited_on" : {
      "timestamp" : "14-Feb-2019 15:32:58",
      "year" : 2019,
      "month" : 1,
      "day_of_month" : 14,
      "hour" : 15,
      "minute" : 32,
      "second" : 58,
      "millisecond" : 891,
      "ms" : 1550158378891,
      "iso_8601" : "2019-02-14T15:32:58Z"
    },
    "edited_by" : "admin",
    "edited_by_principal_id" : "5bab281f1cb2047f12ba",
    "edited_by_principal_domain_id" : "default"
  },
  "_doc" : "058755bbac12adfe1fc0",
  "_qname" : "o:058755bbac12adfe1fc0",
  "_type" : "a:has_role",
  "directionality" : "DIRECTED",
  "_features" : {
    "f:audit" : { },
    "f:indexable" : { }
  },
  "source_type" : "n:person",
  "source" : "fb528b3cc0f4915e1ab5",
  "target_type" : "catalog:product-review",
  "target" : "4cc6bba7efd98c8eaae5",
  "role-key" : "owner",
  "inherited" : true,
  "inheritsFrom" : "bb62c4b3b1f8d514ae21"
}