{
  "_doc" : "5:703b883e47a01d76d99a",
  "_system" : {
    "created_on" : {
      "timestamp" : "17-Nov-2021 09:27:39",
      "year" : 2021,
      "month" : 10,
      "day_of_month" : 17,
      "hour" : 9,
      "minute" : 27,
      "second" : 39,
      "millisecond" : 132,
      "ms" : 1637159259132,
      "iso_8601" : "2021-11-17T09:27:39-05:00"
    },
    "created_by" : "admin",
    "created_by_principal_id" : "4dbc7eeadc99359ba687",
    "created_by_principal_domain_id" : "default",
    "modified_on" : {
      "timestamp" : "17-Nov-2021 09:27:39",
      "year" : 2021,
      "month" : 10,
      "day_of_month" : 17,
      "hour" : 9,
      "minute" : 27,
      "second" : 39,
      "millisecond" : 259,
      "ms" : 1637159259259,
      "iso_8601" : "2021-11-17T09:27:39-05:00"
    },
    "modified_by" : "admin",
    "modified_by_principal_id" : "4dbc7eeadc99359ba687",
    "modified_by_principal_domain_id" : "default",
    "edited_on" : {
      "timestamp" : "17-Nov-2021 09:27:39",
      "year" : 2021,
      "month" : 10,
      "day_of_month" : 17,
      "hour" : 9,
      "minute" : 27,
      "second" : 39,
      "millisecond" : 259,
      "ms" : 1637159259259,
      "iso_8601" : "2021-11-17T09:27:39-05:00"
    },
    "edited_by" : "admin",
    "edited_by_principal_id" : "4dbc7eeadc99359ba687",
    "edited_by_principal_domain_id" : "default"
  },
  "revision" : 5,
  "active" : true,
  "parents" : [ "4:8574e6af70e5e00c5898" ],
  "branch" : "921fd3299d530ef02309"
}