{
  "_type" : "n:email_template",
  "_system" : {
    "deleted" : false,
    "changeset" : "7:26a71f9d69abc9c6b7c5",
    "created_on" : {
      "timestamp" : "20-Oct-2021 14:37:20",
      "year" : 2021,
      "month" : 9,
      "day_of_month" : 20,
      "hour" : 14,
      "minute" : 37,
      "second" : 20,
      "millisecond" : 445,
      "ms" : 1634755040445,
      "iso_8601" : "2021-10-20T14:37:20-04:00"
    },
    "created_by" : "admin",
    "created_by_principal_id" : "b4d6c22caee99692904d",
    "created_by_principal_domain_id" : "default",
    "modified_on" : {
      "timestamp" : "20-Oct-2021 14:37:20",
      "year" : 2021,
      "month" : 9,
      "day_of_month" : 20,
      "hour" : 14,
      "minute" : 37,
      "second" : 20,
      "millisecond" : 595,
      "ms" : 1634755040595,
      "iso_8601" : "2021-10-20T14:37:20-04:00"
    },
    "modified_by" : "admin",
    "modified_by_principal_id" : "b4d6c22caee99692904d",
    "modified_by_principal_domain_id" : "default",
    "edited_on" : {
      "timestamp" : "20-Oct-2021 14:37:20",
      "year" : 2021,
      "month" : 9,
      "day_of_month" : 20,
      "hour" : 14,
      "minute" : 37,
      "second" : 20,
      "millisecond" : 595,
      "ms" : 1634755040595,
      "iso_8601" : "2021-10-20T14:37:20-04:00"
    },
    "edited_by" : "admin",
    "edited_by_principal_id" : "b4d6c22caee99692904d",
    "edited_by_principal_domain_id" : "default",
    "rev" : 7,
    "branch" : "4375d1eb9094255abf40",
    "_op" : "create",
    "attachments" : {
      "default" : {
        "contentType" : "application/freemarker",
        "length" : 422,
        "objectId" : "attachment_92d3dc4f23d3b5123ea9_d8bf67471181d64877d0",
        "filename" : "default"
      }
    }
  },
  "_doc" : "92d3dc4f23d3b5123ea9",
  "_qname" : "o:92d3dc4f23d3b5123ea9",
  "_features" : {
    "f:audit" : { },
    "f:titled" : { },
    "f:filename" : {
      "filename" : "Invite+User+-+Confirmation+Email+Template"
    },
    "f:geolocation" : { },
    "f:indexable" : { }
  },
  "title" : "Invite User - Confirmation Email Template"
}