{
  "_system" : {
    "deleted" : false,
    "changeset" : "10:72ed8d9dc097de6bbb3c",
    "created_on" : {
      "timestamp" : "15-Nov-2021 14:54:01",
      "year" : 2021,
      "month" : 10,
      "day_of_month" : 15,
      "hour" : 14,
      "minute" : 54,
      "second" : 1,
      "millisecond" : 829,
      "ms" : 1637006041829,
      "iso_8601" : "2021-11-15T14:54:01-05:00"
    },
    "created_by" : "admin",
    "created_by_principal_id" : "b9ed9753748864134424",
    "created_by_principal_domain_id" : "default",
    "modified_on" : {
      "timestamp" : "15-Nov-2021 14:54:01",
      "year" : 2021,
      "month" : 10,
      "day_of_month" : 15,
      "hour" : 14,
      "minute" : 54,
      "second" : 1,
      "millisecond" : 900,
      "ms" : 1637006041900,
      "iso_8601" : "2021-11-15T14:54:01-05:00"
    },
    "modified_by" : "admin",
    "modified_by_principal_id" : "b9ed9753748864134424",
    "modified_by_principal_domain_id" : "default",
    "edited_on" : {
      "timestamp" : "15-Nov-2021 14:54:01",
      "year" : 2021,
      "month" : 10,
      "day_of_month" : 15,
      "hour" : 14,
      "minute" : 54,
      "second" : 1,
      "millisecond" : 900,
      "ms" : 1637006041900,
      "iso_8601" : "2021-11-15T14:54:01-05:00"
    },
    "edited_by" : "admin",
    "edited_by_principal_id" : "b9ed9753748864134424",
    "edited_by_principal_domain_id" : "default",
    "rev" : 10,
    "branch" : "cdcfc25b8b052c9d2586",
    "_op" : "create"
  },
  "_doc" : "35ac5bef4199c56316b9",
  "_qname" : "o:35ac5bef4199c56316b9",
  "_type" : "n:person",
  "_features" : {
    "f:audit" : { },
    "f:titled" : { },
    "f:filename" : {
      "filename" : "35ac5bef4199c56316b9"
    },
    "f:geolocation" : { },
    "f:indexable" : { }
  },
  "principal-id" : "b9ed9753748864134424",
  "principal-domain" : "default",
  "principal-name" : "admin"
}