{
  "_type" : "n:email_template",
  "_system" : {
    "deleted" : false,
    "changeset" : "7:6a9f98b3be6ce1cdc933",
    "created_on" : {
      "timestamp" : "20-Oct-2021 09:34:03",
      "year" : 2021,
      "month" : 9,
      "day_of_month" : 20,
      "hour" : 9,
      "minute" : 34,
      "second" : 3,
      "millisecond" : 719,
      "ms" : 1634736843719,
      "iso_8601" : "2021-10-20T09:34:03-04:00"
    },
    "created_by" : "admin",
    "created_by_principal_id" : "2a7c6669601b1ba4c958",
    "created_by_principal_domain_id" : "default",
    "modified_on" : {
      "timestamp" : "20-Oct-2021 09:34:03",
      "year" : 2021,
      "month" : 9,
      "day_of_month" : 20,
      "hour" : 9,
      "minute" : 34,
      "second" : 3,
      "millisecond" : 850,
      "ms" : 1634736843850,
      "iso_8601" : "2021-10-20T09:34:03-04:00"
    },
    "modified_by" : "admin",
    "modified_by_principal_id" : "2a7c6669601b1ba4c958",
    "modified_by_principal_domain_id" : "default",
    "edited_on" : {
      "timestamp" : "20-Oct-2021 09:34:03",
      "year" : 2021,
      "month" : 9,
      "day_of_month" : 20,
      "hour" : 9,
      "minute" : 34,
      "second" : 3,
      "millisecond" : 850,
      "ms" : 1634736843850,
      "iso_8601" : "2021-10-20T09:34:03-04:00"
    },
    "edited_by" : "admin",
    "edited_by_principal_id" : "2a7c6669601b1ba4c958",
    "edited_by_principal_domain_id" : "default",
    "rev" : 7,
    "branch" : "1ad06a3e9160fdc88c85",
    "_op" : "create",
    "attachments" : {
      "default" : {
        "contentType" : "application/freemarker",
        "length" : 422,
        "objectId" : "attachment_9ebd6673cd81a9c96c81_1c2faa63bbeb566e534e",
        "filename" : "default"
      }
    }
  },
  "_doc" : "9ebd6673cd81a9c96c81",
  "_qname" : "o:9ebd6673cd81a9c96c81",
  "_features" : {
    "f:audit" : { },
    "f:titled" : { },
    "f:filename" : {
      "filename" : "Invite+User+-+Confirmation+Email+Template"
    },
    "f:geolocation" : { },
    "f:indexable" : { }
  },
  "title" : "Invite User - Confirmation Email Template"
}