{
  "_system" : {
    "deleted" : false,
    "changeset" : "18:29454373561f7a287566",
    "created_on" : {
      "timestamp" : "07-Mar-2023 09:39:22",
      "year" : 2023,
      "month" : 2,
      "day_of_month" : 7,
      "hour" : 9,
      "minute" : 39,
      "second" : 22,
      "millisecond" : 540,
      "ms" : 1678199962540,
      "iso_8601" : "2023-03-07T09:39:22-05:00"
    },
    "created_by" : "admin",
    "created_by_principal_id" : "046cf0d415feaf45bcf2",
    "created_by_principal_domain_id" : "default",
    "modified_on" : {
      "timestamp" : "07-Mar-2023 09:39:22",
      "year" : 2023,
      "month" : 2,
      "day_of_month" : 7,
      "hour" : 9,
      "minute" : 39,
      "second" : 22,
      "millisecond" : 550,
      "ms" : 1678199962550,
      "iso_8601" : "2023-03-07T09:39:22-05:00"
    },
    "modified_by" : "admin",
    "modified_by_principal_id" : "046cf0d415feaf45bcf2",
    "modified_by_principal_domain_id" : "default",
    "edited_on" : {
      "timestamp" : "07-Mar-2023 09:39:22",
      "year" : 2023,
      "month" : 2,
      "day_of_month" : 7,
      "hour" : 9,
      "minute" : 39,
      "second" : 22,
      "millisecond" : 550,
      "ms" : 1678199962550,
      "iso_8601" : "2023-03-07T09:39:22-05:00"
    },
    "edited_by" : "admin",
    "edited_by_principal_id" : "046cf0d415feaf45bcf2",
    "rev" : 18,
    "branch" : "660838eae4eeba015a76",
    "_op" : "create",
    "edited_by_principal_domain_id" : "default"
  },
  "_doc" : "1a753d51506b0c45ac2e",
  "_qname" : "o:1a753d51506b0c45ac2e",
  "_type" : "a:child",
  "directionality" : "DIRECTED",
  "_features" : {
    "f:propagates-authorities" : {
      "enabled" : true
    },
    "f:non-cyclic" : { },
    "f:knowledge-sharing" : {
      "enabled" : true
    },
    "f:audit" : { },
    "f:indexable" : { }
  },
  "source_type" : "n:node",
  "source" : "7d317ef00cb1a753090b",
  "target_type" : "n:node",
  "target" : "b35ab99f145744b0bc7f"
}