{
  "_system" : {
    "deleted" : false,
    "changeset" : "50:518d14b02965d608d094",
    "created_on" : {
      "timestamp" : "14-Feb-2019 15:33:04",
      "year" : 2019,
      "month" : 1,
      "day_of_month" : 14,
      "hour" : 15,
      "minute" : 33,
      "second" : 4,
      "millisecond" : 699,
      "ms" : 1550158384699,
      "iso_8601" : "2019-02-14T15:33:04Z"
    },
    "created_by" : "admin",
    "created_by_principal_id" : "5bab281f1cb2047f12ba",
    "created_by_principal_domain_id" : "default",
    "modified_on" : {
      "timestamp" : "14-Feb-2019 15:33:04",
      "year" : 2019,
      "month" : 1,
      "day_of_month" : 14,
      "hour" : 15,
      "minute" : 33,
      "second" : 4,
      "millisecond" : 739,
      "ms" : 1550158384739,
      "iso_8601" : "2019-02-14T15:33:04Z"
    },
    "modified_by" : "admin",
    "modified_by_principal_id" : "5bab281f1cb2047f12ba",
    "modified_by_principal_domain_id" : "default",
    "edited_on" : {
      "timestamp" : "14-Feb-2019 15:33:04",
      "year" : 2019,
      "month" : 1,
      "day_of_month" : 14,
      "hour" : 15,
      "minute" : 33,
      "second" : 4,
      "millisecond" : 739,
      "ms" : 1550158384739,
      "iso_8601" : "2019-02-14T15:33:04Z"
    },
    "edited_by" : "admin",
    "edited_by_principal_id" : "5bab281f1cb2047f12ba",
    "edited_by_principal_domain_id" : "default"
  },
  "_doc" : "53622c12063dbe244a3a",
  "_qname" : "o:53622c12063dbe244a3a",
  "_type" : "a:has_role",
  "directionality" : "DIRECTED",
  "_features" : {
    "f:audit" : { },
    "f:indexable" : { }
  },
  "source_type" : "n:person",
  "source" : "fb528b3cc0f4915e1ab5",
  "target_type" : "n:form",
  "target" : "40f6d27f5299205e4f93",
  "role-key" : "owner"
}