{
  "_doc" : "10:63949a288febbe42bebb",
  "_system" : {
    "created_on" : {
      "timestamp" : "07-Mar-2023 09:39:19",
      "year" : 2023,
      "month" : 2,
      "day_of_month" : 7,
      "hour" : 9,
      "minute" : 39,
      "second" : 19,
      "millisecond" : 985,
      "ms" : 1678199959985,
      "iso_8601" : "2023-03-07T09:39:19-05:00"
    },
    "created_by" : "admin",
    "created_by_principal_id" : "046cf0d415feaf45bcf2",
    "created_by_principal_domain_id" : "default",
    "modified_on" : {
      "timestamp" : "07-Mar-2023 09:39:20",
      "year" : 2023,
      "month" : 2,
      "day_of_month" : 7,
      "hour" : 9,
      "minute" : 39,
      "second" : 20,
      "millisecond" : 439,
      "ms" : 1678199960439,
      "iso_8601" : "2023-03-07T09:39:20-05:00"
    },
    "modified_by" : "admin",
    "modified_by_principal_id" : "046cf0d415feaf45bcf2",
    "modified_by_principal_domain_id" : "default",
    "edited_on" : {
      "timestamp" : "07-Mar-2023 09:39:20",
      "year" : 2023,
      "month" : 2,
      "day_of_month" : 7,
      "hour" : 9,
      "minute" : 39,
      "second" : 20,
      "millisecond" : 439,
      "ms" : 1678199960439,
      "iso_8601" : "2023-03-07T09:39:20-05:00"
    },
    "edited_by" : "admin",
    "edited_by_principal_id" : "046cf0d415feaf45bcf2",
    "edited_by_principal_domain_id" : "default"
  },
  "revision" : 10,
  "active" : true,
  "parents" : [ "9:b23f17c6f6b39beac27a" ],
  "branch" : "660838eae4eeba015a76"
}