{
  "permissioned" : "498224610e7fececb279",
  "principal" : "2d415128ccec1f02aa71",
  "authority" : "connector",
  "domain" : "default",
  "_system" : {
    "created_on" : {
      "timestamp" : "28-Sep-2020 15:25:02",
      "year" : 2020,
      "month" : 8,
      "day_of_month" : 28,
      "hour" : 15,
      "minute" : 25,
      "second" : 2,
      "millisecond" : 531,
      "ms" : 1601306702531,
      "iso_8601" : "2020-09-28T15:25:02Z"
    },
    "created_by" : "admin",
    "created_by_principal_id" : "bb39303eba0c35a3d2da",
    "created_by_principal_domain_id" : "default",
    "modified_on" : {
      "timestamp" : "28-Sep-2020 15:25:02",
      "year" : 2020,
      "month" : 8,
      "day_of_month" : 28,
      "hour" : 15,
      "minute" : 25,
      "second" : 2,
      "millisecond" : 531,
      "ms" : 1601306702531,
      "iso_8601" : "2020-09-28T15:25:02Z"
    },
    "modified_by" : "admin",
    "modified_by_principal_id" : "bb39303eba0c35a3d2da",
    "modified_by_principal_domain_id" : "default",
    "edited_on" : {
      "timestamp" : "28-Sep-2020 15:25:02",
      "year" : 2020,
      "month" : 8,
      "day_of_month" : 28,
      "hour" : 15,
      "minute" : 25,
      "second" : 2,
      "millisecond" : 531,
      "ms" : 1601306702531,
      "iso_8601" : "2020-09-28T15:25:02Z"
    },
    "edited_by" : "admin",
    "edited_by_principal_id" : "bb39303eba0c35a3d2da",
    "edited_by_principal_domain_id" : "default"
  },
  "_doc" : "61adfe43c2b50a6813d6"
}