{
  "_doc" : "28:84e05949c9d5454bab71",
  "_system" : {
    "created_on" : {
      "timestamp" : "05-Aug-2021 15:37:14",
      "year" : 2021,
      "month" : 7,
      "day_of_month" : 5,
      "hour" : 15,
      "minute" : 37,
      "second" : 14,
      "millisecond" : 973,
      "ms" : 1628177834973,
      "iso_8601" : "2021-08-05T15:37:14Z"
    },
    "created_by" : "system",
    "created_by_principal_id" : "system",
    "created_by_principal_domain_id" : null,
    "modified_on" : {
      "timestamp" : "05-Aug-2021 15:37:15",
      "year" : 2021,
      "month" : 7,
      "day_of_month" : 5,
      "hour" : 15,
      "minute" : 37,
      "second" : 15,
      "millisecond" : 45,
      "ms" : 1628177835045,
      "iso_8601" : "2021-08-05T15:37:15Z"
    },
    "modified_by" : "system",
    "modified_by_principal_id" : "system",
    "modified_by_principal_domain_id" : null,
    "edited_on" : {
      "timestamp" : "05-Aug-2021 15:37:14",
      "year" : 2021,
      "month" : 7,
      "day_of_month" : 5,
      "hour" : 15,
      "minute" : 37,
      "second" : 14,
      "millisecond" : 973,
      "ms" : 1628177834973,
      "iso_8601" : "2021-08-05T15:37:14Z"
    },
    "edited_by" : "system",
    "edited_by_principal_id" : "system",
    "edited_by_principal_domain_id" : null
  },
  "revision" : 28,
  "active" : true,
  "parents" : [ "27:429ac9c07f258f32d4c4" ],
  "branch" : "23fafbfbb544c803da8d"
}