{
  "platformId" : "497454044b0555145fd7",
  "_system" : {
    "schema" : 2,
    "created_on" : {
      "timestamp" : "27-Oct-2021 15:38:25",
      "year" : 2021,
      "month" : 9,
      "day_of_month" : 27,
      "hour" : 15,
      "minute" : 38,
      "second" : 25,
      "millisecond" : 563,
      "ms" : 1635349105563,
      "iso_8601" : "2021-10-27T15:38:25Z"
    },
    "created_by" : "admin",
    "created_by_principal_id" : "ed403cd3ae171ad7caf0",
    "created_by_principal_domain_id" : "default",
    "modified_on" : {
      "timestamp" : "27-Oct-2021 15:40:02",
      "year" : 2021,
      "month" : 9,
      "day_of_month" : 27,
      "hour" : 15,
      "minute" : 40,
      "second" : 2,
      "millisecond" : 96,
      "ms" : 1635349202096,
      "iso_8601" : "2021-10-27T15:40:02Z"
    },
    "modified_by" : "admin",
    "modified_by_principal_id" : "ed403cd3ae171ad7caf0",
    "modified_by_principal_domain_id" : "default",
    "edited_on" : {
      "timestamp" : "27-Oct-2021 15:40:02",
      "year" : 2021,
      "month" : 9,
      "day_of_month" : 27,
      "hour" : 15,
      "minute" : 40,
      "second" : 2,
      "millisecond" : 96,
      "ms" : 1635349202096,
      "iso_8601" : "2021-10-27T15:40:02Z"
    },
    "edited_by" : "admin",
    "edited_by_principal_id" : "ed403cd3ae171ad7caf0",
    "edited_by_principal_domain_id" : "default"
  },
  "enableStrictRelators" : true,
  "filefolder" : {
    "forceUriEncoding" : true
  },
  "datastoreId" : "a8db999c5898f0b5d950",
  "datastoreTypeId" : "repository",
  "enableAuditing" : true,
  "enableAuthorities" : true,
  "maxsize" : -1,
  "size" : 0,
  "objectcount" : 0,
  "_doc" : "48b740b792964eb01e66",
  "statisticsDate" : {
    "timestamp" : "01-Jan-1970 00:00:00",
    "year" : 1970,
    "month" : 0,
    "day_of_month" : 1,
    "hour" : 0,
    "minute" : 0,
    "second" : 0,
    "millisecond" : 1,
    "ms" : 1,
    "iso_8601" : "1970-01-01T00:00:00Z"
  },
  "statisticsDirty" : true,
  "title" : "Sample Project 'content' repository"
}