{
  "_system" : {
    "deleted" : false,
    "changeset" : "3:dcb9106c6a0896d7fbe4",
    "created_on" : {
      "timestamp" : "20-Oct-2021 00:03:16",
      "year" : 2021,
      "month" : 9,
      "day_of_month" : 20,
      "hour" : 0,
      "minute" : 3,
      "second" : 16,
      "millisecond" : 427,
      "ms" : 1634702596427,
      "iso_8601" : "2021-10-20T00:03:16-04:00"
    },
    "created_by" : "admin",
    "created_by_principal_id" : "2a7c6669601b1ba4c958",
    "created_by_principal_domain_id" : "default",
    "modified_on" : {
      "timestamp" : "20-Oct-2021 00:03:16",
      "year" : 2021,
      "month" : 9,
      "day_of_month" : 20,
      "hour" : 0,
      "minute" : 3,
      "second" : 16,
      "millisecond" : 445,
      "ms" : 1634702596445,
      "iso_8601" : "2021-10-20T00:03:16-04:00"
    },
    "modified_by" : "admin",
    "modified_by_principal_id" : "2a7c6669601b1ba4c958",
    "modified_by_principal_domain_id" : "default",
    "edited_on" : {
      "timestamp" : "20-Oct-2021 00:03:16",
      "year" : 2021,
      "month" : 9,
      "day_of_month" : 20,
      "hour" : 0,
      "minute" : 3,
      "second" : 16,
      "millisecond" : 445,
      "ms" : 1634702596445,
      "iso_8601" : "2021-10-20T00:03:16-04:00"
    },
    "edited_by" : "admin",
    "edited_by_principal_id" : "2a7c6669601b1ba4c958",
    "edited_by_principal_domain_id" : "default",
    "rev" : 3,
    "branch" : "a73f26b4127e018473e1",
    "_op" : "create"
  },
  "_doc" : "abf23033f5f8027d328e",
  "_qname" : "o:abf23033f5f8027d328e",
  "_type" : "a:child",
  "directionality" : "DIRECTED",
  "_features" : {
    "f:audit" : { },
    "f:indexable" : { },
    "f:propagates-authorities" : {
      "enabled" : true
    },
    "f:non-cyclic" : { },
    "f:knowledge-sharing" : {
      "enabled" : true
    }
  },
  "source_type" : "n:node",
  "source" : "8df753abe2fd98128298",
  "target_type" : "n:node",
  "target" : "78238b960378abd157fd"
}