{
  "_type" : "a:child",
  "directionality" : "DIRECTED",
  "source_type" : "n:node",
  "source" : "e6356661c25d42fc8084",
  "target_type" : "store:book",
  "target" : "3e8cd53490a94c278f79",
  "_qname" : "o:4ab66eafe6f548d8ab49",
  "_doc" : "4ab66eafe6f548d8ab49",
  "_system" : {
    "deleted" : false,
    "changeset" : "9:ebf402a49734b4eebe14",
    "created_on" : {
      "timestamp" : "05-Aug-2021 15:36:59",
      "year" : 2021,
      "month" : 7,
      "day_of_month" : 5,
      "hour" : 15,
      "minute" : 36,
      "second" : 59,
      "millisecond" : 251,
      "ms" : 1628177819251,
      "iso_8601" : "2021-08-05T15:36:59Z"
    },
    "created_by" : "system",
    "created_by_principal_id" : "system",
    "modified_on" : {
      "timestamp" : "05-Aug-2021 15:37:02",
      "year" : 2021,
      "month" : 7,
      "day_of_month" : 5,
      "hour" : 15,
      "minute" : 37,
      "second" : 2,
      "millisecond" : 915,
      "ms" : 1628177822915,
      "iso_8601" : "2021-08-05T15:37:02Z"
    },
    "modified_by" : "system",
    "modified_by_principal_id" : "system",
    "edited_on" : {
      "timestamp" : "05-Aug-2021 15:36:59",
      "year" : 2021,
      "month" : 7,
      "day_of_month" : 5,
      "hour" : 15,
      "minute" : 36,
      "second" : 59,
      "millisecond" : 251,
      "ms" : 1628177819251,
      "iso_8601" : "2021-08-05T15:36:59Z"
    },
    "edited_by" : "system",
    "edited_by_principal_id" : "system",
    "rev" : 9,
    "branch" : "23fafbfbb544c803da8d",
    "_op" : "create"
  }
}