{
  "permissioned" : "029638d0da5616d21ddd",
  "principal" : "d79d1cd5bf7e6820e948",
  "authority" : "consumer",
  "domain" : "default",
  "_system" : {
    "created_on" : {
      "timestamp" : "21-Jan-2021 16:22:14",
      "year" : 2021,
      "month" : 0,
      "day_of_month" : 21,
      "hour" : 16,
      "minute" : 22,
      "second" : 14,
      "millisecond" : 896,
      "ms" : 1611264134896,
      "iso_8601" : "2021-01-21T16:22:14-05:00"
    },
    "created_by" : "admin",
    "created_by_principal_id" : "8df8c30d1c2f95496937",
    "created_by_principal_domain_id" : "default",
    "modified_on" : {
      "timestamp" : "21-Jan-2021 16:22:14",
      "year" : 2021,
      "month" : 0,
      "day_of_month" : 21,
      "hour" : 16,
      "minute" : 22,
      "second" : 14,
      "millisecond" : 896,
      "ms" : 1611264134896,
      "iso_8601" : "2021-01-21T16:22:14-05:00"
    },
    "modified_by" : "admin",
    "modified_by_principal_id" : "8df8c30d1c2f95496937",
    "modified_by_principal_domain_id" : "default",
    "edited_on" : {
      "timestamp" : "21-Jan-2021 16:22:14",
      "year" : 2021,
      "month" : 0,
      "day_of_month" : 21,
      "hour" : 16,
      "minute" : 22,
      "second" : 14,
      "millisecond" : 896,
      "ms" : 1611264134896,
      "iso_8601" : "2021-01-21T16:22:14-05:00"
    },
    "edited_by" : "admin",
    "edited_by_principal_id" : "8df8c30d1c2f95496937",
    "edited_by_principal_domain_id" : "default"
  },
  "_doc" : "5640f6719b43cb1f4f26"
}