{
  "_doc" : "38:5a7de4535038b85c61b9",
  "_system" : {
    "created_on" : {
      "timestamp" : "20-Oct-2021 09:44:34",
      "year" : 2021,
      "month" : 9,
      "day_of_month" : 20,
      "hour" : 9,
      "minute" : 44,
      "second" : 34,
      "millisecond" : 364,
      "ms" : 1634737474364,
      "iso_8601" : "2021-10-20T09:44:34-04:00"
    },
    "created_by" : "admin",
    "created_by_principal_id" : "2a7c6669601b1ba4c958",
    "created_by_principal_domain_id" : "default",
    "modified_on" : {
      "timestamp" : "20-Oct-2021 09:44:34",
      "year" : 2021,
      "month" : 9,
      "day_of_month" : 20,
      "hour" : 9,
      "minute" : 44,
      "second" : 34,
      "millisecond" : 418,
      "ms" : 1634737474418,
      "iso_8601" : "2021-10-20T09:44:34-04:00"
    },
    "modified_by" : "admin",
    "modified_by_principal_id" : "2a7c6669601b1ba4c958",
    "modified_by_principal_domain_id" : "default",
    "edited_on" : {
      "timestamp" : "20-Oct-2021 09:44:34",
      "year" : 2021,
      "month" : 9,
      "day_of_month" : 20,
      "hour" : 9,
      "minute" : 44,
      "second" : 34,
      "millisecond" : 418,
      "ms" : 1634737474418,
      "iso_8601" : "2021-10-20T09:44:34-04:00"
    },
    "edited_by" : "admin",
    "edited_by_principal_id" : "2a7c6669601b1ba4c958",
    "edited_by_principal_domain_id" : "default"
  },
  "revision" : 38,
  "active" : true,
  "parents" : [ "37:4b4f9a72f58fe1c6d452" ],
  "branch" : "c05d26b68d5e6c9699cf"
}