{
  "_doc" : "4375d1eb9094255abf40",
  "root" : "0:root",
  "tip" : "39:b4247156dad0f2035e41",
  "title" : "master",
  "type" : "MASTER",
  "_system" : {
    "created_on" : {
      "timestamp" : "20-Oct-2021 14:37:16",
      "year" : 2021,
      "month" : 9,
      "day_of_month" : 20,
      "hour" : 14,
      "minute" : 37,
      "second" : 16,
      "millisecond" : 280,
      "ms" : 1634755036280,
      "iso_8601" : "2021-10-20T14:37:16-04:00"
    },
    "created_by" : "admin",
    "created_by_principal_id" : "b4d6c22caee99692904d",
    "created_by_principal_domain_id" : "default",
    "modified_on" : {
      "timestamp" : "20-Oct-2021 14:37:16",
      "year" : 2021,
      "month" : 9,
      "day_of_month" : 20,
      "hour" : 14,
      "minute" : 37,
      "second" : 16,
      "millisecond" : 280,
      "ms" : 1634755036280,
      "iso_8601" : "2021-10-20T14:37:16-04:00"
    },
    "modified_by" : "admin",
    "modified_by_principal_id" : "b4d6c22caee99692904d",
    "modified_by_principal_domain_id" : "default",
    "edited_on" : {
      "timestamp" : "20-Oct-2021 14:37:16",
      "year" : 2021,
      "month" : 9,
      "day_of_month" : 20,
      "hour" : 14,
      "minute" : 37,
      "second" : 16,
      "millisecond" : 280,
      "ms" : 1634755036280,
      "iso_8601" : "2021-10-20T14:37:16-04:00"
    },
    "edited_by" : "admin",
    "edited_by_principal_id" : "b4d6c22caee99692904d",
    "edited_by_principal_domain_id" : "default"
  },
  "archived" : false,
  "snapshot" : false
}