{
  "_doc" : "5:f8e6fc68d750e1c4a44d",
  "_system" : {
    "created_on" : {
      "timestamp" : "19-Nov-2021 17:36:31",
      "year" : 2021,
      "month" : 10,
      "day_of_month" : 19,
      "hour" : 17,
      "minute" : 36,
      "second" : 31,
      "millisecond" : 766,
      "ms" : 1637361391766,
      "iso_8601" : "2021-11-19T17:36:31-05:00"
    },
    "created_by" : "admin",
    "created_by_principal_id" : "e319a2cd626b671ba7f7",
    "created_by_principal_domain_id" : "default",
    "modified_on" : {
      "timestamp" : "19-Nov-2021 17:36:31",
      "year" : 2021,
      "month" : 10,
      "day_of_month" : 19,
      "hour" : 17,
      "minute" : 36,
      "second" : 31,
      "millisecond" : 882,
      "ms" : 1637361391882,
      "iso_8601" : "2021-11-19T17:36:31-05:00"
    },
    "modified_by" : "admin",
    "modified_by_principal_id" : "e319a2cd626b671ba7f7",
    "modified_by_principal_domain_id" : "default",
    "edited_on" : {
      "timestamp" : "19-Nov-2021 17:36:31",
      "year" : 2021,
      "month" : 10,
      "day_of_month" : 19,
      "hour" : 17,
      "minute" : 36,
      "second" : 31,
      "millisecond" : 882,
      "ms" : 1637361391882,
      "iso_8601" : "2021-11-19T17:36:31-05:00"
    },
    "edited_by" : "admin",
    "edited_by_principal_id" : "e319a2cd626b671ba7f7",
    "edited_by_principal_domain_id" : "default"
  },
  "revision" : 5,
  "active" : true,
  "parents" : [ "4:c20e0f948610b43e6227" ],
  "branch" : "187193302a18db2eb328"
}