{
  "teamableObjectTypeId" : "application",
  "teamableObjectId" : "e47cee318b4962467986",
  "key" : "owners",
  "groupId" : "89a8a61ee13c5d91008e",
  "groupDomainId" : "8b584ff6101e47f0016d",
  "roleKeys" : [ "owner" ],
  "title" : "Owners",
  "description" : "Owners Team",
  "_system" : {
    "created_on" : {
      "timestamp" : "31-Aug-2022 15:26:05",
      "year" : 2022,
      "month" : 7,
      "day_of_month" : 31,
      "hour" : 15,
      "minute" : 26,
      "second" : 5,
      "millisecond" : 230,
      "ms" : 1661959565230,
      "iso_8601" : "2022-08-31T15:26:05Z"
    },
    "created_by" : "admin",
    "created_by_principal_id" : "2f873756d87a4ad1befc",
    "created_by_principal_domain_id" : "default",
    "modified_on" : {
      "timestamp" : "31-Aug-2022 15:26:05",
      "year" : 2022,
      "month" : 7,
      "day_of_month" : 31,
      "hour" : 15,
      "minute" : 26,
      "second" : 5,
      "millisecond" : 230,
      "ms" : 1661959565230,
      "iso_8601" : "2022-08-31T15:26:05Z"
    },
    "modified_by" : "admin",
    "modified_by_principal_id" : "2f873756d87a4ad1befc",
    "modified_by_principal_domain_id" : "default",
    "edited_on" : {
      "timestamp" : "31-Aug-2022 15:26:05",
      "year" : 2022,
      "month" : 7,
      "day_of_month" : 31,
      "hour" : 15,
      "minute" : 26,
      "second" : 5,
      "millisecond" : 230,
      "ms" : 1661959565230,
      "iso_8601" : "2022-08-31T15:26:05Z"
    },
    "edited_by" : "admin",
    "edited_by_principal_id" : "2f873756d87a4ad1befc",
    "edited_by_principal_domain_id" : "default"
  },
  "_doc" : "d2156f1b0cc4bf08f03d"
}