{
  "teamableObjectTypeId" : "application",
  "teamableObjectId" : "a341d52a32e3044a9d17",
  "key" : "owners",
  "groupId" : "ce575028c14ecf638ee8",
  "groupDomainId" : "1e3c2c7d803c1f966f71",
  "roleKeys" : [ "owner" ],
  "title" : "Owners",
  "description" : "Owners Team",
  "_system" : {
    "created_on" : {
      "timestamp" : "05-Aug-2021 15:36:52",
      "year" : 2021,
      "month" : 7,
      "day_of_month" : 5,
      "hour" : 15,
      "minute" : 36,
      "second" : 52,
      "millisecond" : 87,
      "ms" : 1628177812087,
      "iso_8601" : "2021-08-05T15:36:52Z"
    },
    "created_by" : "admin",
    "created_by_principal_id" : "b3236127dacc03f40cd9",
    "created_by_principal_domain_id" : "default",
    "modified_on" : {
      "timestamp" : "05-Aug-2021 15:36:52",
      "year" : 2021,
      "month" : 7,
      "day_of_month" : 5,
      "hour" : 15,
      "minute" : 36,
      "second" : 52,
      "millisecond" : 87,
      "ms" : 1628177812087,
      "iso_8601" : "2021-08-05T15:36:52Z"
    },
    "modified_by" : "admin",
    "modified_by_principal_id" : "b3236127dacc03f40cd9",
    "modified_by_principal_domain_id" : "default",
    "edited_on" : {
      "timestamp" : "05-Aug-2021 15:36:52",
      "year" : 2021,
      "month" : 7,
      "day_of_month" : 5,
      "hour" : 15,
      "minute" : 36,
      "second" : 52,
      "millisecond" : 87,
      "ms" : 1628177812087,
      "iso_8601" : "2021-08-05T15:36:52Z"
    },
    "edited_by" : "admin",
    "edited_by_principal_id" : "b3236127dacc03f40cd9",
    "edited_by_principal_domain_id" : "default"
  },
  "_doc" : "85cf8c367f080f415a4d"
}