{
  "_type" : "catalog:product-review",
  "title" : "Review #41 Been Tango'd",
  "author" : "don.rickles",
  "body" : "I love cupcakes but I am extremely picky. I have had other cupcakes but they do not compare with the Tango Mango cupcake. The cupcakes are just right with the sweetness level, not too sweet. The frosting to cake proportions are also spot on and the actual crumb structure is moist but still light and airy. When I first purchased one they were so attractive that I wasn't sure they could taste as amazing as they look, they do!",
  "rating" : 5,
  "_doc" : "103fae94e2b041ab29b4",
  "_system" : {
    "deleted" : false,
    "changeset" : "32:610da6643c5905d03316",
    "created_on" : {
      "timestamp" : "14-Feb-2019 15:32:59",
      "year" : 2019,
      "month" : 1,
      "day_of_month" : 14,
      "hour" : 15,
      "minute" : 32,
      "second" : 59,
      "millisecond" : 280,
      "ms" : 1550158379280,
      "iso_8601" : "2019-02-14T15:32:59Z"
    },
    "created_by" : "admin",
    "created_by_principal_id" : "5bab281f1cb2047f12ba",
    "created_by_principal_domain_id" : "default",
    "modified_on" : {
      "timestamp" : "14-Feb-2019 15:32:59",
      "year" : 2019,
      "month" : 1,
      "day_of_month" : 14,
      "hour" : 15,
      "minute" : 32,
      "second" : 59,
      "millisecond" : 306,
      "ms" : 1550158379306,
      "iso_8601" : "2019-02-14T15:32:59Z"
    },
    "modified_by" : "admin",
    "modified_by_principal_id" : "5bab281f1cb2047f12ba",
    "modified_by_principal_domain_id" : "default",
    "edited_on" : {
      "timestamp" : "14-Feb-2019 15:32:59",
      "year" : 2019,
      "month" : 1,
      "day_of_month" : 14,
      "hour" : 15,
      "minute" : 32,
      "second" : 59,
      "millisecond" : 306,
      "ms" : 1550158379306,
      "iso_8601" : "2019-02-14T15:32:59Z"
    },
    "edited_by" : "admin",
    "edited_by_principal_id" : "5bab281f1cb2047f12ba",
    "edited_by_principal_domain_id" : "default"
  },
  "_qname" : "o:103fae94e2b041ab29b4",
  "_features" : {
    "f:audit" : { },
    "f:titled" : { },
    "f:filename" : {
      "filename" : "Review+%2341+Been+Tango%27d"
    },
    "f:geolocation" : { },
    "f:indexable" : { }
  }
}