{
  "_features" : {
    "f:relator" : {
      "propertyHolder" : "source",
      "propertyPath" : "/recommendations[1]",
      "active" : true
    },
    "f:audit" : { },
    "f:indexable" : { }
  },
  "source" : "34dc1cc2c6a84608a512",
  "source_type" : "store:book",
  "target" : "62b5a8c4932643ea9616",
  "target_type" : "store:book",
  "directionality" : "DIRECTED",
  "_system" : {
    "deleted" : false,
    "changeset" : "39:151868ee2775afefe320",
    "created_on" : {
      "timestamp" : "26-Nov-2021 22:42:59",
      "year" : 2021,
      "month" : 10,
      "day_of_month" : 26,
      "hour" : 22,
      "minute" : 42,
      "second" : 59,
      "millisecond" : 218,
      "ms" : 1637984579218,
      "iso_8601" : "2021-11-26T22:42:59-05:00"
    },
    "created_by" : "admin",
    "created_by_principal_id" : "5bef34d1ea45b9e98ee7",
    "created_by_principal_domain_id" : "default",
    "modified_on" : {
      "timestamp" : "26-Nov-2021 22:42:59",
      "year" : 2021,
      "month" : 10,
      "day_of_month" : 26,
      "hour" : 22,
      "minute" : 42,
      "second" : 59,
      "millisecond" : 284,
      "ms" : 1637984579284,
      "iso_8601" : "2021-11-26T22:42:59-05:00"
    },
    "modified_by" : "admin",
    "modified_by_principal_id" : "5bef34d1ea45b9e98ee7",
    "modified_by_principal_domain_id" : "default",
    "edited_on" : {
      "timestamp" : "26-Nov-2021 22:42:59",
      "year" : 2021,
      "month" : 10,
      "day_of_month" : 26,
      "hour" : 22,
      "minute" : 42,
      "second" : 59,
      "millisecond" : 284,
      "ms" : 1637984579284,
      "iso_8601" : "2021-11-26T22:42:59-05:00"
    },
    "edited_by" : "admin",
    "edited_by_principal_id" : "5bef34d1ea45b9e98ee7",
    "edited_by_principal_domain_id" : "default",
    "rev" : 39,
    "branch" : "9bc800c8fc0417d3210c",
    "_op" : "create"
  },
  "_doc" : "b22d67527fd97df89581",
  "_qname" : "o:b22d67527fd97df89581",
  "_type" : "store:suggests"
}