{
  "_qname" : "n:linked-resource",
  "_type" : "d:type",
  "_parent" : "n:node",
  "properties" : {
    "title" : {
      "title" : "Title",
      "type" : "string"
    },
    "key" : {
      "title" : "Key",
      "type" : "string"
    },
    "protocol" : {
      "title" : "Protocol",
      "type" : "string"
    },
    "path" : {
      "title" : "Path",
      "type" : "string"
    },
    "host" : {
      "title" : "Host",
      "type" : "string"
    },
    "port" : {
      "title" : "Port",
      "type" : "number"
    },
    "query" : {
      "title" : "Query",
      "type" : "string"
    }
  },
  "type" : "object",
  "title" : "Linked Resource",
  "description" : "An external resource that is linked to from a content node",
  "systemBootstrapped" : true,
  "_system" : {
    "deleted" : false,
    "changeset" : "0:root",
    "modified_on" : {
      "timestamp" : "19-Apr-2019 20:08:32",
      "year" : 2019,
      "month" : 3,
      "day_of_month" : 19,
      "hour" : 20,
      "minute" : 8,
      "second" : 32,
      "millisecond" : 952,
      "ms" : 1555704512952,
      "iso_8601" : "2019-04-19T20:08:32Z"
    },
    "modified_by" : "admin",
    "modified_by_principal_id" : "74004ce2e8561e763ac4",
    "modified_by_principal_domain_id" : "default",
    "edited_on" : {
      "timestamp" : "19-Apr-2019 20:08:32",
      "year" : 2019,
      "month" : 3,
      "day_of_month" : 19,
      "hour" : 20,
      "minute" : 8,
      "second" : 32,
      "millisecond" : 952,
      "ms" : 1555704512952,
      "iso_8601" : "2019-04-19T20:08:32Z"
    },
    "edited_by" : "admin",
    "edited_by_principal_id" : "74004ce2e8561e763ac4",
    "edited_by_principal_domain_id" : "default",
    "created_on" : {
      "timestamp" : "19-Apr-2019 20:08:32",
      "year" : 2019,
      "month" : 3,
      "day_of_month" : 19,
      "hour" : 20,
      "minute" : 8,
      "second" : 32,
      "millisecond" : 952,
      "ms" : 1555704512952,
      "iso_8601" : "2019-04-19T20:08:32Z"
    },
    "created_by" : "admin",
    "created_by_principal_id" : "74004ce2e8561e763ac4",
    "created_by_principal_domain_id" : "default"
  },
  "_doc" : "821c40ab613d9b5bcbbc656b62229C02"
}