{
  "title" : "Default Form",
  "fields" : {
    "title" : {
      "type" : "text",
      "label" : "Title"
    },
    "description" : {
      "type" : "text",
      "label" : "Description"
    },
    "summary" : {
      "type" : "ckeditor",
      "label" : "Body",
      "ckeditor" : {
        "toolbar" : [ [ "Format", "Font", "FontSize" ], [ "Bold", "Italic", "Underline", "StrikeThrough", "-", "Undo", "Redo", "-", "Cut", "Copy", "Paste", "Find", "Replace", "-", "Outdent", "Indent", "-", "Print" ], "/", [ "NumberedList", "BulletedList", "-", "JustifyLeft", "JustifyCenter", "JustifyRight", "JustifyBlock" ], [ "Image", "Table", "-", "Link", "Flash", "Smiley", "TextColor", "BGColor", "Source" ] ]
      }
    },
    "author" : {
      "type" : "node-picker",
      "label" : "Author"
    },
    "recommendations" : {
      "type" : "node-picker",
      "label" : "Recommendations"
    },
    "tags" : {
      "type" : "tagcloud",
      "label" : "Tags"
    },
    "slug" : {
      "type" : "slug",
      "label" : "Slug",
      "dependentField" : "title",
      "readonly" : true,
      "emptyOnly" : true
    },
    "cover" : {
      "type" : "attachment",
      "label" : "Cover Art Image"
    },
    "pdf" : {
      "type" : "attachment",
      "label" : "Book PDF"
    }
  },
  "engineId" : "alpaca1",
  "_type" : "n:form",
  "_qname" : "o:0c5750d3f92d407e9970",
  "_doc" : "0c5750d3f92d407e9970",
  "_system" : {
    "deleted" : false,
    "changeset" : "9:439a5eea561726b57df7",
    "created_on" : {
      "timestamp" : "15-Nov-2021 14:53:54",
      "year" : 2021,
      "month" : 10,
      "day_of_month" : 15,
      "hour" : 14,
      "minute" : 53,
      "second" : 54,
      "millisecond" : 683,
      "ms" : 1637006034683,
      "iso_8601" : "2021-11-15T14:53:54-05:00"
    },
    "created_by" : "admin",
    "created_by_principal_id" : "b9ed9753748864134424",
    "created_by_principal_domain_id" : "default",
    "modified_on" : {
      "timestamp" : "15-Nov-2021 14:53:56",
      "year" : 2021,
      "month" : 10,
      "day_of_month" : 15,
      "hour" : 14,
      "minute" : 53,
      "second" : 56,
      "millisecond" : 101,
      "ms" : 1637006036101,
      "iso_8601" : "2021-11-15T14:53:56-05:00"
    },
    "modified_by" : "admin",
    "modified_by_principal_id" : "b9ed9753748864134424",
    "modified_by_principal_domain_id" : "default",
    "edited_on" : {
      "timestamp" : "15-Nov-2021 14:53:56",
      "year" : 2021,
      "month" : 10,
      "day_of_month" : 15,
      "hour" : 14,
      "minute" : 53,
      "second" : 56,
      "millisecond" : 101,
      "ms" : 1637006036101,
      "iso_8601" : "2021-11-15T14:53:56-05:00"
    },
    "edited_by" : "admin",
    "edited_by_principal_id" : "b9ed9753748864134424",
    "edited_by_principal_domain_id" : "default",
    "rev" : 9,
    "branch" : "cdcfc25b8b052c9d2586",
    "_op" : "create"
  }
}