{
  "_doc" : "52:4e13c2ccc3dbab64703f",
  "_system" : {
    "created_on" : {
      "timestamp" : "31-Aug-2022 15:26:25",
      "year" : 2022,
      "month" : 7,
      "day_of_month" : 31,
      "hour" : 15,
      "minute" : 26,
      "second" : 25,
      "millisecond" : 722,
      "ms" : 1661959585722,
      "iso_8601" : "2022-08-31T15:26:25Z"
    },
    "created_by" : "admin",
    "created_by_principal_id" : "2f873756d87a4ad1befc",
    "created_by_principal_domain_id" : "default",
    "modified_on" : {
      "timestamp" : "31-Aug-2022 15:26:25",
      "year" : 2022,
      "month" : 7,
      "day_of_month" : 31,
      "hour" : 15,
      "minute" : 26,
      "second" : 25,
      "millisecond" : 777,
      "ms" : 1661959585777,
      "iso_8601" : "2022-08-31T15:26:25Z"
    },
    "modified_by" : "admin",
    "modified_by_principal_id" : "2f873756d87a4ad1befc",
    "modified_by_principal_domain_id" : "default",
    "edited_on" : {
      "timestamp" : "31-Aug-2022 15:26:25",
      "year" : 2022,
      "month" : 7,
      "day_of_month" : 31,
      "hour" : 15,
      "minute" : 26,
      "second" : 25,
      "millisecond" : 777,
      "ms" : 1661959585777,
      "iso_8601" : "2022-08-31T15:26:25Z"
    },
    "edited_by" : "admin",
    "edited_by_principal_id" : "2f873756d87a4ad1befc",
    "edited_by_principal_domain_id" : "default"
  },
  "revision" : 52,
  "active" : true,
  "parents" : [ "51:24aa89d3932b0453616f" ],
  "branch" : "88810405bb84bac72aab"
}