{
  "_system" : {
    "deleted" : false,
    "changeset" : "72:d3f41d767dc2a104db84",
    "created_on" : {
      "timestamp" : "14-Feb-2019 15:33:12",
      "year" : 2019,
      "month" : 1,
      "day_of_month" : 14,
      "hour" : 15,
      "minute" : 33,
      "second" : 12,
      "millisecond" : 611,
      "ms" : 1550158392611,
      "iso_8601" : "2019-02-14T15:33:12Z"
    },
    "created_by" : "admin",
    "created_by_principal_id" : "5bab281f1cb2047f12ba",
    "created_by_principal_domain_id" : "default",
    "modified_on" : {
      "timestamp" : "14-Feb-2019 15:33:12",
      "year" : 2019,
      "month" : 1,
      "day_of_month" : 14,
      "hour" : 15,
      "minute" : 33,
      "second" : 12,
      "millisecond" : 643,
      "ms" : 1550158392643,
      "iso_8601" : "2019-02-14T15:33:12Z"
    },
    "modified_by" : "admin",
    "modified_by_principal_id" : "5bab281f1cb2047f12ba",
    "modified_by_principal_domain_id" : "default",
    "edited_on" : {
      "timestamp" : "14-Feb-2019 15:33:12",
      "year" : 2019,
      "month" : 1,
      "day_of_month" : 14,
      "hour" : 15,
      "minute" : 33,
      "second" : 12,
      "millisecond" : 643,
      "ms" : 1550158392643,
      "iso_8601" : "2019-02-14T15:33:12Z"
    },
    "edited_by" : "admin",
    "edited_by_principal_id" : "5bab281f1cb2047f12ba",
    "edited_by_principal_domain_id" : "default"
  },
  "_doc" : "b57783ce2abf45f133cc",
  "_qname" : "o:b57783ce2abf45f133cc",
  "_type" : "a:has_role",
  "directionality" : "DIRECTED",
  "_features" : {
    "f:audit" : { },
    "f:indexable" : { }
  },
  "source_type" : "n:person",
  "source" : "fb528b3cc0f4915e1ab5",
  "target_type" : "wcm:page",
  "target" : "0328e06fd7fba3b607e4",
  "role-key" : "owner"
}