{
  "_doc" : "32:610da6643c5905d03316",
  "_system" : {
    "created_on" : {
      "timestamp" : "14-Feb-2019 15:32:59",
      "year" : 2019,
      "month" : 1,
      "day_of_month" : 14,
      "hour" : 15,
      "minute" : 32,
      "second" : 59,
      "millisecond" : 272,
      "ms" : 1550158379272,
      "iso_8601" : "2019-02-14T15:32:59Z"
    },
    "created_by" : "admin",
    "created_by_principal_id" : "5bab281f1cb2047f12ba",
    "created_by_principal_domain_id" : "default",
    "modified_on" : {
      "timestamp" : "14-Feb-2019 15:32:59",
      "year" : 2019,
      "month" : 1,
      "day_of_month" : 14,
      "hour" : 15,
      "minute" : 32,
      "second" : 59,
      "millisecond" : 736,
      "ms" : 1550158379736,
      "iso_8601" : "2019-02-14T15:32:59Z"
    },
    "modified_by" : "admin",
    "modified_by_principal_id" : "5bab281f1cb2047f12ba",
    "modified_by_principal_domain_id" : "default",
    "edited_on" : {
      "timestamp" : "14-Feb-2019 15:32:59",
      "year" : 2019,
      "month" : 1,
      "day_of_month" : 14,
      "hour" : 15,
      "minute" : 32,
      "second" : 59,
      "millisecond" : 736,
      "ms" : 1550158379736,
      "iso_8601" : "2019-02-14T15:32:59Z"
    },
    "edited_by" : "admin",
    "edited_by_principal_id" : "5bab281f1cb2047f12ba",
    "edited_by_principal_domain_id" : "default"
  },
  "revision" : 32,
  "active" : true,
  "parents" : [ "31:6aba5c90d0b59a2836fe" ],
  "branch" : "4a11b3490f5cf2a8a2b7"
}