{
  "_doc" : "32:3cc534b3b9767a777a12",
  "_system" : {
    "created_on" : {
      "timestamp" : "20-Oct-2021 09:44:32",
      "year" : 2021,
      "month" : 9,
      "day_of_month" : 20,
      "hour" : 9,
      "minute" : 44,
      "second" : 32,
      "millisecond" : 101,
      "ms" : 1634737472101,
      "iso_8601" : "2021-10-20T09:44:32-04:00"
    },
    "created_by" : "admin",
    "created_by_principal_id" : "2a7c6669601b1ba4c958",
    "created_by_principal_domain_id" : "default",
    "modified_on" : {
      "timestamp" : "20-Oct-2021 09:44:32",
      "year" : 2021,
      "month" : 9,
      "day_of_month" : 20,
      "hour" : 9,
      "minute" : 44,
      "second" : 32,
      "millisecond" : 147,
      "ms" : 1634737472147,
      "iso_8601" : "2021-10-20T09:44:32-04:00"
    },
    "modified_by" : "admin",
    "modified_by_principal_id" : "2a7c6669601b1ba4c958",
    "modified_by_principal_domain_id" : "default",
    "edited_on" : {
      "timestamp" : "20-Oct-2021 09:44:32",
      "year" : 2021,
      "month" : 9,
      "day_of_month" : 20,
      "hour" : 9,
      "minute" : 44,
      "second" : 32,
      "millisecond" : 147,
      "ms" : 1634737472147,
      "iso_8601" : "2021-10-20T09:44:32-04:00"
    },
    "edited_by" : "admin",
    "edited_by_principal_id" : "2a7c6669601b1ba4c958",
    "edited_by_principal_domain_id" : "default"
  },
  "revision" : 32,
  "active" : true,
  "parents" : [ "31:e7eddf5e3b360c3b704f" ],
  "branch" : "c05d26b68d5e6c9699cf"
}