{
  "_doc" : "4:f7e7f6fc435745c53079",
  "_system" : {
    "created_on" : {
      "timestamp" : "31-Aug-2022 15:26:01",
      "year" : 2022,
      "month" : 7,
      "day_of_month" : 31,
      "hour" : 15,
      "minute" : 26,
      "second" : 1,
      "millisecond" : 923,
      "ms" : 1661959561923,
      "iso_8601" : "2022-08-31T15:26:01Z"
    },
    "created_by" : "admin",
    "created_by_principal_id" : "2f873756d87a4ad1befc",
    "created_by_principal_domain_id" : "default",
    "modified_on" : {
      "timestamp" : "31-Aug-2022 15:26:02",
      "year" : 2022,
      "month" : 7,
      "day_of_month" : 31,
      "hour" : 15,
      "minute" : 26,
      "second" : 2,
      "millisecond" : 51,
      "ms" : 1661959562051,
      "iso_8601" : "2022-08-31T15:26:02Z"
    },
    "modified_by" : "admin",
    "modified_by_principal_id" : "2f873756d87a4ad1befc",
    "modified_by_principal_domain_id" : "default",
    "edited_on" : {
      "timestamp" : "31-Aug-2022 15:26:02",
      "year" : 2022,
      "month" : 7,
      "day_of_month" : 31,
      "hour" : 15,
      "minute" : 26,
      "second" : 2,
      "millisecond" : 51,
      "ms" : 1661959562051,
      "iso_8601" : "2022-08-31T15:26:02Z"
    },
    "edited_by" : "admin",
    "edited_by_principal_id" : "2f873756d87a4ad1befc",
    "edited_by_principal_domain_id" : "default"
  },
  "revision" : 4,
  "active" : true,
  "parents" : [ "3:9f6c22dd4d45de7468d8" ],
  "branch" : "88810405bb84bac72aab"
}