{
  "_features" : {
    "f:relator" : {
      "propertyHolder" : "source",
      "propertyPath" : "/recommendations[0]",
      "active" : true
    },
    "f:audit" : { },
    "f:indexable" : { }
  },
  "source" : "be63ffb7cb604f9b8f5e",
  "source_type" : "store:book",
  "target" : "dcf3e1f4d3d74e4e93c7",
  "target_type" : "store:book",
  "directionality" : "DIRECTED",
  "_system" : {
    "deleted" : false,
    "changeset" : "54:dc05e432d7616ae982db",
    "created_on" : {
      "timestamp" : "31-Aug-2022 15:26:25",
      "year" : 2022,
      "month" : 7,
      "day_of_month" : 31,
      "hour" : 15,
      "minute" : 26,
      "second" : 25,
      "millisecond" : 994,
      "ms" : 1661959585994,
      "iso_8601" : "2022-08-31T15:26:25Z"
    },
    "created_by" : "admin",
    "created_by_principal_id" : "2f873756d87a4ad1befc",
    "created_by_principal_domain_id" : "default",
    "modified_on" : {
      "timestamp" : "31-Aug-2022 15:26:26",
      "year" : 2022,
      "month" : 7,
      "day_of_month" : 31,
      "hour" : 15,
      "minute" : 26,
      "second" : 26,
      "millisecond" : 48,
      "ms" : 1661959586048,
      "iso_8601" : "2022-08-31T15:26:26Z"
    },
    "modified_by" : "admin",
    "modified_by_principal_id" : "2f873756d87a4ad1befc",
    "modified_by_principal_domain_id" : "default",
    "edited_on" : {
      "timestamp" : "31-Aug-2022 15:26:26",
      "year" : 2022,
      "month" : 7,
      "day_of_month" : 31,
      "hour" : 15,
      "minute" : 26,
      "second" : 26,
      "millisecond" : 48,
      "ms" : 1661959586048,
      "iso_8601" : "2022-08-31T15:26:26Z"
    },
    "edited_by" : "admin",
    "edited_by_principal_id" : "2f873756d87a4ad1befc",
    "rev" : 54,
    "branch" : "88810405bb84bac72aab",
    "_op" : "create",
    "edited_by_principal_domain_id" : "default"
  },
  "_doc" : "9003323e92a5f01de454",
  "_qname" : "o:9003323e92a5f01de454",
  "_type" : "store:suggests"
}