{
  "type" : "UPDATE",
  "timestamp" : {
    "timestamp" : "24-Aug-2022 16:08:44",
    "year" : 2022,
    "month" : 7,
    "day_of_month" : 24,
    "hour" : 16,
    "minute" : 8,
    "second" : 44,
    "millisecond" : 390,
    "ms" : 1661357324390,
    "iso_8601" : "2022-08-24T16:08:44Z"
  },
  "userDomainId" : "default",
  "userId" : "fda4fc3b0ff3e7838fbe",
  "userTitle" : "admin",
  "userName" : "admin",
  "objectDatastoreTypeId" : "repository",
  "objectDatastoreId" : "be7d4afe10e21f420374",
  "objectDatastoreTitle" : "Sample Project 'content' repository",
  "objectId" : "7a5e5955f49c20a9b312",
  "objectTypeId" : "branch",
  "objectTitle" : "master",
  "stackId" : "0a7fc8e20274200ad031",
  "projectId" : "bf7b27842892908c8ade",
  "projectTitle" : "Sample Project",
  "_system" : {
    "created_on" : {
      "timestamp" : "24-Aug-2022 16:08:44",
      "year" : 2022,
      "month" : 7,
      "day_of_month" : 24,
      "hour" : 16,
      "minute" : 8,
      "second" : 44,
      "millisecond" : 393,
      "ms" : 1661357324393,
      "iso_8601" : "2022-08-24T16:08:44Z"
    },
    "created_by" : "admin",
    "created_by_principal_id" : "fda4fc3b0ff3e7838fbe",
    "created_by_principal_domain_id" : "default",
    "modified_on" : {
      "timestamp" : "24-Aug-2022 16:08:44",
      "year" : 2022,
      "month" : 7,
      "day_of_month" : 24,
      "hour" : 16,
      "minute" : 8,
      "second" : 44,
      "millisecond" : 393,
      "ms" : 1661357324393,
      "iso_8601" : "2022-08-24T16:08:44Z"
    },
    "modified_by" : "admin",
    "modified_by_principal_id" : "fda4fc3b0ff3e7838fbe",
    "modified_by_principal_domain_id" : "default",
    "edited_on" : {
      "timestamp" : "24-Aug-2022 16:08:44",
      "year" : 2022,
      "month" : 7,
      "day_of_month" : 24,
      "hour" : 16,
      "minute" : 8,
      "second" : 44,
      "millisecond" : 393,
      "ms" : 1661357324393,
      "iso_8601" : "2022-08-24T16:08:44Z"
    },
    "edited_by" : "admin",
    "edited_by_principal_id" : "fda4fc3b0ff3e7838fbe",
    "edited_by_principal_domain_id" : "default"
  },
  "_doc" : "4e5fe1fcd323ab69696a"
}