{
  "_features" : {
    "f:relator" : {
      "propertyHolder" : "source",
      "propertyPath" : "/recommendations[1]",
      "active" : true
    },
    "f:audit" : { },
    "f:indexable" : { }
  },
  "source" : "bc2c26cd68e44df58e92",
  "source_type" : "store:book",
  "target" : "d836de4610ba4d0aa124",
  "target_type" : "store:book",
  "directionality" : "DIRECTED",
  "_system" : {
    "deleted" : false,
    "changeset" : "34:fa54c6b00340f9bda86e",
    "created_on" : {
      "timestamp" : "20-Oct-2021 09:44:32",
      "year" : 2021,
      "month" : 9,
      "day_of_month" : 20,
      "hour" : 9,
      "minute" : 44,
      "second" : 32,
      "millisecond" : 742,
      "ms" : 1634737472742,
      "iso_8601" : "2021-10-20T09:44:32-04:00"
    },
    "created_by" : "admin",
    "created_by_principal_id" : "2a7c6669601b1ba4c958",
    "created_by_principal_domain_id" : "default",
    "modified_on" : {
      "timestamp" : "20-Oct-2021 09:44:32",
      "year" : 2021,
      "month" : 9,
      "day_of_month" : 20,
      "hour" : 9,
      "minute" : 44,
      "second" : 32,
      "millisecond" : 810,
      "ms" : 1634737472810,
      "iso_8601" : "2021-10-20T09:44:32-04:00"
    },
    "modified_by" : "admin",
    "modified_by_principal_id" : "2a7c6669601b1ba4c958",
    "modified_by_principal_domain_id" : "default",
    "edited_on" : {
      "timestamp" : "20-Oct-2021 09:44:32",
      "year" : 2021,
      "month" : 9,
      "day_of_month" : 20,
      "hour" : 9,
      "minute" : 44,
      "second" : 32,
      "millisecond" : 810,
      "ms" : 1634737472810,
      "iso_8601" : "2021-10-20T09:44:32-04:00"
    },
    "edited_by" : "admin",
    "edited_by_principal_id" : "2a7c6669601b1ba4c958",
    "edited_by_principal_domain_id" : "default",
    "rev" : 34,
    "branch" : "c05d26b68d5e6c9699cf",
    "_op" : "create"
  },
  "_doc" : "ccbc556af60504ef4738",
  "_qname" : "o:ccbc556af60504ef4738",
  "_type" : "store:suggests"
}