{
  "teamableObjectTypeId" : "stack",
  "teamableObjectId" : "0798cc01477f08623c21",
  "key" : "project-owners-team",
  "groupId" : "7c0e62c7a805da133164",
  "groupDomainId" : "e923dd740a03ee3f2447",
  "roleKeys" : [ "owner" ],
  "title" : "Project Owners",
  "description" : "Project Owners Team",
  "_system" : {
    "created_on" : {
      "timestamp" : "21-Jan-2021 16:22:15",
      "year" : 2021,
      "month" : 0,
      "day_of_month" : 21,
      "hour" : 16,
      "minute" : 22,
      "second" : 15,
      "millisecond" : 4,
      "ms" : 1611264135004,
      "iso_8601" : "2021-01-21T16:22:15-05:00"
    },
    "created_by" : "admin",
    "created_by_principal_id" : "8df8c30d1c2f95496937",
    "created_by_principal_domain_id" : "default",
    "modified_on" : {
      "timestamp" : "21-Jan-2021 16:22:15",
      "year" : 2021,
      "month" : 0,
      "day_of_month" : 21,
      "hour" : 16,
      "minute" : 22,
      "second" : 15,
      "millisecond" : 4,
      "ms" : 1611264135004,
      "iso_8601" : "2021-01-21T16:22:15-05:00"
    },
    "modified_by" : "admin",
    "modified_by_principal_id" : "8df8c30d1c2f95496937",
    "modified_by_principal_domain_id" : "default",
    "edited_on" : {
      "timestamp" : "21-Jan-2021 16:22:15",
      "year" : 2021,
      "month" : 0,
      "day_of_month" : 21,
      "hour" : 16,
      "minute" : 22,
      "second" : 15,
      "millisecond" : 4,
      "ms" : 1611264135004,
      "iso_8601" : "2021-01-21T16:22:15-05:00"
    },
    "edited_by" : "admin",
    "edited_by_principal_id" : "8df8c30d1c2f95496937",
    "edited_by_principal_domain_id" : "default"
  },
  "_doc" : "36c9e95d043b9bef632a"
}