{
  "title" : "Guide City",
  "_qname" : "guide:city",
  "_type" : "d:type",
  "type" : "object",
  "properties" : {
    "title" : {
      "type" : "string",
      "title" : "Title"
    },
    "summary" : {
      "type" : "string",
      "title" : "Summary"
    },
    "body" : {
      "type" : "string",
      "title" : "Body"
    },
    "state" : {
      "type" : "string",
      "title" : "State"
    },
    "loc" : {
      "type" : "object",
      "title" : "Location",
      "properties" : {
        "latitude" : {
          "type" : "number",
          "title" : "Latitude"
        },
        "longitude" : {
          "type" : "number",
          "title" : "Longitude"
        }
      }
    },
    "highlights" : {
      "type" : "array",
      "items" : {
        "type" : "string"
      },
      "title" : "Highlights"
    },
    "testimonials" : {
      "type" : "array",
      "items" : {
        "type" : "object",
        "properties" : {
          "text" : {
            "type" : "string",
            "title" : "Text"
          },
          "author" : {
            "type" : "string",
            "title" : "Author"
          }
        }
      },
      "title" : "Testimonials"
    }
  },
  "_doc" : "4ff612aa273860ab6b0f",
  "_system" : {
    "deleted" : false,
    "changeset" : "65:45b37126726e44f5db28",
    "created_on" : {
      "timestamp" : "14-Feb-2019 15:33:08",
      "year" : 2019,
      "month" : 1,
      "day_of_month" : 14,
      "hour" : 15,
      "minute" : 33,
      "second" : 8,
      "millisecond" : 605,
      "ms" : 1550158388605,
      "iso_8601" : "2019-02-14T15:33:08Z"
    },
    "created_by" : "admin",
    "created_by_principal_id" : "5bab281f1cb2047f12ba",
    "created_by_principal_domain_id" : "default",
    "modified_on" : {
      "timestamp" : "14-Feb-2019 15:33:08",
      "year" : 2019,
      "month" : 1,
      "day_of_month" : 14,
      "hour" : 15,
      "minute" : 33,
      "second" : 8,
      "millisecond" : 631,
      "ms" : 1550158388631,
      "iso_8601" : "2019-02-14T15:33:08Z"
    },
    "modified_by" : "admin",
    "modified_by_principal_id" : "5bab281f1cb2047f12ba",
    "modified_by_principal_domain_id" : "default",
    "edited_on" : {
      "timestamp" : "14-Feb-2019 15:33:08",
      "year" : 2019,
      "month" : 1,
      "day_of_month" : 14,
      "hour" : 15,
      "minute" : 33,
      "second" : 8,
      "millisecond" : 631,
      "ms" : 1550158388631,
      "iso_8601" : "2019-02-14T15:33:08Z"
    },
    "edited_by" : "admin",
    "edited_by_principal_id" : "5bab281f1cb2047f12ba",
    "edited_by_principal_domain_id" : "default"
  },
  "_parent" : "n:node"
}