{
  "name" : "team_platform_66b2c66f83966dedf452_consumers",
  "type" : "GROUP",
  "_system" : {
    "created_on" : {
      "timestamp" : "21-Jan-2021 16:16:48",
      "year" : 2021,
      "month" : 0,
      "day_of_month" : 21,
      "hour" : 16,
      "minute" : 16,
      "second" : 48,
      "millisecond" : 873,
      "ms" : 1611263808873,
      "iso_8601" : "2021-01-21T16:16:48-05:00"
    },
    "created_by" : "system",
    "created_by_principal_id" : "system",
    "created_by_principal_domain_id" : null,
    "modified_on" : {
      "timestamp" : "21-Jan-2021 16:16:48",
      "year" : 2021,
      "month" : 0,
      "day_of_month" : 21,
      "hour" : 16,
      "minute" : 16,
      "second" : 48,
      "millisecond" : 897,
      "ms" : 1611263808897,
      "iso_8601" : "2021-01-21T16:16:48-05:00"
    },
    "modified_by" : "system",
    "modified_by_principal_id" : "system",
    "modified_by_principal_domain_id" : null,
    "edited_on" : {
      "timestamp" : "21-Jan-2021 16:16:48",
      "year" : 2021,
      "month" : 0,
      "day_of_month" : 21,
      "hour" : 16,
      "minute" : 16,
      "second" : 48,
      "millisecond" : 873,
      "ms" : 1611263808873,
      "iso_8601" : "2021-01-21T16:16:48-05:00"
    },
    "edited_by" : "system",
    "edited_by_principal_id" : "system",
    "edited_by_principal_domain_id" : null
  },
  "_doc" : "ee6f2d2f271d4b677326",
  "title" : "Group for Consumers",
  "teamGroup" : true,
  "teamableTypeId" : "platform",
  "teamableId" : "66b2c66f83966dedf452",
  "teamKey" : "consumers"
}