{
  "_doc" : "16:8282856d2b8f24d84b2c",
  "_system" : {
    "created_on" : {
      "timestamp" : "20-Oct-2021 09:34:18",
      "year" : 2021,
      "month" : 9,
      "day_of_month" : 20,
      "hour" : 9,
      "minute" : 34,
      "second" : 18,
      "millisecond" : 202,
      "ms" : 1634736858202,
      "iso_8601" : "2021-10-20T09:34:18-04:00"
    },
    "created_by" : "admin",
    "created_by_principal_id" : "2a7c6669601b1ba4c958",
    "created_by_principal_domain_id" : "default",
    "modified_on" : {
      "timestamp" : "20-Oct-2021 09:34:18",
      "year" : 2021,
      "month" : 9,
      "day_of_month" : 20,
      "hour" : 9,
      "minute" : 34,
      "second" : 18,
      "millisecond" : 247,
      "ms" : 1634736858247,
      "iso_8601" : "2021-10-20T09:34:18-04:00"
    },
    "modified_by" : "admin",
    "modified_by_principal_id" : "2a7c6669601b1ba4c958",
    "modified_by_principal_domain_id" : "default",
    "edited_on" : {
      "timestamp" : "20-Oct-2021 09:34:18",
      "year" : 2021,
      "month" : 9,
      "day_of_month" : 20,
      "hour" : 9,
      "minute" : 34,
      "second" : 18,
      "millisecond" : 247,
      "ms" : 1634736858247,
      "iso_8601" : "2021-10-20T09:34:18-04:00"
    },
    "edited_by" : "admin",
    "edited_by_principal_id" : "2a7c6669601b1ba4c958",
    "edited_by_principal_domain_id" : "default"
  },
  "revision" : 16,
  "active" : true,
  "parents" : [ "15:7aba7b14f9b42217a05c" ],
  "branch" : "1ad06a3e9160fdc88c85"
}