{
  "teamableObjectTypeId" : "application",
  "teamableObjectId" : "036a5c08d1eb86d9ccfa",
  "key" : "owners",
  "groupId" : "49b0872f877897f4ecfc",
  "groupDomainId" : "e923dd740a03ee3f2447",
  "roleKeys" : [ "owner" ],
  "title" : "Owners",
  "description" : "Owners Team",
  "_system" : {
    "created_on" : {
      "timestamp" : "21-Jan-2021 16:22:18",
      "year" : 2021,
      "month" : 0,
      "day_of_month" : 21,
      "hour" : 16,
      "minute" : 22,
      "second" : 18,
      "millisecond" : 199,
      "ms" : 1611264138199,
      "iso_8601" : "2021-01-21T16:22:18-05:00"
    },
    "created_by" : "admin",
    "created_by_principal_id" : "8df8c30d1c2f95496937",
    "created_by_principal_domain_id" : "default",
    "modified_on" : {
      "timestamp" : "21-Jan-2021 16:22:18",
      "year" : 2021,
      "month" : 0,
      "day_of_month" : 21,
      "hour" : 16,
      "minute" : 22,
      "second" : 18,
      "millisecond" : 199,
      "ms" : 1611264138199,
      "iso_8601" : "2021-01-21T16:22:18-05:00"
    },
    "modified_by" : "admin",
    "modified_by_principal_id" : "8df8c30d1c2f95496937",
    "modified_by_principal_domain_id" : "default",
    "edited_on" : {
      "timestamp" : "21-Jan-2021 16:22:18",
      "year" : 2021,
      "month" : 0,
      "day_of_month" : 21,
      "hour" : 16,
      "minute" : 22,
      "second" : 18,
      "millisecond" : 199,
      "ms" : 1611264138199,
      "iso_8601" : "2021-01-21T16:22:18-05:00"
    },
    "edited_by" : "admin",
    "edited_by_principal_id" : "8df8c30d1c2f95496937",
    "edited_by_principal_domain_id" : "default"
  },
  "_doc" : "b048fabb5180347fecfc"
}