{
  "_system" : {
    "created_on" : {
      "timestamp" : "24-Aug-2022 16:08:33",
      "year" : 2022,
      "month" : 7,
      "day_of_month" : 24,
      "hour" : 16,
      "minute" : 8,
      "second" : 33,
      "millisecond" : 264,
      "ms" : 1661357313264,
      "iso_8601" : "2022-08-24T16:08:33Z"
    },
    "created_by" : "admin",
    "created_by_principal_id" : "fda4fc3b0ff3e7838fbe",
    "created_by_principal_domain_id" : "default",
    "modified_on" : {
      "timestamp" : "24-Aug-2022 16:08:33",
      "year" : 2022,
      "month" : 7,
      "day_of_month" : 24,
      "hour" : 16,
      "minute" : 8,
      "second" : 33,
      "millisecond" : 264,
      "ms" : 1661357313264,
      "iso_8601" : "2022-08-24T16:08:33Z"
    },
    "modified_by" : "admin",
    "modified_by_principal_id" : "fda4fc3b0ff3e7838fbe",
    "modified_by_principal_domain_id" : "default",
    "edited_on" : {
      "timestamp" : "24-Aug-2022 16:08:33",
      "year" : 2022,
      "month" : 7,
      "day_of_month" : 24,
      "hour" : 16,
      "minute" : 8,
      "second" : 33,
      "millisecond" : 264,
      "ms" : 1661357313264,
      "iso_8601" : "2022-08-24T16:08:33Z"
    },
    "edited_by" : "admin",
    "edited_by_principal_id" : "fda4fc3b0ff3e7838fbe",
    "edited_by_principal_domain_id" : "default"
  },
  "_doc" : "733ac1396e3d511b259c",
  "principal-id" : "9967a6e5710323257e35",
  "principal-type" : "USER",
  "group-domain-id" : "6ab076a8ff638e45ee3f",
  "group-id" : "1fd74243f52d2dc7aa6a"
}