{
  "permissioned" : "5c5d873b44404cc3c875",
  "principal" : "8726dae5b70450ca33cc",
  "authority" : "connector",
  "domain" : "default",
  "_system" : {
    "created_on" : {
      "timestamp" : "17-Nov-2021 09:27:35",
      "year" : 2021,
      "month" : 10,
      "day_of_month" : 17,
      "hour" : 9,
      "minute" : 27,
      "second" : 35,
      "millisecond" : 86,
      "ms" : 1637159255086,
      "iso_8601" : "2021-11-17T09:27:35-05:00"
    },
    "created_by" : "admin",
    "created_by_principal_id" : "4dbc7eeadc99359ba687",
    "created_by_principal_domain_id" : "default",
    "modified_on" : {
      "timestamp" : "17-Nov-2021 09:27:35",
      "year" : 2021,
      "month" : 10,
      "day_of_month" : 17,
      "hour" : 9,
      "minute" : 27,
      "second" : 35,
      "millisecond" : 86,
      "ms" : 1637159255086,
      "iso_8601" : "2021-11-17T09:27:35-05:00"
    },
    "modified_by" : "admin",
    "modified_by_principal_id" : "4dbc7eeadc99359ba687",
    "modified_by_principal_domain_id" : "default",
    "edited_on" : {
      "timestamp" : "17-Nov-2021 09:27:35",
      "year" : 2021,
      "month" : 10,
      "day_of_month" : 17,
      "hour" : 9,
      "minute" : 27,
      "second" : 35,
      "millisecond" : 86,
      "ms" : 1637159255086,
      "iso_8601" : "2021-11-17T09:27:35-05:00"
    },
    "edited_by" : "admin",
    "edited_by_principal_id" : "4dbc7eeadc99359ba687",
    "edited_by_principal_domain_id" : "default"
  },
  "_doc" : "48219c4f3f5d55ef959b"
}