{
  "_features" : {
    "f:relator" : {
      "propertyHolder" : "source",
      "propertyPath" : "/recommendations[0]",
      "active" : true
    },
    "f:audit" : { },
    "f:indexable" : { }
  },
  "source" : "b132edbe508241dbbdbd",
  "source_type" : "store:book",
  "target" : "ea6eda4015f4473ea256",
  "target_type" : "store:book",
  "directionality" : "DIRECTED",
  "_system" : {
    "deleted" : false,
    "changeset" : "25:9ce21a0b93b22d2c0ea0",
    "created_on" : {
      "timestamp" : "19-Nov-2021 17:36:52",
      "year" : 2021,
      "month" : 10,
      "day_of_month" : 19,
      "hour" : 17,
      "minute" : 36,
      "second" : 52,
      "millisecond" : 754,
      "ms" : 1637361412754,
      "iso_8601" : "2021-11-19T17:36:52-05:00"
    },
    "created_by" : "admin",
    "created_by_principal_id" : "e319a2cd626b671ba7f7",
    "created_by_principal_domain_id" : "default",
    "modified_on" : {
      "timestamp" : "19-Nov-2021 17:36:52",
      "year" : 2021,
      "month" : 10,
      "day_of_month" : 19,
      "hour" : 17,
      "minute" : 36,
      "second" : 52,
      "millisecond" : 817,
      "ms" : 1637361412817,
      "iso_8601" : "2021-11-19T17:36:52-05:00"
    },
    "modified_by" : "admin",
    "modified_by_principal_id" : "e319a2cd626b671ba7f7",
    "modified_by_principal_domain_id" : "default",
    "edited_on" : {
      "timestamp" : "19-Nov-2021 17:36:52",
      "year" : 2021,
      "month" : 10,
      "day_of_month" : 19,
      "hour" : 17,
      "minute" : 36,
      "second" : 52,
      "millisecond" : 817,
      "ms" : 1637361412817,
      "iso_8601" : "2021-11-19T17:36:52-05:00"
    },
    "edited_by" : "admin",
    "edited_by_principal_id" : "e319a2cd626b671ba7f7",
    "edited_by_principal_domain_id" : "default",
    "rev" : 25,
    "branch" : "187193302a18db2eb328",
    "_op" : "create"
  },
  "_doc" : "7aa31db7bb66cb979124",
  "_qname" : "o:7aa31db7bb66cb979124",
  "_type" : "store:suggests"
}