{
  "_doc" : "19:4de4f82ffd3762c26e5b",
  "_system" : {
    "created_on" : {
      "timestamp" : "14-Feb-2019 15:32:50",
      "year" : 2019,
      "month" : 1,
      "day_of_month" : 14,
      "hour" : 15,
      "minute" : 32,
      "second" : 50,
      "millisecond" : 172,
      "ms" : 1550158370172,
      "iso_8601" : "2019-02-14T15:32:50Z"
    },
    "created_by" : "admin",
    "created_by_principal_id" : "5bab281f1cb2047f12ba",
    "created_by_principal_domain_id" : "default",
    "modified_on" : {
      "timestamp" : "14-Feb-2019 15:32:51",
      "year" : 2019,
      "month" : 1,
      "day_of_month" : 14,
      "hour" : 15,
      "minute" : 32,
      "second" : 51,
      "millisecond" : 272,
      "ms" : 1550158371272,
      "iso_8601" : "2019-02-14T15:32:51Z"
    },
    "modified_by" : "admin",
    "modified_by_principal_id" : "5bab281f1cb2047f12ba",
    "modified_by_principal_domain_id" : "default",
    "edited_on" : {
      "timestamp" : "14-Feb-2019 15:32:51",
      "year" : 2019,
      "month" : 1,
      "day_of_month" : 14,
      "hour" : 15,
      "minute" : 32,
      "second" : 51,
      "millisecond" : 272,
      "ms" : 1550158371272,
      "iso_8601" : "2019-02-14T15:32:51Z"
    },
    "edited_by" : "admin",
    "edited_by_principal_id" : "5bab281f1cb2047f12ba",
    "edited_by_principal_domain_id" : "default"
  },
  "revision" : 19,
  "active" : true,
  "parents" : [ "18:f1980a971b29149bc607" ],
  "branch" : "4a11b3490f5cf2a8a2b7"
}