{
  "_doc" : "821c40ab613d9b5bcbbc656b62229303",
  "_type" : "n:node",
  "_qname" : "r:users",
  "type" : "object",
  "title" : "Users",
  "description" : "Users",
  "_features" : {
    "f:container" : { },
    "f:audit" : { },
    "f:titled" : { },
    "f:filename" : { },
    "f:geolocation" : { },
    "f:indexable" : { }
  },
  "systemBootstrapped" : true,
  "_system" : {
    "deleted" : false,
    "changeset" : "0:root",
    "created_on" : {
      "timestamp" : "19-Nov-2021 22:40:59",
      "year" : 2021,
      "month" : 10,
      "day_of_month" : 19,
      "hour" : 22,
      "minute" : 40,
      "second" : 59,
      "millisecond" : 829,
      "ms" : 1637379659829,
      "iso_8601" : "2021-11-19T22:40:59-05:00"
    },
    "created_by" : "admin",
    "created_by_principal_id" : "e319a2cd626b671ba7f7",
    "created_by_principal_domain_id" : "default",
    "modified_on" : {
      "timestamp" : "19-Nov-2021 22:40:59",
      "year" : 2021,
      "month" : 10,
      "day_of_month" : 19,
      "hour" : 22,
      "minute" : 40,
      "second" : 59,
      "millisecond" : 862,
      "ms" : 1637379659862,
      "iso_8601" : "2021-11-19T22:40:59-05:00"
    },
    "modified_by" : "admin",
    "modified_by_principal_id" : "e319a2cd626b671ba7f7",
    "modified_by_principal_domain_id" : "default",
    "edited_on" : {
      "timestamp" : "19-Nov-2021 22:40:59",
      "year" : 2021,
      "month" : 10,
      "day_of_month" : 19,
      "hour" : 22,
      "minute" : 40,
      "second" : 59,
      "millisecond" : 862,
      "ms" : 1637379659862,
      "iso_8601" : "2021-11-19T22:40:59-05:00"
    },
    "edited_by" : "admin",
    "edited_by_principal_id" : "e319a2cd626b671ba7f7",
    "edited_by_principal_domain_id" : "default",
    "rev" : 0,
    "branch" : "d13c41461bea0e1eaef1",
    "_op" : "create"
  }
}