{
  "_doc" : "8:576f9024452621c89437",
  "_system" : {
    "created_on" : {
      "timestamp" : "14-Feb-2019 15:32:44",
      "year" : 2019,
      "month" : 1,
      "day_of_month" : 14,
      "hour" : 15,
      "minute" : 32,
      "second" : 44,
      "millisecond" : 847,
      "ms" : 1550158364847,
      "iso_8601" : "2019-02-14T15:32:44Z"
    },
    "created_by" : "admin",
    "created_by_principal_id" : "5bab281f1cb2047f12ba",
    "created_by_principal_domain_id" : "default",
    "modified_on" : {
      "timestamp" : "14-Feb-2019 15:32:45",
      "year" : 2019,
      "month" : 1,
      "day_of_month" : 14,
      "hour" : 15,
      "minute" : 32,
      "second" : 45,
      "millisecond" : 99,
      "ms" : 1550158365099,
      "iso_8601" : "2019-02-14T15:32:45Z"
    },
    "modified_by" : "admin",
    "modified_by_principal_id" : "5bab281f1cb2047f12ba",
    "modified_by_principal_domain_id" : "default",
    "edited_on" : {
      "timestamp" : "14-Feb-2019 15:32:45",
      "year" : 2019,
      "month" : 1,
      "day_of_month" : 14,
      "hour" : 15,
      "minute" : 32,
      "second" : 45,
      "millisecond" : 99,
      "ms" : 1550158365099,
      "iso_8601" : "2019-02-14T15:32:45Z"
    },
    "edited_by" : "admin",
    "edited_by_principal_id" : "5bab281f1cb2047f12ba",
    "edited_by_principal_domain_id" : "default"
  },
  "revision" : 8,
  "active" : true,
  "parents" : [ "7:cdb8a4ac22f2feeabf0b" ],
  "branch" : "4a11b3490f5cf2a8a2b7"
}