{
  "_type" : "catalog:product",
  "title" : "Tango Mango",
  "sku" : "Tango Mango SKU",
  "headline" : "Any fruit that rhymes with tango can't help but be perfect to be in, on and around a cupcake.",
  "summary" : "Cupcakes are not just for dessert anymore. Cupcakes are great for any occasion. And with Tango Mango cupcakes you can take your event to the next level of delicious",
  "body" : "This inventive cupcake has two pureed mangoes in the batter, along with a helping of chopped macadamia nuts. If you aren't sold on that alone, then the rum cream cheese frosting should convince you! Oh yes, that's perfection.",
  "price" : 4.29,
  "categories" : [ "holidays" ],
  "_system" : {
    "deleted" : false,
    "changeset" : "0:root",
    "modified_on" : {
      "timestamp" : "19-Apr-2019 20:08:35",
      "year" : 2019,
      "month" : 3,
      "day_of_month" : 19,
      "hour" : 20,
      "minute" : 8,
      "second" : 35,
      "millisecond" : 619,
      "ms" : 1555704515619,
      "iso_8601" : "2019-04-19T20:08:35Z"
    },
    "modified_by" : "admin",
    "modified_by_principal_id" : "74004ce2e8561e763ac4",
    "modified_by_principal_domain_id" : "default",
    "edited_on" : {
      "timestamp" : "19-Apr-2019 20:08:35",
      "year" : 2019,
      "month" : 3,
      "day_of_month" : 19,
      "hour" : 20,
      "minute" : 8,
      "second" : 35,
      "millisecond" : 619,
      "ms" : 1555704515619,
      "iso_8601" : "2019-04-19T20:08:35Z"
    },
    "edited_by" : "admin",
    "edited_by_principal_id" : "74004ce2e8561e763ac4",
    "edited_by_principal_domain_id" : "default",
    "attachments" : {
      "default" : {
        "contentType" : "image/jpeg",
        "length" : 285969,
        "objectId" : "attachment_93488574aed20b98c80c_013fa2f791db7c5cf57d",
        "filename" : "default.jpg"
      }
    },
    "created_on" : {
      "timestamp" : "19-Apr-2019 20:08:35",
      "year" : 2019,
      "month" : 3,
      "day_of_month" : 19,
      "hour" : 20,
      "minute" : 8,
      "second" : 35,
      "millisecond" : 619,
      "ms" : 1555704515619,
      "iso_8601" : "2019-04-19T20:08:35Z"
    },
    "created_by" : "admin",
    "created_by_principal_id" : "74004ce2e8561e763ac4",
    "created_by_principal_domain_id" : "default"
  },
  "_qname" : "o:93488574aed20b98c80c",
  "_features" : {
    "f:audit" : { },
    "f:titled" : { },
    "f:filename" : {
      "filename" : "Tango_Mango"
    },
    "f:geolocation" : { },
    "f:indexable" : { }
  },
  "_doc" : "93488574aed20b98c80c"
}