{
  "_type" : "n:email_template",
  "_system" : {
    "deleted" : false,
    "changeset" : "7:794d2124c69c3b15831b",
    "created_on" : {
      "timestamp" : "15-Nov-2021 14:53:46",
      "year" : 2021,
      "month" : 10,
      "day_of_month" : 15,
      "hour" : 14,
      "minute" : 53,
      "second" : 46,
      "millisecond" : 959,
      "ms" : 1637006026959,
      "iso_8601" : "2021-11-15T14:53:46-05:00"
    },
    "created_by" : "admin",
    "created_by_principal_id" : "b9ed9753748864134424",
    "created_by_principal_domain_id" : "default",
    "modified_on" : {
      "timestamp" : "15-Nov-2021 14:53:47",
      "year" : 2021,
      "month" : 10,
      "day_of_month" : 15,
      "hour" : 14,
      "minute" : 53,
      "second" : 47,
      "millisecond" : 69,
      "ms" : 1637006027069,
      "iso_8601" : "2021-11-15T14:53:47-05:00"
    },
    "modified_by" : "admin",
    "modified_by_principal_id" : "b9ed9753748864134424",
    "modified_by_principal_domain_id" : "default",
    "edited_on" : {
      "timestamp" : "15-Nov-2021 14:53:47",
      "year" : 2021,
      "month" : 10,
      "day_of_month" : 15,
      "hour" : 14,
      "minute" : 53,
      "second" : 47,
      "millisecond" : 69,
      "ms" : 1637006027069,
      "iso_8601" : "2021-11-15T14:53:47-05:00"
    },
    "edited_by" : "admin",
    "edited_by_principal_id" : "b9ed9753748864134424",
    "edited_by_principal_domain_id" : "default",
    "rev" : 7,
    "branch" : "cdcfc25b8b052c9d2586",
    "_op" : "create",
    "attachments" : {
      "default" : {
        "contentType" : "application/freemarker",
        "length" : 422,
        "objectId" : "attachment_3ae83c0e7e57ecd860f9_e2e21ea87569e2734087",
        "filename" : "default"
      }
    }
  },
  "_doc" : "3ae83c0e7e57ecd860f9",
  "_qname" : "o:3ae83c0e7e57ecd860f9",
  "_features" : {
    "f:audit" : { },
    "f:titled" : { },
    "f:filename" : {
      "filename" : "Invite+User+-+Confirmation+Email+Template"
    },
    "f:geolocation" : { },
    "f:indexable" : { }
  },
  "title" : "Invite User - Confirmation Email Template"
}