{
  "_doc" : "20:902ce5ca017500e22ef5",
  "_system" : {
    "created_on" : {
      "timestamp" : "14-Feb-2019 15:32:51",
      "year" : 2019,
      "month" : 1,
      "day_of_month" : 14,
      "hour" : 15,
      "minute" : 32,
      "second" : 51,
      "millisecond" : 423,
      "ms" : 1550158371423,
      "iso_8601" : "2019-02-14T15:32:51Z"
    },
    "created_by" : "admin",
    "created_by_principal_id" : "5bab281f1cb2047f12ba",
    "created_by_principal_domain_id" : "default",
    "modified_on" : {
      "timestamp" : "14-Feb-2019 15:32:51",
      "year" : 2019,
      "month" : 1,
      "day_of_month" : 14,
      "hour" : 15,
      "minute" : 32,
      "second" : 51,
      "millisecond" : 934,
      "ms" : 1550158371934,
      "iso_8601" : "2019-02-14T15:32:51Z"
    },
    "modified_by" : "admin",
    "modified_by_principal_id" : "5bab281f1cb2047f12ba",
    "modified_by_principal_domain_id" : "default",
    "edited_on" : {
      "timestamp" : "14-Feb-2019 15:32:51",
      "year" : 2019,
      "month" : 1,
      "day_of_month" : 14,
      "hour" : 15,
      "minute" : 32,
      "second" : 51,
      "millisecond" : 934,
      "ms" : 1550158371934,
      "iso_8601" : "2019-02-14T15:32:51Z"
    },
    "edited_by" : "admin",
    "edited_by_principal_id" : "5bab281f1cb2047f12ba",
    "edited_by_principal_domain_id" : "default"
  },
  "revision" : 20,
  "active" : true,
  "parents" : [ "19:4de4f82ffd3762c26e5b" ],
  "branch" : "4a11b3490f5cf2a8a2b7"
}