{
  "name" : "team_stack_2a6f21129e6ef2503f16_project-users-team",
  "type" : "GROUP",
  "_system" : {
    "created_on" : {
      "timestamp" : "31-Aug-2022 15:26:01",
      "year" : 2022,
      "month" : 7,
      "day_of_month" : 31,
      "hour" : 15,
      "minute" : 26,
      "second" : 1,
      "millisecond" : 3,
      "ms" : 1661959561003,
      "iso_8601" : "2022-08-31T15:26:01Z"
    },
    "created_by" : "admin",
    "created_by_principal_id" : "2f873756d87a4ad1befc",
    "created_by_principal_domain_id" : "default",
    "modified_on" : {
      "timestamp" : "31-Aug-2022 15:26:01",
      "year" : 2022,
      "month" : 7,
      "day_of_month" : 31,
      "hour" : 15,
      "minute" : 26,
      "second" : 1,
      "millisecond" : 29,
      "ms" : 1661959561029,
      "iso_8601" : "2022-08-31T15:26:01Z"
    },
    "modified_by" : "admin",
    "modified_by_principal_id" : "2f873756d87a4ad1befc",
    "modified_by_principal_domain_id" : "default",
    "edited_on" : {
      "timestamp" : "31-Aug-2022 15:26:01",
      "year" : 2022,
      "month" : 7,
      "day_of_month" : 31,
      "hour" : 15,
      "minute" : 26,
      "second" : 1,
      "millisecond" : 29,
      "ms" : 1661959561029,
      "iso_8601" : "2022-08-31T15:26:01Z"
    },
    "edited_by" : "admin",
    "edited_by_principal_id" : "2f873756d87a4ad1befc",
    "edited_by_principal_domain_id" : "default"
  },
  "_doc" : "f2138dcec326ff4aa39b",
  "title" : "Group for Project Users",
  "teamGroup" : true,
  "teamableTypeId" : "stack",
  "teamableId" : "2a6f21129e6ef2503f16",
  "teamKey" : "project-users-team"
}