{
  "_system" : {
    "deleted" : false,
    "changeset" : "2:642386ff42d47b8cb2f4",
    "created_on" : {
      "timestamp" : "20-Oct-2021 14:37:18",
      "year" : 2021,
      "month" : 9,
      "day_of_month" : 20,
      "hour" : 14,
      "minute" : 37,
      "second" : 18,
      "millisecond" : 628,
      "ms" : 1634755038628,
      "iso_8601" : "2021-10-20T14:37:18-04:00"
    },
    "created_by" : "admin",
    "created_by_principal_id" : "b4d6c22caee99692904d",
    "created_by_principal_domain_id" : "default",
    "modified_on" : {
      "timestamp" : "20-Oct-2021 14:37:18",
      "year" : 2021,
      "month" : 9,
      "day_of_month" : 20,
      "hour" : 14,
      "minute" : 37,
      "second" : 18,
      "millisecond" : 650,
      "ms" : 1634755038650,
      "iso_8601" : "2021-10-20T14:37:18-04:00"
    },
    "modified_by" : "admin",
    "modified_by_principal_id" : "b4d6c22caee99692904d",
    "modified_by_principal_domain_id" : "default",
    "edited_on" : {
      "timestamp" : "20-Oct-2021 14:37:18",
      "year" : 2021,
      "month" : 9,
      "day_of_month" : 20,
      "hour" : 14,
      "minute" : 37,
      "second" : 18,
      "millisecond" : 650,
      "ms" : 1634755038650,
      "iso_8601" : "2021-10-20T14:37:18-04:00"
    },
    "edited_by" : "admin",
    "edited_by_principal_id" : "b4d6c22caee99692904d",
    "edited_by_principal_domain_id" : "default",
    "rev" : 2,
    "branch" : "4375d1eb9094255abf40",
    "_op" : "create"
  },
  "_doc" : "0ba4a5703df0889773ee",
  "_qname" : "o:0ba4a5703df0889773ee",
  "_type" : "n:node",
  "_features" : {
    "f:audit" : { },
    "f:titled" : { },
    "f:filename" : {
      "filename" : "Theme"
    },
    "f:geolocation" : { },
    "f:indexable" : { },
    "f:container" : { }
  },
  "title" : "Theme"
}