{
  "_doc" : "72:d3f41d767dc2a104db84",
  "_system" : {
    "created_on" : {
      "timestamp" : "14-Feb-2019 15:33:12",
      "year" : 2019,
      "month" : 1,
      "day_of_month" : 14,
      "hour" : 15,
      "minute" : 33,
      "second" : 12,
      "millisecond" : 601,
      "ms" : 1550158392601,
      "iso_8601" : "2019-02-14T15:33:12Z"
    },
    "created_by" : "admin",
    "created_by_principal_id" : "5bab281f1cb2047f12ba",
    "created_by_principal_domain_id" : "default",
    "modified_on" : {
      "timestamp" : "14-Feb-2019 15:33:12",
      "year" : 2019,
      "month" : 1,
      "day_of_month" : 14,
      "hour" : 15,
      "minute" : 33,
      "second" : 12,
      "millisecond" : 731,
      "ms" : 1550158392731,
      "iso_8601" : "2019-02-14T15:33:12Z"
    },
    "modified_by" : "admin",
    "modified_by_principal_id" : "5bab281f1cb2047f12ba",
    "modified_by_principal_domain_id" : "default",
    "edited_on" : {
      "timestamp" : "14-Feb-2019 15:33:12",
      "year" : 2019,
      "month" : 1,
      "day_of_month" : 14,
      "hour" : 15,
      "minute" : 33,
      "second" : 12,
      "millisecond" : 731,
      "ms" : 1550158392731,
      "iso_8601" : "2019-02-14T15:33:12Z"
    },
    "edited_by" : "admin",
    "edited_by_principal_id" : "5bab281f1cb2047f12ba",
    "edited_by_principal_domain_id" : "default"
  },
  "revision" : 72,
  "active" : true,
  "parents" : [ "71:3b01f8b5e5f4c6b82d9b" ],
  "branch" : "4a11b3490f5cf2a8a2b7"
}