{
  "_doc" : "821c40ab613d9b5bcbbc656b6222930a",
  "_qname" : "a:has_form",
  "_type" : "d:association",
  "_parent" : "a:linked",
  "type" : "object",
  "title" : "Has Form",
  "description" : "A relationship identifying that a source node has a form defined by a target node",
  "properties" : { },
  "systemBootstrapped" : true,
  "_system" : {
    "deleted" : false,
    "changeset" : "0:root",
    "created_on" : {
      "timestamp" : "20-Oct-2021 14:37:16",
      "year" : 2021,
      "month" : 9,
      "day_of_month" : 20,
      "hour" : 14,
      "minute" : 37,
      "second" : 16,
      "millisecond" : 891,
      "ms" : 1634755036891,
      "iso_8601" : "2021-10-20T14:37:16-04:00"
    },
    "created_by" : "admin",
    "created_by_principal_id" : "b4d6c22caee99692904d",
    "created_by_principal_domain_id" : "default",
    "modified_on" : {
      "timestamp" : "20-Oct-2021 14:37:16",
      "year" : 2021,
      "month" : 9,
      "day_of_month" : 20,
      "hour" : 14,
      "minute" : 37,
      "second" : 16,
      "millisecond" : 926,
      "ms" : 1634755036926,
      "iso_8601" : "2021-10-20T14:37:16-04:00"
    },
    "modified_by" : "admin",
    "modified_by_principal_id" : "b4d6c22caee99692904d",
    "modified_by_principal_domain_id" : "default",
    "edited_on" : {
      "timestamp" : "20-Oct-2021 14:37:16",
      "year" : 2021,
      "month" : 9,
      "day_of_month" : 20,
      "hour" : 14,
      "minute" : 37,
      "second" : 16,
      "millisecond" : 926,
      "ms" : 1634755036926,
      "iso_8601" : "2021-10-20T14:37:16-04:00"
    },
    "edited_by" : "admin",
    "edited_by_principal_id" : "b4d6c22caee99692904d",
    "edited_by_principal_domain_id" : "default",
    "rev" : 0,
    "branch" : "4375d1eb9094255abf40",
    "_op" : "create"
  },
  "$schema" : "http://json-schema.org/draft-04/schema#"
}