{
  "_system" : {
    "deleted" : false,
    "changeset" : "1:9c61ee38ccd6f65d318e",
    "created_on" : {
      "timestamp" : "26-Nov-2021 22:42:32",
      "year" : 2021,
      "month" : 10,
      "day_of_month" : 26,
      "hour" : 22,
      "minute" : 42,
      "second" : 32,
      "millisecond" : 210,
      "ms" : 1637984552210,
      "iso_8601" : "2021-11-26T22:42:32-05:00"
    },
    "created_by" : "admin",
    "created_by_principal_id" : "5bef34d1ea45b9e98ee7",
    "created_by_principal_domain_id" : "default",
    "modified_on" : {
      "timestamp" : "26-Nov-2021 22:42:32",
      "year" : 2021,
      "month" : 10,
      "day_of_month" : 26,
      "hour" : 22,
      "minute" : 42,
      "second" : 32,
      "millisecond" : 268,
      "ms" : 1637984552268,
      "iso_8601" : "2021-11-26T22:42:32-05:00"
    },
    "modified_by" : "admin",
    "modified_by_principal_id" : "5bef34d1ea45b9e98ee7",
    "modified_by_principal_domain_id" : "default",
    "edited_on" : {
      "timestamp" : "26-Nov-2021 22:42:32",
      "year" : 2021,
      "month" : 10,
      "day_of_month" : 26,
      "hour" : 22,
      "minute" : 42,
      "second" : 32,
      "millisecond" : 268,
      "ms" : 1637984552268,
      "iso_8601" : "2021-11-26T22:42:32-05:00"
    },
    "edited_by" : "admin",
    "edited_by_principal_id" : "5bef34d1ea45b9e98ee7",
    "edited_by_principal_domain_id" : "default",
    "rev" : 1,
    "branch" : "9bc800c8fc0417d3210c",
    "_op" : "create"
  },
  "_doc" : "f07ed820d02055df16c5",
  "_qname" : "o:f07ed820d02055df16c5",
  "_type" : "n:node",
  "_features" : {
    "f:audit" : { },
    "f:titled" : { },
    "f:filename" : {
      "filename" : "System"
    },
    "f:geolocation" : { },
    "f:indexable" : { },
    "f:container" : { }
  },
  "title" : "System"
}