{
  "stackId" : "146875f48575af63bb34",
  "key" : "principals",
  "datastoreTypeId" : "domain",
  "datastoreId" : "29b7b795b4c858a70443",
  "_system" : {
    "created_on" : {
      "timestamp" : "20-Oct-2021 09:34:01",
      "year" : 2021,
      "month" : 9,
      "day_of_month" : 20,
      "hour" : 9,
      "minute" : 34,
      "second" : 1,
      "millisecond" : 140,
      "ms" : 1634736841140,
      "iso_8601" : "2021-10-20T09:34:01-04:00"
    },
    "created_by" : "admin",
    "created_by_principal_id" : "2a7c6669601b1ba4c958",
    "created_by_principal_domain_id" : "default",
    "modified_on" : {
      "timestamp" : "20-Oct-2021 09:34:01",
      "year" : 2021,
      "month" : 9,
      "day_of_month" : 20,
      "hour" : 9,
      "minute" : 34,
      "second" : 1,
      "millisecond" : 140,
      "ms" : 1634736841140,
      "iso_8601" : "2021-10-20T09:34:01-04:00"
    },
    "modified_by" : "admin",
    "modified_by_principal_id" : "2a7c6669601b1ba4c958",
    "modified_by_principal_domain_id" : "default",
    "edited_on" : {
      "timestamp" : "20-Oct-2021 09:34:01",
      "year" : 2021,
      "month" : 9,
      "day_of_month" : 20,
      "hour" : 9,
      "minute" : 34,
      "second" : 1,
      "millisecond" : 140,
      "ms" : 1634736841140,
      "iso_8601" : "2021-10-20T09:34:01-04:00"
    },
    "edited_by" : "admin",
    "edited_by_principal_id" : "2a7c6669601b1ba4c958",
    "edited_by_principal_domain_id" : "default"
  },
  "_doc" : "1eea2b7a2db67214cf67"
}