{
  "_doc" : "32:f481f44197c0d047dd43",
  "_system" : {
    "created_on" : {
      "timestamp" : "21-Jan-2021 16:22:32",
      "year" : 2021,
      "month" : 0,
      "day_of_month" : 21,
      "hour" : 16,
      "minute" : 22,
      "second" : 32,
      "millisecond" : 425,
      "ms" : 1611264152425,
      "iso_8601" : "2021-01-21T16:22:32-05:00"
    },
    "created_by" : "system",
    "created_by_principal_id" : "system",
    "created_by_principal_domain_id" : null,
    "modified_on" : {
      "timestamp" : "21-Jan-2021 16:22:32",
      "year" : 2021,
      "month" : 0,
      "day_of_month" : 21,
      "hour" : 16,
      "minute" : 22,
      "second" : 32,
      "millisecond" : 459,
      "ms" : 1611264152459,
      "iso_8601" : "2021-01-21T16:22:32-05:00"
    },
    "modified_by" : "system",
    "modified_by_principal_id" : "system",
    "modified_by_principal_domain_id" : null,
    "edited_on" : {
      "timestamp" : "21-Jan-2021 16:22:32",
      "year" : 2021,
      "month" : 0,
      "day_of_month" : 21,
      "hour" : 16,
      "minute" : 22,
      "second" : 32,
      "millisecond" : 425,
      "ms" : 1611264152425,
      "iso_8601" : "2021-01-21T16:22:32-05:00"
    },
    "edited_by" : "system",
    "edited_by_principal_id" : "system",
    "edited_by_principal_domain_id" : null
  },
  "revision" : 32,
  "active" : true,
  "parents" : [ "31:49cfb489fcc9b452f8ed" ],
  "branch" : "3d4e3a21a7c02c55017c"
}