{
  "_system" : {
    "deleted" : false,
    "changeset" : "10:3aafeddcbf369ca73ec9",
    "created_on" : {
      "timestamp" : "20-Oct-2021 09:44:25",
      "year" : 2021,
      "month" : 9,
      "day_of_month" : 20,
      "hour" : 9,
      "minute" : 44,
      "second" : 25,
      "millisecond" : 27,
      "ms" : 1634737465027,
      "iso_8601" : "2021-10-20T09:44:25-04:00"
    },
    "created_by" : "admin",
    "created_by_principal_id" : "2a7c6669601b1ba4c958",
    "created_by_principal_domain_id" : "default",
    "modified_on" : {
      "timestamp" : "20-Oct-2021 09:44:25",
      "year" : 2021,
      "month" : 9,
      "day_of_month" : 20,
      "hour" : 9,
      "minute" : 44,
      "second" : 25,
      "millisecond" : 107,
      "ms" : 1634737465107,
      "iso_8601" : "2021-10-20T09:44:25-04:00"
    },
    "modified_by" : "admin",
    "modified_by_principal_id" : "2a7c6669601b1ba4c958",
    "modified_by_principal_domain_id" : "default",
    "edited_on" : {
      "timestamp" : "20-Oct-2021 09:44:25",
      "year" : 2021,
      "month" : 9,
      "day_of_month" : 20,
      "hour" : 9,
      "minute" : 44,
      "second" : 25,
      "millisecond" : 107,
      "ms" : 1634737465107,
      "iso_8601" : "2021-10-20T09:44:25-04:00"
    },
    "edited_by" : "admin",
    "edited_by_principal_id" : "2a7c6669601b1ba4c958",
    "edited_by_principal_domain_id" : "default",
    "rev" : 10,
    "branch" : "c05d26b68d5e6c9699cf",
    "_op" : "create"
  },
  "_doc" : "039b3b1abf3b88364b84",
  "_qname" : "o:039b3b1abf3b88364b84",
  "_type" : "a:has_role",
  "directionality" : "DIRECTED",
  "_features" : {
    "f:audit" : { },
    "f:indexable" : { }
  },
  "source_type" : "n:person",
  "source" : "4c686d8a924148c382ee",
  "target_type" : "n:person",
  "target" : "4c686d8a924148c382ee",
  "role-key" : "owner"
}