{
  "_doc" : "58:a70f63c62f221281bcea",
  "_system" : {
    "created_on" : {
      "timestamp" : "05-Aug-2021 15:37:22",
      "year" : 2021,
      "month" : 7,
      "day_of_month" : 5,
      "hour" : 15,
      "minute" : 37,
      "second" : 22,
      "millisecond" : 280,
      "ms" : 1628177842280,
      "iso_8601" : "2021-08-05T15:37:22Z"
    },
    "created_by" : "admin",
    "created_by_principal_id" : "b3236127dacc03f40cd9",
    "created_by_principal_domain_id" : "default",
    "modified_on" : {
      "timestamp" : "05-Aug-2021 15:37:22",
      "year" : 2021,
      "month" : 7,
      "day_of_month" : 5,
      "hour" : 15,
      "minute" : 37,
      "second" : 22,
      "millisecond" : 381,
      "ms" : 1628177842381,
      "iso_8601" : "2021-08-05T15:37:22Z"
    },
    "modified_by" : "admin",
    "modified_by_principal_id" : "b3236127dacc03f40cd9",
    "modified_by_principal_domain_id" : "default",
    "edited_on" : {
      "timestamp" : "05-Aug-2021 15:37:22",
      "year" : 2021,
      "month" : 7,
      "day_of_month" : 5,
      "hour" : 15,
      "minute" : 37,
      "second" : 22,
      "millisecond" : 381,
      "ms" : 1628177842381,
      "iso_8601" : "2021-08-05T15:37:22Z"
    },
    "edited_by" : "admin",
    "edited_by_principal_id" : "b3236127dacc03f40cd9",
    "edited_by_principal_domain_id" : "default"
  },
  "revision" : 58,
  "active" : true,
  "parents" : [ "57:9447baf47d680b9512d9" ],
  "branch" : "23fafbfbb544c803da8d"
}