{
  "teamableObjectTypeId" : "stack",
  "teamableObjectId" : "7bb366f549b7530ad72b",
  "key" : "project-appusers-team",
  "groupId" : "80917c3c6ce3add0300c",
  "groupDomainId" : "579fe90fabfc44bf6490",
  "roleKeys" : [ "collaborator" ],
  "title" : "project-appusers-team",
  "description" : "Project Application Users Team",
  "_system" : {
    "created_on" : {
      "timestamp" : "07-Dec-2021 18:01:38",
      "year" : 2021,
      "month" : 11,
      "day_of_month" : 7,
      "hour" : 18,
      "minute" : 1,
      "second" : 38,
      "millisecond" : 137,
      "ms" : 1638900098137,
      "iso_8601" : "2021-12-07T18:01:38Z"
    },
    "created_by" : "admin",
    "created_by_principal_id" : "9a36db8c2529d3cf7b7b",
    "created_by_principal_domain_id" : "default",
    "modified_on" : {
      "timestamp" : "07-Dec-2021 18:01:38",
      "year" : 2021,
      "month" : 11,
      "day_of_month" : 7,
      "hour" : 18,
      "minute" : 1,
      "second" : 38,
      "millisecond" : 137,
      "ms" : 1638900098137,
      "iso_8601" : "2021-12-07T18:01:38Z"
    },
    "modified_by" : "admin",
    "modified_by_principal_id" : "9a36db8c2529d3cf7b7b",
    "modified_by_principal_domain_id" : "default",
    "edited_on" : {
      "timestamp" : "07-Dec-2021 18:01:38",
      "year" : 2021,
      "month" : 11,
      "day_of_month" : 7,
      "hour" : 18,
      "minute" : 1,
      "second" : 38,
      "millisecond" : 137,
      "ms" : 1638900098137,
      "iso_8601" : "2021-12-07T18:01:38Z"
    },
    "edited_by" : "admin",
    "edited_by_principal_id" : "9a36db8c2529d3cf7b7b",
    "edited_by_principal_domain_id" : "default"
  },
  "_doc" : "0035c8684cf9a1480c72"
}