{
  "title" : "William Shakespeare",
  "firstName" : "William",
  "lastName" : "Shakespeare",
  "slug" : "william-shakespeare",
  "_system" : {
    "deleted" : false,
    "changeset" : "41:f6582e84eae35ca71751",
    "created_on" : {
      "timestamp" : "31-Aug-2022 15:26:11",
      "year" : 2022,
      "month" : 7,
      "day_of_month" : 31,
      "hour" : 15,
      "minute" : 26,
      "second" : 11,
      "millisecond" : 899,
      "ms" : 1661959571899,
      "iso_8601" : "2022-08-31T15:26:11Z"
    },
    "created_by" : "admin",
    "created_by_principal_id" : "2f873756d87a4ad1befc",
    "created_by_principal_domain_id" : "default",
    "modified_on" : {
      "timestamp" : "31-Aug-2022 15:26:24",
      "year" : 2022,
      "month" : 7,
      "day_of_month" : 31,
      "hour" : 15,
      "minute" : 26,
      "second" : 24,
      "millisecond" : 118,
      "ms" : 1661959584118,
      "iso_8601" : "2022-08-31T15:26:24Z"
    },
    "modified_by" : "admin",
    "modified_by_principal_id" : "2f873756d87a4ad1befc",
    "modified_by_principal_domain_id" : "default",
    "edited_on" : {
      "timestamp" : "31-Aug-2022 15:26:24",
      "year" : 2022,
      "month" : 7,
      "day_of_month" : 31,
      "hour" : 15,
      "minute" : 26,
      "second" : 24,
      "millisecond" : 118,
      "ms" : 1661959584118,
      "iso_8601" : "2022-08-31T15:26:24Z"
    },
    "edited_by" : "admin",
    "edited_by_principal_id" : "2f873756d87a4ad1befc",
    "rev" : 41,
    "attachments" : {
      "default" : {
        "contentType" : "image/jpeg",
        "length" : 28573,
        "objectId" : "attachment_be7f701dc0ae4c57a17d_5d6a882c63707e3bbf6c",
        "filename" : "default.jpg",
        "md5" : "e22795357da867a6ed134c99050c0fa"
      }
    },
    "previousChangeset" : "40:a49f0a4647fae706fb7c",
    "branch" : "88810405bb84bac72aab",
    "_op" : "update",
    "edited_by_principal_domain_id" : "default"
  },
  "_doc" : "be7f701dc0ae4c57a17d",
  "_qname" : "o:be7f701dc0ae4c57a17d",
  "_features" : {
    "f:filename" : {
      "filename" : "William%20Shakespeare"
    },
    "f:deployment-config" : {
      "default" : {
        "mappings" : [ {
          "type" : "object-to-file",
          "config" : {
            "filepath" : "/store/authors/{{object.slug}}.json"
          }
        }, {
          "type" : "attachment-to-file",
          "config" : {
            "attachmentId" : "*",
            "filepath" : "/store/authors/{{object.slug}}.{{attachment.ext}}"
          }
        } ]
      }
    },
    "f:audit" : { },
    "f:titled" : { },
    "f:geolocation" : { },
    "f:indexable" : { },
    "f:related" : { },
    "f:publishable" : {
      "state" : "approved"
    }
  },
  "_type" : "store:author"
}