{
  "title" : "Default Form",
  "fields" : {
    "title" : {
      "type" : "text",
      "label" : "Title"
    },
    "description" : {
      "type" : "text",
      "label" : "Description"
    },
    "summary" : {
      "type" : "ckeditor",
      "label" : "Body",
      "ckeditor" : {
        "toolbar" : [ [ "Format", "Font", "FontSize" ], [ "Bold", "Italic", "Underline", "StrikeThrough", "-", "Undo", "Redo", "-", "Cut", "Copy", "Paste", "Find", "Replace", "-", "Outdent", "Indent", "-", "Print" ], "/", [ "NumberedList", "BulletedList", "-", "JustifyLeft", "JustifyCenter", "JustifyRight", "JustifyBlock" ], [ "Image", "Table", "-", "Link", "Flash", "Smiley", "TextColor", "BGColor", "Source" ] ]
      }
    },
    "author" : {
      "type" : "node-picker",
      "label" : "Author"
    },
    "recommendations" : {
      "type" : "node-picker",
      "label" : "Recommendations"
    },
    "tags" : {
      "type" : "array",
      "label" : "Tags",
      "items" : {
        "type" : "text"
      }
    },
    "slug" : {
      "type" : "slug",
      "label" : "Slug"
    },
    "cover" : {
      "type" : "attachment",
      "label" : "Cover Art Image"
    },
    "pdf" : {
      "type" : "attachment",
      "label" : "Book PDF"
    }
  },
  "engineId" : "alpaca1",
  "_type" : "n:form",
  "_qname" : "o:56c5559dfe2940f68402",
  "_doc" : "56c5559dfe2940f68402",
  "_system" : {
    "deleted" : false,
    "changeset" : "9:faca6153b5bcb859c835",
    "created_on" : {
      "timestamp" : "20-Oct-2021 09:34:10",
      "year" : 2021,
      "month" : 9,
      "day_of_month" : 20,
      "hour" : 9,
      "minute" : 34,
      "second" : 10,
      "millisecond" : 641,
      "ms" : 1634736850641,
      "iso_8601" : "2021-10-20T09:34:10-04:00"
    },
    "created_by" : "admin",
    "created_by_principal_id" : "2a7c6669601b1ba4c958",
    "created_by_principal_domain_id" : "default",
    "modified_on" : {
      "timestamp" : "20-Oct-2021 09:34:11",
      "year" : 2021,
      "month" : 9,
      "day_of_month" : 20,
      "hour" : 9,
      "minute" : 34,
      "second" : 11,
      "millisecond" : 737,
      "ms" : 1634736851737,
      "iso_8601" : "2021-10-20T09:34:11-04:00"
    },
    "modified_by" : "admin",
    "modified_by_principal_id" : "2a7c6669601b1ba4c958",
    "modified_by_principal_domain_id" : "default",
    "edited_on" : {
      "timestamp" : "20-Oct-2021 09:34:11",
      "year" : 2021,
      "month" : 9,
      "day_of_month" : 20,
      "hour" : 9,
      "minute" : 34,
      "second" : 11,
      "millisecond" : 737,
      "ms" : 1634736851737,
      "iso_8601" : "2021-10-20T09:34:11-04:00"
    },
    "edited_by" : "admin",
    "edited_by_principal_id" : "2a7c6669601b1ba4c958",
    "edited_by_principal_domain_id" : "default",
    "rev" : 9,
    "branch" : "1ad06a3e9160fdc88c85",
    "_op" : "create"
  }
}