{
  "platformId" : "ebfec19efe1d85fb0456",
  "enableStrictRelators" : true,
  "datastoreId" : "17918e6833017098a150",
  "datastoreTypeId" : "repository",
  "enableAuditing" : true,
  "enableAuthorities" : true,
  "maxsize" : -1,
  "size" : 0,
  "objectcount" : 0,
  "_system" : {
    "created_on" : {
      "timestamp" : "19-Apr-2019 20:08:30",
      "year" : 2019,
      "month" : 3,
      "day_of_month" : 19,
      "hour" : 20,
      "minute" : 8,
      "second" : 30,
      "millisecond" : 232,
      "ms" : 1555704510232,
      "iso_8601" : "2019-04-19T20:08:30Z"
    },
    "created_by" : "admin",
    "created_by_principal_id" : "74004ce2e8561e763ac4",
    "created_by_principal_domain_id" : "default",
    "modified_on" : {
      "timestamp" : "19-Apr-2019 20:09:27",
      "year" : 2019,
      "month" : 3,
      "day_of_month" : 19,
      "hour" : 20,
      "minute" : 9,
      "second" : 27,
      "millisecond" : 127,
      "ms" : 1555704567127,
      "iso_8601" : "2019-04-19T20:09:27Z"
    },
    "modified_by" : "admin",
    "modified_by_principal_id" : "74004ce2e8561e763ac4",
    "modified_by_principal_domain_id" : "default",
    "edited_on" : {
      "timestamp" : "19-Apr-2019 20:09:27",
      "year" : 2019,
      "month" : 3,
      "day_of_month" : 19,
      "hour" : 20,
      "minute" : 9,
      "second" : 27,
      "millisecond" : 127,
      "ms" : 1555704567127,
      "iso_8601" : "2019-04-19T20:09:27Z"
    },
    "edited_by" : "admin",
    "edited_by_principal_id" : "74004ce2e8561e763ac4",
    "edited_by_principal_domain_id" : "default"
  },
  "statisticsDate" : {
    "timestamp" : "01-Jan-1970 00:00:00",
    "year" : 1970,
    "month" : 0,
    "day_of_month" : 1,
    "hour" : 0,
    "minute" : 0,
    "second" : 0,
    "millisecond" : 1,
    "ms" : 1,
    "iso_8601" : "1970-01-01T00:00:00Z"
  },
  "statisticsDirty" : true,
  "title" : "Sample Project 'content' repository",
  "_doc" : "7ce2df8db1b36c2182f7"
}