{
  "_system" : {
    "deleted" : false,
    "changeset" : "10:c1178a1ec7a528397101",
    "created_on" : {
      "timestamp" : "19-Nov-2021 17:36:47",
      "year" : 2021,
      "month" : 10,
      "day_of_month" : 19,
      "hour" : 17,
      "minute" : 36,
      "second" : 47,
      "millisecond" : 158,
      "ms" : 1637361407158,
      "iso_8601" : "2021-11-19T17:36:47-05:00"
    },
    "created_by" : "admin",
    "created_by_principal_id" : "e319a2cd626b671ba7f7",
    "created_by_principal_domain_id" : "default",
    "modified_on" : {
      "timestamp" : "19-Nov-2021 17:36:47",
      "year" : 2021,
      "month" : 10,
      "day_of_month" : 19,
      "hour" : 17,
      "minute" : 36,
      "second" : 47,
      "millisecond" : 248,
      "ms" : 1637361407248,
      "iso_8601" : "2021-11-19T17:36:47-05:00"
    },
    "modified_by" : "admin",
    "modified_by_principal_id" : "e319a2cd626b671ba7f7",
    "modified_by_principal_domain_id" : "default",
    "edited_on" : {
      "timestamp" : "19-Nov-2021 17:36:47",
      "year" : 2021,
      "month" : 10,
      "day_of_month" : 19,
      "hour" : 17,
      "minute" : 36,
      "second" : 47,
      "millisecond" : 248,
      "ms" : 1637361407248,
      "iso_8601" : "2021-11-19T17:36:47-05:00"
    },
    "edited_by" : "admin",
    "edited_by_principal_id" : "e319a2cd626b671ba7f7",
    "edited_by_principal_domain_id" : "default",
    "rev" : 10,
    "branch" : "187193302a18db2eb328",
    "_op" : "create"
  },
  "_doc" : "d5ab201661fd19a840e9",
  "_qname" : "o:d5ab201661fd19a840e9",
  "_type" : "a:has_role",
  "directionality" : "DIRECTED",
  "_features" : {
    "f:audit" : { },
    "f:indexable" : { }
  },
  "source_type" : "n:person",
  "source" : "fea547797dffb1235d33",
  "target_type" : "n:person",
  "target" : "fea547797dffb1235d33",
  "role-key" : "owner"
}