{
  "_system" : {
    "deleted" : false,
    "changeset" : "3:989595a42ea8dfa54ba4",
    "created_on" : {
      "timestamp" : "07-Mar-2023 09:39:15",
      "year" : 2023,
      "month" : 2,
      "day_of_month" : 7,
      "hour" : 9,
      "minute" : 39,
      "second" : 15,
      "millisecond" : 489,
      "ms" : 1678199955489,
      "iso_8601" : "2023-03-07T09:39:15-05:00"
    },
    "created_by" : "admin",
    "created_by_principal_id" : "046cf0d415feaf45bcf2",
    "created_by_principal_domain_id" : "default",
    "modified_on" : {
      "timestamp" : "07-Mar-2023 09:39:15",
      "year" : 2023,
      "month" : 2,
      "day_of_month" : 7,
      "hour" : 9,
      "minute" : 39,
      "second" : 15,
      "millisecond" : 575,
      "ms" : 1678199955575,
      "iso_8601" : "2023-03-07T09:39:15-05:00"
    },
    "modified_by" : "admin",
    "modified_by_principal_id" : "046cf0d415feaf45bcf2",
    "modified_by_principal_domain_id" : "default",
    "edited_on" : {
      "timestamp" : "07-Mar-2023 09:39:15",
      "year" : 2023,
      "month" : 2,
      "day_of_month" : 7,
      "hour" : 9,
      "minute" : 39,
      "second" : 15,
      "millisecond" : 575,
      "ms" : 1678199955575,
      "iso_8601" : "2023-03-07T09:39:15-05:00"
    },
    "edited_by" : "admin",
    "edited_by_principal_id" : "046cf0d415feaf45bcf2",
    "rev" : 3,
    "branch" : "660838eae4eeba015a76",
    "_op" : "create",
    "edited_by_principal_domain_id" : "default",
    "attachments" : {
      "default" : {
        "contentType" : "image/png",
        "length" : 6080,
        "objectId" : "attachment_2a7c335e976395be8557_e4aa04467ae71764928d",
        "filename" : "default",
        "md5" : "251082514dfb599f6f0fcc83321f9c7"
      }
    }
  },
  "_doc" : "2a7c335e976395be8557",
  "_qname" : "o:2a7c335e976395be8557",
  "_type" : "n:node",
  "_features" : {
    "f:audit" : { },
    "f:titled" : { },
    "f:filename" : {
      "filename" : "logo.png"
    },
    "f:geolocation" : { },
    "f:indexable" : { }
  },
  "title" : "logo.png"
}