{
  "_features" : {
    "f:relator" : {
      "propertyHolder" : "source",
      "propertyPath" : "/recommendations[0]",
      "active" : true
    },
    "f:audit" : { },
    "f:indexable" : { }
  },
  "source" : "6dc3fde250b747829da0",
  "source_type" : "store:book",
  "target" : "94d5070275be42e78ae3",
  "target_type" : "store:book",
  "directionality" : "DIRECTED",
  "_system" : {
    "deleted" : false,
    "changeset" : "25:8fc6aee401a0dbbaf407",
    "created_on" : {
      "timestamp" : "19-Nov-2021 22:41:23",
      "year" : 2021,
      "month" : 10,
      "day_of_month" : 19,
      "hour" : 22,
      "minute" : 41,
      "second" : 23,
      "millisecond" : 300,
      "ms" : 1637379683300,
      "iso_8601" : "2021-11-19T22:41:23-05:00"
    },
    "created_by" : "admin",
    "created_by_principal_id" : "e319a2cd626b671ba7f7",
    "created_by_principal_domain_id" : "default",
    "modified_on" : {
      "timestamp" : "19-Nov-2021 22:41:23",
      "year" : 2021,
      "month" : 10,
      "day_of_month" : 19,
      "hour" : 22,
      "minute" : 41,
      "second" : 23,
      "millisecond" : 335,
      "ms" : 1637379683335,
      "iso_8601" : "2021-11-19T22:41:23-05:00"
    },
    "modified_by" : "admin",
    "modified_by_principal_id" : "e319a2cd626b671ba7f7",
    "modified_by_principal_domain_id" : "default",
    "edited_on" : {
      "timestamp" : "19-Nov-2021 22:41:23",
      "year" : 2021,
      "month" : 10,
      "day_of_month" : 19,
      "hour" : 22,
      "minute" : 41,
      "second" : 23,
      "millisecond" : 335,
      "ms" : 1637379683335,
      "iso_8601" : "2021-11-19T22:41:23-05:00"
    },
    "edited_by" : "admin",
    "edited_by_principal_id" : "e319a2cd626b671ba7f7",
    "edited_by_principal_domain_id" : "default",
    "rev" : 25,
    "branch" : "d13c41461bea0e1eaef1",
    "_op" : "create"
  },
  "_doc" : "c3f8a6b42cd7cad171ba",
  "_qname" : "o:c3f8a6b42cd7cad171ba",
  "_type" : "store:suggests"
}