{
  "_doc" : "d13c41461bea0e1eaef1",
  "root" : "0:root",
  "tip" : "39:5212b9e6016b7482bf24",
  "title" : "master",
  "type" : "MASTER",
  "_system" : {
    "created_on" : {
      "timestamp" : "19-Nov-2021 22:40:59",
      "year" : 2021,
      "month" : 10,
      "day_of_month" : 19,
      "hour" : 22,
      "minute" : 40,
      "second" : 59,
      "millisecond" : 217,
      "ms" : 1637379659217,
      "iso_8601" : "2021-11-19T22:40:59-05:00"
    },
    "created_by" : "admin",
    "created_by_principal_id" : "e319a2cd626b671ba7f7",
    "created_by_principal_domain_id" : "default",
    "modified_on" : {
      "timestamp" : "19-Nov-2021 22:40:59",
      "year" : 2021,
      "month" : 10,
      "day_of_month" : 19,
      "hour" : 22,
      "minute" : 40,
      "second" : 59,
      "millisecond" : 217,
      "ms" : 1637379659217,
      "iso_8601" : "2021-11-19T22:40:59-05:00"
    },
    "modified_by" : "admin",
    "modified_by_principal_id" : "e319a2cd626b671ba7f7",
    "modified_by_principal_domain_id" : "default",
    "edited_on" : {
      "timestamp" : "19-Nov-2021 22:40:59",
      "year" : 2021,
      "month" : 10,
      "day_of_month" : 19,
      "hour" : 22,
      "minute" : 40,
      "second" : 59,
      "millisecond" : 217,
      "ms" : 1637379659217,
      "iso_8601" : "2021-11-19T22:40:59-05:00"
    },
    "edited_by" : "admin",
    "edited_by_principal_id" : "e319a2cd626b671ba7f7",
    "edited_by_principal_domain_id" : "default"
  },
  "archived" : false,
  "snapshot" : false
}