{
  "title" : "Carl Sagan",
  "firstName" : "Carl",
  "lastName" : "Sagan",
  "slug" : "carl-sagan",
  "_system" : {
    "deleted" : false,
    "changeset" : "29:f6b288fc5d633367d2dd",
    "created_on" : {
      "timestamp" : "31-Aug-2022 15:26:11",
      "year" : 2022,
      "month" : 7,
      "day_of_month" : 31,
      "hour" : 15,
      "minute" : 26,
      "second" : 11,
      "millisecond" : 899,
      "ms" : 1661959571899,
      "iso_8601" : "2022-08-31T15:26:11Z"
    },
    "created_by" : "admin",
    "created_by_principal_id" : "2f873756d87a4ad1befc",
    "created_by_principal_domain_id" : "default",
    "modified_on" : {
      "timestamp" : "31-Aug-2022 15:26:22",
      "year" : 2022,
      "month" : 7,
      "day_of_month" : 31,
      "hour" : 15,
      "minute" : 26,
      "second" : 22,
      "millisecond" : 398,
      "ms" : 1661959582398,
      "iso_8601" : "2022-08-31T15:26:22Z"
    },
    "modified_by" : "admin",
    "modified_by_principal_id" : "2f873756d87a4ad1befc",
    "modified_by_principal_domain_id" : "default",
    "edited_on" : {
      "timestamp" : "31-Aug-2022 15:26:22",
      "year" : 2022,
      "month" : 7,
      "day_of_month" : 31,
      "hour" : 15,
      "minute" : 26,
      "second" : 22,
      "millisecond" : 398,
      "ms" : 1661959582398,
      "iso_8601" : "2022-08-31T15:26:22Z"
    },
    "edited_by" : "admin",
    "edited_by_principal_id" : "2f873756d87a4ad1befc",
    "rev" : 29,
    "attachments" : {
      "default" : {
        "contentType" : "image/jpeg",
        "length" : 20989,
        "objectId" : "attachment_cfacf53790854b76bb95_564418eb21f41856ca40",
        "filename" : "default.jpg",
        "md5" : "4e8e7438f33d8375b77c665d38b18b95"
      }
    },
    "previousChangeset" : "28:e4ba7a0038f43c85dc40",
    "branch" : "88810405bb84bac72aab",
    "_op" : "update",
    "edited_by_principal_domain_id" : "default"
  },
  "_doc" : "cfacf53790854b76bb95",
  "_qname" : "o:cfacf53790854b76bb95",
  "_features" : {
    "f:filename" : {
      "filename" : "Carl%20Sagan"
    },
    "f:deployment-config" : {
      "default" : {
        "mappings" : [ {
          "type" : "object-to-file",
          "config" : {
            "filepath" : "/store/authors/{{object.slug}}.json"
          }
        }, {
          "type" : "attachment-to-file",
          "config" : {
            "attachmentId" : "*",
            "filepath" : "/store/authors/{{object.slug}}.{{attachment.ext}}"
          }
        } ]
      }
    },
    "f:audit" : { },
    "f:titled" : { },
    "f:geolocation" : { },
    "f:indexable" : { },
    "f:publishable" : {
      "state" : "approved"
    }
  },
  "_type" : "store:author"
}