{
  "_doc" : "40:077466fa5cc96a7e0c40",
  "_system" : {
    "created_on" : {
      "timestamp" : "26-Nov-2021 22:42:59",
      "year" : 2021,
      "month" : 10,
      "day_of_month" : 26,
      "hour" : 22,
      "minute" : 42,
      "second" : 59,
      "millisecond" : 617,
      "ms" : 1637984579617,
      "iso_8601" : "2021-11-26T22:42:59-05:00"
    },
    "created_by" : "admin",
    "created_by_principal_id" : "5bef34d1ea45b9e98ee7",
    "created_by_principal_domain_id" : "default",
    "modified_on" : {
      "timestamp" : "26-Nov-2021 22:42:59",
      "year" : 2021,
      "month" : 10,
      "day_of_month" : 26,
      "hour" : 22,
      "minute" : 42,
      "second" : 59,
      "millisecond" : 674,
      "ms" : 1637984579674,
      "iso_8601" : "2021-11-26T22:42:59-05:00"
    },
    "modified_by" : "admin",
    "modified_by_principal_id" : "5bef34d1ea45b9e98ee7",
    "modified_by_principal_domain_id" : "default",
    "edited_on" : {
      "timestamp" : "26-Nov-2021 22:42:59",
      "year" : 2021,
      "month" : 10,
      "day_of_month" : 26,
      "hour" : 22,
      "minute" : 42,
      "second" : 59,
      "millisecond" : 674,
      "ms" : 1637984579674,
      "iso_8601" : "2021-11-26T22:42:59-05:00"
    },
    "edited_by" : "admin",
    "edited_by_principal_id" : "5bef34d1ea45b9e98ee7",
    "edited_by_principal_domain_id" : "default"
  },
  "revision" : 40,
  "active" : true,
  "parents" : [ "39:151868ee2775afefe320" ],
  "branch" : "9bc800c8fc0417d3210c"
}