{
  "_doc" : "36:a320ab1a8455378edb17",
  "_system" : {
    "created_on" : {
      "timestamp" : "20-Oct-2021 09:44:33",
      "year" : 2021,
      "month" : 9,
      "day_of_month" : 20,
      "hour" : 9,
      "minute" : 44,
      "second" : 33,
      "millisecond" : 631,
      "ms" : 1634737473631,
      "iso_8601" : "2021-10-20T09:44:33-04:00"
    },
    "created_by" : "admin",
    "created_by_principal_id" : "2a7c6669601b1ba4c958",
    "created_by_principal_domain_id" : "default",
    "modified_on" : {
      "timestamp" : "20-Oct-2021 09:44:33",
      "year" : 2021,
      "month" : 9,
      "day_of_month" : 20,
      "hour" : 9,
      "minute" : 44,
      "second" : 33,
      "millisecond" : 676,
      "ms" : 1634737473676,
      "iso_8601" : "2021-10-20T09:44:33-04:00"
    },
    "modified_by" : "admin",
    "modified_by_principal_id" : "2a7c6669601b1ba4c958",
    "modified_by_principal_domain_id" : "default",
    "edited_on" : {
      "timestamp" : "20-Oct-2021 09:44:33",
      "year" : 2021,
      "month" : 9,
      "day_of_month" : 20,
      "hour" : 9,
      "minute" : 44,
      "second" : 33,
      "millisecond" : 676,
      "ms" : 1634737473676,
      "iso_8601" : "2021-10-20T09:44:33-04:00"
    },
    "edited_by" : "admin",
    "edited_by_principal_id" : "2a7c6669601b1ba4c958",
    "edited_by_principal_domain_id" : "default"
  },
  "revision" : 36,
  "active" : true,
  "parents" : [ "35:36820aacc5a9446a0b72" ],
  "branch" : "c05d26b68d5e6c9699cf"
}