{
  "_type" : "a:linked",
  "_qname" : "r:root_to_users",
  "type" : "object",
  "description" : "Associates the root to the users node",
  "source" : "r:root",
  "source_type" : "n:root",
  "target" : "r:users",
  "target_type" : "n:node",
  "systemBootstrapped" : true,
  "_system" : {
    "deleted" : false,
    "changeset" : "0:root",
    "modified_on" : {
      "timestamp" : "19-Apr-2019 20:08:33",
      "year" : 2019,
      "month" : 3,
      "day_of_month" : 19,
      "hour" : 20,
      "minute" : 8,
      "second" : 33,
      "millisecond" : 260,
      "ms" : 1555704513260,
      "iso_8601" : "2019-04-19T20:08:33Z"
    },
    "modified_by" : "admin",
    "modified_by_principal_id" : "74004ce2e8561e763ac4",
    "modified_by_principal_domain_id" : "default",
    "edited_on" : {
      "timestamp" : "19-Apr-2019 20:08:33",
      "year" : 2019,
      "month" : 3,
      "day_of_month" : 19,
      "hour" : 20,
      "minute" : 8,
      "second" : 33,
      "millisecond" : 260,
      "ms" : 1555704513260,
      "iso_8601" : "2019-04-19T20:08:33Z"
    },
    "edited_by" : "admin",
    "edited_by_principal_id" : "74004ce2e8561e763ac4",
    "edited_by_principal_domain_id" : "default",
    "created_on" : {
      "timestamp" : "19-Apr-2019 20:08:33",
      "year" : 2019,
      "month" : 3,
      "day_of_month" : 19,
      "hour" : 20,
      "minute" : 8,
      "second" : 33,
      "millisecond" : 260,
      "ms" : 1555704513260,
      "iso_8601" : "2019-04-19T20:08:33Z"
    },
    "created_by" : "admin",
    "created_by_principal_id" : "74004ce2e8561e763ac4",
    "created_by_principal_domain_id" : "default"
  },
  "directionality" : "UNDIRECTED",
  "_features" : {
    "f:audit" : { },
    "f:indexable" : { }
  },
  "_doc" : "821c40ab613d9b5bcbbc656b62229302"
}