{
  "key" : "08046ef4-254e-4e34-8b53-36f3f25d2121",
  "secret" : "E1V1UhgDNJbHxBJANzhXEJeknESOS0kYSZOlzzX1RObkB3DLEHBZZDW4OTubJyx9aP5nFMrEue40Z6lYkyr/dpXIs5dcX54gNonuCTPx5EQ=",
  "_system" : {
    "created_on" : {
      "timestamp" : "31-Aug-2022 15:26:06",
      "year" : 2022,
      "month" : 7,
      "day_of_month" : 31,
      "hour" : 15,
      "minute" : 26,
      "second" : 6,
      "millisecond" : 173,
      "ms" : 1661959566173,
      "iso_8601" : "2022-08-31T15:26:06Z"
    },
    "created_by" : "admin",
    "created_by_principal_id" : "2f873756d87a4ad1befc",
    "created_by_principal_domain_id" : "default",
    "modified_on" : {
      "timestamp" : "31-Aug-2022 15:26:06",
      "year" : 2022,
      "month" : 7,
      "day_of_month" : 31,
      "hour" : 15,
      "minute" : 26,
      "second" : 6,
      "millisecond" : 182,
      "ms" : 1661959566182,
      "iso_8601" : "2022-08-31T15:26:06Z"
    },
    "modified_by" : "admin",
    "modified_by_principal_id" : "2f873756d87a4ad1befc",
    "modified_by_principal_domain_id" : "default",
    "edited_on" : {
      "timestamp" : "31-Aug-2022 15:26:06",
      "year" : 2022,
      "month" : 7,
      "day_of_month" : 31,
      "hour" : 15,
      "minute" : 26,
      "second" : 6,
      "millisecond" : 182,
      "ms" : 1661959566182,
      "iso_8601" : "2022-08-31T15:26:06Z"
    },
    "edited_by" : "admin",
    "edited_by_principal_id" : "2f873756d87a4ad1befc",
    "edited_by_principal_domain_id" : "default"
  },
  "_doc" : "eaa62182696156978301",
  "authorizedGrantTypes" : [ "authorization_code", "password", "refresh_token" ],
  "scope" : [ "api" ],
  "autoApproveScopes" : [ ],
  "enabled" : true,
  "allowGuestLogin" : true,
  "applicationId" : "e47cee318b4962467986",
  "applicationDeploymentManaged" : true
}