{
  "teamableObjectTypeId" : "stack",
  "teamableObjectId" : "7bb366f549b7530ad72b",
  "key" : "project-managers-team",
  "groupId" : "d3bb3ce28f6744d2884e",
  "groupDomainId" : "579fe90fabfc44bf6490",
  "roleKeys" : [ "manager" ],
  "title" : "Project Managers",
  "description" : "Project Managers Team",
  "_system" : {
    "created_on" : {
      "timestamp" : "07-Dec-2021 18:01:37",
      "year" : 2021,
      "month" : 11,
      "day_of_month" : 7,
      "hour" : 18,
      "minute" : 1,
      "second" : 37,
      "millisecond" : 872,
      "ms" : 1638900097872,
      "iso_8601" : "2021-12-07T18:01:37Z"
    },
    "created_by" : "admin",
    "created_by_principal_id" : "9a36db8c2529d3cf7b7b",
    "created_by_principal_domain_id" : "default",
    "modified_on" : {
      "timestamp" : "07-Dec-2021 18:01:37",
      "year" : 2021,
      "month" : 11,
      "day_of_month" : 7,
      "hour" : 18,
      "minute" : 1,
      "second" : 37,
      "millisecond" : 872,
      "ms" : 1638900097872,
      "iso_8601" : "2021-12-07T18:01:37Z"
    },
    "modified_by" : "admin",
    "modified_by_principal_id" : "9a36db8c2529d3cf7b7b",
    "modified_by_principal_domain_id" : "default",
    "edited_on" : {
      "timestamp" : "07-Dec-2021 18:01:37",
      "year" : 2021,
      "month" : 11,
      "day_of_month" : 7,
      "hour" : 18,
      "minute" : 1,
      "second" : 37,
      "millisecond" : 872,
      "ms" : 1638900097872,
      "iso_8601" : "2021-12-07T18:01:37Z"
    },
    "edited_by" : "admin",
    "edited_by_principal_id" : "9a36db8c2529d3cf7b7b",
    "edited_by_principal_domain_id" : "default"
  },
  "_doc" : "65e8437b882093e932e9"
}