{
  "_doc" : "31:55a1a5bbdf524ec262f5",
  "_system" : {
    "created_on" : {
      "timestamp" : "17-Nov-2021 09:28:07",
      "year" : 2021,
      "month" : 10,
      "day_of_month" : 17,
      "hour" : 9,
      "minute" : 28,
      "second" : 7,
      "millisecond" : 313,
      "ms" : 1637159287313,
      "iso_8601" : "2021-11-17T09:28:07-05:00"
    },
    "created_by" : "admin",
    "created_by_principal_id" : "4dbc7eeadc99359ba687",
    "created_by_principal_domain_id" : "default",
    "modified_on" : {
      "timestamp" : "17-Nov-2021 09:28:07",
      "year" : 2021,
      "month" : 10,
      "day_of_month" : 17,
      "hour" : 9,
      "minute" : 28,
      "second" : 7,
      "millisecond" : 630,
      "ms" : 1637159287630,
      "iso_8601" : "2021-11-17T09:28:07-05:00"
    },
    "modified_by" : "admin",
    "modified_by_principal_id" : "4dbc7eeadc99359ba687",
    "modified_by_principal_domain_id" : "default",
    "edited_on" : {
      "timestamp" : "17-Nov-2021 09:28:07",
      "year" : 2021,
      "month" : 10,
      "day_of_month" : 17,
      "hour" : 9,
      "minute" : 28,
      "second" : 7,
      "millisecond" : 630,
      "ms" : 1637159287630,
      "iso_8601" : "2021-11-17T09:28:07-05:00"
    },
    "edited_by" : "admin",
    "edited_by_principal_id" : "4dbc7eeadc99359ba687",
    "edited_by_principal_domain_id" : "default"
  },
  "revision" : 31,
  "active" : true,
  "parents" : [ "30:e09c75cc4a6973a07374" ],
  "branch" : "921fd3299d530ef02309"
}