{
  "_type" : "catalog:person",
  "title" : "Joan Rivers",
  "name" : "joan.rivers",
  "email" : "joan.rivers@fashionpolice.com",
  "firstName" : "Joan",
  "lastName" : "Rivers",
  "about" : "",
  "_doc" : "d6a2814d8cde0cc31cc8",
  "_system" : {
    "deleted" : false,
    "changeset" : "58:2e31d44786400d5e4535",
    "created_on" : {
      "timestamp" : "14-Feb-2019 15:32:53",
      "year" : 2019,
      "month" : 1,
      "day_of_month" : 14,
      "hour" : 15,
      "minute" : 32,
      "second" : 53,
      "millisecond" : 506,
      "ms" : 1550158373506,
      "iso_8601" : "2019-02-14T15:32:53Z"
    },
    "created_by" : "admin",
    "created_by_principal_id" : "5bab281f1cb2047f12ba",
    "created_by_principal_domain_id" : "default",
    "modified_on" : {
      "timestamp" : "14-Feb-2019 15:33:06",
      "year" : 2019,
      "month" : 1,
      "day_of_month" : 14,
      "hour" : 15,
      "minute" : 33,
      "second" : 6,
      "millisecond" : 560,
      "ms" : 1550158386560,
      "iso_8601" : "2019-02-14T15:33:06Z"
    },
    "modified_by" : "admin",
    "modified_by_principal_id" : "5bab281f1cb2047f12ba",
    "modified_by_principal_domain_id" : "default",
    "edited_on" : {
      "timestamp" : "14-Feb-2019 15:33:06",
      "year" : 2019,
      "month" : 1,
      "day_of_month" : 14,
      "hour" : 15,
      "minute" : 33,
      "second" : 6,
      "millisecond" : 560,
      "ms" : 1550158386560,
      "iso_8601" : "2019-02-14T15:33:06Z"
    },
    "edited_by" : "admin",
    "edited_by_principal_id" : "5bab281f1cb2047f12ba",
    "edited_by_principal_domain_id" : "default",
    "previousChangeset" : "23:96282e58c78ba2db8d14",
    "attachments" : {
      "default" : {
        "contentType" : "image/jpeg",
        "length" : 18972,
        "objectId" : "attachment_d6a2814d8cde0cc31cc8_373bf694871d207214d3",
        "filename" : "default"
      }
    }
  },
  "_qname" : "o:d6a2814d8cde0cc31cc8",
  "_features" : {
    "f:audit" : { },
    "f:titled" : { },
    "f:filename" : {
      "filename" : "Joan_Rivers"
    },
    "f:geolocation" : { },
    "f:indexable" : { }
  },
  "_statistics" : {
    "a:has_role" : 3,
    "a:has_role_INCOMING" : 3,
    "a:child" : 1,
    "a:child_INCOMING" : 1
  }
}