{
  "permissioned" : "467847cff74ce400e7e4",
  "principal" : "625f9482273ab1ad09b0",
  "authority" : "connector",
  "domain" : "default",
  "_system" : {
    "created_on" : {
      "timestamp" : "26-Nov-2021 22:42:35",
      "year" : 2021,
      "month" : 10,
      "day_of_month" : 26,
      "hour" : 22,
      "minute" : 42,
      "second" : 35,
      "millisecond" : 547,
      "ms" : 1637984555547,
      "iso_8601" : "2021-11-26T22:42:35-05:00"
    },
    "created_by" : "admin",
    "created_by_principal_id" : "5bef34d1ea45b9e98ee7",
    "created_by_principal_domain_id" : "default",
    "modified_on" : {
      "timestamp" : "26-Nov-2021 22:42:35",
      "year" : 2021,
      "month" : 10,
      "day_of_month" : 26,
      "hour" : 22,
      "minute" : 42,
      "second" : 35,
      "millisecond" : 547,
      "ms" : 1637984555547,
      "iso_8601" : "2021-11-26T22:42:35-05:00"
    },
    "modified_by" : "admin",
    "modified_by_principal_id" : "5bef34d1ea45b9e98ee7",
    "modified_by_principal_domain_id" : "default",
    "edited_on" : {
      "timestamp" : "26-Nov-2021 22:42:35",
      "year" : 2021,
      "month" : 10,
      "day_of_month" : 26,
      "hour" : 22,
      "minute" : 42,
      "second" : 35,
      "millisecond" : 547,
      "ms" : 1637984555547,
      "iso_8601" : "2021-11-26T22:42:35-05:00"
    },
    "edited_by" : "admin",
    "edited_by_principal_id" : "5bef34d1ea45b9e98ee7",
    "edited_by_principal_domain_id" : "default"
  },
  "_doc" : "b44b22617dfc2579f85f"
}