{
  "name" : "team_stack_f72701f84fe21f3fcb2d_project-appusers-team",
  "type" : "GROUP",
  "_system" : {
    "created_on" : {
      "timestamp" : "28-Sep-2020 15:25:05",
      "year" : 2020,
      "month" : 8,
      "day_of_month" : 28,
      "hour" : 15,
      "minute" : 25,
      "second" : 5,
      "millisecond" : 730,
      "ms" : 1601306705730,
      "iso_8601" : "2020-09-28T15:25:05Z"
    },
    "created_by" : "admin",
    "created_by_principal_id" : "bb39303eba0c35a3d2da",
    "created_by_principal_domain_id" : "default",
    "modified_on" : {
      "timestamp" : "28-Sep-2020 15:25:05",
      "year" : 2020,
      "month" : 8,
      "day_of_month" : 28,
      "hour" : 15,
      "minute" : 25,
      "second" : 5,
      "millisecond" : 785,
      "ms" : 1601306705785,
      "iso_8601" : "2020-09-28T15:25:05Z"
    },
    "modified_by" : "admin",
    "modified_by_principal_id" : "bb39303eba0c35a3d2da",
    "modified_by_principal_domain_id" : "default",
    "edited_on" : {
      "timestamp" : "28-Sep-2020 15:25:05",
      "year" : 2020,
      "month" : 8,
      "day_of_month" : 28,
      "hour" : 15,
      "minute" : 25,
      "second" : 5,
      "millisecond" : 785,
      "ms" : 1601306705785,
      "iso_8601" : "2020-09-28T15:25:05Z"
    },
    "edited_by" : "admin",
    "edited_by_principal_id" : "bb39303eba0c35a3d2da",
    "edited_by_principal_domain_id" : "default"
  },
  "_doc" : "de75528facb31d4dab13",
  "title" : "Group for project-appusers-team",
  "teamGroup" : true,
  "teamableTypeId" : "stack",
  "teamableId" : "f72701f84fe21f3fcb2d",
  "teamKey" : "project-appusers-team"
}