{
  "_system" : {
    "deleted" : false,
    "changeset" : "26:448530dd6c4ba1eb665e",
    "created_on" : {
      "timestamp" : "31-Aug-2022 15:26:15",
      "year" : 2022,
      "month" : 7,
      "day_of_month" : 31,
      "hour" : 15,
      "minute" : 26,
      "second" : 15,
      "millisecond" : 128,
      "ms" : 1661959575128,
      "iso_8601" : "2022-08-31T15:26:15Z"
    },
    "created_by" : "admin",
    "created_by_principal_id" : "2f873756d87a4ad1befc",
    "created_by_principal_domain_id" : "default",
    "modified_on" : {
      "timestamp" : "31-Aug-2022 15:26:15",
      "year" : 2022,
      "month" : 7,
      "day_of_month" : 31,
      "hour" : 15,
      "minute" : 26,
      "second" : 15,
      "millisecond" : 152,
      "ms" : 1661959575152,
      "iso_8601" : "2022-08-31T15:26:15Z"
    },
    "modified_by" : "admin",
    "modified_by_principal_id" : "2f873756d87a4ad1befc",
    "modified_by_principal_domain_id" : "default",
    "edited_on" : {
      "timestamp" : "31-Aug-2022 15:26:15",
      "year" : 2022,
      "month" : 7,
      "day_of_month" : 31,
      "hour" : 15,
      "minute" : 26,
      "second" : 15,
      "millisecond" : 152,
      "ms" : 1661959575152,
      "iso_8601" : "2022-08-31T15:26:15Z"
    },
    "edited_by" : "admin",
    "edited_by_principal_id" : "2f873756d87a4ad1befc",
    "rev" : 26,
    "branch" : "88810405bb84bac72aab",
    "_op" : "create",
    "edited_by_principal_domain_id" : "default"
  },
  "_doc" : "5a8ec90bd79a6ffab412",
  "_qname" : "o:5a8ec90bd79a6ffab412",
  "_type" : "a:has_tag",
  "directionality" : "DIRECTED",
  "_features" : {
    "f:audit" : { },
    "f:indexable" : { }
  },
  "source_type" : "store:book",
  "source" : "dcf3e1f4d3d74e4e93c7",
  "target_type" : "n:tag",
  "target" : "ac8c0b18ae2f482f911f"
}