{
  "type" : "MOVE",
  "timestamp" : {
    "timestamp" : "27-Oct-2021 15:38:42",
    "year" : 2021,
    "month" : 9,
    "day_of_month" : 27,
    "hour" : 15,
    "minute" : 38,
    "second" : 42,
    "millisecond" : 55,
    "ms" : 1635349122055,
    "iso_8601" : "2021-10-27T15:38:42Z"
  },
  "userDomainId" : "default",
  "userId" : "ed403cd3ae171ad7caf0",
  "userTitle" : "admin",
  "userName" : "admin",
  "objectDatastoreTypeId" : "repository",
  "objectDatastoreId" : "a8db999c5898f0b5d950",
  "objectDatastoreTitle" : "Sample Project 'content' repository",
  "objectId" : "e9b712e996cb95eda51f",
  "objectTypeId" : "node",
  "objectTitle" : "Dean Martin",
  "stackId" : "60d86c9f942917d841ff",
  "projectId" : "99607efb08eb40e18532",
  "projectTitle" : "Sample Project",
  "_system" : {
    "created_on" : {
      "timestamp" : "27-Oct-2021 15:38:42",
      "year" : 2021,
      "month" : 9,
      "day_of_month" : 27,
      "hour" : 15,
      "minute" : 38,
      "second" : 42,
      "millisecond" : 57,
      "ms" : 1635349122057,
      "iso_8601" : "2021-10-27T15:38:42Z"
    },
    "created_by" : "admin",
    "created_by_principal_id" : "ed403cd3ae171ad7caf0",
    "created_by_principal_domain_id" : "default",
    "modified_on" : {
      "timestamp" : "27-Oct-2021 15:38:42",
      "year" : 2021,
      "month" : 9,
      "day_of_month" : 27,
      "hour" : 15,
      "minute" : 38,
      "second" : 42,
      "millisecond" : 57,
      "ms" : 1635349122057,
      "iso_8601" : "2021-10-27T15:38:42Z"
    },
    "modified_by" : "admin",
    "modified_by_principal_id" : "ed403cd3ae171ad7caf0",
    "modified_by_principal_domain_id" : "default",
    "edited_on" : {
      "timestamp" : "27-Oct-2021 15:38:42",
      "year" : 2021,
      "month" : 9,
      "day_of_month" : 27,
      "hour" : 15,
      "minute" : 38,
      "second" : 42,
      "millisecond" : 57,
      "ms" : 1635349122057,
      "iso_8601" : "2021-10-27T15:38:42Z"
    },
    "edited_by" : "admin",
    "edited_by_principal_id" : "ed403cd3ae171ad7caf0",
    "edited_by_principal_domain_id" : "default"
  },
  "_doc" : "daf1591774a04c0a1fed"
}