{
  "_doc" : "32:078d5005a1d92b1b9755",
  "_system" : {
    "created_on" : {
      "timestamp" : "15-Nov-2021 14:54:09",
      "year" : 2021,
      "month" : 10,
      "day_of_month" : 15,
      "hour" : 14,
      "minute" : 54,
      "second" : 9,
      "millisecond" : 452,
      "ms" : 1637006049452,
      "iso_8601" : "2021-11-15T14:54:09-05:00"
    },
    "created_by" : "admin",
    "created_by_principal_id" : "b9ed9753748864134424",
    "created_by_principal_domain_id" : "default",
    "modified_on" : {
      "timestamp" : "15-Nov-2021 14:54:09",
      "year" : 2021,
      "month" : 10,
      "day_of_month" : 15,
      "hour" : 14,
      "minute" : 54,
      "second" : 9,
      "millisecond" : 494,
      "ms" : 1637006049494,
      "iso_8601" : "2021-11-15T14:54:09-05:00"
    },
    "modified_by" : "admin",
    "modified_by_principal_id" : "b9ed9753748864134424",
    "modified_by_principal_domain_id" : "default",
    "edited_on" : {
      "timestamp" : "15-Nov-2021 14:54:09",
      "year" : 2021,
      "month" : 10,
      "day_of_month" : 15,
      "hour" : 14,
      "minute" : 54,
      "second" : 9,
      "millisecond" : 494,
      "ms" : 1637006049494,
      "iso_8601" : "2021-11-15T14:54:09-05:00"
    },
    "edited_by" : "admin",
    "edited_by_principal_id" : "b9ed9753748864134424",
    "edited_by_principal_domain_id" : "default"
  },
  "revision" : 32,
  "active" : true,
  "parents" : [ "31:25d04d43611d8ef4b62d" ],
  "branch" : "cdcfc25b8b052c9d2586"
}