{
  "_doc" : "33:df49d64c12faf1c1efbf",
  "_system" : {
    "created_on" : {
      "timestamp" : "17-Nov-2021 09:28:08",
      "year" : 2021,
      "month" : 10,
      "day_of_month" : 17,
      "hour" : 9,
      "minute" : 28,
      "second" : 8,
      "millisecond" : 330,
      "ms" : 1637159288330,
      "iso_8601" : "2021-11-17T09:28:08-05:00"
    },
    "created_by" : "admin",
    "created_by_principal_id" : "4dbc7eeadc99359ba687",
    "created_by_principal_domain_id" : "default",
    "modified_on" : {
      "timestamp" : "17-Nov-2021 09:28:08",
      "year" : 2021,
      "month" : 10,
      "day_of_month" : 17,
      "hour" : 9,
      "minute" : 28,
      "second" : 8,
      "millisecond" : 588,
      "ms" : 1637159288588,
      "iso_8601" : "2021-11-17T09:28:08-05:00"
    },
    "modified_by" : "admin",
    "modified_by_principal_id" : "4dbc7eeadc99359ba687",
    "modified_by_principal_domain_id" : "default",
    "edited_on" : {
      "timestamp" : "17-Nov-2021 09:28:08",
      "year" : 2021,
      "month" : 10,
      "day_of_month" : 17,
      "hour" : 9,
      "minute" : 28,
      "second" : 8,
      "millisecond" : 588,
      "ms" : 1637159288588,
      "iso_8601" : "2021-11-17T09:28:08-05:00"
    },
    "edited_by" : "admin",
    "edited_by_principal_id" : "4dbc7eeadc99359ba687",
    "edited_by_principal_domain_id" : "default"
  },
  "revision" : 33,
  "active" : true,
  "parents" : [ "32:d9166a812661441cc9c5" ],
  "branch" : "921fd3299d530ef02309"
}