{
  "_type" : "catalog:product",
  "title" : "Chocolate Delight",
  "sku" : "Chocolate Delight SKU",
  "headline" : "If you love chocolate, hold on to your sweet tooth!",
  "summary" : "Treat the chocolate lovers of your family with this delicious cupcake - a perfect baked dessert.",
  "body" : "This lovely Chocolate Cupcake is all about having your own little cake that you do not have to share. It has a mild chocolate flavor and moist texture that is topped with a rich and creamy chocolate butter frosting. The frosting can be either piped into lovely swirls or, for the kids, all you need is a quick swipe of frosting with a liberal dusting of colored sprinkles.",
  "price" : 2.99,
  "categories" : [ "chocolate", "birthdays" ],
  "_system" : {
    "deleted" : false,
    "changeset" : "0:root",
    "modified_on" : {
      "timestamp" : "19-Apr-2019 20:08:35",
      "year" : 2019,
      "month" : 3,
      "day_of_month" : 19,
      "hour" : 20,
      "minute" : 8,
      "second" : 35,
      "millisecond" : 567,
      "ms" : 1555704515567,
      "iso_8601" : "2019-04-19T20:08:35Z"
    },
    "modified_by" : "admin",
    "modified_by_principal_id" : "74004ce2e8561e763ac4",
    "modified_by_principal_domain_id" : "default",
    "edited_on" : {
      "timestamp" : "19-Apr-2019 20:08:35",
      "year" : 2019,
      "month" : 3,
      "day_of_month" : 19,
      "hour" : 20,
      "minute" : 8,
      "second" : 35,
      "millisecond" : 567,
      "ms" : 1555704515567,
      "iso_8601" : "2019-04-19T20:08:35Z"
    },
    "edited_by" : "admin",
    "edited_by_principal_id" : "74004ce2e8561e763ac4",
    "edited_by_principal_domain_id" : "default",
    "attachments" : {
      "default" : {
        "contentType" : "image/jpeg",
        "length" : 246958,
        "objectId" : "attachment_307e02629aaa07be5059_d7a376575580602d7632",
        "filename" : "default.jpg"
      }
    },
    "created_on" : {
      "timestamp" : "19-Apr-2019 20:08:35",
      "year" : 2019,
      "month" : 3,
      "day_of_month" : 19,
      "hour" : 20,
      "minute" : 8,
      "second" : 35,
      "millisecond" : 567,
      "ms" : 1555704515567,
      "iso_8601" : "2019-04-19T20:08:35Z"
    },
    "created_by" : "admin",
    "created_by_principal_id" : "74004ce2e8561e763ac4",
    "created_by_principal_domain_id" : "default"
  },
  "_qname" : "o:307e02629aaa07be5059",
  "_features" : {
    "f:audit" : { },
    "f:titled" : { },
    "f:filename" : {
      "filename" : "Chocolate_Delight"
    },
    "f:geolocation" : { },
    "f:indexable" : { }
  },
  "_statistics" : {
    "a:has_role" : 3,
    "a:has_role_INCOMING" : 3,
    "a:child" : 1,
    "a:child_INCOMING" : 1,
    "ratingTotalCount" : 2,
    "ratingTotalValue" : 6,
    "ratingAverageValue" : 3.0,
    "catalog:product-has-review" : 2,
    "catalog:product-has-review_OUTGOING" : 2
  },
  "_doc" : "307e02629aaa07be5059"
}