{
  "_doc" : "72:e730f6902fb0923e383d",
  "_system" : {
    "created_on" : {
      "timestamp" : "05-Aug-2021 15:37:26",
      "year" : 2021,
      "month" : 7,
      "day_of_month" : 5,
      "hour" : 15,
      "minute" : 37,
      "second" : 26,
      "millisecond" : 520,
      "ms" : 1628177846520,
      "iso_8601" : "2021-08-05T15:37:26Z"
    },
    "created_by" : "admin",
    "created_by_principal_id" : "b3236127dacc03f40cd9",
    "created_by_principal_domain_id" : "default",
    "modified_on" : {
      "timestamp" : "05-Aug-2021 15:37:26",
      "year" : 2021,
      "month" : 7,
      "day_of_month" : 5,
      "hour" : 15,
      "minute" : 37,
      "second" : 26,
      "millisecond" : 649,
      "ms" : 1628177846649,
      "iso_8601" : "2021-08-05T15:37:26Z"
    },
    "modified_by" : "admin",
    "modified_by_principal_id" : "b3236127dacc03f40cd9",
    "modified_by_principal_domain_id" : "default",
    "edited_on" : {
      "timestamp" : "05-Aug-2021 15:37:26",
      "year" : 2021,
      "month" : 7,
      "day_of_month" : 5,
      "hour" : 15,
      "minute" : 37,
      "second" : 26,
      "millisecond" : 649,
      "ms" : 1628177846649,
      "iso_8601" : "2021-08-05T15:37:26Z"
    },
    "edited_by" : "admin",
    "edited_by_principal_id" : "b3236127dacc03f40cd9",
    "edited_by_principal_domain_id" : "default"
  },
  "revision" : 72,
  "active" : true,
  "parents" : [ "71:ada69e539b47f1d41812" ],
  "branch" : "23fafbfbb544c803da8d"
}