{
  "ownerRegistrarId" : "0c7e5a8e66a14af646cd",
  "ownerTenantId" : "57411d61975a346579c0",
  "antivirusEnabled" : false,
  "sessionTimeout" : 3600000,
  "authenticationMaxAttempts" : 3,
  "authenticationResetTimeout" : 900000,
  "datastoreId" : "baaf4fb35b4a50e8348f",
  "datastoreTypeId" : "platform",
  "enableAuditing" : false,
  "enableAuthorities" : true,
  "dataSize" : 0,
  "storageSize" : 0,
  "fsSize" : 0,
  "objectcount" : 0,
  "_system" : {
    "created_on" : {
      "timestamp" : "15-Nov-2021 14:51:40",
      "year" : 2021,
      "month" : 10,
      "day_of_month" : 15,
      "hour" : 14,
      "minute" : 51,
      "second" : 40,
      "millisecond" : 550,
      "ms" : 1637005900550,
      "iso_8601" : "2021-11-15T14:51:40-05:00"
    },
    "created_by" : "system",
    "created_by_principal_id" : "system",
    "created_by_principal_domain_id" : null,
    "modified_on" : {
      "timestamp" : "15-Nov-2021 14:51:45",
      "year" : 2021,
      "month" : 10,
      "day_of_month" : 15,
      "hour" : 14,
      "minute" : 51,
      "second" : 45,
      "millisecond" : 714,
      "ms" : 1637005905714,
      "iso_8601" : "2021-11-15T14:51:45-05:00"
    },
    "modified_by" : "system",
    "modified_by_principal_id" : "system",
    "modified_by_principal_domain_id" : null,
    "edited_on" : {
      "timestamp" : "15-Nov-2021 14:51:40",
      "year" : 2021,
      "month" : 10,
      "day_of_month" : 15,
      "hour" : 14,
      "minute" : 51,
      "second" : 40,
      "millisecond" : 550,
      "ms" : 1637005900550,
      "iso_8601" : "2021-11-15T14:51:40-05:00"
    },
    "edited_by" : "system",
    "edited_by_principal_id" : "system",
    "edited_by_principal_domain_id" : null,
    "patch_version" : "1.0.0-SNAPSHOT"
  },
  "_doc" : "834f3c62df06bb1d85b9",
  "statisticsDate" : {
    "timestamp" : "31-Dec-1969 19:00:00",
    "year" : 1969,
    "month" : 11,
    "day_of_month" : 31,
    "hour" : 19,
    "minute" : 0,
    "second" : 0,
    "millisecond" : 1,
    "ms" : 1,
    "iso_8601" : "1969-12-31T19:00:00-05:00"
  },
  "flags" : { },
  "statisticsDirty" : true
}