{
  "platformId" : "7173fe698ebac7cd9992",
  "datastoreId" : "1677ffc4e33a815d61c0",
  "datastoreTypeId" : "repository",
  "enableAuditing" : true,
  "enableAuthorities" : true,
  "dataSize" : 0,
  "storageSize" : 0,
  "fsSize" : 0,
  "objectcount" : 0,
  "_system" : {
    "created_on" : {
      "timestamp" : "20-Oct-2021 09:44:03",
      "year" : 2021,
      "month" : 9,
      "day_of_month" : 20,
      "hour" : 9,
      "minute" : 44,
      "second" : 3,
      "millisecond" : 867,
      "ms" : 1634737443867,
      "iso_8601" : "2021-10-20T09:44:03-04:00"
    },
    "created_by" : "admin",
    "created_by_principal_id" : "2a7c6669601b1ba4c958",
    "created_by_principal_domain_id" : "default",
    "modified_on" : {
      "timestamp" : "20-Oct-2021 09:44:35",
      "year" : 2021,
      "month" : 9,
      "day_of_month" : 20,
      "hour" : 9,
      "minute" : 44,
      "second" : 35,
      "millisecond" : 1,
      "ms" : 1634737475001,
      "iso_8601" : "2021-10-20T09:44:35-04:00"
    },
    "modified_by" : "admin",
    "modified_by_principal_id" : "2a7c6669601b1ba4c958",
    "modified_by_principal_domain_id" : "default",
    "edited_on" : {
      "timestamp" : "20-Oct-2021 09:44:35",
      "year" : 2021,
      "month" : 9,
      "day_of_month" : 20,
      "hour" : 9,
      "minute" : 44,
      "second" : 35,
      "millisecond" : 1,
      "ms" : 1634737475001,
      "iso_8601" : "2021-10-20T09:44:35-04:00"
    },
    "edited_by" : "admin",
    "edited_by_principal_id" : "2a7c6669601b1ba4c958",
    "edited_by_principal_domain_id" : "default"
  },
  "_doc" : "56319ec4c33501bf5d18",
  "statisticsDate" : {
    "timestamp" : "31-Dec-1969 19:00:00",
    "year" : 1969,
    "month" : 11,
    "day_of_month" : 31,
    "hour" : 19,
    "minute" : 0,
    "second" : 0,
    "millisecond" : 1,
    "ms" : 1,
    "iso_8601" : "1969-12-31T19:00:00-05:00"
  },
  "flags" : { },
  "statisticsDirty" : true,
  "enableStrictRelators" : true,
  "filefolder" : {
    "forceUriEncoding" : true
  },
  "title" : "d26d121c60ab6c0c525b 'content' repository",
  "branches" : {
    "blockMaster" : true
  }
}