{
  "_system" : {
    "deleted" : false,
    "changeset" : "34:cb3c2281b699aa095977",
    "created_on" : {
      "timestamp" : "14-Feb-2019 15:33:00",
      "year" : 2019,
      "month" : 1,
      "day_of_month" : 14,
      "hour" : 15,
      "minute" : 33,
      "second" : 0,
      "millisecond" : 302,
      "ms" : 1550158380302,
      "iso_8601" : "2019-02-14T15:33:00Z"
    },
    "created_by" : "admin",
    "created_by_principal_id" : "5bab281f1cb2047f12ba",
    "created_by_principal_domain_id" : "default",
    "modified_on" : {
      "timestamp" : "14-Feb-2019 15:33:00",
      "year" : 2019,
      "month" : 1,
      "day_of_month" : 14,
      "hour" : 15,
      "minute" : 33,
      "second" : 0,
      "millisecond" : 334,
      "ms" : 1550158380334,
      "iso_8601" : "2019-02-14T15:33:00Z"
    },
    "modified_by" : "admin",
    "modified_by_principal_id" : "5bab281f1cb2047f12ba",
    "modified_by_principal_domain_id" : "default",
    "edited_on" : {
      "timestamp" : "14-Feb-2019 15:33:00",
      "year" : 2019,
      "month" : 1,
      "day_of_month" : 14,
      "hour" : 15,
      "minute" : 33,
      "second" : 0,
      "millisecond" : 334,
      "ms" : 1550158380334,
      "iso_8601" : "2019-02-14T15:33:00Z"
    },
    "edited_by" : "admin",
    "edited_by_principal_id" : "5bab281f1cb2047f12ba",
    "edited_by_principal_domain_id" : "default"
  },
  "_doc" : "1d76fe011c948c8dcda5",
  "_qname" : "o:1d76fe011c948c8dcda5",
  "_type" : "a:has_role",
  "directionality" : "DIRECTED",
  "_features" : {
    "f:audit" : { },
    "f:indexable" : { }
  },
  "source_type" : "n:person",
  "source" : "fb528b3cc0f4915e1ab5",
  "target_type" : "catalog:product",
  "target" : "db246f20344f16e36275",
  "role-key" : "owner"
}