{
  "_doc" : "20:f5c0777545f148e61c88",
  "_system" : {
    "created_on" : {
      "timestamp" : "17-Nov-2021 09:28:02",
      "year" : 2021,
      "month" : 10,
      "day_of_month" : 17,
      "hour" : 9,
      "minute" : 28,
      "second" : 2,
      "millisecond" : 147,
      "ms" : 1637159282147,
      "iso_8601" : "2021-11-17T09:28:02-05:00"
    },
    "created_by" : "admin",
    "created_by_principal_id" : "4dbc7eeadc99359ba687",
    "created_by_principal_domain_id" : "default",
    "modified_on" : {
      "timestamp" : "17-Nov-2021 09:28:02",
      "year" : 2021,
      "month" : 10,
      "day_of_month" : 17,
      "hour" : 9,
      "minute" : 28,
      "second" : 2,
      "millisecond" : 260,
      "ms" : 1637159282260,
      "iso_8601" : "2021-11-17T09:28:02-05:00"
    },
    "modified_by" : "admin",
    "modified_by_principal_id" : "4dbc7eeadc99359ba687",
    "modified_by_principal_domain_id" : "default",
    "edited_on" : {
      "timestamp" : "17-Nov-2021 09:28:02",
      "year" : 2021,
      "month" : 10,
      "day_of_month" : 17,
      "hour" : 9,
      "minute" : 28,
      "second" : 2,
      "millisecond" : 260,
      "ms" : 1637159282260,
      "iso_8601" : "2021-11-17T09:28:02-05:00"
    },
    "edited_by" : "admin",
    "edited_by_principal_id" : "4dbc7eeadc99359ba687",
    "edited_by_principal_domain_id" : "default"
  },
  "revision" : 20,
  "active" : true,
  "parents" : [ "19:0371d98b5bcfc1f0e483" ],
  "branch" : "921fd3299d530ef02309"
}