{
  "_system" : {
    "deleted" : false,
    "changeset" : "7:5fe7bcf334fa4ce4165e",
    "created_on" : {
      "timestamp" : "21-Jan-2021 16:22:17",
      "year" : 2021,
      "month" : 0,
      "day_of_month" : 21,
      "hour" : 16,
      "minute" : 22,
      "second" : 17,
      "millisecond" : 225,
      "ms" : 1611264137225,
      "iso_8601" : "2021-01-21T16:22:17-05:00"
    },
    "created_by" : "admin",
    "created_by_principal_id" : "8df8c30d1c2f95496937",
    "created_by_principal_domain_id" : "default",
    "modified_on" : {
      "timestamp" : "21-Jan-2021 16:22:17",
      "year" : 2021,
      "month" : 0,
      "day_of_month" : 21,
      "hour" : 16,
      "minute" : 22,
      "second" : 17,
      "millisecond" : 238,
      "ms" : 1611264137238,
      "iso_8601" : "2021-01-21T16:22:17-05:00"
    },
    "modified_by" : "admin",
    "modified_by_principal_id" : "8df8c30d1c2f95496937",
    "modified_by_principal_domain_id" : "default",
    "edited_on" : {
      "timestamp" : "21-Jan-2021 16:22:17",
      "year" : 2021,
      "month" : 0,
      "day_of_month" : 21,
      "hour" : 16,
      "minute" : 22,
      "second" : 17,
      "millisecond" : 238,
      "ms" : 1611264137238,
      "iso_8601" : "2021-01-21T16:22:17-05:00"
    },
    "edited_by" : "admin",
    "edited_by_principal_id" : "8df8c30d1c2f95496937",
    "edited_by_principal_domain_id" : "default",
    "rev" : 7,
    "branch" : "3d4e3a21a7c02c55017c",
    "_op" : "create"
  },
  "_doc" : "6e7f047fd52a5281afbb",
  "_qname" : "o:6e7f047fd52a5281afbb",
  "_type" : "a:child",
  "directionality" : "DIRECTED",
  "_features" : {
    "f:audit" : { },
    "f:indexable" : { },
    "f:propagates-authorities" : {
      "enabled" : true
    },
    "f:non-cyclic" : { },
    "f:knowledge-sharing" : {
      "enabled" : true
    }
  },
  "source_type" : "n:node",
  "source" : "fd1ef9ce4b9bb61d0559",
  "target_type" : "n:email_template",
  "target" : "922358fe953e22a67314"
}