{
  "teamableObjectTypeId" : "stack",
  "teamableObjectId" : "298fee4d3d0e4db67e8c",
  "key" : "project-managers-team",
  "groupId" : "dba14e42145aee960902",
  "groupDomainId" : "6c72a17e416b6a1391fa",
  "roleKeys" : [ ],
  "title" : "Project Managers",
  "description" : "Project Managers Team",
  "_system" : {
    "created_on" : {
      "timestamp" : "19-Nov-2021 17:36:29",
      "year" : 2021,
      "month" : 10,
      "day_of_month" : 19,
      "hour" : 17,
      "minute" : 36,
      "second" : 29,
      "millisecond" : 747,
      "ms" : 1637361389747,
      "iso_8601" : "2021-11-19T17:36:29-05:00"
    },
    "created_by" : "admin",
    "created_by_principal_id" : "e319a2cd626b671ba7f7",
    "created_by_principal_domain_id" : "default",
    "modified_on" : {
      "timestamp" : "19-Nov-2021 17:36:29",
      "year" : 2021,
      "month" : 10,
      "day_of_month" : 19,
      "hour" : 17,
      "minute" : 36,
      "second" : 29,
      "millisecond" : 747,
      "ms" : 1637361389747,
      "iso_8601" : "2021-11-19T17:36:29-05:00"
    },
    "modified_by" : "admin",
    "modified_by_principal_id" : "e319a2cd626b671ba7f7",
    "modified_by_principal_domain_id" : "default",
    "edited_on" : {
      "timestamp" : "19-Nov-2021 17:36:29",
      "year" : 2021,
      "month" : 10,
      "day_of_month" : 19,
      "hour" : 17,
      "minute" : 36,
      "second" : 29,
      "millisecond" : 747,
      "ms" : 1637361389747,
      "iso_8601" : "2021-11-19T17:36:29-05:00"
    },
    "edited_by" : "admin",
    "edited_by_principal_id" : "e319a2cd626b671ba7f7",
    "edited_by_principal_domain_id" : "default"
  },
  "_doc" : "990be63b4124a72df116"
}