{
  "_doc" : "14:b013beaf7b48780451a9",
  "_system" : {
    "created_on" : {
      "timestamp" : "05-Aug-2021 15:37:12",
      "year" : 2021,
      "month" : 7,
      "day_of_month" : 5,
      "hour" : 15,
      "minute" : 37,
      "second" : 12,
      "millisecond" : 153,
      "ms" : 1628177832153,
      "iso_8601" : "2021-08-05T15:37:12Z"
    },
    "created_by" : "system",
    "created_by_principal_id" : "system",
    "created_by_principal_domain_id" : null,
    "modified_on" : {
      "timestamp" : "05-Aug-2021 15:37:12",
      "year" : 2021,
      "month" : 7,
      "day_of_month" : 5,
      "hour" : 15,
      "minute" : 37,
      "second" : 12,
      "millisecond" : 273,
      "ms" : 1628177832273,
      "iso_8601" : "2021-08-05T15:37:12Z"
    },
    "modified_by" : "system",
    "modified_by_principal_id" : "system",
    "modified_by_principal_domain_id" : null,
    "edited_on" : {
      "timestamp" : "05-Aug-2021 15:37:12",
      "year" : 2021,
      "month" : 7,
      "day_of_month" : 5,
      "hour" : 15,
      "minute" : 37,
      "second" : 12,
      "millisecond" : 153,
      "ms" : 1628177832153,
      "iso_8601" : "2021-08-05T15:37:12Z"
    },
    "edited_by" : "system",
    "edited_by_principal_id" : "system",
    "edited_by_principal_domain_id" : null
  },
  "revision" : 14,
  "active" : true,
  "parents" : [ "13:fe90a3c5e98ad917ad27" ],
  "branch" : "23fafbfbb544c803da8d"
}