{
  "type" : "CREATE",
  "timestamp" : {
    "timestamp" : "06-Aug-2020 13:25:29",
    "year" : 2020,
    "month" : 7,
    "day_of_month" : 6,
    "hour" : 13,
    "minute" : 25,
    "second" : 29,
    "millisecond" : 157,
    "ms" : 1596720329157,
    "iso_8601" : "2020-08-06T13:25:29Z"
  },
  "userDomainId" : "default",
  "userId" : "bb39303eba0c35a3d2da",
  "userTitle" : "admin",
  "userName" : "admin",
  "objectDatastoreTypeId" : "platform",
  "objectDatastoreId" : "28b3e8dfea1ba2c05c57",
  "objectDatastoreTitle" : "Root Platform",
  "objectId" : "79744a15485f5518f804",
  "objectTypeId" : "repository",
  "objectTitle" : "79744a15485f5518f804",
  "_system" : {
    "created_on" : {
      "timestamp" : "06-Aug-2020 13:25:29",
      "year" : 2020,
      "month" : 7,
      "day_of_month" : 6,
      "hour" : 13,
      "minute" : 25,
      "second" : 29,
      "millisecond" : 158,
      "ms" : 1596720329158,
      "iso_8601" : "2020-08-06T13:25:29Z"
    },
    "created_by" : "admin",
    "created_by_principal_id" : "bb39303eba0c35a3d2da",
    "created_by_principal_domain_id" : "default",
    "modified_on" : {
      "timestamp" : "06-Aug-2020 13:25:29",
      "year" : 2020,
      "month" : 7,
      "day_of_month" : 6,
      "hour" : 13,
      "minute" : 25,
      "second" : 29,
      "millisecond" : 158,
      "ms" : 1596720329158,
      "iso_8601" : "2020-08-06T13:25:29Z"
    },
    "modified_by" : "admin",
    "modified_by_principal_id" : "bb39303eba0c35a3d2da",
    "modified_by_principal_domain_id" : "default",
    "edited_on" : {
      "timestamp" : "06-Aug-2020 13:25:29",
      "year" : 2020,
      "month" : 7,
      "day_of_month" : 6,
      "hour" : 13,
      "minute" : 25,
      "second" : 29,
      "millisecond" : 158,
      "ms" : 1596720329158,
      "iso_8601" : "2020-08-06T13:25:29Z"
    },
    "edited_by" : "admin",
    "edited_by_principal_id" : "bb39303eba0c35a3d2da",
    "edited_by_principal_domain_id" : "default"
  },
  "_doc" : "51ea832212be528f85cc"
}