{
  "_doc" : "26:b1dac775ecf1311b8a2b",
  "_system" : {
    "created_on" : {
      "timestamp" : "19-Nov-2021 22:41:24",
      "year" : 2021,
      "month" : 10,
      "day_of_month" : 19,
      "hour" : 22,
      "minute" : 41,
      "second" : 24,
      "millisecond" : 47,
      "ms" : 1637379684047,
      "iso_8601" : "2021-11-19T22:41:24-05:00"
    },
    "created_by" : "admin",
    "created_by_principal_id" : "e319a2cd626b671ba7f7",
    "created_by_principal_domain_id" : "default",
    "modified_on" : {
      "timestamp" : "19-Nov-2021 22:41:24",
      "year" : 2021,
      "month" : 10,
      "day_of_month" : 19,
      "hour" : 22,
      "minute" : 41,
      "second" : 24,
      "millisecond" : 85,
      "ms" : 1637379684085,
      "iso_8601" : "2021-11-19T22:41:24-05:00"
    },
    "modified_by" : "admin",
    "modified_by_principal_id" : "e319a2cd626b671ba7f7",
    "modified_by_principal_domain_id" : "default",
    "edited_on" : {
      "timestamp" : "19-Nov-2021 22:41:24",
      "year" : 2021,
      "month" : 10,
      "day_of_month" : 19,
      "hour" : 22,
      "minute" : 41,
      "second" : 24,
      "millisecond" : 85,
      "ms" : 1637379684085,
      "iso_8601" : "2021-11-19T22:41:24-05:00"
    },
    "edited_by" : "admin",
    "edited_by_principal_id" : "e319a2cd626b671ba7f7",
    "edited_by_principal_domain_id" : "default"
  },
  "revision" : 26,
  "active" : true,
  "parents" : [ "25:8fc6aee401a0dbbaf407" ],
  "branch" : "d13c41461bea0e1eaef1"
}