{
  "stackId" : "f2ffa990c303089e5bd5",
  "key" : "170721a2b50e804624c5",
  "datastoreTypeId" : "application",
  "datastoreId" : "170721a2b50e804624c5",
  "_system" : {
    "created_on" : {
      "timestamp" : "07-Mar-2023 09:39:23",
      "year" : 2023,
      "month" : 2,
      "day_of_month" : 7,
      "hour" : 9,
      "minute" : 39,
      "second" : 23,
      "millisecond" : 794,
      "ms" : 1678199963794,
      "iso_8601" : "2023-03-07T09:39:23-05:00"
    },
    "created_by" : "admin",
    "created_by_principal_id" : "046cf0d415feaf45bcf2",
    "created_by_principal_domain_id" : "default",
    "modified_on" : {
      "timestamp" : "07-Mar-2023 09:39:23",
      "year" : 2023,
      "month" : 2,
      "day_of_month" : 7,
      "hour" : 9,
      "minute" : 39,
      "second" : 23,
      "millisecond" : 794,
      "ms" : 1678199963794,
      "iso_8601" : "2023-03-07T09:39:23-05:00"
    },
    "modified_by" : "admin",
    "modified_by_principal_id" : "046cf0d415feaf45bcf2",
    "modified_by_principal_domain_id" : "default",
    "edited_on" : {
      "timestamp" : "07-Mar-2023 09:39:23",
      "year" : 2023,
      "month" : 2,
      "day_of_month" : 7,
      "hour" : 9,
      "minute" : 39,
      "second" : 23,
      "millisecond" : 794,
      "ms" : 1678199963794,
      "iso_8601" : "2023-03-07T09:39:23-05:00"
    },
    "edited_by" : "admin",
    "edited_by_principal_id" : "046cf0d415feaf45bcf2",
    "edited_by_principal_domain_id" : "default"
  },
  "_doc" : "ee28a6beb4c63c451958"
}