{
  "teamableObjectTypeId" : "stack",
  "teamableObjectId" : "7bb366f549b7530ad72b",
  "key" : "owners",
  "groupId" : "c9093d8af1d12d9c3110",
  "groupDomainId" : "579fe90fabfc44bf6490",
  "roleKeys" : [ "owner" ],
  "title" : "Owners",
  "description" : "Owners Team",
  "_system" : {
    "created_on" : {
      "timestamp" : "07-Dec-2021 18:01:31",
      "year" : 2021,
      "month" : 11,
      "day_of_month" : 7,
      "hour" : 18,
      "minute" : 1,
      "second" : 31,
      "millisecond" : 739,
      "ms" : 1638900091739,
      "iso_8601" : "2021-12-07T18:01:31Z"
    },
    "created_by" : "admin",
    "created_by_principal_id" : "9a36db8c2529d3cf7b7b",
    "created_by_principal_domain_id" : "default",
    "modified_on" : {
      "timestamp" : "07-Dec-2021 18:01:31",
      "year" : 2021,
      "month" : 11,
      "day_of_month" : 7,
      "hour" : 18,
      "minute" : 1,
      "second" : 31,
      "millisecond" : 739,
      "ms" : 1638900091739,
      "iso_8601" : "2021-12-07T18:01:31Z"
    },
    "modified_by" : "admin",
    "modified_by_principal_id" : "9a36db8c2529d3cf7b7b",
    "modified_by_principal_domain_id" : "default",
    "edited_on" : {
      "timestamp" : "07-Dec-2021 18:01:31",
      "year" : 2021,
      "month" : 11,
      "day_of_month" : 7,
      "hour" : 18,
      "minute" : 1,
      "second" : 31,
      "millisecond" : 739,
      "ms" : 1638900091739,
      "iso_8601" : "2021-12-07T18:01:31Z"
    },
    "edited_by" : "admin",
    "edited_by_principal_id" : "9a36db8c2529d3cf7b7b",
    "edited_by_principal_domain_id" : "default"
  },
  "_doc" : "16ef00d35084afaa1ccd"
}