{
  "_system" : {
    "deleted" : false,
    "changeset" : "7:dcd573a2817bc509e8e4",
    "created_on" : {
      "timestamp" : "20-Oct-2021 09:44:09",
      "year" : 2021,
      "month" : 9,
      "day_of_month" : 20,
      "hour" : 9,
      "minute" : 44,
      "second" : 9,
      "millisecond" : 650,
      "ms" : 1634737449650,
      "iso_8601" : "2021-10-20T09:44:09-04:00"
    },
    "created_by" : "admin",
    "created_by_principal_id" : "2a7c6669601b1ba4c958",
    "created_by_principal_domain_id" : "default",
    "modified_on" : {
      "timestamp" : "20-Oct-2021 09:44:09",
      "year" : 2021,
      "month" : 9,
      "day_of_month" : 20,
      "hour" : 9,
      "minute" : 44,
      "second" : 9,
      "millisecond" : 669,
      "ms" : 1634737449669,
      "iso_8601" : "2021-10-20T09:44:09-04:00"
    },
    "modified_by" : "admin",
    "modified_by_principal_id" : "2a7c6669601b1ba4c958",
    "modified_by_principal_domain_id" : "default",
    "edited_on" : {
      "timestamp" : "20-Oct-2021 09:44:09",
      "year" : 2021,
      "month" : 9,
      "day_of_month" : 20,
      "hour" : 9,
      "minute" : 44,
      "second" : 9,
      "millisecond" : 669,
      "ms" : 1634737449669,
      "iso_8601" : "2021-10-20T09:44:09-04:00"
    },
    "edited_by" : "admin",
    "edited_by_principal_id" : "2a7c6669601b1ba4c958",
    "edited_by_principal_domain_id" : "default",
    "rev" : 7,
    "branch" : "c05d26b68d5e6c9699cf",
    "_op" : "create"
  },
  "_doc" : "e533210a20b997bd839c",
  "_qname" : "o:e533210a20b997bd839c",
  "_type" : "a:child",
  "directionality" : "DIRECTED",
  "_features" : {
    "f:audit" : { },
    "f:indexable" : { },
    "f:propagates-authorities" : {
      "enabled" : true
    },
    "f:non-cyclic" : { },
    "f:knowledge-sharing" : {
      "enabled" : true
    }
  },
  "source_type" : "n:node",
  "source" : "fd089bf90eaa4625f6e5",
  "target_type" : "n:email_template",
  "target" : "c1cadf81c36509f2ff27"
}