{
  "title" : "Carl Sagan",
  "firstName" : "Carl",
  "lastName" : "Sagan",
  "slug" : "carl-sagan",
  "_system" : {
    "deleted" : false,
    "changeset" : "12:f14c40108ed1b7697e04",
    "created_on" : {
      "timestamp" : "20-Oct-2021 09:34:10",
      "year" : 2021,
      "month" : 9,
      "day_of_month" : 20,
      "hour" : 9,
      "minute" : 34,
      "second" : 10,
      "millisecond" : 641,
      "ms" : 1634736850641,
      "iso_8601" : "2021-10-20T09:34:10-04:00"
    },
    "created_by" : "admin",
    "created_by_principal_id" : "2a7c6669601b1ba4c958",
    "created_by_principal_domain_id" : "default",
    "modified_on" : {
      "timestamp" : "20-Oct-2021 09:34:17",
      "year" : 2021,
      "month" : 9,
      "day_of_month" : 20,
      "hour" : 9,
      "minute" : 34,
      "second" : 17,
      "millisecond" : 61,
      "ms" : 1634736857061,
      "iso_8601" : "2021-10-20T09:34:17-04:00"
    },
    "modified_by" : "admin",
    "modified_by_principal_id" : "2a7c6669601b1ba4c958",
    "modified_by_principal_domain_id" : "default",
    "edited_on" : {
      "timestamp" : "20-Oct-2021 09:34:17",
      "year" : 2021,
      "month" : 9,
      "day_of_month" : 20,
      "hour" : 9,
      "minute" : 34,
      "second" : 17,
      "millisecond" : 61,
      "ms" : 1634736857061,
      "iso_8601" : "2021-10-20T09:34:17-04:00"
    },
    "edited_by" : "admin",
    "edited_by_principal_id" : "2a7c6669601b1ba4c958",
    "edited_by_principal_domain_id" : "default",
    "rev" : 12,
    "attachments" : {
      "default" : {
        "contentType" : "image/jpeg",
        "length" : 20989,
        "objectId" : "attachment_0e881fe52e02403c8c4e_35b38c1b6f94dcf4780e",
        "filename" : "default.jpg"
      }
    },
    "previousChangeset" : "11:12c9a68feb3769db4174",
    "branch" : "1ad06a3e9160fdc88c85",
    "_op" : "update"
  },
  "_doc" : "0e881fe52e02403c8c4e",
  "_qname" : "o:0e881fe52e02403c8c4e",
  "_features" : {
    "f:filename" : {
      "filename" : "Carl_Sagan"
    },
    "f:audit" : { },
    "f:titled" : { },
    "f:geolocation" : { },
    "f:indexable" : { },
    "f:deployment-config" : {
      "default" : {
        "mappings" : [ {
          "type" : "object-to-file",
          "config" : {
            "filepath" : "/store/authors/{{object.slug}}.json"
          }
        }, {
          "type" : "attachment-to-file",
          "config" : {
            "attachmentId" : "*",
            "filepath" : "/store/authors/{{object.slug}}.{{attachment.ext}}"
          }
        } ]
      }
    },
    "f:publishable" : {
      "state" : "approved"
    }
  },
  "_type" : "store:author"
}