{
  "_doc" : "36:531c67796e7e879c6b6a",
  "_system" : {
    "created_on" : {
      "timestamp" : "15-Nov-2021 14:54:10",
      "year" : 2021,
      "month" : 10,
      "day_of_month" : 15,
      "hour" : 14,
      "minute" : 54,
      "second" : 10,
      "millisecond" : 781,
      "ms" : 1637006050781,
      "iso_8601" : "2021-11-15T14:54:10-05:00"
    },
    "created_by" : "admin",
    "created_by_principal_id" : "b9ed9753748864134424",
    "created_by_principal_domain_id" : "default",
    "modified_on" : {
      "timestamp" : "15-Nov-2021 14:54:10",
      "year" : 2021,
      "month" : 10,
      "day_of_month" : 15,
      "hour" : 14,
      "minute" : 54,
      "second" : 10,
      "millisecond" : 825,
      "ms" : 1637006050825,
      "iso_8601" : "2021-11-15T14:54:10-05:00"
    },
    "modified_by" : "admin",
    "modified_by_principal_id" : "b9ed9753748864134424",
    "modified_by_principal_domain_id" : "default",
    "edited_on" : {
      "timestamp" : "15-Nov-2021 14:54:10",
      "year" : 2021,
      "month" : 10,
      "day_of_month" : 15,
      "hour" : 14,
      "minute" : 54,
      "second" : 10,
      "millisecond" : 825,
      "ms" : 1637006050825,
      "iso_8601" : "2021-11-15T14:54:10-05:00"
    },
    "edited_by" : "admin",
    "edited_by_principal_id" : "b9ed9753748864134424",
    "edited_by_principal_domain_id" : "default"
  },
  "revision" : 36,
  "active" : true,
  "parents" : [ "35:6b3bfd9267280b8c49c8" ],
  "branch" : "cdcfc25b8b052c9d2586"
}