{
  "_system" : {
    "deleted" : false,
    "changeset" : "16:3754281a8db6563757d0",
    "created_on" : {
      "timestamp" : "05-Aug-2021 15:37:12",
      "year" : 2021,
      "month" : 7,
      "day_of_month" : 5,
      "hour" : 15,
      "minute" : 37,
      "second" : 12,
      "millisecond" : 680,
      "ms" : 1628177832680,
      "iso_8601" : "2021-08-05T15:37:12Z"
    },
    "created_by" : "system",
    "created_by_principal_id" : "system",
    "modified_on" : {
      "timestamp" : "05-Aug-2021 15:37:12",
      "year" : 2021,
      "month" : 7,
      "day_of_month" : 5,
      "hour" : 15,
      "minute" : 37,
      "second" : 12,
      "millisecond" : 881,
      "ms" : 1628177832881,
      "iso_8601" : "2021-08-05T15:37:12Z"
    },
    "modified_by" : "system",
    "modified_by_principal_id" : "system",
    "edited_on" : {
      "timestamp" : "05-Aug-2021 15:37:12",
      "year" : 2021,
      "month" : 7,
      "day_of_month" : 5,
      "hour" : 15,
      "minute" : 37,
      "second" : 12,
      "millisecond" : 680,
      "ms" : 1628177832680,
      "iso_8601" : "2021-08-05T15:37:12Z"
    },
    "edited_by" : "system",
    "edited_by_principal_id" : "system",
    "rev" : 16,
    "branch" : "23fafbfbb544c803da8d",
    "_op" : "create"
  },
  "_doc" : "3268e2db07b764b73a79",
  "_qname" : "o:3268e2db07b764b73a79",
  "_type" : "a:has_tag",
  "directionality" : "DIRECTED",
  "_features" : {
    "f:audit" : { },
    "f:indexable" : { }
  },
  "source_type" : "store:book",
  "source" : "d9c336ce8f514020a1a1",
  "target_type" : "n:tag",
  "target" : "af6619b046e043632ef1"
}