{
  "_doc" : "38:63af458ff05a81a708e8",
  "_system" : {
    "created_on" : {
      "timestamp" : "26-Nov-2021 22:42:58",
      "year" : 2021,
      "month" : 10,
      "day_of_month" : 26,
      "hour" : 22,
      "minute" : 42,
      "second" : 58,
      "millisecond" : 861,
      "ms" : 1637984578861,
      "iso_8601" : "2021-11-26T22:42:58-05:00"
    },
    "created_by" : "admin",
    "created_by_principal_id" : "5bef34d1ea45b9e98ee7",
    "created_by_principal_domain_id" : "default",
    "modified_on" : {
      "timestamp" : "26-Nov-2021 22:42:58",
      "year" : 2021,
      "month" : 10,
      "day_of_month" : 26,
      "hour" : 22,
      "minute" : 42,
      "second" : 58,
      "millisecond" : 901,
      "ms" : 1637984578901,
      "iso_8601" : "2021-11-26T22:42:58-05:00"
    },
    "modified_by" : "admin",
    "modified_by_principal_id" : "5bef34d1ea45b9e98ee7",
    "modified_by_principal_domain_id" : "default",
    "edited_on" : {
      "timestamp" : "26-Nov-2021 22:42:58",
      "year" : 2021,
      "month" : 10,
      "day_of_month" : 26,
      "hour" : 22,
      "minute" : 42,
      "second" : 58,
      "millisecond" : 901,
      "ms" : 1637984578901,
      "iso_8601" : "2021-11-26T22:42:58-05:00"
    },
    "edited_by" : "admin",
    "edited_by_principal_id" : "5bef34d1ea45b9e98ee7",
    "edited_by_principal_domain_id" : "default"
  },
  "revision" : 38,
  "active" : true,
  "parents" : [ "37:cbc6cb353960e1105caa" ],
  "branch" : "9bc800c8fc0417d3210c"
}