{
  "_system" : {
    "deleted" : false,
    "changeset" : "30:eb00377fb6d01468bbc9",
    "created_on" : {
      "timestamp" : "05-Aug-2021 15:37:15",
      "year" : 2021,
      "month" : 7,
      "day_of_month" : 5,
      "hour" : 15,
      "minute" : 37,
      "second" : 15,
      "millisecond" : 247,
      "ms" : 1628177835247,
      "iso_8601" : "2021-08-05T15:37:15Z"
    },
    "created_by" : "system",
    "created_by_principal_id" : "system",
    "modified_on" : {
      "timestamp" : "05-Aug-2021 15:37:15",
      "year" : 2021,
      "month" : 7,
      "day_of_month" : 5,
      "hour" : 15,
      "minute" : 37,
      "second" : 15,
      "millisecond" : 293,
      "ms" : 1628177835293,
      "iso_8601" : "2021-08-05T15:37:15Z"
    },
    "modified_by" : "system",
    "modified_by_principal_id" : "system",
    "edited_on" : {
      "timestamp" : "05-Aug-2021 15:37:15",
      "year" : 2021,
      "month" : 7,
      "day_of_month" : 5,
      "hour" : 15,
      "minute" : 37,
      "second" : 15,
      "millisecond" : 247,
      "ms" : 1628177835247,
      "iso_8601" : "2021-08-05T15:37:15Z"
    },
    "edited_by" : "system",
    "edited_by_principal_id" : "system",
    "rev" : 30,
    "branch" : "23fafbfbb544c803da8d",
    "_op" : "create"
  },
  "_doc" : "bdf67df0b028e3ea96c8",
  "_qname" : "o:bdf67df0b028e3ea96c8",
  "_type" : "a:has_tag",
  "directionality" : "DIRECTED",
  "_features" : {
    "f:audit" : { },
    "f:indexable" : { }
  },
  "source_type" : "store:book",
  "source" : "e31bf4dd3e984793b71b",
  "target_type" : "n:tag",
  "target" : "dddc3759eb39ab6d1c9b"
}