{
  "platformId" : "2b1c5a2b7f6df5b0a885",
  "datastoreId" : "81b2c6c559ff900749e7",
  "datastoreTypeId" : "application",
  "enableAuditing" : false,
  "enableAuthorities" : true,
  "maxsize" : -1,
  "size" : 0,
  "objectcount" : 0,
  "_system" : {
    "created_on" : {
      "timestamp" : "14-Feb-2019 15:32:45",
      "year" : 2019,
      "month" : 1,
      "day_of_month" : 14,
      "hour" : 15,
      "minute" : 32,
      "second" : 45,
      "millisecond" : 507,
      "ms" : 1550158365507,
      "iso_8601" : "2019-02-14T15:32:45Z"
    },
    "created_by" : "admin",
    "created_by_principal_id" : "5bab281f1cb2047f12ba",
    "created_by_principal_domain_id" : "default",
    "modified_on" : {
      "timestamp" : "14-Feb-2019 15:33:38",
      "year" : 2019,
      "month" : 1,
      "day_of_month" : 14,
      "hour" : 15,
      "minute" : 33,
      "second" : 38,
      "millisecond" : 210,
      "ms" : 1550158418210,
      "iso_8601" : "2019-02-14T15:33:38Z"
    },
    "modified_by" : "admin",
    "modified_by_principal_id" : "5bab281f1cb2047f12ba",
    "modified_by_principal_domain_id" : "default",
    "edited_on" : {
      "timestamp" : "14-Feb-2019 15:33:38",
      "year" : 2019,
      "month" : 1,
      "day_of_month" : 14,
      "hour" : 15,
      "minute" : 33,
      "second" : 38,
      "millisecond" : 210,
      "ms" : 1550158418210,
      "iso_8601" : "2019-02-14T15:33:38Z"
    },
    "edited_by" : "admin",
    "edited_by_principal_id" : "5bab281f1cb2047f12ba",
    "edited_by_principal_domain_id" : "default"
  },
  "_doc" : "5bd21ef1ae78a74f1618",
  "statisticsDate" : {
    "timestamp" : "01-Jan-1970 00:00:00",
    "year" : 1970,
    "month" : 0,
    "day_of_month" : 1,
    "hour" : 0,
    "minute" : 0,
    "second" : 0,
    "millisecond" : 1,
    "ms" : 1,
    "iso_8601" : "1970-01-01T00:00:00Z"
  },
  "statisticsDirty" : true,
  "title" : "Sample Web Application",
  "projectId" : "cc9150e16128243b9cf3",
  "deployments" : {
    "default" : {
      "webhost" : "primary",
      "domain" : "cloudcms.net",
      "baseURL" : "https://api.cloudcms.com",
      "clientId" : "a105c0590d2f0f544e8b",
      "authGrantId" : "a12b3e10272b701dab79"
    }
  },
  "applicationType" : "web",
  "source" : {
    "type" : "github",
    "uri" : "https://github.com/gitana/sdk.git",
    "path" : "/sample-website"
  }
}