{
  "_system" : {
    "deleted" : false,
    "changeset" : "16:b3f498b7063e875aa04f",
    "created_on" : {
      "timestamp" : "14-Feb-2019 15:32:48",
      "year" : 2019,
      "month" : 1,
      "day_of_month" : 14,
      "hour" : 15,
      "minute" : 32,
      "second" : 48,
      "millisecond" : 991,
      "ms" : 1550158368991,
      "iso_8601" : "2019-02-14T15:32:48Z"
    },
    "created_by" : "admin",
    "created_by_principal_id" : "5bab281f1cb2047f12ba",
    "created_by_principal_domain_id" : "default",
    "modified_on" : {
      "timestamp" : "14-Feb-2019 15:32:49",
      "year" : 2019,
      "month" : 1,
      "day_of_month" : 14,
      "hour" : 15,
      "minute" : 32,
      "second" : 49,
      "millisecond" : 20,
      "ms" : 1550158369020,
      "iso_8601" : "2019-02-14T15:32:49Z"
    },
    "modified_by" : "admin",
    "modified_by_principal_id" : "5bab281f1cb2047f12ba",
    "modified_by_principal_domain_id" : "default",
    "edited_on" : {
      "timestamp" : "14-Feb-2019 15:32:49",
      "year" : 2019,
      "month" : 1,
      "day_of_month" : 14,
      "hour" : 15,
      "minute" : 32,
      "second" : 49,
      "millisecond" : 20,
      "ms" : 1550158369020,
      "iso_8601" : "2019-02-14T15:32:49Z"
    },
    "edited_by" : "admin",
    "edited_by_principal_id" : "5bab281f1cb2047f12ba",
    "edited_by_principal_domain_id" : "default"
  },
  "_doc" : "808d1f6d8b92fe1adc3b",
  "_qname" : "o:808d1f6d8b92fe1adc3b",
  "_type" : "a:has_role",
  "directionality" : "DIRECTED",
  "_features" : {
    "f:audit" : { },
    "f:indexable" : { }
  },
  "source_type" : "n:person",
  "source" : "fb528b3cc0f4915e1ab5",
  "target_type" : "wcm:page",
  "target" : "de927edf528ac5c27d0e",
  "role-key" : "owner"
}