{
  "_doc" : "149:6923393242a2f53dacf4",
  "_system" : {
    "created_on" : {
      "timestamp" : "14-Feb-2019 15:33:39",
      "year" : 2019,
      "month" : 1,
      "day_of_month" : 14,
      "hour" : 15,
      "minute" : 33,
      "second" : 39,
      "millisecond" : 652,
      "ms" : 1550158419652,
      "iso_8601" : "2019-02-14T15:33:39Z"
    },
    "created_by" : "admin",
    "created_by_principal_id" : "5bab281f1cb2047f12ba",
    "created_by_principal_domain_id" : "default",
    "modified_on" : {
      "timestamp" : "14-Feb-2019 15:33:39",
      "year" : 2019,
      "month" : 1,
      "day_of_month" : 14,
      "hour" : 15,
      "minute" : 33,
      "second" : 39,
      "millisecond" : 982,
      "ms" : 1550158419982,
      "iso_8601" : "2019-02-14T15:33:39Z"
    },
    "modified_by" : "admin",
    "modified_by_principal_id" : "5bab281f1cb2047f12ba",
    "modified_by_principal_domain_id" : "default",
    "edited_on" : {
      "timestamp" : "14-Feb-2019 15:33:39",
      "year" : 2019,
      "month" : 1,
      "day_of_month" : 14,
      "hour" : 15,
      "minute" : 33,
      "second" : 39,
      "millisecond" : 982,
      "ms" : 1550158419982,
      "iso_8601" : "2019-02-14T15:33:39Z"
    },
    "edited_by" : "admin",
    "edited_by_principal_id" : "5bab281f1cb2047f12ba",
    "edited_by_principal_domain_id" : "default"
  },
  "revision" : 149,
  "active" : true,
  "parents" : [ "148:5ad9b2a5c31bf2fd1750" ],
  "branch" : "4a11b3490f5cf2a8a2b7"
}