{
  "tag" : "tragedy",
  "title" : "tragedy",
  "_system" : {
    "deleted" : false,
    "changeset" : "27:a7e6cf739e56d260dc11",
    "created_on" : {
      "timestamp" : "21-Jan-2021 16:22:32",
      "year" : 2021,
      "month" : 0,
      "day_of_month" : 21,
      "hour" : 16,
      "minute" : 22,
      "second" : 32,
      "millisecond" : 136,
      "ms" : 1611264152136,
      "iso_8601" : "2021-01-21T16:22:32-05:00"
    },
    "created_by" : "system",
    "created_by_principal_id" : "system",
    "created_by_principal_domain_id" : null,
    "modified_on" : {
      "timestamp" : "21-Jan-2021 16:22:32",
      "year" : 2021,
      "month" : 0,
      "day_of_month" : 21,
      "hour" : 16,
      "minute" : 22,
      "second" : 32,
      "millisecond" : 156,
      "ms" : 1611264152156,
      "iso_8601" : "2021-01-21T16:22:32-05:00"
    },
    "modified_by" : "system",
    "modified_by_principal_id" : "system",
    "modified_by_principal_domain_id" : null,
    "edited_on" : {
      "timestamp" : "21-Jan-2021 16:22:32",
      "year" : 2021,
      "month" : 0,
      "day_of_month" : 21,
      "hour" : 16,
      "minute" : 22,
      "second" : 32,
      "millisecond" : 136,
      "ms" : 1611264152136,
      "iso_8601" : "2021-01-21T16:22:32-05:00"
    },
    "edited_by" : "system",
    "edited_by_principal_id" : "system",
    "edited_by_principal_domain_id" : null,
    "rev" : 27,
    "branch" : "3d4e3a21a7c02c55017c",
    "_op" : "create"
  },
  "_doc" : "0dce7bff9d246876ae22",
  "_qname" : "o:0dce7bff9d246876ae22",
  "_type" : "n:tag",
  "_features" : {
    "f:audit" : { },
    "f:titled" : { },
    "f:filename" : {
      "filename" : "tragedy"
    },
    "f:geolocation" : { },
    "f:indexable" : { }
  }
}