{
  "_doc" : "19:30c042c6b632899c29b3",
  "_system" : {
    "created_on" : {
      "timestamp" : "20-Oct-2021 00:03:35",
      "year" : 2021,
      "month" : 9,
      "day_of_month" : 20,
      "hour" : 0,
      "minute" : 3,
      "second" : 35,
      "millisecond" : 875,
      "ms" : 1634702615875,
      "iso_8601" : "2021-10-20T00:03:35-04:00"
    },
    "created_by" : "admin",
    "created_by_principal_id" : "2a7c6669601b1ba4c958",
    "created_by_principal_domain_id" : "default",
    "modified_on" : {
      "timestamp" : "20-Oct-2021 00:03:35",
      "year" : 2021,
      "month" : 9,
      "day_of_month" : 20,
      "hour" : 0,
      "minute" : 3,
      "second" : 35,
      "millisecond" : 908,
      "ms" : 1634702615908,
      "iso_8601" : "2021-10-20T00:03:35-04:00"
    },
    "modified_by" : "admin",
    "modified_by_principal_id" : "2a7c6669601b1ba4c958",
    "modified_by_principal_domain_id" : "default",
    "edited_on" : {
      "timestamp" : "20-Oct-2021 00:03:35",
      "year" : 2021,
      "month" : 9,
      "day_of_month" : 20,
      "hour" : 0,
      "minute" : 3,
      "second" : 35,
      "millisecond" : 908,
      "ms" : 1634702615908,
      "iso_8601" : "2021-10-20T00:03:35-04:00"
    },
    "edited_by" : "admin",
    "edited_by_principal_id" : "2a7c6669601b1ba4c958",
    "edited_by_principal_domain_id" : "default"
  },
  "revision" : 19,
  "active" : true,
  "parents" : [ "18:25335089a0388beb31c8" ],
  "branch" : "a73f26b4127e018473e1"
}