{
  "_type" : "catalog:product-review",
  "title" : "Review #22 Monster fan",
  "author" : "frank.sinatra",
  "body" : "Ahhh.. blue eyes. In our opinion the legendary Frank Sinatra needed his own signature cupcake. So, who better than us to take a stab at creating a unique flavor that almost sings with the palate. If you're not tempted with this lustful dance of flavors then you're obviously not a fan of light and fluffy chocolate cake.",
  "rating" : 3,
  "_doc" : "0793cd3ae68bc3a0440f",
  "_system" : {
    "deleted" : false,
    "changeset" : "28:bd754a96ca51d1635a61",
    "created_on" : {
      "timestamp" : "14-Feb-2019 15:32:56",
      "year" : 2019,
      "month" : 1,
      "day_of_month" : 14,
      "hour" : 15,
      "minute" : 32,
      "second" : 56,
      "millisecond" : 989,
      "ms" : 1550158376989,
      "iso_8601" : "2019-02-14T15:32:56Z"
    },
    "created_by" : "admin",
    "created_by_principal_id" : "5bab281f1cb2047f12ba",
    "created_by_principal_domain_id" : "default",
    "modified_on" : {
      "timestamp" : "14-Feb-2019 15:32:57",
      "year" : 2019,
      "month" : 1,
      "day_of_month" : 14,
      "hour" : 15,
      "minute" : 32,
      "second" : 57,
      "millisecond" : 38,
      "ms" : 1550158377038,
      "iso_8601" : "2019-02-14T15:32:57Z"
    },
    "modified_by" : "admin",
    "modified_by_principal_id" : "5bab281f1cb2047f12ba",
    "modified_by_principal_domain_id" : "default",
    "edited_on" : {
      "timestamp" : "14-Feb-2019 15:32:57",
      "year" : 2019,
      "month" : 1,
      "day_of_month" : 14,
      "hour" : 15,
      "minute" : 32,
      "second" : 57,
      "millisecond" : 38,
      "ms" : 1550158377038,
      "iso_8601" : "2019-02-14T15:32:57Z"
    },
    "edited_by" : "admin",
    "edited_by_principal_id" : "5bab281f1cb2047f12ba",
    "edited_by_principal_domain_id" : "default"
  },
  "_qname" : "o:0793cd3ae68bc3a0440f",
  "_features" : {
    "f:audit" : { },
    "f:titled" : { },
    "f:filename" : {
      "filename" : "Review+%2322+Monster+fan"
    },
    "f:geolocation" : { },
    "f:indexable" : { }
  }
}