{
  "_type" : "a:child",
  "directionality" : "DIRECTED",
  "source_type" : "n:node",
  "source" : "2f4c2b2fa26c4459aa85",
  "target_type" : "store:author",
  "target" : "e387fd64bb3a48b197f1",
  "_qname" : "o:96c35a593c794783a2a2",
  "_doc" : "96c35a593c794783a2a2",
  "_system" : {
    "deleted" : false,
    "changeset" : "9:ebf03040d20adc314e9f",
    "created_on" : {
      "timestamp" : "19-Nov-2021 17:36:40",
      "year" : 2021,
      "month" : 10,
      "day_of_month" : 19,
      "hour" : 17,
      "minute" : 36,
      "second" : 40,
      "millisecond" : 46,
      "ms" : 1637361400046,
      "iso_8601" : "2021-11-19T17:36:40-05:00"
    },
    "created_by" : "admin",
    "created_by_principal_id" : "e319a2cd626b671ba7f7",
    "created_by_principal_domain_id" : "default",
    "modified_on" : {
      "timestamp" : "19-Nov-2021 17:36:41",
      "year" : 2021,
      "month" : 10,
      "day_of_month" : 19,
      "hour" : 17,
      "minute" : 36,
      "second" : 41,
      "millisecond" : 612,
      "ms" : 1637361401612,
      "iso_8601" : "2021-11-19T17:36:41-05:00"
    },
    "modified_by" : "admin",
    "modified_by_principal_id" : "e319a2cd626b671ba7f7",
    "modified_by_principal_domain_id" : "default",
    "edited_on" : {
      "timestamp" : "19-Nov-2021 17:36:41",
      "year" : 2021,
      "month" : 10,
      "day_of_month" : 19,
      "hour" : 17,
      "minute" : 36,
      "second" : 41,
      "millisecond" : 612,
      "ms" : 1637361401612,
      "iso_8601" : "2021-11-19T17:36:41-05:00"
    },
    "edited_by" : "admin",
    "edited_by_principal_id" : "e319a2cd626b671ba7f7",
    "edited_by_principal_domain_id" : "default",
    "rev" : 9,
    "branch" : "187193302a18db2eb328",
    "_op" : "create"
  }
}