{
  "defaultDirectoryId" : "13bd5efec7ac4df0889b",
  "platformId" : "3736c920729d6b4060f8",
  "datastoreId" : "2739fd8cbdbd817a5531",
  "datastoreTypeId" : "domain",
  "enableAuditing" : false,
  "enableAuthorities" : true,
  "dataSize" : 0,
  "storageSize" : 0,
  "fsSize" : 0,
  "objectcount" : 0,
  "_system" : {
    "created_on" : {
      "timestamp" : "26-Nov-2021 22:42:31",
      "year" : 2021,
      "month" : 10,
      "day_of_month" : 26,
      "hour" : 22,
      "minute" : 42,
      "second" : 31,
      "millisecond" : 856,
      "ms" : 1637984551856,
      "iso_8601" : "2021-11-26T22:42:31-05:00"
    },
    "created_by" : "admin",
    "created_by_principal_id" : "5bef34d1ea45b9e98ee7",
    "created_by_principal_domain_id" : "default",
    "modified_on" : {
      "timestamp" : "26-Nov-2021 22:43:00",
      "year" : 2021,
      "month" : 10,
      "day_of_month" : 26,
      "hour" : 22,
      "minute" : 43,
      "second" : 0,
      "millisecond" : 385,
      "ms" : 1637984580385,
      "iso_8601" : "2021-11-26T22:43:00-05:00"
    },
    "modified_by" : "admin",
    "modified_by_principal_id" : "5bef34d1ea45b9e98ee7",
    "modified_by_principal_domain_id" : "default",
    "edited_on" : {
      "timestamp" : "26-Nov-2021 22:43:00",
      "year" : 2021,
      "month" : 10,
      "day_of_month" : 26,
      "hour" : 22,
      "minute" : 43,
      "second" : 0,
      "millisecond" : 385,
      "ms" : 1637984580385,
      "iso_8601" : "2021-11-26T22:43:00-05:00"
    },
    "edited_by" : "admin",
    "edited_by_principal_id" : "5bef34d1ea45b9e98ee7",
    "edited_by_principal_domain_id" : "default"
  },
  "_doc" : "b6af34760bb34b82b189",
  "statisticsDate" : {
    "timestamp" : "31-Dec-1969 19:00:00",
    "year" : 1969,
    "month" : 11,
    "day_of_month" : 31,
    "hour" : 19,
    "minute" : 0,
    "second" : 0,
    "millisecond" : 1,
    "ms" : 1,
    "iso_8601" : "1969-12-31T19:00:00-05:00"
  },
  "flags" : { },
  "statisticsDirty" : true,
  "title" : "Sample Project 'principals' domain"
}