{
  "type" : "CREATE",
  "timestamp" : {
    "timestamp" : "06-Aug-2020 13:26:00",
    "year" : 2020,
    "month" : 7,
    "day_of_month" : 6,
    "hour" : 13,
    "minute" : 26,
    "second" : 0,
    "millisecond" : 981,
    "ms" : 1596720360981,
    "iso_8601" : "2020-08-06T13:26:00Z"
  },
  "userDomainId" : "default",
  "userId" : "bb39303eba0c35a3d2da",
  "userTitle" : "admin",
  "userName" : "admin",
  "objectDatastoreTypeId" : "repository",
  "objectDatastoreId" : "79744a15485f5518f804",
  "objectDatastoreTitle" : "Sample Project 'content' repository",
  "objectId" : "a4fa6981287b35be056d",
  "objectTypeId" : "association",
  "objectTitle" : "a4fa6981287b35be056d",
  "stackId" : "bf423d3b68217f5306b7",
  "projectId" : "6953224c8c18e66f4e1c",
  "projectTitle" : "Sample Project",
  "_system" : {
    "created_on" : {
      "timestamp" : "06-Aug-2020 13:26:00",
      "year" : 2020,
      "month" : 7,
      "day_of_month" : 6,
      "hour" : 13,
      "minute" : 26,
      "second" : 0,
      "millisecond" : 984,
      "ms" : 1596720360984,
      "iso_8601" : "2020-08-06T13:26:00Z"
    },
    "created_by" : "admin",
    "created_by_principal_id" : "bb39303eba0c35a3d2da",
    "created_by_principal_domain_id" : "default",
    "modified_on" : {
      "timestamp" : "06-Aug-2020 13:26:00",
      "year" : 2020,
      "month" : 7,
      "day_of_month" : 6,
      "hour" : 13,
      "minute" : 26,
      "second" : 0,
      "millisecond" : 984,
      "ms" : 1596720360984,
      "iso_8601" : "2020-08-06T13:26:00Z"
    },
    "modified_by" : "admin",
    "modified_by_principal_id" : "bb39303eba0c35a3d2da",
    "modified_by_principal_domain_id" : "default",
    "edited_on" : {
      "timestamp" : "06-Aug-2020 13:26:00",
      "year" : 2020,
      "month" : 7,
      "day_of_month" : 6,
      "hour" : 13,
      "minute" : 26,
      "second" : 0,
      "millisecond" : 984,
      "ms" : 1596720360984,
      "iso_8601" : "2020-08-06T13:26:00Z"
    },
    "edited_by" : "admin",
    "edited_by_principal_id" : "bb39303eba0c35a3d2da",
    "edited_by_principal_domain_id" : "default"
  },
  "_doc" : "004a513c99e51b4fcc66"
}