{
  "key" : "48f42b11-3cda-4216-9e8b-c3c44017d51c",
  "secret" : "yXfqbXHZue9TKuaBeJrCI9m9tPpdlClP4TBw6T/9+2Go2I0JnPFGTwDdcrlZpBxKZOwIdx0A3yEOmW9gu/k/DSgnGtOOWKUMYX1w0KMOuWA=",
  "_system" : {
    "created_on" : {
      "timestamp" : "20-Oct-2021 14:37:21",
      "year" : 2021,
      "month" : 9,
      "day_of_month" : 20,
      "hour" : 14,
      "minute" : 37,
      "second" : 21,
      "millisecond" : 656,
      "ms" : 1634755041656,
      "iso_8601" : "2021-10-20T14:37:21-04:00"
    },
    "created_by" : "admin",
    "created_by_principal_id" : "b4d6c22caee99692904d",
    "created_by_principal_domain_id" : "default",
    "modified_on" : {
      "timestamp" : "20-Oct-2021 14:37:21",
      "year" : 2021,
      "month" : 9,
      "day_of_month" : 20,
      "hour" : 14,
      "minute" : 37,
      "second" : 21,
      "millisecond" : 662,
      "ms" : 1634755041662,
      "iso_8601" : "2021-10-20T14:37:21-04:00"
    },
    "modified_by" : "admin",
    "modified_by_principal_id" : "b4d6c22caee99692904d",
    "modified_by_principal_domain_id" : "default",
    "edited_on" : {
      "timestamp" : "20-Oct-2021 14:37:21",
      "year" : 2021,
      "month" : 9,
      "day_of_month" : 20,
      "hour" : 14,
      "minute" : 37,
      "second" : 21,
      "millisecond" : 662,
      "ms" : 1634755041662,
      "iso_8601" : "2021-10-20T14:37:21-04:00"
    },
    "edited_by" : "admin",
    "edited_by_principal_id" : "b4d6c22caee99692904d",
    "edited_by_principal_domain_id" : "default"
  },
  "_doc" : "5cfcadc6c8a52c7c2f0f",
  "authorizedGrantTypes" : [ "authorization_code", "password", "refresh_token" ],
  "scope" : [ "api" ],
  "autoApproveScopes" : [ ],
  "enabled" : true,
  "allowGuestLogin" : true,
  "applicationId" : "0eecb65d97b47708cc58",
  "applicationDeploymentManaged" : true
}