{
  "_doc" : "23:f51c9d0a1988bbd779b3",
  "_system" : {
    "created_on" : {
      "timestamp" : "21-Jan-2021 16:22:31",
      "year" : 2021,
      "month" : 0,
      "day_of_month" : 21,
      "hour" : 16,
      "minute" : 22,
      "second" : 31,
      "millisecond" : 932,
      "ms" : 1611264151932,
      "iso_8601" : "2021-01-21T16:22:31-05:00"
    },
    "created_by" : "system",
    "created_by_principal_id" : "system",
    "created_by_principal_domain_id" : null,
    "modified_on" : {
      "timestamp" : "21-Jan-2021 16:22:31",
      "year" : 2021,
      "month" : 0,
      "day_of_month" : 21,
      "hour" : 16,
      "minute" : 22,
      "second" : 31,
      "millisecond" : 958,
      "ms" : 1611264151958,
      "iso_8601" : "2021-01-21T16:22:31-05:00"
    },
    "modified_by" : "system",
    "modified_by_principal_id" : "system",
    "modified_by_principal_domain_id" : null,
    "edited_on" : {
      "timestamp" : "21-Jan-2021 16:22:31",
      "year" : 2021,
      "month" : 0,
      "day_of_month" : 21,
      "hour" : 16,
      "minute" : 22,
      "second" : 31,
      "millisecond" : 932,
      "ms" : 1611264151932,
      "iso_8601" : "2021-01-21T16:22:31-05:00"
    },
    "edited_by" : "system",
    "edited_by_principal_id" : "system",
    "edited_by_principal_domain_id" : null
  },
  "revision" : 23,
  "active" : true,
  "parents" : [ "22:0cc0a663282040d0d6c1" ],
  "branch" : "3d4e3a21a7c02c55017c"
}