{
  "projectId" : "6f9bb31684df5ca359e7",
  "conditions" : [ {
    "type" : "and",
    "config" : {
      "conditions" : [ {
        "type" : "branch",
        "config" : {
          "id" : "23fafbfbb544c803da8d"
        }
      }, {
        "type" : "state",
        "config" : {
          "state" : "approved"
        }
      } ]
    }
  } ],
  "config" : {
    "strategyId" : "26fe9905cf12ae969a86",
    "realtime" : false
  },
  "_system" : {
    "created_on" : {
      "timestamp" : "05-Aug-2021 15:37:20",
      "year" : 2021,
      "month" : 7,
      "day_of_month" : 5,
      "hour" : 15,
      "minute" : 37,
      "second" : 20,
      "millisecond" : 961,
      "ms" : 1628177840961,
      "iso_8601" : "2021-08-05T15:37:20Z"
    },
    "created_by" : "admin",
    "created_by_principal_id" : "b3236127dacc03f40cd9",
    "created_by_principal_domain_id" : "default",
    "modified_on" : {
      "timestamp" : "05-Aug-2021 15:37:20",
      "year" : 2021,
      "month" : 7,
      "day_of_month" : 5,
      "hour" : 15,
      "minute" : 37,
      "second" : 20,
      "millisecond" : 961,
      "ms" : 1628177840961,
      "iso_8601" : "2021-08-05T15:37:20Z"
    },
    "modified_by" : "admin",
    "modified_by_principal_id" : "b3236127dacc03f40cd9",
    "modified_by_principal_domain_id" : "default",
    "edited_on" : {
      "timestamp" : "05-Aug-2021 15:37:20",
      "year" : 2021,
      "month" : 7,
      "day_of_month" : 5,
      "hour" : 15,
      "minute" : 37,
      "second" : 20,
      "millisecond" : 961,
      "ms" : 1628177840961,
      "iso_8601" : "2021-08-05T15:37:20Z"
    },
    "edited_by" : "admin",
    "edited_by_principal_id" : "b3236127dacc03f40cd9",
    "edited_by_principal_domain_id" : "default"
  },
  "_doc" : "30aad220ff71f1ea4e04"
}