{
  "_doc" : "9:2a39461291a06adf94e1",
  "_system" : {
    "created_on" : {
      "timestamp" : "17-Nov-2021 09:27:47",
      "year" : 2021,
      "month" : 10,
      "day_of_month" : 17,
      "hour" : 9,
      "minute" : 27,
      "second" : 47,
      "millisecond" : 543,
      "ms" : 1637159267543,
      "iso_8601" : "2021-11-17T09:27:47-05:00"
    },
    "created_by" : "admin",
    "created_by_principal_id" : "4dbc7eeadc99359ba687",
    "created_by_principal_domain_id" : "default",
    "modified_on" : {
      "timestamp" : "17-Nov-2021 09:27:54",
      "year" : 2021,
      "month" : 10,
      "day_of_month" : 17,
      "hour" : 9,
      "minute" : 27,
      "second" : 54,
      "millisecond" : 461,
      "ms" : 1637159274461,
      "iso_8601" : "2021-11-17T09:27:54-05:00"
    },
    "modified_by" : "admin",
    "modified_by_principal_id" : "4dbc7eeadc99359ba687",
    "modified_by_principal_domain_id" : "default",
    "edited_on" : {
      "timestamp" : "17-Nov-2021 09:27:54",
      "year" : 2021,
      "month" : 10,
      "day_of_month" : 17,
      "hour" : 9,
      "minute" : 27,
      "second" : 54,
      "millisecond" : 461,
      "ms" : 1637159274461,
      "iso_8601" : "2021-11-17T09:27:54-05:00"
    },
    "edited_by" : "admin",
    "edited_by_principal_id" : "4dbc7eeadc99359ba687",
    "edited_by_principal_domain_id" : "default"
  },
  "revision" : 9,
  "active" : true,
  "parents" : [ "8:e86f845abfc22f1c13c1" ],
  "branch" : "921fd3299d530ef02309"
}