{
  "_system" : {
    "deleted" : false,
    "changeset" : "17:07f8f108e58f0b00894a",
    "created_on" : {
      "timestamp" : "14-Feb-2019 15:32:49",
      "year" : 2019,
      "month" : 1,
      "day_of_month" : 14,
      "hour" : 15,
      "minute" : 32,
      "second" : 49,
      "millisecond" : 339,
      "ms" : 1550158369339,
      "iso_8601" : "2019-02-14T15:32:49Z"
    },
    "created_by" : "admin",
    "created_by_principal_id" : "5bab281f1cb2047f12ba",
    "created_by_principal_domain_id" : "default",
    "modified_on" : {
      "timestamp" : "14-Feb-2019 15:32:49",
      "year" : 2019,
      "month" : 1,
      "day_of_month" : 14,
      "hour" : 15,
      "minute" : 32,
      "second" : 49,
      "millisecond" : 391,
      "ms" : 1550158369391,
      "iso_8601" : "2019-02-14T15:32:49Z"
    },
    "modified_by" : "admin",
    "modified_by_principal_id" : "5bab281f1cb2047f12ba",
    "modified_by_principal_domain_id" : "default",
    "edited_on" : {
      "timestamp" : "14-Feb-2019 15:32:49",
      "year" : 2019,
      "month" : 1,
      "day_of_month" : 14,
      "hour" : 15,
      "minute" : 32,
      "second" : 49,
      "millisecond" : 391,
      "ms" : 1550158369391,
      "iso_8601" : "2019-02-14T15:32:49Z"
    },
    "edited_by" : "admin",
    "edited_by_principal_id" : "5bab281f1cb2047f12ba",
    "edited_by_principal_domain_id" : "default"
  },
  "_doc" : "0605913d35053cfea63a",
  "_qname" : "o:0605913d35053cfea63a",
  "_type" : "a:has_role",
  "directionality" : "DIRECTED",
  "_features" : {
    "f:audit" : { },
    "f:indexable" : { }
  },
  "source_type" : "n:person",
  "source" : "fb528b3cc0f4915e1ab5",
  "target_type" : "wcm:page",
  "target" : "ece7e37dc0c7c4d7406a",
  "role-key" : "owner"
}