{
  "_system" : {
    "created_on" : {
      "timestamp" : "17-Nov-2021 09:27:34",
      "year" : 2021,
      "month" : 10,
      "day_of_month" : 17,
      "hour" : 9,
      "minute" : 27,
      "second" : 34,
      "millisecond" : 851,
      "ms" : 1637159254851,
      "iso_8601" : "2021-11-17T09:27:34-05:00"
    },
    "created_by" : "admin",
    "created_by_principal_id" : "4dbc7eeadc99359ba687",
    "created_by_principal_domain_id" : "default",
    "modified_on" : {
      "timestamp" : "17-Nov-2021 09:28:12",
      "year" : 2021,
      "month" : 10,
      "day_of_month" : 17,
      "hour" : 9,
      "minute" : 28,
      "second" : 12,
      "millisecond" : 540,
      "ms" : 1637159292540,
      "iso_8601" : "2021-11-17T09:28:12-05:00"
    },
    "modified_by" : "admin",
    "modified_by_principal_id" : "4dbc7eeadc99359ba687",
    "modified_by_principal_domain_id" : "default",
    "edited_on" : {
      "timestamp" : "17-Nov-2021 09:28:12",
      "year" : 2021,
      "month" : 10,
      "day_of_month" : 17,
      "hour" : 9,
      "minute" : 28,
      "second" : 12,
      "millisecond" : 540,
      "ms" : 1637159292540,
      "iso_8601" : "2021-11-17T09:28:12-05:00"
    },
    "edited_by" : "admin",
    "edited_by_principal_id" : "4dbc7eeadc99359ba687",
    "edited_by_principal_domain_id" : "default"
  },
  "_doc" : "f94890393bf2d356aa26",
  "title" : "Sample Project Stack"
}