{
  "_system" : {
    "deleted" : false,
    "changeset" : "6:7fbfe807151bdc0146b2",
    "created_on" : {
      "timestamp" : "17-Nov-2021 09:27:39",
      "year" : 2021,
      "month" : 10,
      "day_of_month" : 17,
      "hour" : 9,
      "minute" : 27,
      "second" : 39,
      "millisecond" : 323,
      "ms" : 1637159259323,
      "iso_8601" : "2021-11-17T09:27:39-05:00"
    },
    "created_by" : "admin",
    "created_by_principal_id" : "4dbc7eeadc99359ba687",
    "created_by_principal_domain_id" : "default",
    "modified_on" : {
      "timestamp" : "17-Nov-2021 09:27:39",
      "year" : 2021,
      "month" : 10,
      "day_of_month" : 17,
      "hour" : 9,
      "minute" : 27,
      "second" : 39,
      "millisecond" : 346,
      "ms" : 1637159259346,
      "iso_8601" : "2021-11-17T09:27:39-05:00"
    },
    "modified_by" : "admin",
    "modified_by_principal_id" : "4dbc7eeadc99359ba687",
    "modified_by_principal_domain_id" : "default",
    "edited_on" : {
      "timestamp" : "17-Nov-2021 09:27:39",
      "year" : 2021,
      "month" : 10,
      "day_of_month" : 17,
      "hour" : 9,
      "minute" : 27,
      "second" : 39,
      "millisecond" : 346,
      "ms" : 1637159259346,
      "iso_8601" : "2021-11-17T09:27:39-05:00"
    },
    "edited_by" : "admin",
    "edited_by_principal_id" : "4dbc7eeadc99359ba687",
    "edited_by_principal_domain_id" : "default",
    "rev" : 6,
    "branch" : "921fd3299d530ef02309",
    "_op" : "create"
  },
  "_doc" : "45e581002be3239c46ca",
  "_qname" : "o:45e581002be3239c46ca",
  "_type" : "a:child",
  "directionality" : "DIRECTED",
  "_features" : {
    "f:audit" : { },
    "f:indexable" : { },
    "f:propagates-authorities" : {
      "enabled" : true
    },
    "f:non-cyclic" : { },
    "f:knowledge-sharing" : {
      "enabled" : true
    }
  },
  "source_type" : "n:node",
  "source" : "b18e9ba6c4eeaaf171bb",
  "target_type" : "n:node",
  "target" : "d3b5ada7d937a02f1ef5"
}