{
  "teamableObjectTypeId" : "stack",
  "teamableObjectId" : "2a6f21129e6ef2503f16",
  "key" : "owners",
  "groupId" : "2bd3583a2bc671f79135",
  "groupDomainId" : "8b584ff6101e47f0016d",
  "roleKeys" : [ ],
  "title" : "Project Owners",
  "description" : "Project Owners Team",
  "_system" : {
    "created_on" : {
      "timestamp" : "31-Aug-2022 15:25:56",
      "year" : 2022,
      "month" : 7,
      "day_of_month" : 31,
      "hour" : 15,
      "minute" : 25,
      "second" : 56,
      "millisecond" : 856,
      "ms" : 1661959556856,
      "iso_8601" : "2022-08-31T15:25:56Z"
    },
    "created_by" : "admin",
    "created_by_principal_id" : "2f873756d87a4ad1befc",
    "created_by_principal_domain_id" : "default",
    "modified_on" : {
      "timestamp" : "31-Aug-2022 15:26:00",
      "year" : 2022,
      "month" : 7,
      "day_of_month" : 31,
      "hour" : 15,
      "minute" : 26,
      "second" : 0,
      "millisecond" : 980,
      "ms" : 1661959560980,
      "iso_8601" : "2022-08-31T15:26:00Z"
    },
    "modified_by" : "admin",
    "modified_by_principal_id" : "2f873756d87a4ad1befc",
    "modified_by_principal_domain_id" : "default",
    "edited_on" : {
      "timestamp" : "31-Aug-2022 15:26:00",
      "year" : 2022,
      "month" : 7,
      "day_of_month" : 31,
      "hour" : 15,
      "minute" : 26,
      "second" : 0,
      "millisecond" : 980,
      "ms" : 1661959560980,
      "iso_8601" : "2022-08-31T15:26:00Z"
    },
    "edited_by" : "admin",
    "edited_by_principal_id" : "2f873756d87a4ad1befc",
    "edited_by_principal_domain_id" : "default"
  },
  "_doc" : "5848ad20725345e4757d"
}