{
  "_features" : {
    "f:relator" : {
      "propertyHolder" : "source",
      "propertyPath" : "/recommendations[0]",
      "active" : true
    },
    "f:audit" : { },
    "f:indexable" : { }
  },
  "source" : "7e20154425244651a587",
  "source_type" : "store:book",
  "target" : "08e964cba0f4451880e3",
  "target_type" : "store:book",
  "directionality" : "DIRECTED",
  "_system" : {
    "deleted" : false,
    "changeset" : "37:f11c954e41962f04a3d5",
    "created_on" : {
      "timestamp" : "20-Oct-2021 14:37:43",
      "year" : 2021,
      "month" : 9,
      "day_of_month" : 20,
      "hour" : 14,
      "minute" : 37,
      "second" : 43,
      "millisecond" : 959,
      "ms" : 1634755063959,
      "iso_8601" : "2021-10-20T14:37:43-04:00"
    },
    "created_by" : "admin",
    "created_by_principal_id" : "b4d6c22caee99692904d",
    "created_by_principal_domain_id" : "default",
    "modified_on" : {
      "timestamp" : "20-Oct-2021 14:37:44",
      "year" : 2021,
      "month" : 9,
      "day_of_month" : 20,
      "hour" : 14,
      "minute" : 37,
      "second" : 44,
      "millisecond" : 21,
      "ms" : 1634755064021,
      "iso_8601" : "2021-10-20T14:37:44-04:00"
    },
    "modified_by" : "admin",
    "modified_by_principal_id" : "b4d6c22caee99692904d",
    "modified_by_principal_domain_id" : "default",
    "edited_on" : {
      "timestamp" : "20-Oct-2021 14:37:44",
      "year" : 2021,
      "month" : 9,
      "day_of_month" : 20,
      "hour" : 14,
      "minute" : 37,
      "second" : 44,
      "millisecond" : 21,
      "ms" : 1634755064021,
      "iso_8601" : "2021-10-20T14:37:44-04:00"
    },
    "edited_by" : "admin",
    "edited_by_principal_id" : "b4d6c22caee99692904d",
    "edited_by_principal_domain_id" : "default",
    "rev" : 37,
    "branch" : "4375d1eb9094255abf40",
    "_op" : "create"
  },
  "_doc" : "2f5f280b82c0bb7395b2",
  "_qname" : "o:2f5f280b82c0bb7395b2",
  "_type" : "store:suggests"
}