{
  "_type" : "store:author",
  "title" : "William Shakespeare",
  "firstName" : "William",
  "lastName" : "Shakespeare",
  "slug" : "william-shakespeare",
  "_features" : {
    "f:filename" : {
      "filename" : "William_Shakespeare"
    },
    "f:audit" : { },
    "f:titled" : { },
    "f:geolocation" : { },
    "f:indexable" : { },
    "f:deployment-config" : {
      "default" : {
        "mappings" : [ {
          "type" : "object-to-file",
          "config" : {
            "filepath" : "/store/authors/{{object.slug}}.json"
          }
        }, {
          "type" : "attachment-to-file",
          "config" : {
            "attachmentId" : "*",
            "filepath" : "/store/authors/{{object.slug}}.{{attachment.ext}}"
          }
        } ]
      }
    },
    "f:related" : { },
    "f:publishable" : {
      "state" : "approved"
    }
  },
  "_qname" : "o:343309b9888745da9419",
  "_doc" : "343309b9888745da9419",
  "_system" : {
    "deleted" : false,
    "changeset" : "22:46258133f920d80a1623",
    "created_on" : {
      "timestamp" : "20-Oct-2021 09:44:16",
      "year" : 2021,
      "month" : 9,
      "day_of_month" : 20,
      "hour" : 9,
      "minute" : 44,
      "second" : 16,
      "millisecond" : 904,
      "ms" : 1634737456904,
      "iso_8601" : "2021-10-20T09:44:16-04:00"
    },
    "created_by" : "admin",
    "created_by_principal_id" : "2a7c6669601b1ba4c958",
    "created_by_principal_domain_id" : "default",
    "modified_on" : {
      "timestamp" : "20-Oct-2021 09:44:28",
      "year" : 2021,
      "month" : 9,
      "day_of_month" : 20,
      "hour" : 9,
      "minute" : 44,
      "second" : 28,
      "millisecond" : 835,
      "ms" : 1634737468835,
      "iso_8601" : "2021-10-20T09:44:28-04:00"
    },
    "modified_by" : "admin",
    "modified_by_principal_id" : "2a7c6669601b1ba4c958",
    "modified_by_principal_domain_id" : "default",
    "edited_on" : {
      "timestamp" : "20-Oct-2021 09:44:28",
      "year" : 2021,
      "month" : 9,
      "day_of_month" : 20,
      "hour" : 9,
      "minute" : 44,
      "second" : 28,
      "millisecond" : 835,
      "ms" : 1634737468835,
      "iso_8601" : "2021-10-20T09:44:28-04:00"
    },
    "edited_by" : "admin",
    "edited_by_principal_id" : "2a7c6669601b1ba4c958",
    "edited_by_principal_domain_id" : "default",
    "rev" : 22,
    "previousChangeset" : "9:ca165aba5dfc8a5c6b4a",
    "branch" : "c05d26b68d5e6c9699cf",
    "_op" : "update"
  }
}