{
  "_doc" : "100:ece8f1387ae465482e9f",
  "_system" : {
    "created_on" : {
      "timestamp" : "14-Feb-2019 15:33:19",
      "year" : 2019,
      "month" : 1,
      "day_of_month" : 14,
      "hour" : 15,
      "minute" : 33,
      "second" : 19,
      "millisecond" : 968,
      "ms" : 1550158399968,
      "iso_8601" : "2019-02-14T15:33:19Z"
    },
    "created_by" : "admin",
    "created_by_principal_id" : "5bab281f1cb2047f12ba",
    "created_by_principal_domain_id" : "default",
    "modified_on" : {
      "timestamp" : "14-Feb-2019 15:33:20",
      "year" : 2019,
      "month" : 1,
      "day_of_month" : 14,
      "hour" : 15,
      "minute" : 33,
      "second" : 20,
      "millisecond" : 335,
      "ms" : 1550158400335,
      "iso_8601" : "2019-02-14T15:33:20Z"
    },
    "modified_by" : "admin",
    "modified_by_principal_id" : "5bab281f1cb2047f12ba",
    "modified_by_principal_domain_id" : "default",
    "edited_on" : {
      "timestamp" : "14-Feb-2019 15:33:20",
      "year" : 2019,
      "month" : 1,
      "day_of_month" : 14,
      "hour" : 15,
      "minute" : 33,
      "second" : 20,
      "millisecond" : 335,
      "ms" : 1550158400335,
      "iso_8601" : "2019-02-14T15:33:20Z"
    },
    "edited_by" : "admin",
    "edited_by_principal_id" : "5bab281f1cb2047f12ba",
    "edited_by_principal_domain_id" : "default"
  },
  "revision" : 100,
  "active" : true,
  "parents" : [ "99:d1ce746b35b43dd94179" ],
  "branch" : "4a11b3490f5cf2a8a2b7"
}