{
  "_doc" : "8:9fa58392667b6675d702",
  "_system" : {
    "created_on" : {
      "timestamp" : "26-Nov-2021 22:42:34",
      "year" : 2021,
      "month" : 10,
      "day_of_month" : 26,
      "hour" : 22,
      "minute" : 42,
      "second" : 34,
      "millisecond" : 436,
      "ms" : 1637984554436,
      "iso_8601" : "2021-11-26T22:42:34-05:00"
    },
    "created_by" : "admin",
    "created_by_principal_id" : "5bef34d1ea45b9e98ee7",
    "created_by_principal_domain_id" : "default",
    "modified_on" : {
      "timestamp" : "26-Nov-2021 22:42:34",
      "year" : 2021,
      "month" : 10,
      "day_of_month" : 26,
      "hour" : 22,
      "minute" : 42,
      "second" : 34,
      "millisecond" : 577,
      "ms" : 1637984554577,
      "iso_8601" : "2021-11-26T22:42:34-05:00"
    },
    "modified_by" : "admin",
    "modified_by_principal_id" : "5bef34d1ea45b9e98ee7",
    "modified_by_principal_domain_id" : "default",
    "edited_on" : {
      "timestamp" : "26-Nov-2021 22:42:34",
      "year" : 2021,
      "month" : 10,
      "day_of_month" : 26,
      "hour" : 22,
      "minute" : 42,
      "second" : 34,
      "millisecond" : 577,
      "ms" : 1637984554577,
      "iso_8601" : "2021-11-26T22:42:34-05:00"
    },
    "edited_by" : "admin",
    "edited_by_principal_id" : "5bef34d1ea45b9e98ee7",
    "edited_by_principal_domain_id" : "default"
  },
  "revision" : 8,
  "active" : true,
  "parents" : [ "7:1aa2e6c8a52d0c3cc218" ],
  "branch" : "9bc800c8fc0417d3210c"
}