{
  "_type" : "catalog:person",
  "title" : "George Burns",
  "name" : "george.burns",
  "email" : "george.burns@georgeandgracie.com",
  "firstName" : "George",
  "lastName" : "Burns",
  "about" : "",
  "_doc" : "451f7557801c85ebdf80",
  "_system" : {
    "deleted" : false,
    "changeset" : "57:de8a073283e1454280b4",
    "created_on" : {
      "timestamp" : "14-Feb-2019 15:32:52",
      "year" : 2019,
      "month" : 1,
      "day_of_month" : 14,
      "hour" : 15,
      "minute" : 32,
      "second" : 52,
      "millisecond" : 818,
      "ms" : 1550158372818,
      "iso_8601" : "2019-02-14T15:32:52Z"
    },
    "created_by" : "admin",
    "created_by_principal_id" : "5bab281f1cb2047f12ba",
    "created_by_principal_domain_id" : "default",
    "modified_on" : {
      "timestamp" : "14-Feb-2019 15:33:06",
      "year" : 2019,
      "month" : 1,
      "day_of_month" : 14,
      "hour" : 15,
      "minute" : 33,
      "second" : 6,
      "millisecond" : 329,
      "ms" : 1550158386329,
      "iso_8601" : "2019-02-14T15:33:06Z"
    },
    "modified_by" : "admin",
    "modified_by_principal_id" : "5bab281f1cb2047f12ba",
    "modified_by_principal_domain_id" : "default",
    "edited_on" : {
      "timestamp" : "14-Feb-2019 15:33:06",
      "year" : 2019,
      "month" : 1,
      "day_of_month" : 14,
      "hour" : 15,
      "minute" : 33,
      "second" : 6,
      "millisecond" : 329,
      "ms" : 1550158386329,
      "iso_8601" : "2019-02-14T15:33:06Z"
    },
    "edited_by" : "admin",
    "edited_by_principal_id" : "5bab281f1cb2047f12ba",
    "edited_by_principal_domain_id" : "default",
    "previousChangeset" : "22:cb9c141b8def91899aa9",
    "attachments" : {
      "default" : {
        "contentType" : "image/jpeg",
        "length" : 60440,
        "objectId" : "attachment_451f7557801c85ebdf80_ff7c29e958113b5c2d17",
        "filename" : "default"
      }
    }
  },
  "_qname" : "o:451f7557801c85ebdf80",
  "_features" : {
    "f:audit" : { },
    "f:titled" : { },
    "f:filename" : {
      "filename" : "George_Burns"
    },
    "f:geolocation" : { },
    "f:indexable" : { }
  },
  "_statistics" : {
    "a:has_role" : 3,
    "a:has_role_INCOMING" : 3,
    "a:child" : 1,
    "a:child_INCOMING" : 1
  }
}