{
  "_system" : {
    "deleted" : false,
    "changeset" : "55:ee036744488e1c50405e",
    "created_on" : {
      "timestamp" : "21-Jan-2021 16:22:36",
      "year" : 2021,
      "month" : 0,
      "day_of_month" : 21,
      "hour" : 16,
      "minute" : 22,
      "second" : 36,
      "millisecond" : 437,
      "ms" : 1611264156437,
      "iso_8601" : "2021-01-21T16:22:36-05:00"
    },
    "created_by" : "admin",
    "created_by_principal_id" : "8df8c30d1c2f95496937",
    "created_by_principal_domain_id" : "default",
    "modified_on" : {
      "timestamp" : "21-Jan-2021 16:22:36",
      "year" : 2021,
      "month" : 0,
      "day_of_month" : 21,
      "hour" : 16,
      "minute" : 22,
      "second" : 36,
      "millisecond" : 518,
      "ms" : 1611264156518,
      "iso_8601" : "2021-01-21T16:22:36-05:00"
    },
    "modified_by" : "admin",
    "modified_by_principal_id" : "8df8c30d1c2f95496937",
    "modified_by_principal_domain_id" : "default",
    "edited_on" : {
      "timestamp" : "21-Jan-2021 16:22:36",
      "year" : 2021,
      "month" : 0,
      "day_of_month" : 21,
      "hour" : 16,
      "minute" : 22,
      "second" : 36,
      "millisecond" : 518,
      "ms" : 1611264156518,
      "iso_8601" : "2021-01-21T16:22:36-05:00"
    },
    "edited_by" : "admin",
    "edited_by_principal_id" : "8df8c30d1c2f95496937",
    "edited_by_principal_domain_id" : "default",
    "rev" : 55,
    "branch" : "3d4e3a21a7c02c55017c",
    "_op" : "create"
  },
  "_doc" : "566ac92b71b6f0396099",
  "_qname" : "o:566ac92b71b6f0396099",
  "_type" : "n:person",
  "_features" : {
    "f:audit" : { },
    "f:titled" : { },
    "f:filename" : {
      "filename" : "566ac92b71b6f0396099"
    },
    "f:geolocation" : { },
    "f:indexable" : { }
  },
  "principal-id" : "8df8c30d1c2f95496937",
  "principal-domain" : "default",
  "principal-name" : "admin"
}