{
  "tag" : "nobler",
  "title" : "nobler",
  "_system" : {
    "deleted" : false,
    "changeset" : "43:45898678f67785e98666",
    "created_on" : {
      "timestamp" : "05-Aug-2021 15:37:17",
      "year" : 2021,
      "month" : 7,
      "day_of_month" : 5,
      "hour" : 15,
      "minute" : 37,
      "second" : 17,
      "millisecond" : 897,
      "ms" : 1628177837897,
      "iso_8601" : "2021-08-05T15:37:17Z"
    },
    "created_by" : "system",
    "created_by_principal_id" : "system",
    "modified_on" : {
      "timestamp" : "05-Aug-2021 15:37:17",
      "year" : 2021,
      "month" : 7,
      "day_of_month" : 5,
      "hour" : 15,
      "minute" : 37,
      "second" : 17,
      "millisecond" : 984,
      "ms" : 1628177837984,
      "iso_8601" : "2021-08-05T15:37:17Z"
    },
    "modified_by" : "system",
    "modified_by_principal_id" : "system",
    "edited_on" : {
      "timestamp" : "05-Aug-2021 15:37:17",
      "year" : 2021,
      "month" : 7,
      "day_of_month" : 5,
      "hour" : 15,
      "minute" : 37,
      "second" : 17,
      "millisecond" : 897,
      "ms" : 1628177837897,
      "iso_8601" : "2021-08-05T15:37:17Z"
    },
    "edited_by" : "system",
    "edited_by_principal_id" : "system",
    "rev" : 43,
    "branch" : "23fafbfbb544c803da8d",
    "_op" : "create"
  },
  "_doc" : "b6fe5f183b71b8d0067b",
  "_qname" : "o:b6fe5f183b71b8d0067b",
  "_type" : "n:tag",
  "_features" : {
    "f:audit" : { },
    "f:titled" : { },
    "f:filename" : {
      "filename" : "nobler"
    },
    "f:geolocation" : { },
    "f:indexable" : { }
  }
}