{
  "stackId" : "f94890393bf2d356aa26",
  "key" : "8b4b066c95cb7a4a9114",
  "datastoreTypeId" : "application",
  "datastoreId" : "8b4b066c95cb7a4a9114",
  "_system" : {
    "created_on" : {
      "timestamp" : "17-Nov-2021 09:27:40",
      "year" : 2021,
      "month" : 10,
      "day_of_month" : 17,
      "hour" : 9,
      "minute" : 27,
      "second" : 40,
      "millisecond" : 830,
      "ms" : 1637159260830,
      "iso_8601" : "2021-11-17T09:27:40-05:00"
    },
    "created_by" : "admin",
    "created_by_principal_id" : "4dbc7eeadc99359ba687",
    "created_by_principal_domain_id" : "default",
    "modified_on" : {
      "timestamp" : "17-Nov-2021 09:27:40",
      "year" : 2021,
      "month" : 10,
      "day_of_month" : 17,
      "hour" : 9,
      "minute" : 27,
      "second" : 40,
      "millisecond" : 830,
      "ms" : 1637159260830,
      "iso_8601" : "2021-11-17T09:27:40-05:00"
    },
    "modified_by" : "admin",
    "modified_by_principal_id" : "4dbc7eeadc99359ba687",
    "modified_by_principal_domain_id" : "default",
    "edited_on" : {
      "timestamp" : "17-Nov-2021 09:27:40",
      "year" : 2021,
      "month" : 10,
      "day_of_month" : 17,
      "hour" : 9,
      "minute" : 27,
      "second" : 40,
      "millisecond" : 830,
      "ms" : 1637159260830,
      "iso_8601" : "2021-11-17T09:27:40-05:00"
    },
    "edited_by" : "admin",
    "edited_by_principal_id" : "4dbc7eeadc99359ba687",
    "edited_by_principal_domain_id" : "default"
  },
  "_doc" : "5f35204b08ae01e70c88"
}