{
  "type" : "CREATE",
  "timestamp" : {
    "timestamp" : "24-Aug-2022 16:08:26",
    "year" : 2022,
    "month" : 7,
    "day_of_month" : 24,
    "hour" : 16,
    "minute" : 8,
    "second" : 26,
    "millisecond" : 188,
    "ms" : 1661357306188,
    "iso_8601" : "2022-08-24T16:08:26Z"
  },
  "userDomainId" : "default",
  "userId" : "fda4fc3b0ff3e7838fbe",
  "userTitle" : "admin",
  "userName" : "admin",
  "objectDatastoreTypeId" : "domain",
  "objectDatastoreId" : "3fd8dfc869f76e1d9b11",
  "objectDatastoreTitle" : "3fd8dfc869f76e1d9b11",
  "objectId" : "802743f2c07782648baf",
  "objectTypeId" : "team",
  "objectTitle" : "Owners",
  "_system" : {
    "created_on" : {
      "timestamp" : "24-Aug-2022 16:08:26",
      "year" : 2022,
      "month" : 7,
      "day_of_month" : 24,
      "hour" : 16,
      "minute" : 8,
      "second" : 26,
      "millisecond" : 191,
      "ms" : 1661357306191,
      "iso_8601" : "2022-08-24T16:08:26Z"
    },
    "created_by" : "admin",
    "created_by_principal_id" : "fda4fc3b0ff3e7838fbe",
    "created_by_principal_domain_id" : "default",
    "modified_on" : {
      "timestamp" : "24-Aug-2022 16:08:26",
      "year" : 2022,
      "month" : 7,
      "day_of_month" : 24,
      "hour" : 16,
      "minute" : 8,
      "second" : 26,
      "millisecond" : 191,
      "ms" : 1661357306191,
      "iso_8601" : "2022-08-24T16:08:26Z"
    },
    "modified_by" : "admin",
    "modified_by_principal_id" : "fda4fc3b0ff3e7838fbe",
    "modified_by_principal_domain_id" : "default",
    "edited_on" : {
      "timestamp" : "24-Aug-2022 16:08:26",
      "year" : 2022,
      "month" : 7,
      "day_of_month" : 24,
      "hour" : 16,
      "minute" : 8,
      "second" : 26,
      "millisecond" : 191,
      "ms" : 1661357306191,
      "iso_8601" : "2022-08-24T16:08:26Z"
    },
    "edited_by" : "admin",
    "edited_by_principal_id" : "fda4fc3b0ff3e7838fbe",
    "edited_by_principal_domain_id" : "default"
  },
  "_doc" : "04ef35578254529bcf62"
}