{
  "_system" : {
    "deleted" : false,
    "changeset" : "3:228dd3b17cc60aab996d",
    "created_on" : {
      "timestamp" : "17-Nov-2021 09:27:38",
      "year" : 2021,
      "month" : 10,
      "day_of_month" : 17,
      "hour" : 9,
      "minute" : 27,
      "second" : 38,
      "millisecond" : 290,
      "ms" : 1637159258290,
      "iso_8601" : "2021-11-17T09:27:38-05:00"
    },
    "created_by" : "admin",
    "created_by_principal_id" : "4dbc7eeadc99359ba687",
    "created_by_principal_domain_id" : "default",
    "modified_on" : {
      "timestamp" : "17-Nov-2021 09:27:38",
      "year" : 2021,
      "month" : 10,
      "day_of_month" : 17,
      "hour" : 9,
      "minute" : 27,
      "second" : 38,
      "millisecond" : 308,
      "ms" : 1637159258308,
      "iso_8601" : "2021-11-17T09:27:38-05:00"
    },
    "modified_by" : "admin",
    "modified_by_principal_id" : "4dbc7eeadc99359ba687",
    "modified_by_principal_domain_id" : "default",
    "edited_on" : {
      "timestamp" : "17-Nov-2021 09:27:38",
      "year" : 2021,
      "month" : 10,
      "day_of_month" : 17,
      "hour" : 9,
      "minute" : 27,
      "second" : 38,
      "millisecond" : 308,
      "ms" : 1637159258308,
      "iso_8601" : "2021-11-17T09:27:38-05:00"
    },
    "edited_by" : "admin",
    "edited_by_principal_id" : "4dbc7eeadc99359ba687",
    "edited_by_principal_domain_id" : "default",
    "rev" : 3,
    "branch" : "921fd3299d530ef02309",
    "_op" : "create"
  },
  "_doc" : "654d314d2b1449c91b6d",
  "_qname" : "o:654d314d2b1449c91b6d",
  "_type" : "a:child",
  "directionality" : "DIRECTED",
  "_features" : {
    "f:audit" : { },
    "f:indexable" : { },
    "f:propagates-authorities" : {
      "enabled" : true
    },
    "f:non-cyclic" : { },
    "f:knowledge-sharing" : {
      "enabled" : true
    }
  },
  "source_type" : "n:node",
  "source" : "bc61ae40a5614920b913",
  "target_type" : "n:node",
  "target" : "8930ea1a8167826a58ae"
}