{
  "_doc" : "23:88a8dfb42e00c0f41f3f",
  "_system" : {
    "created_on" : {
      "timestamp" : "19-Nov-2021 22:41:22",
      "year" : 2021,
      "month" : 10,
      "day_of_month" : 19,
      "hour" : 22,
      "minute" : 41,
      "second" : 22,
      "millisecond" : 734,
      "ms" : 1637379682734,
      "iso_8601" : "2021-11-19T22:41:22-05:00"
    },
    "created_by" : "admin",
    "created_by_principal_id" : "e319a2cd626b671ba7f7",
    "created_by_principal_domain_id" : "default",
    "modified_on" : {
      "timestamp" : "19-Nov-2021 22:41:22",
      "year" : 2021,
      "month" : 10,
      "day_of_month" : 19,
      "hour" : 22,
      "minute" : 41,
      "second" : 22,
      "millisecond" : 766,
      "ms" : 1637379682766,
      "iso_8601" : "2021-11-19T22:41:22-05:00"
    },
    "modified_by" : "admin",
    "modified_by_principal_id" : "e319a2cd626b671ba7f7",
    "modified_by_principal_domain_id" : "default",
    "edited_on" : {
      "timestamp" : "19-Nov-2021 22:41:22",
      "year" : 2021,
      "month" : 10,
      "day_of_month" : 19,
      "hour" : 22,
      "minute" : 41,
      "second" : 22,
      "millisecond" : 766,
      "ms" : 1637379682766,
      "iso_8601" : "2021-11-19T22:41:22-05:00"
    },
    "edited_by" : "admin",
    "edited_by_principal_id" : "e319a2cd626b671ba7f7",
    "edited_by_principal_domain_id" : "default"
  },
  "revision" : 23,
  "active" : true,
  "parents" : [ "22:d87e2c728c2b60ae5747" ],
  "branch" : "d13c41461bea0e1eaef1"
}