{
  "tag" : "juliet",
  "title" : "juliet",
  "_system" : {
    "deleted" : false,
    "changeset" : "25:de2d54a659b0350f89c7",
    "created_on" : {
      "timestamp" : "05-Aug-2021 15:37:14",
      "year" : 2021,
      "month" : 7,
      "day_of_month" : 5,
      "hour" : 15,
      "minute" : 37,
      "second" : 14,
      "millisecond" : 474,
      "ms" : 1628177834474,
      "iso_8601" : "2021-08-05T15:37:14Z"
    },
    "created_by" : "system",
    "created_by_principal_id" : "system",
    "modified_on" : {
      "timestamp" : "05-Aug-2021 15:37:14",
      "year" : 2021,
      "month" : 7,
      "day_of_month" : 5,
      "hour" : 15,
      "minute" : 37,
      "second" : 14,
      "millisecond" : 550,
      "ms" : 1628177834550,
      "iso_8601" : "2021-08-05T15:37:14Z"
    },
    "modified_by" : "system",
    "modified_by_principal_id" : "system",
    "edited_on" : {
      "timestamp" : "05-Aug-2021 15:37:14",
      "year" : 2021,
      "month" : 7,
      "day_of_month" : 5,
      "hour" : 15,
      "minute" : 37,
      "second" : 14,
      "millisecond" : 474,
      "ms" : 1628177834474,
      "iso_8601" : "2021-08-05T15:37:14Z"
    },
    "edited_by" : "system",
    "edited_by_principal_id" : "system",
    "rev" : 25,
    "branch" : "23fafbfbb544c803da8d",
    "_op" : "create"
  },
  "_doc" : "ff099849cf08011413ba",
  "_qname" : "o:ff099849cf08011413ba",
  "_type" : "n:tag",
  "_features" : {
    "f:audit" : { },
    "f:titled" : { },
    "f:filename" : {
      "filename" : "juliet"
    },
    "f:geolocation" : { },
    "f:indexable" : { }
  }
}