{
  "_doc" : "42:e58108836c9ae900d837",
  "_system" : {
    "created_on" : {
      "timestamp" : "14-Feb-2019 15:33:03",
      "year" : 2019,
      "month" : 1,
      "day_of_month" : 14,
      "hour" : 15,
      "minute" : 33,
      "second" : 3,
      "millisecond" : 352,
      "ms" : 1550158383352,
      "iso_8601" : "2019-02-14T15:33:03Z"
    },
    "created_by" : "admin",
    "created_by_principal_id" : "5bab281f1cb2047f12ba",
    "created_by_principal_domain_id" : "default",
    "modified_on" : {
      "timestamp" : "14-Feb-2019 15:33:03",
      "year" : 2019,
      "month" : 1,
      "day_of_month" : 14,
      "hour" : 15,
      "minute" : 33,
      "second" : 3,
      "millisecond" : 386,
      "ms" : 1550158383386,
      "iso_8601" : "2019-02-14T15:33:03Z"
    },
    "modified_by" : "admin",
    "modified_by_principal_id" : "5bab281f1cb2047f12ba",
    "modified_by_principal_domain_id" : "default",
    "edited_on" : {
      "timestamp" : "14-Feb-2019 15:33:03",
      "year" : 2019,
      "month" : 1,
      "day_of_month" : 14,
      "hour" : 15,
      "minute" : 33,
      "second" : 3,
      "millisecond" : 386,
      "ms" : 1550158383386,
      "iso_8601" : "2019-02-14T15:33:03Z"
    },
    "edited_by" : "admin",
    "edited_by_principal_id" : "5bab281f1cb2047f12ba",
    "edited_by_principal_domain_id" : "default"
  },
  "revision" : 42,
  "active" : true,
  "parents" : [ "41:c5525ecb2b03dc028317" ],
  "branch" : "4a11b3490f5cf2a8a2b7"
}