{
  "platformId" : "976d0d81e5ef6071f051",
  "datastoreId" : "f8b2464f47ce34b6b3f3",
  "datastoreTypeId" : "application",
  "enableAuditing" : false,
  "enableAuthorities" : true,
  "maxsize" : -1,
  "size" : 0,
  "objectcount" : 0,
  "_system" : {
    "created_on" : {
      "timestamp" : "24-Aug-2022 16:08:32",
      "year" : 2022,
      "month" : 7,
      "day_of_month" : 24,
      "hour" : 16,
      "minute" : 8,
      "second" : 32,
      "millisecond" : 631,
      "ms" : 1661357312631,
      "iso_8601" : "2022-08-24T16:08:32Z"
    },
    "created_by" : "admin",
    "created_by_principal_id" : "fda4fc3b0ff3e7838fbe",
    "created_by_principal_domain_id" : "default",
    "modified_on" : {
      "timestamp" : "24-Aug-2022 16:10:13",
      "year" : 2022,
      "month" : 7,
      "day_of_month" : 24,
      "hour" : 16,
      "minute" : 10,
      "second" : 13,
      "millisecond" : 600,
      "ms" : 1661357413600,
      "iso_8601" : "2022-08-24T16:10:13Z"
    },
    "modified_by" : "admin",
    "modified_by_principal_id" : "fda4fc3b0ff3e7838fbe",
    "modified_by_principal_domain_id" : "default",
    "edited_on" : {
      "timestamp" : "24-Aug-2022 16:10:13",
      "year" : 2022,
      "month" : 7,
      "day_of_month" : 24,
      "hour" : 16,
      "minute" : 10,
      "second" : 13,
      "millisecond" : 600,
      "ms" : 1661357413600,
      "iso_8601" : "2022-08-24T16:10:13Z"
    },
    "edited_by" : "admin",
    "edited_by_principal_id" : "fda4fc3b0ff3e7838fbe",
    "edited_by_principal_domain_id" : "default"
  },
  "_doc" : "5205ecf369e88582ace5",
  "statisticsDate" : {
    "timestamp" : "01-Jan-1970 00:00:00",
    "year" : 1970,
    "month" : 0,
    "day_of_month" : 1,
    "hour" : 0,
    "minute" : 0,
    "second" : 0,
    "millisecond" : 1,
    "ms" : 1,
    "iso_8601" : "1970-01-01T00:00:00Z"
  },
  "statisticsDirty" : true,
  "title" : "Sample Web Application",
  "projectId" : "bf7b27842892908c8ade",
  "deployments" : {
    "default" : {
      "webhost" : "primary",
      "domain" : "cloudcms.net",
      "baseURL" : "https://api.cloudcms.com",
      "clientId" : "36c0ce5707e674a1d10f",
      "authGrantId" : "efb9f0c717e5d7b47b58"
    }
  },
  "applicationType" : "web",
  "source" : {
    "type" : "github",
    "uri" : "https://github.com/gitana/sdk.git",
    "path" : "/sample-website"
  }
}