{
  "title" : "Garrison Keillor",
  "firstName" : "Garrison",
  "lastName" : "Keillor",
  "slug" : "garrison-keillor",
  "_system" : {
    "deleted" : false,
    "changeset" : "18:144b63a62dacc7b3e255",
    "created_on" : {
      "timestamp" : "20-Oct-2021 09:34:10",
      "year" : 2021,
      "month" : 9,
      "day_of_month" : 20,
      "hour" : 9,
      "minute" : 34,
      "second" : 10,
      "millisecond" : 641,
      "ms" : 1634736850641,
      "iso_8601" : "2021-10-20T09:34:10-04:00"
    },
    "created_by" : "admin",
    "created_by_principal_id" : "2a7c6669601b1ba4c958",
    "created_by_principal_domain_id" : "default",
    "modified_on" : {
      "timestamp" : "20-Oct-2021 09:34:18",
      "year" : 2021,
      "month" : 9,
      "day_of_month" : 20,
      "hour" : 9,
      "minute" : 34,
      "second" : 18,
      "millisecond" : 837,
      "ms" : 1634736858837,
      "iso_8601" : "2021-10-20T09:34:18-04:00"
    },
    "modified_by" : "admin",
    "modified_by_principal_id" : "2a7c6669601b1ba4c958",
    "modified_by_principal_domain_id" : "default",
    "edited_on" : {
      "timestamp" : "20-Oct-2021 09:34:18",
      "year" : 2021,
      "month" : 9,
      "day_of_month" : 20,
      "hour" : 9,
      "minute" : 34,
      "second" : 18,
      "millisecond" : 837,
      "ms" : 1634736858837,
      "iso_8601" : "2021-10-20T09:34:18-04:00"
    },
    "edited_by" : "admin",
    "edited_by_principal_id" : "2a7c6669601b1ba4c958",
    "edited_by_principal_domain_id" : "default",
    "rev" : 18,
    "attachments" : {
      "default" : {
        "contentType" : "image/jpeg",
        "length" : 157408,
        "objectId" : "attachment_030ff552a09a46ceb2d4_711a900af4e3b68b3077",
        "filename" : "default.jpg"
      }
    },
    "previousChangeset" : "17:067b2217ade06c590eb9",
    "branch" : "1ad06a3e9160fdc88c85",
    "_op" : "update"
  },
  "_doc" : "030ff552a09a46ceb2d4",
  "_qname" : "o:030ff552a09a46ceb2d4",
  "_features" : {
    "f:filename" : {
      "filename" : "Garrison_Keillor"
    },
    "f:audit" : { },
    "f:titled" : { },
    "f:geolocation" : { },
    "f:indexable" : { },
    "f:deployment-config" : {
      "default" : {
        "mappings" : [ {
          "type" : "object-to-file",
          "config" : {
            "filepath" : "/store/authors/{{object.slug}}.json"
          }
        }, {
          "type" : "attachment-to-file",
          "config" : {
            "attachmentId" : "*",
            "filepath" : "/store/authors/{{object.slug}}.{{attachment.ext}}"
          }
        } ]
      }
    },
    "f:publishable" : {
      "state" : "approved"
    }
  },
  "_type" : "store:author"
}