{
  "_features" : {
    "f:relator" : {
      "propertyHolder" : "source",
      "propertyPath" : "/recommendations[0]",
      "active" : true
    },
    "f:audit" : { },
    "f:indexable" : { }
  },
  "source" : "882c16c932b24101ab89",
  "source_type" : "store:book",
  "target" : "59a8bbc3905f4cc4ad5d",
  "target_type" : "store:book",
  "directionality" : "DIRECTED",
  "_system" : {
    "deleted" : false,
    "changeset" : "37:8ba44c17f9a6b68b9b60",
    "created_on" : {
      "timestamp" : "19-Nov-2021 17:36:57",
      "year" : 2021,
      "month" : 10,
      "day_of_month" : 19,
      "hour" : 17,
      "minute" : 36,
      "second" : 57,
      "millisecond" : 363,
      "ms" : 1637361417363,
      "iso_8601" : "2021-11-19T17:36:57-05:00"
    },
    "created_by" : "admin",
    "created_by_principal_id" : "e319a2cd626b671ba7f7",
    "created_by_principal_domain_id" : "default",
    "modified_on" : {
      "timestamp" : "19-Nov-2021 17:36:57",
      "year" : 2021,
      "month" : 10,
      "day_of_month" : 19,
      "hour" : 17,
      "minute" : 36,
      "second" : 57,
      "millisecond" : 413,
      "ms" : 1637361417413,
      "iso_8601" : "2021-11-19T17:36:57-05:00"
    },
    "modified_by" : "admin",
    "modified_by_principal_id" : "e319a2cd626b671ba7f7",
    "modified_by_principal_domain_id" : "default",
    "edited_on" : {
      "timestamp" : "19-Nov-2021 17:36:57",
      "year" : 2021,
      "month" : 10,
      "day_of_month" : 19,
      "hour" : 17,
      "minute" : 36,
      "second" : 57,
      "millisecond" : 413,
      "ms" : 1637361417413,
      "iso_8601" : "2021-11-19T17:36:57-05:00"
    },
    "edited_by" : "admin",
    "edited_by_principal_id" : "e319a2cd626b671ba7f7",
    "edited_by_principal_domain_id" : "default",
    "rev" : 37,
    "branch" : "187193302a18db2eb328",
    "_op" : "create"
  },
  "_doc" : "a6fff93dceece69e408e",
  "_qname" : "o:a6fff93dceece69e408e",
  "_type" : "store:suggests"
}