{
  "stackId" : "010196bcf394fe8849b9",
  "key" : "fe7dc87ac32e2f273ebd",
  "datastoreTypeId" : "application",
  "datastoreId" : "fe7dc87ac32e2f273ebd",
  "_system" : {
    "created_on" : {
      "timestamp" : "15-Nov-2021 14:53:48",
      "year" : 2021,
      "month" : 10,
      "day_of_month" : 15,
      "hour" : 14,
      "minute" : 53,
      "second" : 48,
      "millisecond" : 225,
      "ms" : 1637006028225,
      "iso_8601" : "2021-11-15T14:53:48-05:00"
    },
    "created_by" : "admin",
    "created_by_principal_id" : "b9ed9753748864134424",
    "created_by_principal_domain_id" : "default",
    "modified_on" : {
      "timestamp" : "15-Nov-2021 14:53:48",
      "year" : 2021,
      "month" : 10,
      "day_of_month" : 15,
      "hour" : 14,
      "minute" : 53,
      "second" : 48,
      "millisecond" : 225,
      "ms" : 1637006028225,
      "iso_8601" : "2021-11-15T14:53:48-05:00"
    },
    "modified_by" : "admin",
    "modified_by_principal_id" : "b9ed9753748864134424",
    "modified_by_principal_domain_id" : "default",
    "edited_on" : {
      "timestamp" : "15-Nov-2021 14:53:48",
      "year" : 2021,
      "month" : 10,
      "day_of_month" : 15,
      "hour" : 14,
      "minute" : 53,
      "second" : 48,
      "millisecond" : 225,
      "ms" : 1637006028225,
      "iso_8601" : "2021-11-15T14:53:48-05:00"
    },
    "edited_by" : "admin",
    "edited_by_principal_id" : "b9ed9753748864134424",
    "edited_by_principal_domain_id" : "default"
  },
  "_doc" : "125183d992019b2462bc"
}