{
  "title" : "Master Form",
  "fields" : {
    "title" : {
      "type" : "text",
      "label" : "Title"
    },
    "summary" : {
      "type" : "textarea",
      "label" : "Summary"
    },
    "body" : {
      "type" : "ckeditor",
      "label" : "Body",
      "ckeditor" : {
        "toolbar" : [ [ "Format", "Font", "FontSize" ], [ "Bold", "Italic", "Underline", "StrikeThrough", "-", "Undo", "Redo", "-", "Cut", "Copy", "Paste", "Find", "Replace", "-", "Outdent", "Indent", "-", "Print" ], "/", [ "NumberedList", "BulletedList", "-", "JustifyLeft", "JustifyCenter", "JustifyRight", "JustifyBlock" ], [ "Image", "Table", "-", "Link", "Flash", "Smiley", "TextColor", "BGColor", "Source" ] ]
      }
    },
    "state" : {
      "type" : "state",
      "label" : "State"
    },
    "loc" : {
      "type" : "object",
      "label" : "Location",
      "fields" : {
        "latitude" : {
          "type" : "number",
          "label" : "Latitude"
        },
        "longitude" : {
          "type" : "number",
          "label" : "Longitude"
        }
      }
    }
  },
  "engineId" : "alpaca1",
  "_type" : "n:form",
  "_doc" : "d10453ff8438976f56ca",
  "_system" : {
    "deleted" : false,
    "changeset" : "75:f7180271f8a165be6acc",
    "created_on" : {
      "timestamp" : "14-Feb-2019 15:33:13",
      "year" : 2019,
      "month" : 1,
      "day_of_month" : 14,
      "hour" : 15,
      "minute" : 33,
      "second" : 13,
      "millisecond" : 553,
      "ms" : 1550158393553,
      "iso_8601" : "2019-02-14T15:33:13Z"
    },
    "created_by" : "admin",
    "created_by_principal_id" : "5bab281f1cb2047f12ba",
    "created_by_principal_domain_id" : "default",
    "modified_on" : {
      "timestamp" : "14-Feb-2019 15:33:13",
      "year" : 2019,
      "month" : 1,
      "day_of_month" : 14,
      "hour" : 15,
      "minute" : 33,
      "second" : 13,
      "millisecond" : 588,
      "ms" : 1550158393588,
      "iso_8601" : "2019-02-14T15:33:13Z"
    },
    "modified_by" : "admin",
    "modified_by_principal_id" : "5bab281f1cb2047f12ba",
    "modified_by_principal_domain_id" : "default",
    "edited_on" : {
      "timestamp" : "14-Feb-2019 15:33:13",
      "year" : 2019,
      "month" : 1,
      "day_of_month" : 14,
      "hour" : 15,
      "minute" : 33,
      "second" : 13,
      "millisecond" : 588,
      "ms" : 1550158393588,
      "iso_8601" : "2019-02-14T15:33:13Z"
    },
    "edited_by" : "admin",
    "edited_by_principal_id" : "5bab281f1cb2047f12ba",
    "edited_by_principal_domain_id" : "default"
  },
  "_qname" : "o:d10453ff8438976f56ca",
  "_features" : {
    "f:audit" : { },
    "f:titled" : { },
    "f:filename" : {
      "filename" : "Master_Form"
    },
    "f:geolocation" : { },
    "f:indexable" : { }
  }
}