{
  "_system" : {
    "deleted" : false,
    "changeset" : "6:581d9dddc2c9678397df",
    "created_on" : {
      "timestamp" : "21-Jan-2021 16:22:17",
      "year" : 2021,
      "month" : 0,
      "day_of_month" : 21,
      "hour" : 16,
      "minute" : 22,
      "second" : 17,
      "millisecond" : 45,
      "ms" : 1611264137045,
      "iso_8601" : "2021-01-21T16:22:17-05:00"
    },
    "created_by" : "admin",
    "created_by_principal_id" : "8df8c30d1c2f95496937",
    "created_by_principal_domain_id" : "default",
    "modified_on" : {
      "timestamp" : "21-Jan-2021 16:22:17",
      "year" : 2021,
      "month" : 0,
      "day_of_month" : 21,
      "hour" : 16,
      "minute" : 22,
      "second" : 17,
      "millisecond" : 59,
      "ms" : 1611264137059,
      "iso_8601" : "2021-01-21T16:22:17-05:00"
    },
    "modified_by" : "admin",
    "modified_by_principal_id" : "8df8c30d1c2f95496937",
    "modified_by_principal_domain_id" : "default",
    "edited_on" : {
      "timestamp" : "21-Jan-2021 16:22:17",
      "year" : 2021,
      "month" : 0,
      "day_of_month" : 21,
      "hour" : 16,
      "minute" : 22,
      "second" : 17,
      "millisecond" : 59,
      "ms" : 1611264137059,
      "iso_8601" : "2021-01-21T16:22:17-05:00"
    },
    "edited_by" : "admin",
    "edited_by_principal_id" : "8df8c30d1c2f95496937",
    "edited_by_principal_domain_id" : "default",
    "rev" : 6,
    "branch" : "3d4e3a21a7c02c55017c",
    "_op" : "create"
  },
  "_doc" : "fd1ef9ce4b9bb61d0559",
  "_qname" : "o:fd1ef9ce4b9bb61d0559",
  "_type" : "n:node",
  "_features" : {
    "f:audit" : { },
    "f:titled" : { },
    "f:filename" : {
      "filename" : "Email"
    },
    "f:geolocation" : { },
    "f:indexable" : { },
    "f:container" : { }
  },
  "title" : "Email"
}