{
  "teamableObjectTypeId" : "repository",
  "teamableObjectId" : "5a4dc642ab0794764f7f",
  "key" : "owners",
  "groupId" : "277442523d66694fc866",
  "groupDomainId" : "962ecda8e27eae5237d1",
  "roleKeys" : [ "owner" ],
  "title" : "Owners",
  "description" : "Owners Team",
  "_system" : {
    "created_on" : {
      "timestamp" : "15-Nov-2021 14:53:42",
      "year" : 2021,
      "month" : 10,
      "day_of_month" : 15,
      "hour" : 14,
      "minute" : 53,
      "second" : 42,
      "millisecond" : 366,
      "ms" : 1637006022366,
      "iso_8601" : "2021-11-15T14:53:42-05:00"
    },
    "created_by" : "admin",
    "created_by_principal_id" : "b9ed9753748864134424",
    "created_by_principal_domain_id" : "default",
    "modified_on" : {
      "timestamp" : "15-Nov-2021 14:53:42",
      "year" : 2021,
      "month" : 10,
      "day_of_month" : 15,
      "hour" : 14,
      "minute" : 53,
      "second" : 42,
      "millisecond" : 366,
      "ms" : 1637006022366,
      "iso_8601" : "2021-11-15T14:53:42-05:00"
    },
    "modified_by" : "admin",
    "modified_by_principal_id" : "b9ed9753748864134424",
    "modified_by_principal_domain_id" : "default",
    "edited_on" : {
      "timestamp" : "15-Nov-2021 14:53:42",
      "year" : 2021,
      "month" : 10,
      "day_of_month" : 15,
      "hour" : 14,
      "minute" : 53,
      "second" : 42,
      "millisecond" : 366,
      "ms" : 1637006022366,
      "iso_8601" : "2021-11-15T14:53:42-05:00"
    },
    "edited_by" : "admin",
    "edited_by_principal_id" : "b9ed9753748864134424",
    "edited_by_principal_domain_id" : "default"
  },
  "_doc" : "d304636d4e2d50577f46"
}