{
  "_doc" : "24:54bac48d411f2ce776fe",
  "_system" : {
    "created_on" : {
      "timestamp" : "19-Nov-2021 17:36:52",
      "year" : 2021,
      "month" : 10,
      "day_of_month" : 19,
      "hour" : 17,
      "minute" : 36,
      "second" : 52,
      "millisecond" : 305,
      "ms" : 1637361412305,
      "iso_8601" : "2021-11-19T17:36:52-05:00"
    },
    "created_by" : "admin",
    "created_by_principal_id" : "e319a2cd626b671ba7f7",
    "created_by_principal_domain_id" : "default",
    "modified_on" : {
      "timestamp" : "19-Nov-2021 17:36:52",
      "year" : 2021,
      "month" : 10,
      "day_of_month" : 19,
      "hour" : 17,
      "minute" : 36,
      "second" : 52,
      "millisecond" : 375,
      "ms" : 1637361412375,
      "iso_8601" : "2021-11-19T17:36:52-05:00"
    },
    "modified_by" : "admin",
    "modified_by_principal_id" : "e319a2cd626b671ba7f7",
    "modified_by_principal_domain_id" : "default",
    "edited_on" : {
      "timestamp" : "19-Nov-2021 17:36:52",
      "year" : 2021,
      "month" : 10,
      "day_of_month" : 19,
      "hour" : 17,
      "minute" : 36,
      "second" : 52,
      "millisecond" : 375,
      "ms" : 1637361412375,
      "iso_8601" : "2021-11-19T17:36:52-05:00"
    },
    "edited_by" : "admin",
    "edited_by_principal_id" : "e319a2cd626b671ba7f7",
    "edited_by_principal_domain_id" : "default"
  },
  "revision" : 24,
  "active" : true,
  "parents" : [ "23:a956ae44f77b866369f9" ],
  "branch" : "187193302a18db2eb328"
}