{
  "principal-id" : "ef0ed7bc2e48adb56de9",
  "principal-name" : "oneteam-users",
  "principal-domain" : "default",
  "_system" : {
    "deleted" : false,
    "changeset" : "0:root",
    "created_on" : {
      "timestamp" : "19-Apr-2019 20:09:28",
      "year" : 2019,
      "month" : 3,
      "day_of_month" : 19,
      "hour" : 20,
      "minute" : 9,
      "second" : 28,
      "millisecond" : 241,
      "ms" : 1555704568241,
      "iso_8601" : "2019-04-19T20:09:28Z"
    },
    "created_by" : "admin",
    "created_by_principal_id" : "74004ce2e8561e763ac4",
    "created_by_principal_domain_id" : "default",
    "modified_on" : {
      "timestamp" : "19-Apr-2019 20:09:28",
      "year" : 2019,
      "month" : 3,
      "day_of_month" : 19,
      "hour" : 20,
      "minute" : 9,
      "second" : 28,
      "millisecond" : 255,
      "ms" : 1555704568255,
      "iso_8601" : "2019-04-19T20:09:28Z"
    },
    "modified_by" : "admin",
    "modified_by_principal_id" : "74004ce2e8561e763ac4",
    "modified_by_principal_domain_id" : "default",
    "edited_on" : {
      "timestamp" : "19-Apr-2019 20:09:28",
      "year" : 2019,
      "month" : 3,
      "day_of_month" : 19,
      "hour" : 20,
      "minute" : 9,
      "second" : 28,
      "millisecond" : 255,
      "ms" : 1555704568255,
      "iso_8601" : "2019-04-19T20:09:28Z"
    },
    "edited_by" : "admin",
    "edited_by_principal_id" : "74004ce2e8561e763ac4",
    "edited_by_principal_domain_id" : "default"
  },
  "_doc" : "f44004fcc759d1b1fc69",
  "_qname" : "o:f44004fcc759d1b1fc69",
  "_type" : "n:group",
  "_features" : {
    "f:audit" : { },
    "f:titled" : { },
    "f:filename" : {
      "filename" : "f44004fcc759d1b1fc69"
    },
    "f:geolocation" : { },
    "f:indexable" : { }
  }
}