{
  "_doc" : "38:0a7c0da3ca8b1acc3552",
  "_system" : {
    "created_on" : {
      "timestamp" : "20-Oct-2021 14:37:44",
      "year" : 2021,
      "month" : 9,
      "day_of_month" : 20,
      "hour" : 14,
      "minute" : 37,
      "second" : 44,
      "millisecond" : 352,
      "ms" : 1634755064352,
      "iso_8601" : "2021-10-20T14:37:44-04:00"
    },
    "created_by" : "admin",
    "created_by_principal_id" : "b4d6c22caee99692904d",
    "created_by_principal_domain_id" : "default",
    "modified_on" : {
      "timestamp" : "20-Oct-2021 14:37:44",
      "year" : 2021,
      "month" : 9,
      "day_of_month" : 20,
      "hour" : 14,
      "minute" : 37,
      "second" : 44,
      "millisecond" : 393,
      "ms" : 1634755064393,
      "iso_8601" : "2021-10-20T14:37:44-04:00"
    },
    "modified_by" : "admin",
    "modified_by_principal_id" : "b4d6c22caee99692904d",
    "modified_by_principal_domain_id" : "default",
    "edited_on" : {
      "timestamp" : "20-Oct-2021 14:37:44",
      "year" : 2021,
      "month" : 9,
      "day_of_month" : 20,
      "hour" : 14,
      "minute" : 37,
      "second" : 44,
      "millisecond" : 393,
      "ms" : 1634755064393,
      "iso_8601" : "2021-10-20T14:37:44-04:00"
    },
    "edited_by" : "admin",
    "edited_by_principal_id" : "b4d6c22caee99692904d",
    "edited_by_principal_domain_id" : "default"
  },
  "revision" : 38,
  "active" : true,
  "parents" : [ "37:f11c954e41962f04a3d5" ],
  "branch" : "4375d1eb9094255abf40"
}