{
  "stackId" : "7b28f95810a708ce457a",
  "key" : "0eecb65d97b47708cc58",
  "datastoreTypeId" : "application",
  "datastoreId" : "0eecb65d97b47708cc58",
  "_system" : {
    "created_on" : {
      "timestamp" : "20-Oct-2021 14:37:21",
      "year" : 2021,
      "month" : 9,
      "day_of_month" : 20,
      "hour" : 14,
      "minute" : 37,
      "second" : 21,
      "millisecond" : 772,
      "ms" : 1634755041772,
      "iso_8601" : "2021-10-20T14:37:21-04:00"
    },
    "created_by" : "admin",
    "created_by_principal_id" : "b4d6c22caee99692904d",
    "created_by_principal_domain_id" : "default",
    "modified_on" : {
      "timestamp" : "20-Oct-2021 14:37:21",
      "year" : 2021,
      "month" : 9,
      "day_of_month" : 20,
      "hour" : 14,
      "minute" : 37,
      "second" : 21,
      "millisecond" : 772,
      "ms" : 1634755041772,
      "iso_8601" : "2021-10-20T14:37:21-04:00"
    },
    "modified_by" : "admin",
    "modified_by_principal_id" : "b4d6c22caee99692904d",
    "modified_by_principal_domain_id" : "default",
    "edited_on" : {
      "timestamp" : "20-Oct-2021 14:37:21",
      "year" : 2021,
      "month" : 9,
      "day_of_month" : 20,
      "hour" : 14,
      "minute" : 37,
      "second" : 21,
      "millisecond" : 772,
      "ms" : 1634755041772,
      "iso_8601" : "2021-10-20T14:37:21-04:00"
    },
    "edited_by" : "admin",
    "edited_by_principal_id" : "b4d6c22caee99692904d",
    "edited_by_principal_domain_id" : "default"
  },
  "_doc" : "a0f718e85eee9bfbcc99"
}