{
  "_type" : "a:child",
  "directionality" : "DIRECTED",
  "source_type" : "n:node",
  "source" : "3343669aed1e41baac91",
  "target_type" : "n:node",
  "target" : "1c3d03127ad64d598633",
  "_qname" : "o:4a17f2720fcd4474a4a8",
  "_doc" : "4a17f2720fcd4474a4a8",
  "_system" : {
    "deleted" : false,
    "changeset" : "9:faca6153b5bcb859c835",
    "created_on" : {
      "timestamp" : "20-Oct-2021 09:34:10",
      "year" : 2021,
      "month" : 9,
      "day_of_month" : 20,
      "hour" : 9,
      "minute" : 34,
      "second" : 10,
      "millisecond" : 641,
      "ms" : 1634736850641,
      "iso_8601" : "2021-10-20T09:34:10-04:00"
    },
    "created_by" : "admin",
    "created_by_principal_id" : "2a7c6669601b1ba4c958",
    "created_by_principal_domain_id" : "default",
    "modified_on" : {
      "timestamp" : "20-Oct-2021 09:34:11",
      "year" : 2021,
      "month" : 9,
      "day_of_month" : 20,
      "hour" : 9,
      "minute" : 34,
      "second" : 11,
      "millisecond" : 737,
      "ms" : 1634736851737,
      "iso_8601" : "2021-10-20T09:34:11-04:00"
    },
    "modified_by" : "admin",
    "modified_by_principal_id" : "2a7c6669601b1ba4c958",
    "modified_by_principal_domain_id" : "default",
    "edited_on" : {
      "timestamp" : "20-Oct-2021 09:34:11",
      "year" : 2021,
      "month" : 9,
      "day_of_month" : 20,
      "hour" : 9,
      "minute" : 34,
      "second" : 11,
      "millisecond" : 737,
      "ms" : 1634736851737,
      "iso_8601" : "2021-10-20T09:34:11-04:00"
    },
    "edited_by" : "admin",
    "edited_by_principal_id" : "2a7c6669601b1ba4c958",
    "edited_by_principal_domain_id" : "default",
    "rev" : 9,
    "branch" : "1ad06a3e9160fdc88c85",
    "_op" : "create"
  }
}