{
  "_system" : {
    "deleted" : false,
    "changeset" : "26:448530dd6c4ba1eb665e",
    "created_on" : {
      "timestamp" : "31-Aug-2022 15:26:14",
      "year" : 2022,
      "month" : 7,
      "day_of_month" : 31,
      "hour" : 15,
      "minute" : 26,
      "second" : 14,
      "millisecond" : 473,
      "ms" : 1661959574473,
      "iso_8601" : "2022-08-31T15:26:14Z"
    },
    "created_by" : "admin",
    "created_by_principal_id" : "2f873756d87a4ad1befc",
    "created_by_principal_domain_id" : "default",
    "modified_on" : {
      "timestamp" : "31-Aug-2022 15:26:14",
      "year" : 2022,
      "month" : 7,
      "day_of_month" : 31,
      "hour" : 15,
      "minute" : 26,
      "second" : 14,
      "millisecond" : 483,
      "ms" : 1661959574483,
      "iso_8601" : "2022-08-31T15:26:14Z"
    },
    "modified_by" : "admin",
    "modified_by_principal_id" : "2f873756d87a4ad1befc",
    "modified_by_principal_domain_id" : "default",
    "edited_on" : {
      "timestamp" : "31-Aug-2022 15:26:14",
      "year" : 2022,
      "month" : 7,
      "day_of_month" : 31,
      "hour" : 15,
      "minute" : 26,
      "second" : 14,
      "millisecond" : 483,
      "ms" : 1661959574483,
      "iso_8601" : "2022-08-31T15:26:14Z"
    },
    "edited_by" : "admin",
    "edited_by_principal_id" : "2f873756d87a4ad1befc",
    "rev" : 26,
    "branch" : "88810405bb84bac72aab",
    "_op" : "create",
    "edited_by_principal_domain_id" : "default"
  },
  "_doc" : "9d841215369875cf5c35",
  "_qname" : "o:9d841215369875cf5c35",
  "_type" : "a:has_tag",
  "directionality" : "DIRECTED",
  "_features" : {
    "f:audit" : { },
    "f:indexable" : { }
  },
  "source_type" : "store:book",
  "source" : "c55defdaed094b89b90d",
  "target_type" : "n:tag",
  "target" : "9de906583acdfce120ee"
}