{
  "_features" : {
    "f:relator" : {
      "propertyHolder" : "source",
      "propertyPath" : "/author",
      "active" : true
    },
    "f:audit" : { },
    "f:indexable" : { }
  },
  "source" : "1e47ccda65eb424393f3",
  "source_type" : "store:book",
  "target" : "1440a266b9e44a6786aa",
  "target_type" : "store:author",
  "directionality" : "DIRECTED",
  "_system" : {
    "deleted" : false,
    "changeset" : "31:e7eddf5e3b360c3b704f",
    "created_on" : {
      "timestamp" : "20-Oct-2021 09:44:31",
      "year" : 2021,
      "month" : 9,
      "day_of_month" : 20,
      "hour" : 9,
      "minute" : 44,
      "second" : 31,
      "millisecond" : 729,
      "ms" : 1634737471729,
      "iso_8601" : "2021-10-20T09:44:31-04:00"
    },
    "created_by" : "admin",
    "created_by_principal_id" : "2a7c6669601b1ba4c958",
    "created_by_principal_domain_id" : "default",
    "modified_on" : {
      "timestamp" : "20-Oct-2021 09:44:31",
      "year" : 2021,
      "month" : 9,
      "day_of_month" : 20,
      "hour" : 9,
      "minute" : 44,
      "second" : 31,
      "millisecond" : 794,
      "ms" : 1634737471794,
      "iso_8601" : "2021-10-20T09:44:31-04:00"
    },
    "modified_by" : "admin",
    "modified_by_principal_id" : "2a7c6669601b1ba4c958",
    "modified_by_principal_domain_id" : "default",
    "edited_on" : {
      "timestamp" : "20-Oct-2021 09:44:31",
      "year" : 2021,
      "month" : 9,
      "day_of_month" : 20,
      "hour" : 9,
      "minute" : 44,
      "second" : 31,
      "millisecond" : 794,
      "ms" : 1634737471794,
      "iso_8601" : "2021-10-20T09:44:31-04:00"
    },
    "edited_by" : "admin",
    "edited_by_principal_id" : "2a7c6669601b1ba4c958",
    "edited_by_principal_domain_id" : "default",
    "rev" : 31,
    "branch" : "c05d26b68d5e6c9699cf",
    "_op" : "create"
  },
  "_doc" : "b3dca0cb9da77cefddaf",
  "_qname" : "o:b3dca0cb9da77cefddaf",
  "_type" : "store:authored-by"
}