{
  "type" : "UPDATE",
  "timestamp" : {
    "timestamp" : "24-Aug-2022 16:10:09",
    "year" : 2022,
    "month" : 7,
    "day_of_month" : 24,
    "hour" : 16,
    "minute" : 10,
    "second" : 9,
    "millisecond" : 719,
    "ms" : 1661357409719,
    "iso_8601" : "2022-08-24T16:10:09Z"
  },
  "userDomainId" : "default",
  "userId" : "fda4fc3b0ff3e7838fbe",
  "userTitle" : "admin",
  "userName" : "admin",
  "objectDatastoreTypeId" : "repository",
  "objectDatastoreId" : "be7d4afe10e21f420374",
  "objectDatastoreTitle" : "Sample Project 'content' repository",
  "objectId" : "f516ce3a199e1e213a33",
  "objectTypeId" : "node",
  "objectTitle" : "William Shakespeare",
  "stackId" : "0a7fc8e20274200ad031",
  "projectId" : "bf7b27842892908c8ade",
  "projectTitle" : "Sample Project",
  "_system" : {
    "created_on" : {
      "timestamp" : "24-Aug-2022 16:10:09",
      "year" : 2022,
      "month" : 7,
      "day_of_month" : 24,
      "hour" : 16,
      "minute" : 10,
      "second" : 9,
      "millisecond" : 725,
      "ms" : 1661357409725,
      "iso_8601" : "2022-08-24T16:10:09Z"
    },
    "created_by" : "admin",
    "created_by_principal_id" : "fda4fc3b0ff3e7838fbe",
    "created_by_principal_domain_id" : "default",
    "modified_on" : {
      "timestamp" : "24-Aug-2022 16:10:09",
      "year" : 2022,
      "month" : 7,
      "day_of_month" : 24,
      "hour" : 16,
      "minute" : 10,
      "second" : 9,
      "millisecond" : 725,
      "ms" : 1661357409725,
      "iso_8601" : "2022-08-24T16:10:09Z"
    },
    "modified_by" : "admin",
    "modified_by_principal_id" : "fda4fc3b0ff3e7838fbe",
    "modified_by_principal_domain_id" : "default",
    "edited_on" : {
      "timestamp" : "24-Aug-2022 16:10:09",
      "year" : 2022,
      "month" : 7,
      "day_of_month" : 24,
      "hour" : 16,
      "minute" : 10,
      "second" : 9,
      "millisecond" : 725,
      "ms" : 1661357409725,
      "iso_8601" : "2022-08-24T16:10:09Z"
    },
    "edited_by" : "admin",
    "edited_by_principal_id" : "fda4fc3b0ff3e7838fbe",
    "edited_by_principal_domain_id" : "default"
  },
  "_doc" : "9a6869940a7bc37edba4"
}