{
  "title" : "Add Auto OCR Extract Feature to children of this folder",
  "_system" : {
    "deleted" : false,
    "changeset" : "21:e37fb2014f93268e346b",
    "created_on" : {
      "timestamp" : "31-Aug-2022 15:26:04",
      "year" : 2022,
      "month" : 7,
      "day_of_month" : 31,
      "hour" : 15,
      "minute" : 26,
      "second" : 4,
      "millisecond" : 562,
      "ms" : 1661959564562,
      "iso_8601" : "2022-08-31T15:26:04Z"
    },
    "created_by" : "admin",
    "created_by_principal_id" : "2f873756d87a4ad1befc",
    "created_by_principal_domain_id" : "default",
    "modified_on" : {
      "timestamp" : "31-Aug-2022 15:26:04",
      "year" : 2022,
      "month" : 7,
      "day_of_month" : 31,
      "hour" : 15,
      "minute" : 26,
      "second" : 4,
      "millisecond" : 674,
      "ms" : 1661959564674,
      "iso_8601" : "2022-08-31T15:26:04Z"
    },
    "modified_by" : "admin",
    "modified_by_principal_id" : "2f873756d87a4ad1befc",
    "modified_by_principal_domain_id" : "default",
    "edited_on" : {
      "timestamp" : "31-Aug-2022 15:26:04",
      "year" : 2022,
      "month" : 7,
      "day_of_month" : 31,
      "hour" : 15,
      "minute" : 26,
      "second" : 4,
      "millisecond" : 674,
      "ms" : 1661959564674,
      "iso_8601" : "2022-08-31T15:26:04Z"
    },
    "edited_by" : "admin",
    "edited_by_principal_id" : "2f873756d87a4ad1befc",
    "rev" : 21,
    "branch" : "88810405bb84bac72aab",
    "_op" : "update",
    "previousChangeset" : "19:a2e8f70e2199622fd3a0",
    "edited_by_principal_domain_id" : "default"
  },
  "_doc" : "a781a836424446905a5c",
  "_qname" : "o:a781a836424446905a5c",
  "_type" : "n:rule",
  "_features" : {
    "f:behavior" : { },
    "f:audit" : { },
    "f:titled" : { },
    "f:filename" : {
      "filename" : "Add+Auto+OCR+Extract+Feature+to+children+of+this+folder"
    },
    "f:geolocation" : { },
    "f:indexable" : { },
    "f:auto-ocr-extract" : { }
  },
  "actions" : [ {
    "type" : "addFeature",
    "config" : {
      "qname" : "f:auto-ocr-extract",
      "config" : { }
    }
  } ]
}