{
  "type" : "UPDATE",
  "timestamp" : {
    "timestamp" : "06-Aug-2020 13:25:33",
    "year" : 2020,
    "month" : 7,
    "day_of_month" : 6,
    "hour" : 13,
    "minute" : 25,
    "second" : 33,
    "millisecond" : 472,
    "ms" : 1596720333472,
    "iso_8601" : "2020-08-06T13:25:33Z"
  },
  "userDomainId" : "default",
  "userId" : "bb39303eba0c35a3d2da",
  "userTitle" : "admin",
  "userName" : "admin",
  "objectDatastoreTypeId" : "platform",
  "objectDatastoreId" : "28b3e8dfea1ba2c05c57",
  "objectDatastoreTitle" : "Root Platform",
  "objectId" : "a9cd6f720fcac4aff30d",
  "objectTypeId" : "application",
  "objectTitle" : "Sample Web Application",
  "_system" : {
    "created_on" : {
      "timestamp" : "06-Aug-2020 13:25:33",
      "year" : 2020,
      "month" : 7,
      "day_of_month" : 6,
      "hour" : 13,
      "minute" : 25,
      "second" : 33,
      "millisecond" : 473,
      "ms" : 1596720333473,
      "iso_8601" : "2020-08-06T13:25:33Z"
    },
    "created_by" : "admin",
    "created_by_principal_id" : "bb39303eba0c35a3d2da",
    "created_by_principal_domain_id" : "default",
    "modified_on" : {
      "timestamp" : "06-Aug-2020 13:25:33",
      "year" : 2020,
      "month" : 7,
      "day_of_month" : 6,
      "hour" : 13,
      "minute" : 25,
      "second" : 33,
      "millisecond" : 473,
      "ms" : 1596720333473,
      "iso_8601" : "2020-08-06T13:25:33Z"
    },
    "modified_by" : "admin",
    "modified_by_principal_id" : "bb39303eba0c35a3d2da",
    "modified_by_principal_domain_id" : "default",
    "edited_on" : {
      "timestamp" : "06-Aug-2020 13:25:33",
      "year" : 2020,
      "month" : 7,
      "day_of_month" : 6,
      "hour" : 13,
      "minute" : 25,
      "second" : 33,
      "millisecond" : 473,
      "ms" : 1596720333473,
      "iso_8601" : "2020-08-06T13:25:33Z"
    },
    "edited_by" : "admin",
    "edited_by_principal_id" : "bb39303eba0c35a3d2da",
    "edited_by_principal_domain_id" : "default"
  },
  "_doc" : "518e735ae91fe80b5eec"
}