{
  "_system" : {
    "deleted" : false,
    "changeset" : "27:7702d670f149099cf0c7",
    "created_on" : {
      "timestamp" : "14-Feb-2019 15:32:56",
      "year" : 2019,
      "month" : 1,
      "day_of_month" : 14,
      "hour" : 15,
      "minute" : 32,
      "second" : 56,
      "millisecond" : 525,
      "ms" : 1550158376525,
      "iso_8601" : "2019-02-14T15:32:56Z"
    },
    "created_by" : "admin",
    "created_by_principal_id" : "5bab281f1cb2047f12ba",
    "created_by_principal_domain_id" : "default",
    "modified_on" : {
      "timestamp" : "14-Feb-2019 15:32:56",
      "year" : 2019,
      "month" : 1,
      "day_of_month" : 14,
      "hour" : 15,
      "minute" : 32,
      "second" : 56,
      "millisecond" : 615,
      "ms" : 1550158376615,
      "iso_8601" : "2019-02-14T15:32:56Z"
    },
    "modified_by" : "admin",
    "modified_by_principal_id" : "5bab281f1cb2047f12ba",
    "modified_by_principal_domain_id" : "default",
    "edited_on" : {
      "timestamp" : "14-Feb-2019 15:32:56",
      "year" : 2019,
      "month" : 1,
      "day_of_month" : 14,
      "hour" : 15,
      "minute" : 32,
      "second" : 56,
      "millisecond" : 615,
      "ms" : 1550158376615,
      "iso_8601" : "2019-02-14T15:32:56Z"
    },
    "edited_by" : "admin",
    "edited_by_principal_id" : "5bab281f1cb2047f12ba",
    "edited_by_principal_domain_id" : "default"
  },
  "_doc" : "d13ba950f7fcbfd9ee92",
  "_qname" : "o:d13ba950f7fcbfd9ee92",
  "_type" : "a:child",
  "directionality" : "DIRECTED",
  "_features" : {
    "f:audit" : { },
    "f:indexable" : { },
    "f:propagates-authorities" : {
      "enabled" : true
    },
    "f:non-cyclic" : { },
    "f:knowledge-sharing" : {
      "enabled" : true
    }
  },
  "source_type" : "n:node",
  "source" : "11506f7bf6c5857736c2",
  "target_type" : "catalog:product-review",
  "target" : "516ef29e129b8914256d"
}