{
  "type" : "UPDATE",
  "timestamp" : {
    "timestamp" : "24-Aug-2022 16:08:33",
    "year" : 2022,
    "month" : 7,
    "day_of_month" : 24,
    "hour" : 16,
    "minute" : 8,
    "second" : 33,
    "millisecond" : 202,
    "ms" : 1661357313202,
    "iso_8601" : "2022-08-24T16:08:33Z"
  },
  "userDomainId" : "default",
  "userId" : "fda4fc3b0ff3e7838fbe",
  "userTitle" : "admin",
  "userName" : "admin",
  "objectDatastoreTypeId" : "platform",
  "objectDatastoreId" : "976d0d81e5ef6071f051",
  "objectDatastoreTitle" : "Root Platform",
  "objectId" : "f8b2464f47ce34b6b3f3",
  "objectTypeId" : "application",
  "objectTitle" : "Sample Web Application",
  "_system" : {
    "created_on" : {
      "timestamp" : "24-Aug-2022 16:08:33",
      "year" : 2022,
      "month" : 7,
      "day_of_month" : 24,
      "hour" : 16,
      "minute" : 8,
      "second" : 33,
      "millisecond" : 203,
      "ms" : 1661357313203,
      "iso_8601" : "2022-08-24T16:08:33Z"
    },
    "created_by" : "admin",
    "created_by_principal_id" : "fda4fc3b0ff3e7838fbe",
    "created_by_principal_domain_id" : "default",
    "modified_on" : {
      "timestamp" : "24-Aug-2022 16:08:33",
      "year" : 2022,
      "month" : 7,
      "day_of_month" : 24,
      "hour" : 16,
      "minute" : 8,
      "second" : 33,
      "millisecond" : 203,
      "ms" : 1661357313203,
      "iso_8601" : "2022-08-24T16:08:33Z"
    },
    "modified_by" : "admin",
    "modified_by_principal_id" : "fda4fc3b0ff3e7838fbe",
    "modified_by_principal_domain_id" : "default",
    "edited_on" : {
      "timestamp" : "24-Aug-2022 16:08:33",
      "year" : 2022,
      "month" : 7,
      "day_of_month" : 24,
      "hour" : 16,
      "minute" : 8,
      "second" : 33,
      "millisecond" : 203,
      "ms" : 1661357313203,
      "iso_8601" : "2022-08-24T16:08:33Z"
    },
    "edited_by" : "admin",
    "edited_by_principal_id" : "fda4fc3b0ff3e7838fbe",
    "edited_by_principal_domain_id" : "default"
  },
  "_doc" : "4f9d834e2e92bb7cdf6f"
}