{
  "permissioned" : "a8db999c5898f0b5d950",
  "principal" : "8801cc32de1a812c6ed9",
  "authority" : "connector",
  "domain" : "default",
  "_system" : {
    "created_on" : {
      "timestamp" : "27-Oct-2021 15:38:25",
      "year" : 2021,
      "month" : 9,
      "day_of_month" : 27,
      "hour" : 15,
      "minute" : 38,
      "second" : 25,
      "millisecond" : 597,
      "ms" : 1635349105597,
      "iso_8601" : "2021-10-27T15:38:25Z"
    },
    "created_by" : "admin",
    "created_by_principal_id" : "ed403cd3ae171ad7caf0",
    "created_by_principal_domain_id" : "default",
    "modified_on" : {
      "timestamp" : "27-Oct-2021 15:38:25",
      "year" : 2021,
      "month" : 9,
      "day_of_month" : 27,
      "hour" : 15,
      "minute" : 38,
      "second" : 25,
      "millisecond" : 597,
      "ms" : 1635349105597,
      "iso_8601" : "2021-10-27T15:38:25Z"
    },
    "modified_by" : "admin",
    "modified_by_principal_id" : "ed403cd3ae171ad7caf0",
    "modified_by_principal_domain_id" : "default",
    "edited_on" : {
      "timestamp" : "27-Oct-2021 15:38:25",
      "year" : 2021,
      "month" : 9,
      "day_of_month" : 27,
      "hour" : 15,
      "minute" : 38,
      "second" : 25,
      "millisecond" : 597,
      "ms" : 1635349105597,
      "iso_8601" : "2021-10-27T15:38:25Z"
    },
    "edited_by" : "admin",
    "edited_by_principal_id" : "ed403cd3ae171ad7caf0",
    "edited_by_principal_domain_id" : "default"
  },
  "_doc" : "7b2907c70eff48feba08"
}