{
  "title" : "Ernest Hemingway",
  "firstName" : "Ernest",
  "lastName" : "Hemingway",
  "slug" : "ernest-hemingway",
  "_system" : {
    "deleted" : false,
    "changeset" : "20:a3e7c723a7570763f75b",
    "created_on" : {
      "timestamp" : "20-Oct-2021 14:37:27",
      "year" : 2021,
      "month" : 9,
      "day_of_month" : 20,
      "hour" : 14,
      "minute" : 37,
      "second" : 27,
      "millisecond" : 384,
      "ms" : 1634755047384,
      "iso_8601" : "2021-10-20T14:37:27-04:00"
    },
    "created_by" : "admin",
    "created_by_principal_id" : "b4d6c22caee99692904d",
    "created_by_principal_domain_id" : "default",
    "modified_on" : {
      "timestamp" : "20-Oct-2021 14:37:38",
      "year" : 2021,
      "month" : 9,
      "day_of_month" : 20,
      "hour" : 14,
      "minute" : 37,
      "second" : 38,
      "millisecond" : 35,
      "ms" : 1634755058035,
      "iso_8601" : "2021-10-20T14:37:38-04:00"
    },
    "modified_by" : "admin",
    "modified_by_principal_id" : "b4d6c22caee99692904d",
    "modified_by_principal_domain_id" : "default",
    "edited_on" : {
      "timestamp" : "20-Oct-2021 14:37:38",
      "year" : 2021,
      "month" : 9,
      "day_of_month" : 20,
      "hour" : 14,
      "minute" : 37,
      "second" : 38,
      "millisecond" : 35,
      "ms" : 1634755058035,
      "iso_8601" : "2021-10-20T14:37:38-04:00"
    },
    "edited_by" : "admin",
    "edited_by_principal_id" : "b4d6c22caee99692904d",
    "edited_by_principal_domain_id" : "default",
    "rev" : 20,
    "attachments" : {
      "default" : {
        "contentType" : "image/jpeg",
        "length" : 22116,
        "objectId" : "attachment_0933ad788b404b66b128_b68e17bc9e9ebffec1fb",
        "filename" : "default.jpg"
      }
    },
    "previousChangeset" : "19:695f30921a8c849e14a2",
    "branch" : "4375d1eb9094255abf40",
    "_op" : "update"
  },
  "_doc" : "0933ad788b404b66b128",
  "_qname" : "o:0933ad788b404b66b128",
  "_features" : {
    "f:filename" : {
      "filename" : "Ernest_Hemingway"
    },
    "f:audit" : { },
    "f:titled" : { },
    "f:geolocation" : { },
    "f:indexable" : { },
    "f:deployment-config" : {
      "default" : {
        "mappings" : [ {
          "type" : "object-to-file",
          "config" : {
            "filepath" : "/store/authors/{{object.slug}}.json"
          }
        }, {
          "type" : "attachment-to-file",
          "config" : {
            "attachmentId" : "*",
            "filepath" : "/store/authors/{{object.slug}}.{{attachment.ext}}"
          }
        } ]
      }
    },
    "f:publishable" : {
      "state" : "approved"
    }
  },
  "_type" : "store:author"
}