{
  "type" : "CREATE",
  "timestamp" : {
    "timestamp" : "06-Aug-2020 13:26:01",
    "year" : 2020,
    "month" : 7,
    "day_of_month" : 6,
    "hour" : 13,
    "minute" : 26,
    "second" : 1,
    "millisecond" : 354,
    "ms" : 1596720361354,
    "iso_8601" : "2020-08-06T13:26:01Z"
  },
  "userDomainId" : "default",
  "userId" : "bb39303eba0c35a3d2da",
  "userTitle" : "admin",
  "userName" : "admin",
  "objectDatastoreTypeId" : "repository",
  "objectDatastoreId" : "79744a15485f5518f804",
  "objectDatastoreTitle" : "Sample Project 'content' repository",
  "objectId" : "68a6bea580f796fdc632",
  "objectTypeId" : "association",
  "objectTitle" : "68a6bea580f796fdc632",
  "stackId" : "bf423d3b68217f5306b7",
  "projectId" : "6953224c8c18e66f4e1c",
  "projectTitle" : "Sample Project",
  "_system" : {
    "created_on" : {
      "timestamp" : "06-Aug-2020 13:26:01",
      "year" : 2020,
      "month" : 7,
      "day_of_month" : 6,
      "hour" : 13,
      "minute" : 26,
      "second" : 1,
      "millisecond" : 360,
      "ms" : 1596720361360,
      "iso_8601" : "2020-08-06T13:26:01Z"
    },
    "created_by" : "admin",
    "created_by_principal_id" : "bb39303eba0c35a3d2da",
    "created_by_principal_domain_id" : "default",
    "modified_on" : {
      "timestamp" : "06-Aug-2020 13:26:01",
      "year" : 2020,
      "month" : 7,
      "day_of_month" : 6,
      "hour" : 13,
      "minute" : 26,
      "second" : 1,
      "millisecond" : 360,
      "ms" : 1596720361360,
      "iso_8601" : "2020-08-06T13:26:01Z"
    },
    "modified_by" : "admin",
    "modified_by_principal_id" : "bb39303eba0c35a3d2da",
    "modified_by_principal_domain_id" : "default",
    "edited_on" : {
      "timestamp" : "06-Aug-2020 13:26:01",
      "year" : 2020,
      "month" : 7,
      "day_of_month" : 6,
      "hour" : 13,
      "minute" : 26,
      "second" : 1,
      "millisecond" : 360,
      "ms" : 1596720361360,
      "iso_8601" : "2020-08-06T13:26:01Z"
    },
    "edited_by" : "admin",
    "edited_by_principal_id" : "bb39303eba0c35a3d2da",
    "edited_by_principal_domain_id" : "default"
  },
  "_doc" : "830c1ef10044ceeeb824"
}