{
  "_type" : "n:email_template",
  "_system" : {
    "deleted" : false,
    "changeset" : "7:d9520a7551464993b71b",
    "created_on" : {
      "timestamp" : "05-Aug-2021 15:36:49",
      "year" : 2021,
      "month" : 7,
      "day_of_month" : 5,
      "hour" : 15,
      "minute" : 36,
      "second" : 49,
      "millisecond" : 692,
      "ms" : 1628177809692,
      "iso_8601" : "2021-08-05T15:36:49Z"
    },
    "created_by" : "admin",
    "created_by_principal_id" : "b3236127dacc03f40cd9",
    "created_by_principal_domain_id" : "default",
    "modified_on" : {
      "timestamp" : "05-Aug-2021 15:36:49",
      "year" : 2021,
      "month" : 7,
      "day_of_month" : 5,
      "hour" : 15,
      "minute" : 36,
      "second" : 49,
      "millisecond" : 985,
      "ms" : 1628177809985,
      "iso_8601" : "2021-08-05T15:36:49Z"
    },
    "modified_by" : "admin",
    "modified_by_principal_id" : "b3236127dacc03f40cd9",
    "modified_by_principal_domain_id" : "default",
    "edited_on" : {
      "timestamp" : "05-Aug-2021 15:36:49",
      "year" : 2021,
      "month" : 7,
      "day_of_month" : 5,
      "hour" : 15,
      "minute" : 36,
      "second" : 49,
      "millisecond" : 985,
      "ms" : 1628177809985,
      "iso_8601" : "2021-08-05T15:36:49Z"
    },
    "edited_by" : "admin",
    "edited_by_principal_id" : "b3236127dacc03f40cd9",
    "edited_by_principal_domain_id" : "default",
    "rev" : 7,
    "branch" : "23fafbfbb544c803da8d",
    "_op" : "create",
    "attachments" : {
      "default" : {
        "contentType" : "application/freemarker",
        "length" : 422,
        "objectId" : "attachment_ee144c793ee8fd7a06ea_2e10daa94d7459145e84",
        "filename" : "default"
      }
    }
  },
  "_doc" : "ee144c793ee8fd7a06ea",
  "_qname" : "o:ee144c793ee8fd7a06ea",
  "_features" : {
    "f:audit" : { },
    "f:titled" : { },
    "f:filename" : {
      "filename" : "Invite+User+-+Confirmation+Email+Template"
    },
    "f:geolocation" : { },
    "f:indexable" : { }
  },
  "title" : "Invite User - Confirmation Email Template"
}