{
  "_type" : "store:authored-by",
  "_features" : {
    "f:relator" : {
      "propertyHolder" : "source",
      "propertyPath" : "/author"
    }
  },
  "source_type" : "store:book",
  "source" : "ea6eda4015f4473ea256",
  "target_type" : "store:author",
  "target" : "f55d1ad87ba14ea987f3",
  "directionality" : "DIRECTED",
  "_qname" : "o:def8b27ad848451ab237",
  "_doc" : "def8b27ad848451ab237",
  "_system" : {
    "deleted" : false,
    "changeset" : "9:ebf03040d20adc314e9f",
    "created_on" : {
      "timestamp" : "19-Nov-2021 17:36:40",
      "year" : 2021,
      "month" : 10,
      "day_of_month" : 19,
      "hour" : 17,
      "minute" : 36,
      "second" : 40,
      "millisecond" : 46,
      "ms" : 1637361400046,
      "iso_8601" : "2021-11-19T17:36:40-05:00"
    },
    "created_by" : "admin",
    "created_by_principal_id" : "e319a2cd626b671ba7f7",
    "created_by_principal_domain_id" : "default",
    "modified_on" : {
      "timestamp" : "19-Nov-2021 17:36:41",
      "year" : 2021,
      "month" : 10,
      "day_of_month" : 19,
      "hour" : 17,
      "minute" : 36,
      "second" : 41,
      "millisecond" : 612,
      "ms" : 1637361401612,
      "iso_8601" : "2021-11-19T17:36:41-05:00"
    },
    "modified_by" : "admin",
    "modified_by_principal_id" : "e319a2cd626b671ba7f7",
    "modified_by_principal_domain_id" : "default",
    "edited_on" : {
      "timestamp" : "19-Nov-2021 17:36:41",
      "year" : 2021,
      "month" : 10,
      "day_of_month" : 19,
      "hour" : 17,
      "minute" : 36,
      "second" : 41,
      "millisecond" : 612,
      "ms" : 1637361401612,
      "iso_8601" : "2021-11-19T17:36:41-05:00"
    },
    "edited_by" : "admin",
    "edited_by_principal_id" : "e319a2cd626b671ba7f7",
    "edited_by_principal_domain_id" : "default",
    "rev" : 9,
    "branch" : "187193302a18db2eb328",
    "_op" : "create"
  }
}