{
  "_system" : {
    "created_on" : {
      "timestamp" : "20-Oct-2021 00:03:13",
      "year" : 2021,
      "month" : 9,
      "day_of_month" : 20,
      "hour" : 0,
      "minute" : 3,
      "second" : 13,
      "millisecond" : 697,
      "ms" : 1634702593697,
      "iso_8601" : "2021-10-20T00:03:13-04:00"
    },
    "created_by" : "admin",
    "created_by_principal_id" : "2a7c6669601b1ba4c958",
    "created_by_principal_domain_id" : "default",
    "modified_on" : {
      "timestamp" : "20-Oct-2021 00:03:42",
      "year" : 2021,
      "month" : 9,
      "day_of_month" : 20,
      "hour" : 0,
      "minute" : 3,
      "second" : 42,
      "millisecond" : 907,
      "ms" : 1634702622907,
      "iso_8601" : "2021-10-20T00:03:42-04:00"
    },
    "modified_by" : "admin",
    "modified_by_principal_id" : "2a7c6669601b1ba4c958",
    "modified_by_principal_domain_id" : "default",
    "edited_on" : {
      "timestamp" : "20-Oct-2021 00:03:42",
      "year" : 2021,
      "month" : 9,
      "day_of_month" : 20,
      "hour" : 0,
      "minute" : 3,
      "second" : 42,
      "millisecond" : 907,
      "ms" : 1634702622907,
      "iso_8601" : "2021-10-20T00:03:42-04:00"
    },
    "edited_by" : "admin",
    "edited_by_principal_id" : "2a7c6669601b1ba4c958",
    "edited_by_principal_domain_id" : "default"
  },
  "_doc" : "0a9e4a0bb74c1e7308fa",
  "title" : "Sample Project Stack"
}