{
  "principal-id" : "8203f3180a2953e83123",
  "principal-name" : "team_stack_a43aad0c1096e65fda7a_appusers-32b1a86a291e0c79e5b1",
  "principal-domain" : "1f711dba35910aa24705",
  "_system" : {
    "deleted" : false,
    "changeset" : "0:root",
    "created_on" : {
      "timestamp" : "19-Apr-2019 20:09:40",
      "year" : 2019,
      "month" : 3,
      "day_of_month" : 19,
      "hour" : 20,
      "minute" : 9,
      "second" : 40,
      "millisecond" : 66,
      "ms" : 1555704580066,
      "iso_8601" : "2019-04-19T20:09:40Z"
    },
    "created_by" : "system",
    "created_by_principal_id" : "system",
    "created_by_principal_domain_id" : null,
    "modified_on" : {
      "timestamp" : "19-Apr-2019 20:09:40",
      "year" : 2019,
      "month" : 3,
      "day_of_month" : 19,
      "hour" : 20,
      "minute" : 9,
      "second" : 40,
      "millisecond" : 91,
      "ms" : 1555704580091,
      "iso_8601" : "2019-04-19T20:09:40Z"
    },
    "modified_by" : "system",
    "modified_by_principal_id" : "system",
    "modified_by_principal_domain_id" : null,
    "edited_on" : {
      "timestamp" : "19-Apr-2019 20:09:40",
      "year" : 2019,
      "month" : 3,
      "day_of_month" : 19,
      "hour" : 20,
      "minute" : 9,
      "second" : 40,
      "millisecond" : 66,
      "ms" : 1555704580066,
      "iso_8601" : "2019-04-19T20:09:40Z"
    },
    "edited_by" : "system",
    "edited_by_principal_id" : "system",
    "edited_by_principal_domain_id" : null
  },
  "_doc" : "a895eea70780f5f08093",
  "_qname" : "o:a895eea70780f5f08093",
  "_type" : "n:group",
  "_features" : {
    "f:audit" : { },
    "f:titled" : { },
    "f:filename" : {
      "filename" : "a895eea70780f5f08093"
    },
    "f:geolocation" : { },
    "f:indexable" : { }
  }
}