{
  "permissioned" : "1fd74243f52d2dc7aa6a",
  "principal" : "601c70215c6ee29cdea5",
  "authority" : "consumer",
  "domain" : "default",
  "_system" : {
    "created_on" : {
      "timestamp" : "24-Aug-2022 16:08:26",
      "year" : 2022,
      "month" : 7,
      "day_of_month" : 24,
      "hour" : 16,
      "minute" : 8,
      "second" : 26,
      "millisecond" : 778,
      "ms" : 1661357306778,
      "iso_8601" : "2022-08-24T16:08:26Z"
    },
    "created_by" : "admin",
    "created_by_principal_id" : "fda4fc3b0ff3e7838fbe",
    "created_by_principal_domain_id" : "default",
    "modified_on" : {
      "timestamp" : "24-Aug-2022 16:08:26",
      "year" : 2022,
      "month" : 7,
      "day_of_month" : 24,
      "hour" : 16,
      "minute" : 8,
      "second" : 26,
      "millisecond" : 778,
      "ms" : 1661357306778,
      "iso_8601" : "2022-08-24T16:08:26Z"
    },
    "modified_by" : "admin",
    "modified_by_principal_id" : "fda4fc3b0ff3e7838fbe",
    "modified_by_principal_domain_id" : "default",
    "edited_on" : {
      "timestamp" : "24-Aug-2022 16:08:26",
      "year" : 2022,
      "month" : 7,
      "day_of_month" : 24,
      "hour" : 16,
      "minute" : 8,
      "second" : 26,
      "millisecond" : 778,
      "ms" : 1661357306778,
      "iso_8601" : "2022-08-24T16:08:26Z"
    },
    "edited_by" : "admin",
    "edited_by_principal_id" : "fda4fc3b0ff3e7838fbe",
    "edited_by_principal_domain_id" : "default"
  },
  "_doc" : "98d5883d0fac5ae7a05c"
}