{
  "_doc" : "2:bf4caaf2fab3090d5228",
  "_system" : {
    "created_on" : {
      "timestamp" : "20-Oct-2021 09:34:01",
      "year" : 2021,
      "month" : 9,
      "day_of_month" : 20,
      "hour" : 9,
      "minute" : 34,
      "second" : 1,
      "millisecond" : 813,
      "ms" : 1634736841813,
      "iso_8601" : "2021-10-20T09:34:01-04:00"
    },
    "created_by" : "admin",
    "created_by_principal_id" : "2a7c6669601b1ba4c958",
    "created_by_principal_domain_id" : "default",
    "modified_on" : {
      "timestamp" : "20-Oct-2021 09:34:01",
      "year" : 2021,
      "month" : 9,
      "day_of_month" : 20,
      "hour" : 9,
      "minute" : 34,
      "second" : 1,
      "millisecond" : 950,
      "ms" : 1634736841950,
      "iso_8601" : "2021-10-20T09:34:01-04:00"
    },
    "modified_by" : "admin",
    "modified_by_principal_id" : "2a7c6669601b1ba4c958",
    "modified_by_principal_domain_id" : "default",
    "edited_on" : {
      "timestamp" : "20-Oct-2021 09:34:01",
      "year" : 2021,
      "month" : 9,
      "day_of_month" : 20,
      "hour" : 9,
      "minute" : 34,
      "second" : 1,
      "millisecond" : 950,
      "ms" : 1634736841950,
      "iso_8601" : "2021-10-20T09:34:01-04:00"
    },
    "edited_by" : "admin",
    "edited_by_principal_id" : "2a7c6669601b1ba4c958",
    "edited_by_principal_domain_id" : "default"
  },
  "revision" : 2,
  "active" : true,
  "parents" : [ "1:1838cdc937ce5beedd1a" ],
  "branch" : "1ad06a3e9160fdc88c85"
}