{
  "_doc" : "10:e96a9cbe95304087d4ca",
  "_system" : {
    "created_on" : {
      "timestamp" : "19-Nov-2021 22:41:16",
      "year" : 2021,
      "month" : 10,
      "day_of_month" : 19,
      "hour" : 22,
      "minute" : 41,
      "second" : 16,
      "millisecond" : 944,
      "ms" : 1637379676944,
      "iso_8601" : "2021-11-19T22:41:16-05:00"
    },
    "created_by" : "admin",
    "created_by_principal_id" : "e319a2cd626b671ba7f7",
    "created_by_principal_domain_id" : "default",
    "modified_on" : {
      "timestamp" : "19-Nov-2021 22:41:17",
      "year" : 2021,
      "month" : 10,
      "day_of_month" : 19,
      "hour" : 22,
      "minute" : 41,
      "second" : 17,
      "millisecond" : 40,
      "ms" : 1637379677040,
      "iso_8601" : "2021-11-19T22:41:17-05:00"
    },
    "modified_by" : "admin",
    "modified_by_principal_id" : "e319a2cd626b671ba7f7",
    "modified_by_principal_domain_id" : "default",
    "edited_on" : {
      "timestamp" : "19-Nov-2021 22:41:17",
      "year" : 2021,
      "month" : 10,
      "day_of_month" : 19,
      "hour" : 22,
      "minute" : 41,
      "second" : 17,
      "millisecond" : 40,
      "ms" : 1637379677040,
      "iso_8601" : "2021-11-19T22:41:17-05:00"
    },
    "edited_by" : "admin",
    "edited_by_principal_id" : "e319a2cd626b671ba7f7",
    "edited_by_principal_domain_id" : "default"
  },
  "revision" : 10,
  "active" : true,
  "parents" : [ "9:3b664005a314cd703f2e" ],
  "branch" : "d13c41461bea0e1eaef1"
}