{
  "type" : "CREATE",
  "timestamp" : {
    "timestamp" : "24-Aug-2022 16:08:17",
    "year" : 2022,
    "month" : 7,
    "day_of_month" : 24,
    "hour" : 16,
    "minute" : 8,
    "second" : 17,
    "millisecond" : 7,
    "ms" : 1661357297007,
    "iso_8601" : "2022-08-24T16:08:17Z"
  },
  "userDomainId" : "default",
  "userId" : "fda4fc3b0ff3e7838fbe",
  "userTitle" : "admin",
  "userName" : "admin",
  "objectDatastoreTypeId" : "repository",
  "objectDatastoreId" : "be7d4afe10e21f420374",
  "objectDatastoreTitle" : "be7d4afe10e21f420374",
  "objectId" : "7a5e5955f49c20a9b312",
  "objectTypeId" : "branch",
  "objectTitle" : "master",
  "_system" : {
    "created_on" : {
      "timestamp" : "24-Aug-2022 16:08:17",
      "year" : 2022,
      "month" : 7,
      "day_of_month" : 24,
      "hour" : 16,
      "minute" : 8,
      "second" : 17,
      "millisecond" : 8,
      "ms" : 1661357297008,
      "iso_8601" : "2022-08-24T16:08:17Z"
    },
    "created_by" : "admin",
    "created_by_principal_id" : "fda4fc3b0ff3e7838fbe",
    "created_by_principal_domain_id" : "default",
    "modified_on" : {
      "timestamp" : "24-Aug-2022 16:08:17",
      "year" : 2022,
      "month" : 7,
      "day_of_month" : 24,
      "hour" : 16,
      "minute" : 8,
      "second" : 17,
      "millisecond" : 8,
      "ms" : 1661357297008,
      "iso_8601" : "2022-08-24T16:08:17Z"
    },
    "modified_by" : "admin",
    "modified_by_principal_id" : "fda4fc3b0ff3e7838fbe",
    "modified_by_principal_domain_id" : "default",
    "edited_on" : {
      "timestamp" : "24-Aug-2022 16:08:17",
      "year" : 2022,
      "month" : 7,
      "day_of_month" : 24,
      "hour" : 16,
      "minute" : 8,
      "second" : 17,
      "millisecond" : 8,
      "ms" : 1661357297008,
      "iso_8601" : "2022-08-24T16:08:17Z"
    },
    "edited_by" : "admin",
    "edited_by_principal_id" : "fda4fc3b0ff3e7838fbe",
    "edited_by_principal_domain_id" : "default"
  },
  "_doc" : "99161ab549918a6ad5fb"
}