{
  "_system" : {
    "deleted" : false,
    "changeset" : "0:root",
    "modified_on" : {
      "timestamp" : "19-Apr-2019 20:08:33",
      "year" : 2019,
      "month" : 3,
      "day_of_month" : 19,
      "hour" : 20,
      "minute" : 8,
      "second" : 33,
      "millisecond" : 748,
      "ms" : 1555704513748,
      "iso_8601" : "2019-04-19T20:08:33Z"
    },
    "modified_by" : "admin",
    "modified_by_principal_id" : "74004ce2e8561e763ac4",
    "modified_by_principal_domain_id" : "default",
    "edited_on" : {
      "timestamp" : "19-Apr-2019 20:08:33",
      "year" : 2019,
      "month" : 3,
      "day_of_month" : 19,
      "hour" : 20,
      "minute" : 8,
      "second" : 33,
      "millisecond" : 748,
      "ms" : 1555704513748,
      "iso_8601" : "2019-04-19T20:08:33Z"
    },
    "edited_by" : "admin",
    "edited_by_principal_id" : "74004ce2e8561e763ac4",
    "edited_by_principal_domain_id" : "default",
    "created_on" : {
      "timestamp" : "19-Apr-2019 20:08:33",
      "year" : 2019,
      "month" : 3,
      "day_of_month" : 19,
      "hour" : 20,
      "minute" : 8,
      "second" : 33,
      "millisecond" : 748,
      "ms" : 1555704513748,
      "iso_8601" : "2019-04-19T20:08:33Z"
    },
    "created_by" : "admin",
    "created_by_principal_id" : "74004ce2e8561e763ac4",
    "created_by_principal_domain_id" : "default"
  },
  "_qname" : "o:4761810cbbac6d8f6f85",
  "_type" : "a:linked",
  "directionality" : "DIRECTED",
  "_features" : {
    "f:audit" : { },
    "f:indexable" : { }
  },
  "source_type" : "n:node",
  "source" : "821c40ab613d9b5bcbbc656b62229303",
  "target_type" : "n:person",
  "target" : "30f35428e6a96967f1e5",
  "_doc" : "4761810cbbac6d8f6f85"
}