{
  "deployments" : {
    "default" : {
      "webhost" : "primary",
      "baseURL" : "http://localhost:8080",
      "domain" : "cloudcms.net",
      "clientId" : "d63ad0df20de9b0689db",
      "authGrantId" : "c8e9c04f1ef2f216c24c"
    }
  },
  "template" : { },
  "projectId" : "eeff4df85589441ebd71",
  "title" : "Default Application",
  "platformId" : "7173fe698ebac7cd9992",
  "datastoreId" : "207000c820835856fe47",
  "datastoreTypeId" : "application",
  "enableAuditing" : false,
  "enableAuthorities" : true,
  "dataSize" : 0,
  "storageSize" : 0,
  "fsSize" : 0,
  "objectcount" : 0,
  "_system" : {
    "created_on" : {
      "timestamp" : "20-Oct-2021 00:03:18",
      "year" : 2021,
      "month" : 9,
      "day_of_month" : 20,
      "hour" : 0,
      "minute" : 3,
      "second" : 18,
      "millisecond" : 751,
      "ms" : 1634702598751,
      "iso_8601" : "2021-10-20T00:03:18-04:00"
    },
    "created_by" : "admin",
    "created_by_principal_id" : "2a7c6669601b1ba4c958",
    "created_by_principal_domain_id" : "default",
    "modified_on" : {
      "timestamp" : "20-Oct-2021 00:03:19",
      "year" : 2021,
      "month" : 9,
      "day_of_month" : 20,
      "hour" : 0,
      "minute" : 3,
      "second" : 19,
      "millisecond" : 1,
      "ms" : 1634702599001,
      "iso_8601" : "2021-10-20T00:03:19-04:00"
    },
    "modified_by" : "admin",
    "modified_by_principal_id" : "2a7c6669601b1ba4c958",
    "modified_by_principal_domain_id" : "default",
    "edited_on" : {
      "timestamp" : "20-Oct-2021 00:03:19",
      "year" : 2021,
      "month" : 9,
      "day_of_month" : 20,
      "hour" : 0,
      "minute" : 3,
      "second" : 19,
      "millisecond" : 1,
      "ms" : 1634702599001,
      "iso_8601" : "2021-10-20T00:03:19-04:00"
    },
    "edited_by" : "admin",
    "edited_by_principal_id" : "2a7c6669601b1ba4c958",
    "edited_by_principal_domain_id" : "default"
  },
  "_doc" : "2367842f8b3e696e7393",
  "statisticsDate" : {
    "timestamp" : "31-Dec-1969 19:00:00",
    "year" : 1969,
    "month" : 11,
    "day_of_month" : 31,
    "hour" : 19,
    "minute" : 0,
    "second" : 0,
    "millisecond" : 1,
    "ms" : 1,
    "iso_8601" : "1969-12-31T19:00:00-05:00"
  },
  "flags" : { },
  "statisticsDirty" : true,
  "applicationType" : "web"
}