{
  "permissioned" : "f2138dcec326ff4aa39b",
  "principal" : "b13e4ebf13591662bdca",
  "authority" : "consumer",
  "domain" : "default",
  "_system" : {
    "created_on" : {
      "timestamp" : "31-Aug-2022 15:26:01",
      "year" : 2022,
      "month" : 7,
      "day_of_month" : 31,
      "hour" : 15,
      "minute" : 26,
      "second" : 1,
      "millisecond" : 15,
      "ms" : 1661959561015,
      "iso_8601" : "2022-08-31T15:26:01Z"
    },
    "created_by" : "admin",
    "created_by_principal_id" : "2f873756d87a4ad1befc",
    "created_by_principal_domain_id" : "default",
    "modified_on" : {
      "timestamp" : "31-Aug-2022 15:26:01",
      "year" : 2022,
      "month" : 7,
      "day_of_month" : 31,
      "hour" : 15,
      "minute" : 26,
      "second" : 1,
      "millisecond" : 15,
      "ms" : 1661959561015,
      "iso_8601" : "2022-08-31T15:26:01Z"
    },
    "modified_by" : "admin",
    "modified_by_principal_id" : "2f873756d87a4ad1befc",
    "modified_by_principal_domain_id" : "default",
    "edited_on" : {
      "timestamp" : "31-Aug-2022 15:26:01",
      "year" : 2022,
      "month" : 7,
      "day_of_month" : 31,
      "hour" : 15,
      "minute" : 26,
      "second" : 1,
      "millisecond" : 15,
      "ms" : 1661959561015,
      "iso_8601" : "2022-08-31T15:26:01Z"
    },
    "edited_by" : "admin",
    "edited_by_principal_id" : "2f873756d87a4ad1befc",
    "edited_by_principal_domain_id" : "default"
  },
  "_doc" : "3fe557e08cd5ed1a969c"
}