{
  "_type" : "store:author",
  "title" : "Garrison Keillor",
  "firstName" : "Garrison",
  "lastName" : "Keillor",
  "slug" : "garrison-keillor",
  "_features" : {
    "f:filename" : {
      "filename" : "Garrison_Keillor"
    },
    "f:audit" : { },
    "f:titled" : { },
    "f:geolocation" : { },
    "f:indexable" : { },
    "f:deployment-config" : {
      "default" : {
        "mappings" : [ {
          "type" : "object-to-file",
          "config" : {
            "filepath" : "/store/authors/{{object.slug}}.json"
          }
        }, {
          "type" : "attachment-to-file",
          "config" : {
            "attachmentId" : "*",
            "filepath" : "/store/authors/{{object.slug}}.{{attachment.ext}}"
          }
        } ]
      }
    },
    "f:publishable" : {
      "state" : "approved"
    }
  },
  "_qname" : "o:b49cc4d492e4416ea398",
  "_doc" : "b49cc4d492e4416ea398",
  "_system" : {
    "deleted" : false,
    "changeset" : "10:4b8f670269be3e4f7081",
    "created_on" : {
      "timestamp" : "17-Nov-2021 09:27:47",
      "year" : 2021,
      "month" : 10,
      "day_of_month" : 17,
      "hour" : 9,
      "minute" : 27,
      "second" : 47,
      "millisecond" : 549,
      "ms" : 1637159267549,
      "iso_8601" : "2021-11-17T09:27:47-05:00"
    },
    "created_by" : "admin",
    "created_by_principal_id" : "4dbc7eeadc99359ba687",
    "created_by_principal_domain_id" : "default",
    "modified_on" : {
      "timestamp" : "17-Nov-2021 09:27:58",
      "year" : 2021,
      "month" : 10,
      "day_of_month" : 17,
      "hour" : 9,
      "minute" : 27,
      "second" : 58,
      "millisecond" : 258,
      "ms" : 1637159278258,
      "iso_8601" : "2021-11-17T09:27:58-05:00"
    },
    "modified_by" : "admin",
    "modified_by_principal_id" : "4dbc7eeadc99359ba687",
    "modified_by_principal_domain_id" : "default",
    "edited_on" : {
      "timestamp" : "17-Nov-2021 09:27:58",
      "year" : 2021,
      "month" : 10,
      "day_of_month" : 17,
      "hour" : 9,
      "minute" : 27,
      "second" : 58,
      "millisecond" : 258,
      "ms" : 1637159278258,
      "iso_8601" : "2021-11-17T09:27:58-05:00"
    },
    "edited_by" : "admin",
    "edited_by_principal_id" : "4dbc7eeadc99359ba687",
    "edited_by_principal_domain_id" : "default",
    "rev" : 10,
    "attachments" : {
      "default" : {
        "contentType" : "image/jpeg",
        "length" : 157408,
        "objectId" : "attachment_b49cc4d492e4416ea398_fedef09ff39f37cd3451",
        "filename" : "default.jpg"
      }
    },
    "previousChangeset" : "9:2a39461291a06adf94e1",
    "branch" : "921fd3299d530ef02309",
    "_op" : "update"
  }
}