{
  "teamableObjectTypeId" : "stack",
  "teamableObjectId" : "4d4027a6a1b7b740dc24",
  "key" : "project-appusers-team",
  "groupId" : "6433c68b5846984c6f8a",
  "groupDomainId" : "8a11739a997caa7f8dac",
  "roleKeys" : [ ],
  "title" : "Project Application Users",
  "description" : "Project Application Users Team",
  "_system" : {
    "created_on" : {
      "timestamp" : "20-Oct-2021 09:44:06",
      "year" : 2021,
      "month" : 9,
      "day_of_month" : 20,
      "hour" : 9,
      "minute" : 44,
      "second" : 6,
      "millisecond" : 160,
      "ms" : 1634737446160,
      "iso_8601" : "2021-10-20T09:44:06-04:00"
    },
    "created_by" : "admin",
    "created_by_principal_id" : "2a7c6669601b1ba4c958",
    "created_by_principal_domain_id" : "default",
    "modified_on" : {
      "timestamp" : "20-Oct-2021 09:44:06",
      "year" : 2021,
      "month" : 9,
      "day_of_month" : 20,
      "hour" : 9,
      "minute" : 44,
      "second" : 6,
      "millisecond" : 160,
      "ms" : 1634737446160,
      "iso_8601" : "2021-10-20T09:44:06-04:00"
    },
    "modified_by" : "admin",
    "modified_by_principal_id" : "2a7c6669601b1ba4c958",
    "modified_by_principal_domain_id" : "default",
    "edited_on" : {
      "timestamp" : "20-Oct-2021 09:44:06",
      "year" : 2021,
      "month" : 9,
      "day_of_month" : 20,
      "hour" : 9,
      "minute" : 44,
      "second" : 6,
      "millisecond" : 160,
      "ms" : 1634737446160,
      "iso_8601" : "2021-10-20T09:44:06-04:00"
    },
    "edited_by" : "admin",
    "edited_by_principal_id" : "2a7c6669601b1ba4c958",
    "edited_by_principal_domain_id" : "default"
  },
  "_doc" : "45003cf3b059ad5247cd"
}