{
  "title" : "Ernest Hemingway",
  "firstName" : "Ernest",
  "lastName" : "Hemingway",
  "slug" : "ernest-hemingway",
  "_system" : {
    "deleted" : false,
    "changeset" : "15:803c0bcce50d7ec34c6f",
    "created_on" : {
      "timestamp" : "20-Oct-2021 00:03:25",
      "year" : 2021,
      "month" : 9,
      "day_of_month" : 20,
      "hour" : 0,
      "minute" : 3,
      "second" : 25,
      "millisecond" : 598,
      "ms" : 1634702605598,
      "iso_8601" : "2021-10-20T00:03:25-04:00"
    },
    "created_by" : "admin",
    "created_by_principal_id" : "2a7c6669601b1ba4c958",
    "created_by_principal_domain_id" : "default",
    "modified_on" : {
      "timestamp" : "20-Oct-2021 00:03:34",
      "year" : 2021,
      "month" : 9,
      "day_of_month" : 20,
      "hour" : 0,
      "minute" : 3,
      "second" : 34,
      "millisecond" : 589,
      "ms" : 1634702614589,
      "iso_8601" : "2021-10-20T00:03:34-04:00"
    },
    "modified_by" : "admin",
    "modified_by_principal_id" : "2a7c6669601b1ba4c958",
    "modified_by_principal_domain_id" : "default",
    "edited_on" : {
      "timestamp" : "20-Oct-2021 00:03:34",
      "year" : 2021,
      "month" : 9,
      "day_of_month" : 20,
      "hour" : 0,
      "minute" : 3,
      "second" : 34,
      "millisecond" : 589,
      "ms" : 1634702614589,
      "iso_8601" : "2021-10-20T00:03:34-04:00"
    },
    "edited_by" : "admin",
    "edited_by_principal_id" : "2a7c6669601b1ba4c958",
    "edited_by_principal_domain_id" : "default",
    "rev" : 15,
    "attachments" : {
      "default" : {
        "contentType" : "image/jpeg",
        "length" : 22116,
        "objectId" : "attachment_a112dd0cd73b4447a637_5675ebed1d3c07251da3",
        "filename" : "default.jpg"
      }
    },
    "previousChangeset" : "14:1de8750eb02e9c823b90",
    "branch" : "a73f26b4127e018473e1",
    "_op" : "update"
  },
  "_doc" : "a112dd0cd73b4447a637",
  "_qname" : "o:a112dd0cd73b4447a637",
  "_features" : {
    "f:filename" : {
      "filename" : "Ernest_Hemingway"
    },
    "f:audit" : { },
    "f:titled" : { },
    "f:geolocation" : { },
    "f:indexable" : { },
    "f:deployment-config" : {
      "default" : {
        "mappings" : [ {
          "type" : "object-to-file",
          "config" : {
            "filepath" : "/store/authors/{{object.slug}}.json"
          }
        }, {
          "type" : "attachment-to-file",
          "config" : {
            "attachmentId" : "*",
            "filepath" : "/store/authors/{{object.slug}}.{{attachment.ext}}"
          }
        } ]
      }
    },
    "f:publishable" : {
      "state" : "approved"
    }
  },
  "_type" : "store:author"
}