{
  "_features" : {
    "f:relator" : {
      "propertyHolder" : "source",
      "propertyPath" : "/recommendations[0]",
      "active" : true
    },
    "f:audit" : { },
    "f:indexable" : { }
  },
  "source" : "ac458aa712e84691898c",
  "source_type" : "store:book",
  "target" : "905450a45b1f4267b35c",
  "target_type" : "store:book",
  "directionality" : "DIRECTED",
  "_system" : {
    "deleted" : false,
    "changeset" : "34:4921e831db42dc9b5d50",
    "created_on" : {
      "timestamp" : "19-Nov-2021 22:41:26",
      "year" : 2021,
      "month" : 10,
      "day_of_month" : 19,
      "hour" : 22,
      "minute" : 41,
      "second" : 26,
      "millisecond" : 765,
      "ms" : 1637379686765,
      "iso_8601" : "2021-11-19T22:41:26-05:00"
    },
    "created_by" : "admin",
    "created_by_principal_id" : "e319a2cd626b671ba7f7",
    "created_by_principal_domain_id" : "default",
    "modified_on" : {
      "timestamp" : "19-Nov-2021 22:41:26",
      "year" : 2021,
      "month" : 10,
      "day_of_month" : 19,
      "hour" : 22,
      "minute" : 41,
      "second" : 26,
      "millisecond" : 805,
      "ms" : 1637379686805,
      "iso_8601" : "2021-11-19T22:41:26-05:00"
    },
    "modified_by" : "admin",
    "modified_by_principal_id" : "e319a2cd626b671ba7f7",
    "modified_by_principal_domain_id" : "default",
    "edited_on" : {
      "timestamp" : "19-Nov-2021 22:41:26",
      "year" : 2021,
      "month" : 10,
      "day_of_month" : 19,
      "hour" : 22,
      "minute" : 41,
      "second" : 26,
      "millisecond" : 805,
      "ms" : 1637379686805,
      "iso_8601" : "2021-11-19T22:41:26-05:00"
    },
    "edited_by" : "admin",
    "edited_by_principal_id" : "e319a2cd626b671ba7f7",
    "edited_by_principal_domain_id" : "default",
    "rev" : 34,
    "branch" : "d13c41461bea0e1eaef1",
    "_op" : "create"
  },
  "_doc" : "bc2554e01c721c75efc0",
  "_qname" : "o:bc2554e01c721c75efc0",
  "_type" : "store:suggests"
}