{
  "_type" : "store:author",
  "title" : "Jane Austen",
  "firstName" : "Jane",
  "lastName" : "Austen",
  "slug" : "jane-austen",
  "_features" : {
    "f:filename" : {
      "filename" : "Jane_Austen"
    },
    "f:audit" : { },
    "f:titled" : { },
    "f:geolocation" : { },
    "f:indexable" : { },
    "f:deployment-config" : {
      "default" : {
        "mappings" : [ {
          "type" : "object-to-file",
          "config" : {
            "filepath" : "/store/authors/{{object.slug}}.json"
          }
        }, {
          "type" : "attachment-to-file",
          "config" : {
            "attachmentId" : "*",
            "filepath" : "/store/authors/{{object.slug}}.{{attachment.ext}}"
          }
        } ]
      }
    },
    "f:related" : { },
    "f:publishable" : {
      "state" : "approved"
    }
  },
  "_qname" : "o:3fbf894ca3e448ed8105",
  "_doc" : "3fbf894ca3e448ed8105",
  "_system" : {
    "deleted" : false,
    "changeset" : "19:0371d98b5bcfc1f0e483",
    "created_on" : {
      "timestamp" : "17-Nov-2021 09:27:47",
      "year" : 2021,
      "month" : 10,
      "day_of_month" : 17,
      "hour" : 9,
      "minute" : 27,
      "second" : 47,
      "millisecond" : 549,
      "ms" : 1637159267549,
      "iso_8601" : "2021-11-17T09:27:47-05:00"
    },
    "created_by" : "admin",
    "created_by_principal_id" : "4dbc7eeadc99359ba687",
    "created_by_principal_domain_id" : "default",
    "modified_on" : {
      "timestamp" : "17-Nov-2021 09:28:01",
      "year" : 2021,
      "month" : 10,
      "day_of_month" : 17,
      "hour" : 9,
      "minute" : 28,
      "second" : 1,
      "millisecond" : 678,
      "ms" : 1637159281678,
      "iso_8601" : "2021-11-17T09:28:01-05:00"
    },
    "modified_by" : "admin",
    "modified_by_principal_id" : "4dbc7eeadc99359ba687",
    "modified_by_principal_domain_id" : "default",
    "edited_on" : {
      "timestamp" : "17-Nov-2021 09:28:01",
      "year" : 2021,
      "month" : 10,
      "day_of_month" : 17,
      "hour" : 9,
      "minute" : 28,
      "second" : 1,
      "millisecond" : 678,
      "ms" : 1637159281678,
      "iso_8601" : "2021-11-17T09:28:01-05:00"
    },
    "edited_by" : "admin",
    "edited_by_principal_id" : "4dbc7eeadc99359ba687",
    "edited_by_principal_domain_id" : "default",
    "rev" : 19,
    "attachments" : {
      "default" : {
        "contentType" : "image/jpeg",
        "length" : 89873,
        "objectId" : "attachment_3fbf894ca3e448ed8105_6a1388423331604b347b",
        "filename" : "default.jpg"
      }
    },
    "previousChangeset" : "9:2a39461291a06adf94e1",
    "branch" : "921fd3299d530ef02309",
    "_op" : "update"
  }
}