{
  "_type" : "catalog:person",
  "title" : "George Burns",
  "name" : "george.burns",
  "email" : "george.burns@georgeandgracie.com",
  "firstName" : "George",
  "lastName" : "Burns",
  "about" : "",
  "_doc" : "451f7557801c85ebdf80",
  "_system" : {
    "deleted" : false,
    "changeset" : "22:cb9c141b8def91899aa9",
    "created_on" : {
      "timestamp" : "14-Feb-2019 15:32:52",
      "year" : 2019,
      "month" : 1,
      "day_of_month" : 14,
      "hour" : 15,
      "minute" : 32,
      "second" : 52,
      "millisecond" : 818,
      "ms" : 1550158372818,
      "iso_8601" : "2019-02-14T15:32:52Z"
    },
    "created_by" : "admin",
    "created_by_principal_id" : "5bab281f1cb2047f12ba",
    "created_by_principal_domain_id" : "default",
    "modified_on" : {
      "timestamp" : "14-Feb-2019 15:32:52",
      "year" : 2019,
      "month" : 1,
      "day_of_month" : 14,
      "hour" : 15,
      "minute" : 32,
      "second" : 52,
      "millisecond" : 860,
      "ms" : 1550158372860,
      "iso_8601" : "2019-02-14T15:32:52Z"
    },
    "modified_by" : "admin",
    "modified_by_principal_id" : "5bab281f1cb2047f12ba",
    "modified_by_principal_domain_id" : "default",
    "edited_on" : {
      "timestamp" : "14-Feb-2019 15:32:52",
      "year" : 2019,
      "month" : 1,
      "day_of_month" : 14,
      "hour" : 15,
      "minute" : 32,
      "second" : 52,
      "millisecond" : 860,
      "ms" : 1550158372860,
      "iso_8601" : "2019-02-14T15:32:52Z"
    },
    "edited_by" : "admin",
    "edited_by_principal_id" : "5bab281f1cb2047f12ba",
    "edited_by_principal_domain_id" : "default"
  },
  "_qname" : "o:451f7557801c85ebdf80",
  "_features" : {
    "f:audit" : { },
    "f:titled" : { },
    "f:filename" : {
      "filename" : "George_Burns"
    },
    "f:geolocation" : { },
    "f:indexable" : { }
  }
}