{
  "type" : "UPDATE",
  "timestamp" : {
    "timestamp" : "06-Aug-2020 13:26:11",
    "year" : 2020,
    "month" : 7,
    "day_of_month" : 6,
    "hour" : 13,
    "minute" : 26,
    "second" : 11,
    "millisecond" : 86,
    "ms" : 1596720371086,
    "iso_8601" : "2020-08-06T13:26:11Z"
  },
  "userDomainId" : "default",
  "userId" : "bb39303eba0c35a3d2da",
  "userTitle" : "admin",
  "userName" : "admin",
  "objectDatastoreTypeId" : "platform",
  "objectDatastoreId" : "28b3e8dfea1ba2c05c57",
  "objectDatastoreTitle" : "Root Platform",
  "objectId" : "a02c499c3cc1d2986c4d",
  "objectTypeId" : "domain",
  "objectTitle" : "Sample Project 'principals' domain",
  "stackId" : "bf423d3b68217f5306b7",
  "projectId" : "6953224c8c18e66f4e1c",
  "projectTitle" : "Sample Project",
  "_system" : {
    "created_on" : {
      "timestamp" : "06-Aug-2020 13:26:11",
      "year" : 2020,
      "month" : 7,
      "day_of_month" : 6,
      "hour" : 13,
      "minute" : 26,
      "second" : 11,
      "millisecond" : 88,
      "ms" : 1596720371088,
      "iso_8601" : "2020-08-06T13:26:11Z"
    },
    "created_by" : "admin",
    "created_by_principal_id" : "bb39303eba0c35a3d2da",
    "created_by_principal_domain_id" : "default",
    "modified_on" : {
      "timestamp" : "06-Aug-2020 13:26:11",
      "year" : 2020,
      "month" : 7,
      "day_of_month" : 6,
      "hour" : 13,
      "minute" : 26,
      "second" : 11,
      "millisecond" : 88,
      "ms" : 1596720371088,
      "iso_8601" : "2020-08-06T13:26:11Z"
    },
    "modified_by" : "admin",
    "modified_by_principal_id" : "bb39303eba0c35a3d2da",
    "modified_by_principal_domain_id" : "default",
    "edited_on" : {
      "timestamp" : "06-Aug-2020 13:26:11",
      "year" : 2020,
      "month" : 7,
      "day_of_month" : 6,
      "hour" : 13,
      "minute" : 26,
      "second" : 11,
      "millisecond" : 88,
      "ms" : 1596720371088,
      "iso_8601" : "2020-08-06T13:26:11Z"
    },
    "edited_by" : "admin",
    "edited_by_principal_id" : "bb39303eba0c35a3d2da",
    "edited_by_principal_domain_id" : "default"
  },
  "_doc" : "d40401c6988e4124e8bc"
}