{
  "config" : {
    "accessKey" : "AKIAX3DHMEWESJZMXOFQ",
    "secretKey" : "bvP7pInxxc+q+pnF1iZu4TFeoCZikRl+3helwhBk",
    "region" : "us-east-1",
    "bucketName" : "cloudcms-saas-public"
  },
  "type" : "trial_s3",
  "title" : "S3 Sample",
  "_system" : {
    "created_on" : {
      "timestamp" : "20-Oct-2021 14:37:34",
      "year" : 2021,
      "month" : 9,
      "day_of_month" : 20,
      "hour" : 14,
      "minute" : 37,
      "second" : 34,
      "millisecond" : 230,
      "ms" : 1634755054230,
      "iso_8601" : "2021-10-20T14:37:34-04:00"
    },
    "created_by" : "admin",
    "created_by_principal_id" : "b4d6c22caee99692904d",
    "created_by_principal_domain_id" : "default",
    "modified_on" : {
      "timestamp" : "20-Oct-2021 14:37:34",
      "year" : 2021,
      "month" : 9,
      "day_of_month" : 20,
      "hour" : 14,
      "minute" : 37,
      "second" : 34,
      "millisecond" : 230,
      "ms" : 1634755054230,
      "iso_8601" : "2021-10-20T14:37:34-04:00"
    },
    "modified_by" : "admin",
    "modified_by_principal_id" : "b4d6c22caee99692904d",
    "modified_by_principal_domain_id" : "default",
    "edited_on" : {
      "timestamp" : "20-Oct-2021 14:37:34",
      "year" : 2021,
      "month" : 9,
      "day_of_month" : 20,
      "hour" : 14,
      "minute" : 37,
      "second" : 34,
      "millisecond" : 230,
      "ms" : 1634755054230,
      "iso_8601" : "2021-10-20T14:37:34-04:00"
    },
    "edited_by" : "admin",
    "edited_by_principal_id" : "b4d6c22caee99692904d",
    "edited_by_principal_domain_id" : "default"
  },
  "_doc" : "25d796034fe197c3149a"
}