{
  "_doc" : "30:de383b03af7ecb32c5d5",
  "_system" : {
    "created_on" : {
      "timestamp" : "20-Oct-2021 14:37:41",
      "year" : 2021,
      "month" : 9,
      "day_of_month" : 20,
      "hour" : 14,
      "minute" : 37,
      "second" : 41,
      "millisecond" : 371,
      "ms" : 1634755061371,
      "iso_8601" : "2021-10-20T14:37:41-04:00"
    },
    "created_by" : "admin",
    "created_by_principal_id" : "b4d6c22caee99692904d",
    "created_by_principal_domain_id" : "default",
    "modified_on" : {
      "timestamp" : "20-Oct-2021 14:37:41",
      "year" : 2021,
      "month" : 9,
      "day_of_month" : 20,
      "hour" : 14,
      "minute" : 37,
      "second" : 41,
      "millisecond" : 411,
      "ms" : 1634755061411,
      "iso_8601" : "2021-10-20T14:37:41-04:00"
    },
    "modified_by" : "admin",
    "modified_by_principal_id" : "b4d6c22caee99692904d",
    "modified_by_principal_domain_id" : "default",
    "edited_on" : {
      "timestamp" : "20-Oct-2021 14:37:41",
      "year" : 2021,
      "month" : 9,
      "day_of_month" : 20,
      "hour" : 14,
      "minute" : 37,
      "second" : 41,
      "millisecond" : 411,
      "ms" : 1634755061411,
      "iso_8601" : "2021-10-20T14:37:41-04:00"
    },
    "edited_by" : "admin",
    "edited_by_principal_id" : "b4d6c22caee99692904d",
    "edited_by_principal_domain_id" : "default"
  },
  "revision" : 30,
  "active" : true,
  "parents" : [ "29:c63098c80efedda9f826" ],
  "branch" : "4375d1eb9094255abf40"
}