{
  "_system" : {
    "deleted" : false,
    "changeset" : "28:bd754a96ca51d1635a61",
    "created_on" : {
      "timestamp" : "14-Feb-2019 15:32:56",
      "year" : 2019,
      "month" : 1,
      "day_of_month" : 14,
      "hour" : 15,
      "minute" : 32,
      "second" : 56,
      "millisecond" : 989,
      "ms" : 1550158376989,
      "iso_8601" : "2019-02-14T15:32:56Z"
    },
    "created_by" : "admin",
    "created_by_principal_id" : "5bab281f1cb2047f12ba",
    "created_by_principal_domain_id" : "default",
    "modified_on" : {
      "timestamp" : "14-Feb-2019 15:32:57",
      "year" : 2019,
      "month" : 1,
      "day_of_month" : 14,
      "hour" : 15,
      "minute" : 32,
      "second" : 57,
      "millisecond" : 42,
      "ms" : 1550158377042,
      "iso_8601" : "2019-02-14T15:32:57Z"
    },
    "modified_by" : "admin",
    "modified_by_principal_id" : "5bab281f1cb2047f12ba",
    "modified_by_principal_domain_id" : "default",
    "edited_on" : {
      "timestamp" : "14-Feb-2019 15:32:57",
      "year" : 2019,
      "month" : 1,
      "day_of_month" : 14,
      "hour" : 15,
      "minute" : 32,
      "second" : 57,
      "millisecond" : 42,
      "ms" : 1550158377042,
      "iso_8601" : "2019-02-14T15:32:57Z"
    },
    "edited_by" : "admin",
    "edited_by_principal_id" : "5bab281f1cb2047f12ba",
    "edited_by_principal_domain_id" : "default"
  },
  "_doc" : "150a3bbd032512746ec3",
  "_qname" : "o:150a3bbd032512746ec3",
  "_type" : "a:has_role",
  "directionality" : "DIRECTED",
  "_features" : {
    "f:audit" : { },
    "f:indexable" : { }
  },
  "source_type" : "n:person",
  "source" : "fb528b3cc0f4915e1ab5",
  "target_type" : "catalog:product-review",
  "target" : "0793cd3ae68bc3a0440f",
  "role-key" : "owner"
}