{
  "_doc" : "30:b982dd8a20047c5de0a1",
  "_system" : {
    "created_on" : {
      "timestamp" : "21-Jan-2021 16:22:32",
      "year" : 2021,
      "month" : 0,
      "day_of_month" : 21,
      "hour" : 16,
      "minute" : 22,
      "second" : 32,
      "millisecond" : 309,
      "ms" : 1611264152309,
      "iso_8601" : "2021-01-21T16:22:32-05:00"
    },
    "created_by" : "system",
    "created_by_principal_id" : "system",
    "created_by_principal_domain_id" : null,
    "modified_on" : {
      "timestamp" : "21-Jan-2021 16:22:32",
      "year" : 2021,
      "month" : 0,
      "day_of_month" : 21,
      "hour" : 16,
      "minute" : 22,
      "second" : 32,
      "millisecond" : 334,
      "ms" : 1611264152334,
      "iso_8601" : "2021-01-21T16:22:32-05:00"
    },
    "modified_by" : "system",
    "modified_by_principal_id" : "system",
    "modified_by_principal_domain_id" : null,
    "edited_on" : {
      "timestamp" : "21-Jan-2021 16:22:32",
      "year" : 2021,
      "month" : 0,
      "day_of_month" : 21,
      "hour" : 16,
      "minute" : 22,
      "second" : 32,
      "millisecond" : 309,
      "ms" : 1611264152309,
      "iso_8601" : "2021-01-21T16:22:32-05:00"
    },
    "edited_by" : "system",
    "edited_by_principal_id" : "system",
    "edited_by_principal_domain_id" : null
  },
  "revision" : 30,
  "active" : true,
  "parents" : [ "29:6bd0671440d51cfedcd7" ],
  "branch" : "3d4e3a21a7c02c55017c"
}