{
  "_system" : {
    "deleted" : false,
    "changeset" : "3:4d683ddfe3de05ebef81",
    "created_on" : {
      "timestamp" : "21-Jan-2021 16:22:15",
      "year" : 2021,
      "month" : 0,
      "day_of_month" : 21,
      "hour" : 16,
      "minute" : 22,
      "second" : 15,
      "millisecond" : 541,
      "ms" : 1611264135541,
      "iso_8601" : "2021-01-21T16:22:15-05:00"
    },
    "created_by" : "admin",
    "created_by_principal_id" : "8df8c30d1c2f95496937",
    "created_by_principal_domain_id" : "default",
    "modified_on" : {
      "timestamp" : "21-Jan-2021 16:22:15",
      "year" : 2021,
      "month" : 0,
      "day_of_month" : 21,
      "hour" : 16,
      "minute" : 22,
      "second" : 15,
      "millisecond" : 556,
      "ms" : 1611264135556,
      "iso_8601" : "2021-01-21T16:22:15-05:00"
    },
    "modified_by" : "admin",
    "modified_by_principal_id" : "8df8c30d1c2f95496937",
    "modified_by_principal_domain_id" : "default",
    "edited_on" : {
      "timestamp" : "21-Jan-2021 16:22:15",
      "year" : 2021,
      "month" : 0,
      "day_of_month" : 21,
      "hour" : 16,
      "minute" : 22,
      "second" : 15,
      "millisecond" : 556,
      "ms" : 1611264135556,
      "iso_8601" : "2021-01-21T16:22:15-05:00"
    },
    "edited_by" : "admin",
    "edited_by_principal_id" : "8df8c30d1c2f95496937",
    "edited_by_principal_domain_id" : "default",
    "rev" : 3,
    "branch" : "3d4e3a21a7c02c55017c",
    "_op" : "create",
    "attachments" : {
      "default" : {
        "contentType" : "text/css",
        "length" : 748,
        "objectId" : "attachment_52c4fda564f34c07fa00_ec451fba23d09f8b95b2",
        "filename" : "default"
      }
    }
  },
  "_doc" : "52c4fda564f34c07fa00",
  "_qname" : "o:52c4fda564f34c07fa00",
  "_type" : "n:node",
  "_features" : {
    "f:audit" : { },
    "f:titled" : { },
    "f:filename" : {
      "filename" : "theme.css"
    },
    "f:geolocation" : { },
    "f:indexable" : { }
  },
  "title" : "theme.css"
}