{
  "_doc" : "107:89844734ebb8841f0205",
  "_system" : {
    "created_on" : {
      "timestamp" : "14-Feb-2019 15:33:21",
      "year" : 2019,
      "month" : 1,
      "day_of_month" : 14,
      "hour" : 15,
      "minute" : 33,
      "second" : 21,
      "millisecond" : 912,
      "ms" : 1550158401912,
      "iso_8601" : "2019-02-14T15:33:21Z"
    },
    "created_by" : "system",
    "created_by_principal_id" : "system",
    "created_by_principal_domain_id" : null,
    "modified_on" : {
      "timestamp" : "14-Feb-2019 15:33:22",
      "year" : 2019,
      "month" : 1,
      "day_of_month" : 14,
      "hour" : 15,
      "minute" : 33,
      "second" : 22,
      "millisecond" : 59,
      "ms" : 1550158402059,
      "iso_8601" : "2019-02-14T15:33:22Z"
    },
    "modified_by" : "system",
    "modified_by_principal_id" : "system",
    "modified_by_principal_domain_id" : null,
    "edited_on" : {
      "timestamp" : "14-Feb-2019 15:33:21",
      "year" : 2019,
      "month" : 1,
      "day_of_month" : 14,
      "hour" : 15,
      "minute" : 33,
      "second" : 21,
      "millisecond" : 912,
      "ms" : 1550158401912,
      "iso_8601" : "2019-02-14T15:33:21Z"
    },
    "edited_by" : "system",
    "edited_by_principal_id" : "system",
    "edited_by_principal_domain_id" : null
  },
  "revision" : 107,
  "active" : true,
  "parents" : [ "106:eae94ebc519c75e49dfc" ],
  "branch" : "4a11b3490f5cf2a8a2b7"
}