{
  "_doc" : "29:152d2400c30f1ddd07e1",
  "_system" : {
    "created_on" : {
      "timestamp" : "17-Nov-2021 09:28:06",
      "year" : 2021,
      "month" : 10,
      "day_of_month" : 17,
      "hour" : 9,
      "minute" : 28,
      "second" : 6,
      "millisecond" : 301,
      "ms" : 1637159286301,
      "iso_8601" : "2021-11-17T09:28:06-05:00"
    },
    "created_by" : "admin",
    "created_by_principal_id" : "4dbc7eeadc99359ba687",
    "created_by_principal_domain_id" : "default",
    "modified_on" : {
      "timestamp" : "17-Nov-2021 09:28:06",
      "year" : 2021,
      "month" : 10,
      "day_of_month" : 17,
      "hour" : 9,
      "minute" : 28,
      "second" : 6,
      "millisecond" : 439,
      "ms" : 1637159286439,
      "iso_8601" : "2021-11-17T09:28:06-05:00"
    },
    "modified_by" : "admin",
    "modified_by_principal_id" : "4dbc7eeadc99359ba687",
    "modified_by_principal_domain_id" : "default",
    "edited_on" : {
      "timestamp" : "17-Nov-2021 09:28:06",
      "year" : 2021,
      "month" : 10,
      "day_of_month" : 17,
      "hour" : 9,
      "minute" : 28,
      "second" : 6,
      "millisecond" : 439,
      "ms" : 1637159286439,
      "iso_8601" : "2021-11-17T09:28:06-05:00"
    },
    "edited_by" : "admin",
    "edited_by_principal_id" : "4dbc7eeadc99359ba687",
    "edited_by_principal_domain_id" : "default"
  },
  "revision" : 29,
  "active" : true,
  "parents" : [ "28:b557eeaf2f1ccc19ce5d" ],
  "branch" : "921fd3299d530ef02309"
}