{
  "_features" : {
    "f:relator" : {
      "propertyHolder" : "source",
      "propertyPath" : "/recommendations[0]",
      "active" : true
    },
    "f:audit" : { },
    "f:indexable" : { }
  },
  "source" : "4614ba69266b4b5e96c3",
  "source_type" : "store:book",
  "target" : "71644ab71637418eb484",
  "target_type" : "store:book",
  "directionality" : "DIRECTED",
  "_system" : {
    "deleted" : false,
    "changeset" : "34:f620011be3ce079563ea",
    "created_on" : {
      "timestamp" : "15-Nov-2021 14:54:10",
      "year" : 2021,
      "month" : 10,
      "day_of_month" : 15,
      "hour" : 14,
      "minute" : 54,
      "second" : 10,
      "millisecond" : 59,
      "ms" : 1637006050059,
      "iso_8601" : "2021-11-15T14:54:10-05:00"
    },
    "created_by" : "admin",
    "created_by_principal_id" : "b9ed9753748864134424",
    "created_by_principal_domain_id" : "default",
    "modified_on" : {
      "timestamp" : "15-Nov-2021 14:54:10",
      "year" : 2021,
      "month" : 10,
      "day_of_month" : 15,
      "hour" : 14,
      "minute" : 54,
      "second" : 10,
      "millisecond" : 107,
      "ms" : 1637006050107,
      "iso_8601" : "2021-11-15T14:54:10-05:00"
    },
    "modified_by" : "admin",
    "modified_by_principal_id" : "b9ed9753748864134424",
    "modified_by_principal_domain_id" : "default",
    "edited_on" : {
      "timestamp" : "15-Nov-2021 14:54:10",
      "year" : 2021,
      "month" : 10,
      "day_of_month" : 15,
      "hour" : 14,
      "minute" : 54,
      "second" : 10,
      "millisecond" : 107,
      "ms" : 1637006050107,
      "iso_8601" : "2021-11-15T14:54:10-05:00"
    },
    "edited_by" : "admin",
    "edited_by_principal_id" : "b9ed9753748864134424",
    "edited_by_principal_domain_id" : "default",
    "rev" : 34,
    "branch" : "cdcfc25b8b052c9d2586",
    "_op" : "create"
  },
  "_doc" : "dac07a0144d99144cb3b",
  "_qname" : "o:dac07a0144d99144cb3b",
  "_type" : "store:suggests"
}