{
  "_doc" : "62:3bb453fe275aaa022266",
  "_system" : {
    "created_on" : {
      "timestamp" : "05-Aug-2021 15:37:23",
      "year" : 2021,
      "month" : 7,
      "day_of_month" : 5,
      "hour" : 15,
      "minute" : 37,
      "second" : 23,
      "millisecond" : 514,
      "ms" : 1628177843514,
      "iso_8601" : "2021-08-05T15:37:23Z"
    },
    "created_by" : "admin",
    "created_by_principal_id" : "b3236127dacc03f40cd9",
    "created_by_principal_domain_id" : "default",
    "modified_on" : {
      "timestamp" : "05-Aug-2021 15:37:23",
      "year" : 2021,
      "month" : 7,
      "day_of_month" : 5,
      "hour" : 15,
      "minute" : 37,
      "second" : 23,
      "millisecond" : 605,
      "ms" : 1628177843605,
      "iso_8601" : "2021-08-05T15:37:23Z"
    },
    "modified_by" : "admin",
    "modified_by_principal_id" : "b3236127dacc03f40cd9",
    "modified_by_principal_domain_id" : "default",
    "edited_on" : {
      "timestamp" : "05-Aug-2021 15:37:23",
      "year" : 2021,
      "month" : 7,
      "day_of_month" : 5,
      "hour" : 15,
      "minute" : 37,
      "second" : 23,
      "millisecond" : 605,
      "ms" : 1628177843605,
      "iso_8601" : "2021-08-05T15:37:23Z"
    },
    "edited_by" : "admin",
    "edited_by_principal_id" : "b3236127dacc03f40cd9",
    "edited_by_principal_domain_id" : "default"
  },
  "revision" : 62,
  "active" : true,
  "parents" : [ "61:88833f8894fbeeada549" ],
  "branch" : "23fafbfbb544c803da8d"
}