{
  "_system" : {
    "deleted" : false,
    "changeset" : "11:aaa71e7d6583028e6d2f",
    "created_on" : {
      "timestamp" : "26-Nov-2021 22:42:43",
      "year" : 2021,
      "month" : 10,
      "day_of_month" : 26,
      "hour" : 22,
      "minute" : 42,
      "second" : 43,
      "millisecond" : 994,
      "ms" : 1637984563994,
      "iso_8601" : "2021-11-26T22:42:43-05:00"
    },
    "created_by" : "admin",
    "created_by_principal_id" : "5bef34d1ea45b9e98ee7",
    "created_by_principal_domain_id" : "default",
    "modified_on" : {
      "timestamp" : "26-Nov-2021 22:42:44",
      "year" : 2021,
      "month" : 10,
      "day_of_month" : 26,
      "hour" : 22,
      "minute" : 42,
      "second" : 44,
      "millisecond" : 5,
      "ms" : 1637984564005,
      "iso_8601" : "2021-11-26T22:42:44-05:00"
    },
    "modified_by" : "admin",
    "modified_by_principal_id" : "5bef34d1ea45b9e98ee7",
    "modified_by_principal_domain_id" : "default",
    "edited_on" : {
      "timestamp" : "26-Nov-2021 22:42:44",
      "year" : 2021,
      "month" : 10,
      "day_of_month" : 26,
      "hour" : 22,
      "minute" : 42,
      "second" : 44,
      "millisecond" : 5,
      "ms" : 1637984564005,
      "iso_8601" : "2021-11-26T22:42:44-05:00"
    },
    "edited_by" : "admin",
    "edited_by_principal_id" : "5bef34d1ea45b9e98ee7",
    "edited_by_principal_domain_id" : "default",
    "rev" : 11,
    "branch" : "9bc800c8fc0417d3210c",
    "_op" : "create"
  },
  "_doc" : "3496b86d782e611d51c5",
  "_qname" : "o:3496b86d782e611d51c5",
  "_type" : "a:has_tag",
  "directionality" : "DIRECTED",
  "_features" : {
    "f:audit" : { },
    "f:indexable" : { }
  },
  "source_type" : "store:book",
  "source" : "34dc1cc2c6a84608a512",
  "target_type" : "n:tag",
  "target" : "27c0d5acf091def833be"
}