{
  "title" : "Unpublish",
  "handlers" : {
    "START" : [ {
      "type" : "editorial.start"
    } ]
  },
  "nodes" : {
    "start" : {
      "type" : "start",
      "transitions" : {
        "start" : "unpublish"
      }
    },
    "unpublish" : {
      "type" : "external",
      "title" : "Unpublish",
      "transitions" : {
        "next" : "unpublished"
      },
      "handlers" : {
        "ENTER" : [ {
          "type" : "publishing.unpublish"
        } ]
      }
    },
    "unpublished" : {
      "type" : "passthru",
      "title" : "Unpublished",
      "transitions" : {
        "next" : "end"
      }
    },
    "end" : {
      "type" : "end",
      "handlers" : {
        "ENTER" : [ {
          "type" : "editorial.end"
        } ]
      }
    }
  },
  "id" : "unpublish",
  "version" : 1,
  "_system" : {
    "created_on" : {
      "timestamp" : "21-Jan-2021 16:16:48",
      "year" : 2021,
      "month" : 0,
      "day_of_month" : 21,
      "hour" : 16,
      "minute" : 16,
      "second" : 48,
      "millisecond" : 915,
      "ms" : 1611263808915,
      "iso_8601" : "2021-01-21T16:16:48-05:00"
    },
    "created_by" : "system",
    "created_by_principal_id" : "system",
    "created_by_principal_domain_id" : null,
    "modified_on" : {
      "timestamp" : "21-Jan-2021 16:16:48",
      "year" : 2021,
      "month" : 0,
      "day_of_month" : 21,
      "hour" : 16,
      "minute" : 16,
      "second" : 48,
      "millisecond" : 917,
      "ms" : 1611263808917,
      "iso_8601" : "2021-01-21T16:16:48-05:00"
    },
    "modified_by" : "system",
    "modified_by_principal_id" : "system",
    "modified_by_principal_domain_id" : null,
    "edited_on" : {
      "timestamp" : "21-Jan-2021 16:16:48",
      "year" : 2021,
      "month" : 0,
      "day_of_month" : 21,
      "hour" : 16,
      "minute" : 16,
      "second" : 48,
      "millisecond" : 915,
      "ms" : 1611263808915,
      "iso_8601" : "2021-01-21T16:16:48-05:00"
    },
    "edited_by" : "system",
    "edited_by_principal_id" : "system",
    "edited_by_principal_domain_id" : null
  },
  "_doc" : "cce1a02829ad95f0dfe1",
  "deployed" : true,
  "head" : true
}