{
  "type" : "UPDATE",
  "timestamp" : {
    "timestamp" : "27-Oct-2021 15:39:04",
    "year" : 2021,
    "month" : 9,
    "day_of_month" : 27,
    "hour" : 15,
    "minute" : 39,
    "second" : 4,
    "millisecond" : 999,
    "ms" : 1635349144999,
    "iso_8601" : "2021-10-27T15:39:04Z"
  },
  "userDomainId" : "default",
  "userId" : "ed403cd3ae171ad7caf0",
  "userTitle" : "admin",
  "userName" : "admin",
  "objectDatastoreTypeId" : "repository",
  "objectDatastoreId" : "a8db999c5898f0b5d950",
  "objectDatastoreTitle" : "Sample Project 'content' repository",
  "objectId" : "78613ab59bdd7cc46db2",
  "objectTypeId" : "node",
  "objectTitle" : "Joan Rivers",
  "stackId" : "60d86c9f942917d841ff",
  "projectId" : "99607efb08eb40e18532",
  "projectTitle" : "Sample Project",
  "_system" : {
    "created_on" : {
      "timestamp" : "27-Oct-2021 15:39:05",
      "year" : 2021,
      "month" : 9,
      "day_of_month" : 27,
      "hour" : 15,
      "minute" : 39,
      "second" : 5,
      "millisecond" : 1,
      "ms" : 1635349145001,
      "iso_8601" : "2021-10-27T15:39:05Z"
    },
    "created_by" : "admin",
    "created_by_principal_id" : "ed403cd3ae171ad7caf0",
    "created_by_principal_domain_id" : "default",
    "modified_on" : {
      "timestamp" : "27-Oct-2021 15:39:05",
      "year" : 2021,
      "month" : 9,
      "day_of_month" : 27,
      "hour" : 15,
      "minute" : 39,
      "second" : 5,
      "millisecond" : 1,
      "ms" : 1635349145001,
      "iso_8601" : "2021-10-27T15:39:05Z"
    },
    "modified_by" : "admin",
    "modified_by_principal_id" : "ed403cd3ae171ad7caf0",
    "modified_by_principal_domain_id" : "default",
    "edited_on" : {
      "timestamp" : "27-Oct-2021 15:39:05",
      "year" : 2021,
      "month" : 9,
      "day_of_month" : 27,
      "hour" : 15,
      "minute" : 39,
      "second" : 5,
      "millisecond" : 1,
      "ms" : 1635349145001,
      "iso_8601" : "2021-10-27T15:39:05Z"
    },
    "edited_by" : "admin",
    "edited_by_principal_id" : "ed403cd3ae171ad7caf0",
    "edited_by_principal_domain_id" : "default"
  },
  "_doc" : "0075da1423f6cb92c5a9"
}