{
  "permissioned" : "79744a15485f5518f804",
  "principal" : "2d415128ccec1f02aa71",
  "authority" : "connector",
  "domain" : "default",
  "_system" : {
    "created_on" : {
      "timestamp" : "06-Aug-2020 13:25:27",
      "year" : 2020,
      "month" : 7,
      "day_of_month" : 6,
      "hour" : 13,
      "minute" : 25,
      "second" : 27,
      "millisecond" : 825,
      "ms" : 1596720327825,
      "iso_8601" : "2020-08-06T13:25:27Z"
    },
    "created_by" : "admin",
    "created_by_principal_id" : "bb39303eba0c35a3d2da",
    "created_by_principal_domain_id" : "default",
    "modified_on" : {
      "timestamp" : "06-Aug-2020 13:25:27",
      "year" : 2020,
      "month" : 7,
      "day_of_month" : 6,
      "hour" : 13,
      "minute" : 25,
      "second" : 27,
      "millisecond" : 825,
      "ms" : 1596720327825,
      "iso_8601" : "2020-08-06T13:25:27Z"
    },
    "modified_by" : "admin",
    "modified_by_principal_id" : "bb39303eba0c35a3d2da",
    "modified_by_principal_domain_id" : "default",
    "edited_on" : {
      "timestamp" : "06-Aug-2020 13:25:27",
      "year" : 2020,
      "month" : 7,
      "day_of_month" : 6,
      "hour" : 13,
      "minute" : 25,
      "second" : 27,
      "millisecond" : 825,
      "ms" : 1596720327825,
      "iso_8601" : "2020-08-06T13:25:27Z"
    },
    "edited_by" : "admin",
    "edited_by_principal_id" : "bb39303eba0c35a3d2da",
    "edited_by_principal_domain_id" : "default"
  },
  "_doc" : "ef58e989f999d5da8b6a"
}