{
  "permissioned" : "2543b8ce2fde062e5968",
  "principal" : "2543b8ce2fde062e5968",
  "authority" : "owner",
  "domain" : "8b584ff6101e47f0016d",
  "_system" : {
    "created_on" : {
      "timestamp" : "14-Jun-2022 16:11:44",
      "year" : 2022,
      "month" : 5,
      "day_of_month" : 14,
      "hour" : 16,
      "minute" : 11,
      "second" : 44,
      "millisecond" : 223,
      "ms" : 1655223104223,
      "iso_8601" : "2022-06-14T16:11:44Z"
    },
    "created_by" : "system",
    "created_by_principal_id" : "system",
    "modified_on" : {
      "timestamp" : "14-Jun-2022 16:11:44",
      "year" : 2022,
      "month" : 5,
      "day_of_month" : 14,
      "hour" : 16,
      "minute" : 11,
      "second" : 44,
      "millisecond" : 223,
      "ms" : 1655223104223,
      "iso_8601" : "2022-06-14T16:11:44Z"
    },
    "modified_by" : "system",
    "modified_by_principal_id" : "system",
    "edited_on" : {
      "timestamp" : "14-Jun-2022 16:11:44",
      "year" : 2022,
      "month" : 5,
      "day_of_month" : 14,
      "hour" : 16,
      "minute" : 11,
      "second" : 44,
      "millisecond" : 223,
      "ms" : 1655223104223,
      "iso_8601" : "2022-06-14T16:11:44Z"
    },
    "edited_by" : "system",
    "edited_by_principal_id" : "system"
  },
  "_doc" : "10abd9bd5fb34fd94210"
}