{
  "_doc" : "13:b6df11d668ea80183098",
  "_system" : {
    "created_on" : {
      "timestamp" : "07-Mar-2023 09:39:21",
      "year" : 2023,
      "month" : 2,
      "day_of_month" : 7,
      "hour" : 9,
      "minute" : 39,
      "second" : 21,
      "millisecond" : 656,
      "ms" : 1678199961656,
      "iso_8601" : "2023-03-07T09:39:21-05:00"
    },
    "created_by" : "admin",
    "created_by_principal_id" : "046cf0d415feaf45bcf2",
    "created_by_principal_domain_id" : "default",
    "modified_on" : {
      "timestamp" : "07-Mar-2023 09:39:22",
      "year" : 2023,
      "month" : 2,
      "day_of_month" : 7,
      "hour" : 9,
      "minute" : 39,
      "second" : 22,
      "millisecond" : 13,
      "ms" : 1678199962013,
      "iso_8601" : "2023-03-07T09:39:22-05:00"
    },
    "modified_by" : "admin",
    "modified_by_principal_id" : "046cf0d415feaf45bcf2",
    "modified_by_principal_domain_id" : "default",
    "edited_on" : {
      "timestamp" : "07-Mar-2023 09:39:22",
      "year" : 2023,
      "month" : 2,
      "day_of_month" : 7,
      "hour" : 9,
      "minute" : 39,
      "second" : 22,
      "millisecond" : 13,
      "ms" : 1678199962013,
      "iso_8601" : "2023-03-07T09:39:22-05:00"
    },
    "edited_by" : "admin",
    "edited_by_principal_id" : "046cf0d415feaf45bcf2",
    "edited_by_principal_domain_id" : "default"
  },
  "revision" : 13,
  "active" : true,
  "parents" : [ "12:fa136716da6f21034b2c" ],
  "branch" : "660838eae4eeba015a76"
}