{
  "_doc" : "34:fa54c6b00340f9bda86e",
  "_system" : {
    "created_on" : {
      "timestamp" : "20-Oct-2021 09:44:32",
      "year" : 2021,
      "month" : 9,
      "day_of_month" : 20,
      "hour" : 9,
      "minute" : 44,
      "second" : 32,
      "millisecond" : 744,
      "ms" : 1634737472744,
      "iso_8601" : "2021-10-20T09:44:32-04:00"
    },
    "created_by" : "admin",
    "created_by_principal_id" : "2a7c6669601b1ba4c958",
    "created_by_principal_domain_id" : "default",
    "modified_on" : {
      "timestamp" : "20-Oct-2021 09:44:32",
      "year" : 2021,
      "month" : 9,
      "day_of_month" : 20,
      "hour" : 9,
      "minute" : 44,
      "second" : 32,
      "millisecond" : 827,
      "ms" : 1634737472827,
      "iso_8601" : "2021-10-20T09:44:32-04:00"
    },
    "modified_by" : "admin",
    "modified_by_principal_id" : "2a7c6669601b1ba4c958",
    "modified_by_principal_domain_id" : "default",
    "edited_on" : {
      "timestamp" : "20-Oct-2021 09:44:32",
      "year" : 2021,
      "month" : 9,
      "day_of_month" : 20,
      "hour" : 9,
      "minute" : 44,
      "second" : 32,
      "millisecond" : 827,
      "ms" : 1634737472827,
      "iso_8601" : "2021-10-20T09:44:32-04:00"
    },
    "edited_by" : "admin",
    "edited_by_principal_id" : "2a7c6669601b1ba4c958",
    "edited_by_principal_domain_id" : "default"
  },
  "revision" : 34,
  "active" : true,
  "parents" : [ "33:bc0f6039d0f309b5b0a9" ],
  "branch" : "c05d26b68d5e6c9699cf"
}