{
  "title" : "Draft",
  "handlers" : {
    "START" : [ {
      "type" : "editorial.start"
    } ]
  },
  "nodes" : {
    "start" : {
      "type" : "start",
      "transitions" : {
        "start" : "change_to_draft"
      }
    },
    "change_to_draft" : {
      "type" : "external",
      "title" : "Change to Draft",
      "transitions" : {
        "next" : "draft"
      },
      "handlers" : {
        "ENTER" : [ {
          "type" : "publishing.changeState",
          "config" : {
            "state" : "draft"
          }
        }, {
          "type" : "publishing.publish"
        } ]
      }
    },
    "draft" : {
      "type" : "participant",
      "title" : "Work on Draft Content",
      "swimlane" : "initiator",
      "transitions" : {
        "finish" : {
          "to" : "merge",
          "title" : "Finish Editing",
          "description" : "Saves your changes and completes your work on this draft"
        },
        "cancel" : {
          "to" : "cancel",
          "title" : "Cancel this Draft",
          "description" : "Cancels the draft and throws away any changes it may contain"
        }
      }
    },
    "merge" : {
      "type" : "decision",
      "title" : "Merge",
      "handlers" : {
        "ENTER" : [ {
          "type" : "editorial.merge",
          "config" : {
            "state" : "approved"
          }
        } ]
      },
      "transitions" : {
        "merge-failed" : {
          "when" : {
            "type" : "script",
            "config" : {
              "script" : "!workflowData.mergeResult.success;"
            }
          },
          "transition" : "draft"
        },
        "default" : "publish"
      }
    },
    "cancel" : {
      "type" : "passthru",
      "title" : "Cancel",
      "transitions" : {
        "next" : "end"
      },
      "handlers" : {
        "ENTER" : [ {
          "type" : "editorial.cancel"
        } ]
      }
    },
    "publish" : {
      "type" : "external",
      "title" : "Publish",
      "transitions" : {
        "next" : "published"
      },
      "handlers" : {
        "ENTER" : [ {
          "type" : "publishing.publish"
        } ]
      }
    },
    "published" : {
      "type" : "passthru",
      "title" : "Published",
      "transitions" : {
        "next" : "end"
      }
    },
    "end" : {
      "type" : "end",
      "handlers" : {
        "ENTER" : [ {
          "type" : "editorial.end"
        } ]
      }
    }
  },
  "id" : "draft",
  "version" : 1,
  "_system" : {
    "created_on" : {
      "timestamp" : "21-Jan-2021 16:16:48",
      "year" : 2021,
      "month" : 0,
      "day_of_month" : 21,
      "hour" : 16,
      "minute" : 16,
      "second" : 48,
      "millisecond" : 921,
      "ms" : 1611263808921,
      "iso_8601" : "2021-01-21T16:16:48-05:00"
    },
    "created_by" : "system",
    "created_by_principal_id" : "system",
    "created_by_principal_domain_id" : null,
    "modified_on" : {
      "timestamp" : "21-Jan-2021 16:16:48",
      "year" : 2021,
      "month" : 0,
      "day_of_month" : 21,
      "hour" : 16,
      "minute" : 16,
      "second" : 48,
      "millisecond" : 925,
      "ms" : 1611263808925,
      "iso_8601" : "2021-01-21T16:16:48-05:00"
    },
    "modified_by" : "system",
    "modified_by_principal_id" : "system",
    "modified_by_principal_domain_id" : null,
    "edited_on" : {
      "timestamp" : "21-Jan-2021 16:16:48",
      "year" : 2021,
      "month" : 0,
      "day_of_month" : 21,
      "hour" : 16,
      "minute" : 16,
      "second" : 48,
      "millisecond" : 921,
      "ms" : 1611263808921,
      "iso_8601" : "2021-01-21T16:16:48-05:00"
    },
    "edited_by" : "system",
    "edited_by_principal_id" : "system",
    "edited_by_principal_domain_id" : null
  },
  "_doc" : "34cdd5b322bd220b4729",
  "deployed" : true,
  "head" : true
}