{
  "_doc" : "16:e1ac27bb1ad802aa87c1",
  "_system" : {
    "created_on" : {
      "timestamp" : "15-Nov-2021 14:54:03",
      "year" : 2021,
      "month" : 10,
      "day_of_month" : 15,
      "hour" : 14,
      "minute" : 54,
      "second" : 3,
      "millisecond" : 896,
      "ms" : 1637006043896,
      "iso_8601" : "2021-11-15T14:54:03-05:00"
    },
    "created_by" : "admin",
    "created_by_principal_id" : "b9ed9753748864134424",
    "created_by_principal_domain_id" : "default",
    "modified_on" : {
      "timestamp" : "15-Nov-2021 14:54:03",
      "year" : 2021,
      "month" : 10,
      "day_of_month" : 15,
      "hour" : 14,
      "minute" : 54,
      "second" : 3,
      "millisecond" : 947,
      "ms" : 1637006043947,
      "iso_8601" : "2021-11-15T14:54:03-05:00"
    },
    "modified_by" : "admin",
    "modified_by_principal_id" : "b9ed9753748864134424",
    "modified_by_principal_domain_id" : "default",
    "edited_on" : {
      "timestamp" : "15-Nov-2021 14:54:03",
      "year" : 2021,
      "month" : 10,
      "day_of_month" : 15,
      "hour" : 14,
      "minute" : 54,
      "second" : 3,
      "millisecond" : 947,
      "ms" : 1637006043947,
      "iso_8601" : "2021-11-15T14:54:03-05:00"
    },
    "edited_by" : "admin",
    "edited_by_principal_id" : "b9ed9753748864134424",
    "edited_by_principal_domain_id" : "default"
  },
  "revision" : 16,
  "active" : true,
  "parents" : [ "15:a065928dd0f5b1fb1f88" ],
  "branch" : "cdcfc25b8b052c9d2586"
}