{
  "_system" : {
    "deleted" : false,
    "changeset" : "8:2eceb7a26537b460cdc7",
    "created_on" : {
      "timestamp" : "31-Aug-2022 15:26:02",
      "year" : 2022,
      "month" : 7,
      "day_of_month" : 31,
      "hour" : 15,
      "minute" : 26,
      "second" : 2,
      "millisecond" : 665,
      "ms" : 1661959562665,
      "iso_8601" : "2022-08-31T15:26:02Z"
    },
    "created_by" : "admin",
    "created_by_principal_id" : "2f873756d87a4ad1befc",
    "created_by_principal_domain_id" : "default",
    "modified_on" : {
      "timestamp" : "31-Aug-2022 15:26:02",
      "year" : 2022,
      "month" : 7,
      "day_of_month" : 31,
      "hour" : 15,
      "minute" : 26,
      "second" : 2,
      "millisecond" : 677,
      "ms" : 1661959562677,
      "iso_8601" : "2022-08-31T15:26:02Z"
    },
    "modified_by" : "admin",
    "modified_by_principal_id" : "2f873756d87a4ad1befc",
    "modified_by_principal_domain_id" : "default",
    "edited_on" : {
      "timestamp" : "31-Aug-2022 15:26:02",
      "year" : 2022,
      "month" : 7,
      "day_of_month" : 31,
      "hour" : 15,
      "minute" : 26,
      "second" : 2,
      "millisecond" : 677,
      "ms" : 1661959562677,
      "iso_8601" : "2022-08-31T15:26:02Z"
    },
    "edited_by" : "admin",
    "edited_by_principal_id" : "2f873756d87a4ad1befc",
    "rev" : 8,
    "branch" : "88810405bb84bac72aab",
    "_op" : "create",
    "edited_by_principal_domain_id" : "default"
  },
  "_doc" : "fb3477d6d1fb61964387",
  "_qname" : "o:fb3477d6d1fb61964387",
  "_type" : "a:child",
  "directionality" : "DIRECTED",
  "_features" : {
    "f:propagates-authorities" : {
      "enabled" : true
    },
    "f:non-cyclic" : { },
    "f:knowledge-sharing" : {
      "enabled" : true
    },
    "f:audit" : { },
    "f:indexable" : { }
  },
  "source_type" : "n:node",
  "source" : "0bb6ebfe6ac31b336624",
  "target_type" : "n:email_template",
  "target" : "ce2d759440b94fa6dc01"
}