{
  "ownerRegistrarId" : "default",
  "ownerTenantId" : "d892b49efa458617123e",
  "antivirusEnabled" : false,
  "sessionTimeout" : 3600000,
  "authenticationMaxAttempts" : 3,
  "authenticationResetTimeout" : 900000,
  "datastoreId" : "03b3245a488ba707f7a4",
  "datastoreTypeId" : "platform",
  "enableAuditing" : false,
  "enableAuthorities" : true,
  "maxsize" : -1,
  "size" : 0,
  "objectcount" : 0,
  "_system" : {
    "created_on" : {
      "timestamp" : "09-Jul-2021 17:04:57",
      "year" : 2021,
      "month" : 6,
      "day_of_month" : 9,
      "hour" : 17,
      "minute" : 4,
      "second" : 57,
      "millisecond" : 519,
      "ms" : 1625850297519,
      "iso_8601" : "2021-07-09T17:04:57Z"
    },
    "created_by" : "system",
    "created_by_principal_id" : "system",
    "modified_on" : {
      "timestamp" : "05-Aug-2021 15:28:10",
      "year" : 2021,
      "month" : 7,
      "day_of_month" : 5,
      "hour" : 15,
      "minute" : 28,
      "second" : 10,
      "millisecond" : 904,
      "ms" : 1628177290904,
      "iso_8601" : "2021-08-05T15:28:10Z"
    },
    "modified_by" : "system",
    "modified_by_principal_id" : "system",
    "edited_on" : {
      "timestamp" : "05-Aug-2021 15:28:10",
      "year" : 2021,
      "month" : 7,
      "day_of_month" : 5,
      "hour" : 15,
      "minute" : 28,
      "second" : 10,
      "millisecond" : 904,
      "ms" : 1628177290904,
      "iso_8601" : "2021-08-05T15:28:10Z"
    },
    "edited_by" : "system",
    "edited_by_principal_id" : "system",
    "patch_version" : "4.0.0-M3-2021-07-06-09-50-12",
    "modified_by_principal_domain_id" : null,
    "edited_by_principal_domain_id" : null
  },
  "_doc" : "51df063bce91124933ad",
  "statisticsDate" : {
    "timestamp" : "01-Jan-1970 00:00:00",
    "year" : 1970,
    "month" : 0,
    "day_of_month" : 1,
    "hour" : 0,
    "minute" : 0,
    "second" : 0,
    "millisecond" : 1,
    "ms" : 1,
    "iso_8601" : "1970-01-01T00:00:00Z"
  },
  "statisticsDirty" : true,
  "title" : "Root Platform",
  "flags" : { }
}