{
  "_system" : {
    "deleted" : false,
    "changeset" : "7:794d2124c69c3b15831b",
    "created_on" : {
      "timestamp" : "15-Nov-2021 14:53:46",
      "year" : 2021,
      "month" : 10,
      "day_of_month" : 15,
      "hour" : 14,
      "minute" : 53,
      "second" : 46,
      "millisecond" : 986,
      "ms" : 1637006026986,
      "iso_8601" : "2021-11-15T14:53:46-05:00"
    },
    "created_by" : "admin",
    "created_by_principal_id" : "b9ed9753748864134424",
    "created_by_principal_domain_id" : "default",
    "modified_on" : {
      "timestamp" : "15-Nov-2021 14:53:47",
      "year" : 2021,
      "month" : 10,
      "day_of_month" : 15,
      "hour" : 14,
      "minute" : 53,
      "second" : 47,
      "millisecond" : 1,
      "ms" : 1637006027001,
      "iso_8601" : "2021-11-15T14:53:47-05:00"
    },
    "modified_by" : "admin",
    "modified_by_principal_id" : "b9ed9753748864134424",
    "modified_by_principal_domain_id" : "default",
    "edited_on" : {
      "timestamp" : "15-Nov-2021 14:53:47",
      "year" : 2021,
      "month" : 10,
      "day_of_month" : 15,
      "hour" : 14,
      "minute" : 53,
      "second" : 47,
      "millisecond" : 1,
      "ms" : 1637006027001,
      "iso_8601" : "2021-11-15T14:53:47-05:00"
    },
    "edited_by" : "admin",
    "edited_by_principal_id" : "b9ed9753748864134424",
    "edited_by_principal_domain_id" : "default",
    "rev" : 7,
    "branch" : "cdcfc25b8b052c9d2586",
    "_op" : "create"
  },
  "_doc" : "6cc135aae9c873f1eaf8",
  "_qname" : "o:6cc135aae9c873f1eaf8",
  "_type" : "a:child",
  "directionality" : "DIRECTED",
  "_features" : {
    "f:audit" : { },
    "f:indexable" : { },
    "f:propagates-authorities" : {
      "enabled" : true
    },
    "f:non-cyclic" : { },
    "f:knowledge-sharing" : {
      "enabled" : true
    }
  },
  "source_type" : "n:node",
  "source" : "50848bd557bba8be47a1",
  "target_type" : "n:email_template",
  "target" : "3ae83c0e7e57ecd860f9"
}