{
  "_type" : "catalog:product-review",
  "title" : "Review #51 Not so good Sheep",
  "author" : "george.burns",
  "body" : "Cupcakes are so so.  Don't expect fancy for the price.  They are like something a good baker does in her kitchen. Not what you expect for the price they charge. Some are decent. Strawberry and red velvet are good. Many of the chocolate were terrible very dry.  It's hit or miss when choosing the flavors. Disappointing when you realize it's another miss when I try new flavors. I have tried them several tines and been disappointed each time.",
  "rating" : 1,
  "_system" : {
    "deleted" : false,
    "changeset" : "0:root",
    "modified_on" : {
      "timestamp" : "19-Apr-2019 20:08:34",
      "year" : 2019,
      "month" : 3,
      "day_of_month" : 19,
      "hour" : 20,
      "minute" : 8,
      "second" : 34,
      "millisecond" : 894,
      "ms" : 1555704514894,
      "iso_8601" : "2019-04-19T20:08:34Z"
    },
    "modified_by" : "admin",
    "modified_by_principal_id" : "74004ce2e8561e763ac4",
    "modified_by_principal_domain_id" : "default",
    "edited_on" : {
      "timestamp" : "19-Apr-2019 20:08:34",
      "year" : 2019,
      "month" : 3,
      "day_of_month" : 19,
      "hour" : 20,
      "minute" : 8,
      "second" : 34,
      "millisecond" : 894,
      "ms" : 1555704514894,
      "iso_8601" : "2019-04-19T20:08:34Z"
    },
    "edited_by" : "admin",
    "edited_by_principal_id" : "74004ce2e8561e763ac4",
    "edited_by_principal_domain_id" : "default",
    "created_on" : {
      "timestamp" : "19-Apr-2019 20:08:34",
      "year" : 2019,
      "month" : 3,
      "day_of_month" : 19,
      "hour" : 20,
      "minute" : 8,
      "second" : 34,
      "millisecond" : 894,
      "ms" : 1555704514894,
      "iso_8601" : "2019-04-19T20:08:34Z"
    },
    "created_by" : "admin",
    "created_by_principal_id" : "74004ce2e8561e763ac4",
    "created_by_principal_domain_id" : "default"
  },
  "_qname" : "o:89c7554ffcc0caf90fcc",
  "_features" : {
    "f:audit" : { },
    "f:titled" : { },
    "f:filename" : {
      "filename" : "Review+%2351+Not+so+good+Sheep"
    },
    "f:geolocation" : { },
    "f:indexable" : { }
  },
  "_doc" : "89c7554ffcc0caf90fcc"
}