{
  "title" : "Guide City",
  "_qname" : "guide:city",
  "_type" : "d:type",
  "type" : "object",
  "properties" : {
    "title" : {
      "type" : "string",
      "title" : "Title"
    },
    "summary" : {
      "type" : "string",
      "title" : "Summary"
    },
    "body" : {
      "type" : "string",
      "title" : "Body"
    },
    "state" : {
      "type" : "string",
      "title" : "State"
    },
    "loc" : {
      "type" : "object",
      "title" : "Location",
      "properties" : {
        "latitude" : {
          "type" : "number",
          "title" : "Latitude"
        },
        "longitude" : {
          "type" : "number",
          "title" : "Longitude"
        }
      }
    },
    "highlights" : {
      "type" : "array",
      "items" : {
        "type" : "string"
      },
      "title" : "Highlights"
    },
    "testimonials" : {
      "type" : "array",
      "items" : {
        "type" : "object",
        "properties" : {
          "text" : {
            "type" : "string",
            "title" : "Text"
          },
          "author" : {
            "type" : "string",
            "title" : "Author"
          }
        }
      },
      "title" : "Testimonials"
    }
  },
  "_system" : {
    "deleted" : false,
    "changeset" : "0:root",
    "modified_on" : {
      "timestamp" : "19-Apr-2019 20:08:35",
      "year" : 2019,
      "month" : 3,
      "day_of_month" : 19,
      "hour" : 20,
      "minute" : 8,
      "second" : 35,
      "millisecond" : 650,
      "ms" : 1555704515650,
      "iso_8601" : "2019-04-19T20:08:35Z"
    },
    "modified_by" : "admin",
    "modified_by_principal_id" : "74004ce2e8561e763ac4",
    "modified_by_principal_domain_id" : "default",
    "edited_on" : {
      "timestamp" : "19-Apr-2019 20:08:35",
      "year" : 2019,
      "month" : 3,
      "day_of_month" : 19,
      "hour" : 20,
      "minute" : 8,
      "second" : 35,
      "millisecond" : 650,
      "ms" : 1555704515650,
      "iso_8601" : "2019-04-19T20:08:35Z"
    },
    "edited_by" : "admin",
    "edited_by_principal_id" : "74004ce2e8561e763ac4",
    "edited_by_principal_domain_id" : "default",
    "created_on" : {
      "timestamp" : "19-Apr-2019 20:08:35",
      "year" : 2019,
      "month" : 3,
      "day_of_month" : 19,
      "hour" : 20,
      "minute" : 8,
      "second" : 35,
      "millisecond" : 650,
      "ms" : 1555704515650,
      "iso_8601" : "2019-04-19T20:08:35Z"
    },
    "created_by" : "admin",
    "created_by_principal_id" : "74004ce2e8561e763ac4",
    "created_by_principal_domain_id" : "default"
  },
  "_parent" : "n:node",
  "_doc" : "3ca31a02a58a1cd4da85"
}