{
  "_system" : {
    "created_on" : {
      "timestamp" : "28-Sep-2020 15:25:07",
      "year" : 2020,
      "month" : 8,
      "day_of_month" : 28,
      "hour" : 15,
      "minute" : 25,
      "second" : 7,
      "millisecond" : 725,
      "ms" : 1601306707725,
      "iso_8601" : "2020-09-28T15:25:07Z"
    },
    "created_by" : "admin",
    "created_by_principal_id" : "bb39303eba0c35a3d2da",
    "created_by_principal_domain_id" : "default",
    "modified_on" : {
      "timestamp" : "28-Sep-2020 15:25:07",
      "year" : 2020,
      "month" : 8,
      "day_of_month" : 28,
      "hour" : 15,
      "minute" : 25,
      "second" : 7,
      "millisecond" : 725,
      "ms" : 1601306707725,
      "iso_8601" : "2020-09-28T15:25:07Z"
    },
    "modified_by" : "admin",
    "modified_by_principal_id" : "bb39303eba0c35a3d2da",
    "modified_by_principal_domain_id" : "default",
    "edited_on" : {
      "timestamp" : "28-Sep-2020 15:25:07",
      "year" : 2020,
      "month" : 8,
      "day_of_month" : 28,
      "hour" : 15,
      "minute" : 25,
      "second" : 7,
      "millisecond" : 725,
      "ms" : 1601306707725,
      "iso_8601" : "2020-09-28T15:25:07Z"
    },
    "edited_by" : "admin",
    "edited_by_principal_id" : "bb39303eba0c35a3d2da",
    "edited_by_principal_domain_id" : "default"
  },
  "_doc" : "11541366b3be77d31d79",
  "principal-id" : "123994f8372b25330cfc",
  "principal-type" : "USER",
  "group-domain-id" : "78981089f96c14a8b699",
  "group-id" : "de75528facb31d4dab13"
}