{
  "_doc" : "30:907e30ee3c8400df59c2",
  "_system" : {
    "created_on" : {
      "timestamp" : "15-Nov-2021 14:54:08",
      "year" : 2021,
      "month" : 10,
      "day_of_month" : 15,
      "hour" : 14,
      "minute" : 54,
      "second" : 8,
      "millisecond" : 630,
      "ms" : 1637006048630,
      "iso_8601" : "2021-11-15T14:54:08-05:00"
    },
    "created_by" : "admin",
    "created_by_principal_id" : "b9ed9753748864134424",
    "created_by_principal_domain_id" : "default",
    "modified_on" : {
      "timestamp" : "15-Nov-2021 14:54:08",
      "year" : 2021,
      "month" : 10,
      "day_of_month" : 15,
      "hour" : 14,
      "minute" : 54,
      "second" : 8,
      "millisecond" : 665,
      "ms" : 1637006048665,
      "iso_8601" : "2021-11-15T14:54:08-05:00"
    },
    "modified_by" : "admin",
    "modified_by_principal_id" : "b9ed9753748864134424",
    "modified_by_principal_domain_id" : "default",
    "edited_on" : {
      "timestamp" : "15-Nov-2021 14:54:08",
      "year" : 2021,
      "month" : 10,
      "day_of_month" : 15,
      "hour" : 14,
      "minute" : 54,
      "second" : 8,
      "millisecond" : 665,
      "ms" : 1637006048665,
      "iso_8601" : "2021-11-15T14:54:08-05:00"
    },
    "edited_by" : "admin",
    "edited_by_principal_id" : "b9ed9753748864134424",
    "edited_by_principal_domain_id" : "default"
  },
  "revision" : 30,
  "active" : true,
  "parents" : [ "29:c5927148d87a57ed4d52" ],
  "branch" : "cdcfc25b8b052c9d2586"
}