{
  "_system" : {
    "deleted" : false,
    "changeset" : "73:8115d56e119cbfe4a74a",
    "created_on" : {
      "timestamp" : "14-Feb-2019 15:33:12",
      "year" : 2019,
      "month" : 1,
      "day_of_month" : 14,
      "hour" : 15,
      "minute" : 33,
      "second" : 12,
      "millisecond" : 966,
      "ms" : 1550158392966,
      "iso_8601" : "2019-02-14T15:33:12Z"
    },
    "created_by" : "admin",
    "created_by_principal_id" : "5bab281f1cb2047f12ba",
    "created_by_principal_domain_id" : "default",
    "modified_on" : {
      "timestamp" : "14-Feb-2019 15:33:13",
      "year" : 2019,
      "month" : 1,
      "day_of_month" : 14,
      "hour" : 15,
      "minute" : 33,
      "second" : 13,
      "millisecond" : 4,
      "ms" : 1550158393004,
      "iso_8601" : "2019-02-14T15:33:13Z"
    },
    "modified_by" : "admin",
    "modified_by_principal_id" : "5bab281f1cb2047f12ba",
    "modified_by_principal_domain_id" : "default",
    "edited_on" : {
      "timestamp" : "14-Feb-2019 15:33:13",
      "year" : 2019,
      "month" : 1,
      "day_of_month" : 14,
      "hour" : 15,
      "minute" : 33,
      "second" : 13,
      "millisecond" : 4,
      "ms" : 1550158393004,
      "iso_8601" : "2019-02-14T15:33:13Z"
    },
    "edited_by" : "admin",
    "edited_by_principal_id" : "5bab281f1cb2047f12ba",
    "edited_by_principal_domain_id" : "default"
  },
  "_doc" : "9a40e36babb83a15222a",
  "_qname" : "o:9a40e36babb83a15222a",
  "_type" : "a:has_role",
  "directionality" : "DIRECTED",
  "_features" : {
    "f:audit" : { },
    "f:indexable" : { }
  },
  "source_type" : "n:person",
  "source" : "fb528b3cc0f4915e1ab5",
  "target_type" : "wcm:page",
  "target" : "4ea4da69f2fc8e9900a2",
  "role-key" : "owner"
}