{
  "_doc" : "39:0e74de39e03e325f77d6",
  "_system" : {
    "created_on" : {
      "timestamp" : "15-Nov-2021 14:54:11",
      "year" : 2021,
      "month" : 10,
      "day_of_month" : 15,
      "hour" : 14,
      "minute" : 54,
      "second" : 11,
      "millisecond" : 930,
      "ms" : 1637006051930,
      "iso_8601" : "2021-11-15T14:54:11-05:00"
    },
    "created_by" : "admin",
    "created_by_principal_id" : "b9ed9753748864134424",
    "created_by_principal_domain_id" : "default",
    "modified_on" : {
      "timestamp" : "15-Nov-2021 14:54:11",
      "year" : 2021,
      "month" : 10,
      "day_of_month" : 15,
      "hour" : 14,
      "minute" : 54,
      "second" : 11,
      "millisecond" : 968,
      "ms" : 1637006051968,
      "iso_8601" : "2021-11-15T14:54:11-05:00"
    },
    "modified_by" : "admin",
    "modified_by_principal_id" : "b9ed9753748864134424",
    "modified_by_principal_domain_id" : "default",
    "edited_on" : {
      "timestamp" : "15-Nov-2021 14:54:11",
      "year" : 2021,
      "month" : 10,
      "day_of_month" : 15,
      "hour" : 14,
      "minute" : 54,
      "second" : 11,
      "millisecond" : 968,
      "ms" : 1637006051968,
      "iso_8601" : "2021-11-15T14:54:11-05:00"
    },
    "edited_by" : "admin",
    "edited_by_principal_id" : "b9ed9753748864134424",
    "edited_by_principal_domain_id" : "default"
  },
  "revision" : 39,
  "active" : true,
  "parents" : [ "38:976039b673888ffdb372" ],
  "branch" : "cdcfc25b8b052c9d2586"
}