{
  "teamableObjectTypeId" : "application",
  "teamableObjectId" : "66faf7f59a17ba29ee49",
  "key" : "owners",
  "groupId" : "760db1d0d9956a117be9",
  "groupDomainId" : "6c72a17e416b6a1391fa",
  "roleKeys" : [ "owner" ],
  "title" : "Owners",
  "description" : "Owners Team",
  "_system" : {
    "created_on" : {
      "timestamp" : "19-Nov-2021 17:36:33",
      "year" : 2021,
      "month" : 10,
      "day_of_month" : 19,
      "hour" : 17,
      "minute" : 36,
      "second" : 33,
      "millisecond" : 34,
      "ms" : 1637361393034,
      "iso_8601" : "2021-11-19T17:36:33-05:00"
    },
    "created_by" : "admin",
    "created_by_principal_id" : "e319a2cd626b671ba7f7",
    "created_by_principal_domain_id" : "default",
    "modified_on" : {
      "timestamp" : "19-Nov-2021 17:36:33",
      "year" : 2021,
      "month" : 10,
      "day_of_month" : 19,
      "hour" : 17,
      "minute" : 36,
      "second" : 33,
      "millisecond" : 34,
      "ms" : 1637361393034,
      "iso_8601" : "2021-11-19T17:36:33-05:00"
    },
    "modified_by" : "admin",
    "modified_by_principal_id" : "e319a2cd626b671ba7f7",
    "modified_by_principal_domain_id" : "default",
    "edited_on" : {
      "timestamp" : "19-Nov-2021 17:36:33",
      "year" : 2021,
      "month" : 10,
      "day_of_month" : 19,
      "hour" : 17,
      "minute" : 36,
      "second" : 33,
      "millisecond" : 34,
      "ms" : 1637361393034,
      "iso_8601" : "2021-11-19T17:36:33-05:00"
    },
    "edited_by" : "admin",
    "edited_by_principal_id" : "e319a2cd626b671ba7f7",
    "edited_by_principal_domain_id" : "default"
  },
  "_doc" : "38754af939f60fc21b54"
}