{
  "_system" : {
    "deleted" : false,
    "changeset" : "47:4424b554eb209fcd5282",
    "created_on" : {
      "timestamp" : "05-Aug-2021 15:37:18",
      "year" : 2021,
      "month" : 7,
      "day_of_month" : 5,
      "hour" : 15,
      "minute" : 37,
      "second" : 18,
      "millisecond" : 576,
      "ms" : 1628177838576,
      "iso_8601" : "2021-08-05T15:37:18Z"
    },
    "created_by" : "system",
    "created_by_principal_id" : "system",
    "modified_on" : {
      "timestamp" : "05-Aug-2021 15:37:18",
      "year" : 2021,
      "month" : 7,
      "day_of_month" : 5,
      "hour" : 15,
      "minute" : 37,
      "second" : 18,
      "millisecond" : 608,
      "ms" : 1628177838608,
      "iso_8601" : "2021-08-05T15:37:18Z"
    },
    "modified_by" : "system",
    "modified_by_principal_id" : "system",
    "edited_on" : {
      "timestamp" : "05-Aug-2021 15:37:18",
      "year" : 2021,
      "month" : 7,
      "day_of_month" : 5,
      "hour" : 15,
      "minute" : 37,
      "second" : 18,
      "millisecond" : 576,
      "ms" : 1628177838576,
      "iso_8601" : "2021-08-05T15:37:18Z"
    },
    "edited_by" : "system",
    "edited_by_principal_id" : "system",
    "rev" : 47,
    "branch" : "23fafbfbb544c803da8d",
    "_op" : "create"
  },
  "_doc" : "3da6cb11644c6497fed8",
  "_qname" : "o:3da6cb11644c6497fed8",
  "_type" : "a:has_tag",
  "directionality" : "DIRECTED",
  "_features" : {
    "f:audit" : { },
    "f:indexable" : { }
  },
  "source_type" : "store:book",
  "source" : "a60f544090fe4e30bf34",
  "target_type" : "n:tag",
  "target" : "a4b5d994812d0d2e287b"
}