{
  "_system" : {
    "deleted" : false,
    "changeset" : "18:a1b919e17356ece13894",
    "created_on" : {
      "timestamp" : "21-Jan-2021 16:22:31",
      "year" : 2021,
      "month" : 0,
      "day_of_month" : 21,
      "hour" : 16,
      "minute" : 22,
      "second" : 31,
      "millisecond" : 665,
      "ms" : 1611264151665,
      "iso_8601" : "2021-01-21T16:22:31-05:00"
    },
    "created_by" : "system",
    "created_by_principal_id" : "system",
    "created_by_principal_domain_id" : null,
    "modified_on" : {
      "timestamp" : "21-Jan-2021 16:22:31",
      "year" : 2021,
      "month" : 0,
      "day_of_month" : 21,
      "hour" : 16,
      "minute" : 22,
      "second" : 31,
      "millisecond" : 676,
      "ms" : 1611264151676,
      "iso_8601" : "2021-01-21T16:22:31-05:00"
    },
    "modified_by" : "system",
    "modified_by_principal_id" : "system",
    "modified_by_principal_domain_id" : null,
    "edited_on" : {
      "timestamp" : "21-Jan-2021 16:22:31",
      "year" : 2021,
      "month" : 0,
      "day_of_month" : 21,
      "hour" : 16,
      "minute" : 22,
      "second" : 31,
      "millisecond" : 665,
      "ms" : 1611264151665,
      "iso_8601" : "2021-01-21T16:22:31-05:00"
    },
    "edited_by" : "system",
    "edited_by_principal_id" : "system",
    "edited_by_principal_domain_id" : null,
    "rev" : 18,
    "branch" : "3d4e3a21a7c02c55017c",
    "_op" : "create"
  },
  "_doc" : "4c15483b42c4010ad306",
  "_qname" : "o:4c15483b42c4010ad306",
  "_type" : "a:has_tag",
  "directionality" : "DIRECTED",
  "_features" : {
    "f:audit" : { },
    "f:indexable" : { }
  },
  "source_type" : "store:book",
  "source" : "6f3ebd4a6ccd46e79abf",
  "target_type" : "n:tag",
  "target" : "4eb896683424b428a86c"
}