{
  "_doc" : "56:bfec7b12aa9e6864fa15",
  "_system" : {
    "created_on" : {
      "timestamp" : "05-Aug-2021 15:37:21",
      "year" : 2021,
      "month" : 7,
      "day_of_month" : 5,
      "hour" : 15,
      "minute" : 37,
      "second" : 21,
      "millisecond" : 763,
      "ms" : 1628177841763,
      "iso_8601" : "2021-08-05T15:37:21Z"
    },
    "created_by" : "admin",
    "created_by_principal_id" : "b3236127dacc03f40cd9",
    "created_by_principal_domain_id" : "default",
    "modified_on" : {
      "timestamp" : "05-Aug-2021 15:37:21",
      "year" : 2021,
      "month" : 7,
      "day_of_month" : 5,
      "hour" : 15,
      "minute" : 37,
      "second" : 21,
      "millisecond" : 864,
      "ms" : 1628177841864,
      "iso_8601" : "2021-08-05T15:37:21Z"
    },
    "modified_by" : "admin",
    "modified_by_principal_id" : "b3236127dacc03f40cd9",
    "modified_by_principal_domain_id" : "default",
    "edited_on" : {
      "timestamp" : "05-Aug-2021 15:37:21",
      "year" : 2021,
      "month" : 7,
      "day_of_month" : 5,
      "hour" : 15,
      "minute" : 37,
      "second" : 21,
      "millisecond" : 864,
      "ms" : 1628177841864,
      "iso_8601" : "2021-08-05T15:37:21Z"
    },
    "edited_by" : "admin",
    "edited_by_principal_id" : "b3236127dacc03f40cd9",
    "edited_by_principal_domain_id" : "default"
  },
  "revision" : 56,
  "active" : true,
  "parents" : [ "55:ab4763d73c26014ef5eb" ],
  "branch" : "23fafbfbb544c803da8d"
}