{
  "title" : "Ernest Hemingway",
  "firstName" : "Ernest",
  "lastName" : "Hemingway",
  "slug" : "ernest-hemingway",
  "_system" : {
    "deleted" : false,
    "changeset" : "18:d92e3f75e8469c27fa2a",
    "created_on" : {
      "timestamp" : "17-Nov-2021 09:27:47",
      "year" : 2021,
      "month" : 10,
      "day_of_month" : 17,
      "hour" : 9,
      "minute" : 27,
      "second" : 47,
      "millisecond" : 549,
      "ms" : 1637159267549,
      "iso_8601" : "2021-11-17T09:27:47-05:00"
    },
    "created_by" : "admin",
    "created_by_principal_id" : "4dbc7eeadc99359ba687",
    "created_by_principal_domain_id" : "default",
    "modified_on" : {
      "timestamp" : "17-Nov-2021 09:28:01",
      "year" : 2021,
      "month" : 10,
      "day_of_month" : 17,
      "hour" : 9,
      "minute" : 28,
      "second" : 1,
      "millisecond" : 239,
      "ms" : 1637159281239,
      "iso_8601" : "2021-11-17T09:28:01-05:00"
    },
    "modified_by" : "admin",
    "modified_by_principal_id" : "4dbc7eeadc99359ba687",
    "modified_by_principal_domain_id" : "default",
    "edited_on" : {
      "timestamp" : "17-Nov-2021 09:28:01",
      "year" : 2021,
      "month" : 10,
      "day_of_month" : 17,
      "hour" : 9,
      "minute" : 28,
      "second" : 1,
      "millisecond" : 239,
      "ms" : 1637159281239,
      "iso_8601" : "2021-11-17T09:28:01-05:00"
    },
    "edited_by" : "admin",
    "edited_by_principal_id" : "4dbc7eeadc99359ba687",
    "edited_by_principal_domain_id" : "default",
    "rev" : 18,
    "attachments" : {
      "default" : {
        "contentType" : "image/jpeg",
        "length" : 22116,
        "objectId" : "attachment_4dbd8b7701f34821b955_6111f5c13d16fdf6001d",
        "filename" : "default.jpg"
      }
    },
    "previousChangeset" : "17:74053822235dd5db49a2",
    "branch" : "921fd3299d530ef02309",
    "_op" : "update"
  },
  "_doc" : "4dbd8b7701f34821b955",
  "_qname" : "o:4dbd8b7701f34821b955",
  "_features" : {
    "f:filename" : {
      "filename" : "Ernest_Hemingway"
    },
    "f:audit" : { },
    "f:titled" : { },
    "f:geolocation" : { },
    "f:indexable" : { },
    "f:deployment-config" : {
      "default" : {
        "mappings" : [ {
          "type" : "object-to-file",
          "config" : {
            "filepath" : "/store/authors/{{object.slug}}.json"
          }
        }, {
          "type" : "attachment-to-file",
          "config" : {
            "attachmentId" : "*",
            "filepath" : "/store/authors/{{object.slug}}.{{attachment.ext}}"
          }
        } ]
      }
    },
    "f:publishable" : {
      "state" : "approved"
    }
  },
  "_type" : "store:author"
}