{
  "_features" : {
    "f:relator" : {
      "propertyHolder" : "source",
      "propertyPath" : "/recommendations[0]",
      "active" : true
    },
    "f:audit" : { },
    "f:indexable" : { }
  },
  "source" : "08e964cba0f4451880e3",
  "source_type" : "store:book",
  "target" : "e8af9fc1f0d341cc9eca",
  "target_type" : "store:book",
  "directionality" : "DIRECTED",
  "_system" : {
    "deleted" : false,
    "changeset" : "34:aa0a6d546ed096b57dfc",
    "created_on" : {
      "timestamp" : "20-Oct-2021 14:37:42",
      "year" : 2021,
      "month" : 9,
      "day_of_month" : 20,
      "hour" : 14,
      "minute" : 37,
      "second" : 42,
      "millisecond" : 830,
      "ms" : 1634755062830,
      "iso_8601" : "2021-10-20T14:37:42-04:00"
    },
    "created_by" : "admin",
    "created_by_principal_id" : "b4d6c22caee99692904d",
    "created_by_principal_domain_id" : "default",
    "modified_on" : {
      "timestamp" : "20-Oct-2021 14:37:42",
      "year" : 2021,
      "month" : 9,
      "day_of_month" : 20,
      "hour" : 14,
      "minute" : 37,
      "second" : 42,
      "millisecond" : 897,
      "ms" : 1634755062897,
      "iso_8601" : "2021-10-20T14:37:42-04:00"
    },
    "modified_by" : "admin",
    "modified_by_principal_id" : "b4d6c22caee99692904d",
    "modified_by_principal_domain_id" : "default",
    "edited_on" : {
      "timestamp" : "20-Oct-2021 14:37:42",
      "year" : 2021,
      "month" : 9,
      "day_of_month" : 20,
      "hour" : 14,
      "minute" : 37,
      "second" : 42,
      "millisecond" : 897,
      "ms" : 1634755062897,
      "iso_8601" : "2021-10-20T14:37:42-04:00"
    },
    "edited_by" : "admin",
    "edited_by_principal_id" : "b4d6c22caee99692904d",
    "edited_by_principal_domain_id" : "default",
    "rev" : 34,
    "branch" : "4375d1eb9094255abf40",
    "_op" : "create"
  },
  "_doc" : "aac9e72d4a9028ccb3a5",
  "_qname" : "o:aac9e72d4a9028ccb3a5",
  "_type" : "store:suggests"
}