{
  "teamableObjectTypeId" : "application",
  "teamableObjectId" : "81b2c6c559ff900749e7",
  "key" : "owners",
  "groupId" : "c11ae4a3eadb5a5c47a9",
  "groupDomainId" : "5fbc2e73901011295b4b",
  "roleKeys" : [ "owner" ],
  "title" : "Owners",
  "description" : "Owners Team",
  "_system" : {
    "created_on" : {
      "timestamp" : "14-Feb-2019 15:32:45",
      "year" : 2019,
      "month" : 1,
      "day_of_month" : 14,
      "hour" : 15,
      "minute" : 32,
      "second" : 45,
      "millisecond" : 582,
      "ms" : 1550158365582,
      "iso_8601" : "2019-02-14T15:32:45Z"
    },
    "created_by" : "admin",
    "created_by_principal_id" : "5bab281f1cb2047f12ba",
    "created_by_principal_domain_id" : "default",
    "modified_on" : {
      "timestamp" : "14-Feb-2019 15:32:45",
      "year" : 2019,
      "month" : 1,
      "day_of_month" : 14,
      "hour" : 15,
      "minute" : 32,
      "second" : 45,
      "millisecond" : 582,
      "ms" : 1550158365582,
      "iso_8601" : "2019-02-14T15:32:45Z"
    },
    "modified_by" : "admin",
    "modified_by_principal_id" : "5bab281f1cb2047f12ba",
    "modified_by_principal_domain_id" : "default",
    "edited_on" : {
      "timestamp" : "14-Feb-2019 15:32:45",
      "year" : 2019,
      "month" : 1,
      "day_of_month" : 14,
      "hour" : 15,
      "minute" : 32,
      "second" : 45,
      "millisecond" : 582,
      "ms" : 1550158365582,
      "iso_8601" : "2019-02-14T15:32:45Z"
    },
    "edited_by" : "admin",
    "edited_by_principal_id" : "5bab281f1cb2047f12ba",
    "edited_by_principal_domain_id" : "default"
  },
  "_doc" : "b869854a956b9825c347"
}