{
  "_type" : "catalog:product-review",
  "title" : "Review #22 Monster fan",
  "author" : "frank.sinatra",
  "body" : "Ahhh.. blue eyes. In our opinion the legendary Frank Sinatra needed his own signature cupcake. So, who better than us to take a stab at creating a unique flavor that almost sings with the palate. If you're not tempted with this lustful dance of flavors then you're obviously not a fan of light and fluffy chocolate cake.",
  "rating" : 3,
  "_system" : {
    "deleted" : false,
    "changeset" : "0:root",
    "modified_on" : {
      "timestamp" : "19-Apr-2019 20:08:34",
      "year" : 2019,
      "month" : 3,
      "day_of_month" : 19,
      "hour" : 20,
      "minute" : 8,
      "second" : 34,
      "millisecond" : 594,
      "ms" : 1555704514594,
      "iso_8601" : "2019-04-19T20:08:34Z"
    },
    "modified_by" : "admin",
    "modified_by_principal_id" : "74004ce2e8561e763ac4",
    "modified_by_principal_domain_id" : "default",
    "edited_on" : {
      "timestamp" : "19-Apr-2019 20:08:34",
      "year" : 2019,
      "month" : 3,
      "day_of_month" : 19,
      "hour" : 20,
      "minute" : 8,
      "second" : 34,
      "millisecond" : 594,
      "ms" : 1555704514594,
      "iso_8601" : "2019-04-19T20:08:34Z"
    },
    "edited_by" : "admin",
    "edited_by_principal_id" : "74004ce2e8561e763ac4",
    "edited_by_principal_domain_id" : "default",
    "created_on" : {
      "timestamp" : "19-Apr-2019 20:08:34",
      "year" : 2019,
      "month" : 3,
      "day_of_month" : 19,
      "hour" : 20,
      "minute" : 8,
      "second" : 34,
      "millisecond" : 594,
      "ms" : 1555704514594,
      "iso_8601" : "2019-04-19T20:08:34Z"
    },
    "created_by" : "admin",
    "created_by_principal_id" : "74004ce2e8561e763ac4",
    "created_by_principal_domain_id" : "default"
  },
  "_qname" : "o:0f849a8f2bf5b4fdb173",
  "_features" : {
    "f:audit" : { },
    "f:titled" : { },
    "f:filename" : {
      "filename" : "Review+%2322+Monster+fan"
    },
    "f:geolocation" : { },
    "f:indexable" : { }
  },
  "_doc" : "0f849a8f2bf5b4fdb173"
}