{
  "_doc" : "1:7ce003e21aa7116c7cd3",
  "_system" : {
    "created_on" : {
      "timestamp" : "20-Oct-2021 00:03:15",
      "year" : 2021,
      "month" : 9,
      "day_of_month" : 20,
      "hour" : 0,
      "minute" : 3,
      "second" : 15,
      "millisecond" : 993,
      "ms" : 1634702595993,
      "iso_8601" : "2021-10-20T00:03:15-04:00"
    },
    "created_by" : "admin",
    "created_by_principal_id" : "2a7c6669601b1ba4c958",
    "created_by_principal_domain_id" : "default",
    "modified_on" : {
      "timestamp" : "20-Oct-2021 00:03:16",
      "year" : 2021,
      "month" : 9,
      "day_of_month" : 20,
      "hour" : 0,
      "minute" : 3,
      "second" : 16,
      "millisecond" : 236,
      "ms" : 1634702596236,
      "iso_8601" : "2021-10-20T00:03:16-04:00"
    },
    "modified_by" : "admin",
    "modified_by_principal_id" : "2a7c6669601b1ba4c958",
    "modified_by_principal_domain_id" : "default",
    "edited_on" : {
      "timestamp" : "20-Oct-2021 00:03:16",
      "year" : 2021,
      "month" : 9,
      "day_of_month" : 20,
      "hour" : 0,
      "minute" : 3,
      "second" : 16,
      "millisecond" : 236,
      "ms" : 1634702596236,
      "iso_8601" : "2021-10-20T00:03:16-04:00"
    },
    "edited_by" : "admin",
    "edited_by_principal_id" : "2a7c6669601b1ba4c958",
    "edited_by_principal_domain_id" : "default"
  },
  "revision" : 1,
  "active" : true,
  "parents" : [ "0:root" ],
  "branch" : "a73f26b4127e018473e1"
}