{
  "_doc" : "23fafbfbb544c803da8d",
  "root" : "0:root",
  "tip" : "84:4ce7e7d6dbadb4b39dea",
  "title" : "master",
  "type" : "MASTER",
  "_system" : {
    "created_on" : {
      "timestamp" : "05-Aug-2021 15:36:40",
      "year" : 2021,
      "month" : 7,
      "day_of_month" : 5,
      "hour" : 15,
      "minute" : 36,
      "second" : 40,
      "millisecond" : 190,
      "ms" : 1628177800190,
      "iso_8601" : "2021-08-05T15:36:40Z"
    },
    "created_by" : "admin",
    "created_by_principal_id" : "b3236127dacc03f40cd9",
    "created_by_principal_domain_id" : "default",
    "modified_on" : {
      "timestamp" : "05-Aug-2021 15:36:40",
      "year" : 2021,
      "month" : 7,
      "day_of_month" : 5,
      "hour" : 15,
      "minute" : 36,
      "second" : 40,
      "millisecond" : 190,
      "ms" : 1628177800190,
      "iso_8601" : "2021-08-05T15:36:40Z"
    },
    "modified_by" : "admin",
    "modified_by_principal_id" : "b3236127dacc03f40cd9",
    "modified_by_principal_domain_id" : "default",
    "edited_on" : {
      "timestamp" : "05-Aug-2021 15:36:40",
      "year" : 2021,
      "month" : 7,
      "day_of_month" : 5,
      "hour" : 15,
      "minute" : 36,
      "second" : 40,
      "millisecond" : 190,
      "ms" : 1628177800190,
      "iso_8601" : "2021-08-05T15:36:40Z"
    },
    "edited_by" : "admin",
    "edited_by_principal_id" : "b3236127dacc03f40cd9",
    "edited_by_principal_domain_id" : "default"
  },
  "archived" : false,
  "snapshot" : false
}