{
  "teamableObjectTypeId" : "application",
  "teamableObjectId" : "f8b2464f47ce34b6b3f3",
  "key" : "owners",
  "groupId" : "5ee7e6a9acc7b2964975",
  "groupDomainId" : "6ab076a8ff638e45ee3f",
  "roleKeys" : [ "owner" ],
  "title" : "Owners",
  "description" : "Owners Team",
  "_system" : {
    "created_on" : {
      "timestamp" : "24-Aug-2022 16:08:32",
      "year" : 2022,
      "month" : 7,
      "day_of_month" : 24,
      "hour" : 16,
      "minute" : 8,
      "second" : 32,
      "millisecond" : 716,
      "ms" : 1661357312716,
      "iso_8601" : "2022-08-24T16:08:32Z"
    },
    "created_by" : "admin",
    "created_by_principal_id" : "fda4fc3b0ff3e7838fbe",
    "created_by_principal_domain_id" : "default",
    "modified_on" : {
      "timestamp" : "24-Aug-2022 16:08:32",
      "year" : 2022,
      "month" : 7,
      "day_of_month" : 24,
      "hour" : 16,
      "minute" : 8,
      "second" : 32,
      "millisecond" : 716,
      "ms" : 1661357312716,
      "iso_8601" : "2022-08-24T16:08:32Z"
    },
    "modified_by" : "admin",
    "modified_by_principal_id" : "fda4fc3b0ff3e7838fbe",
    "modified_by_principal_domain_id" : "default",
    "edited_on" : {
      "timestamp" : "24-Aug-2022 16:08:32",
      "year" : 2022,
      "month" : 7,
      "day_of_month" : 24,
      "hour" : 16,
      "minute" : 8,
      "second" : 32,
      "millisecond" : 716,
      "ms" : 1661357312716,
      "iso_8601" : "2022-08-24T16:08:32Z"
    },
    "edited_by" : "admin",
    "edited_by_principal_id" : "fda4fc3b0ff3e7838fbe",
    "edited_by_principal_domain_id" : "default"
  },
  "_doc" : "e640c8eb322eb3c7d888"
}