{
  "principalDomainId" : "7ad7a1cbf1076d933e02",
  "principalId" : "7f5108de7986bdb91ae3",
  "clientId" : "d251db0a-656e-46c3-b4e4-855ace6068e3",
  "key" : "54874b43-11c5-4136-89f4-746714a7d4c1",
  "secret" : "xpvwPA/BHbWxbOCKFo7hSuboWFVs3F1cv0fdErrRinBKz3B9UxBlvT3nqwuJoGIIQ4cSXKdLUdsKfkrujmCgh0pIk9zGtAE6FBxGQA3Fs+E=",
  "enabled" : true,
  "_system" : {
    "created_on" : {
      "timestamp" : "21-Jan-2021 16:22:18",
      "year" : 2021,
      "month" : 0,
      "day_of_month" : 21,
      "hour" : 16,
      "minute" : 22,
      "second" : 18,
      "millisecond" : 425,
      "ms" : 1611264138425,
      "iso_8601" : "2021-01-21T16:22:18-05:00"
    },
    "created_by" : "admin",
    "created_by_principal_id" : "8df8c30d1c2f95496937",
    "created_by_principal_domain_id" : "default",
    "modified_on" : {
      "timestamp" : "21-Jan-2021 16:22:18",
      "year" : 2021,
      "month" : 0,
      "day_of_month" : 21,
      "hour" : 16,
      "minute" : 22,
      "second" : 18,
      "millisecond" : 431,
      "ms" : 1611264138431,
      "iso_8601" : "2021-01-21T16:22:18-05:00"
    },
    "modified_by" : "admin",
    "modified_by_principal_id" : "8df8c30d1c2f95496937",
    "modified_by_principal_domain_id" : "default",
    "edited_on" : {
      "timestamp" : "21-Jan-2021 16:22:18",
      "year" : 2021,
      "month" : 0,
      "day_of_month" : 21,
      "hour" : 16,
      "minute" : 22,
      "second" : 18,
      "millisecond" : 431,
      "ms" : 1611264138431,
      "iso_8601" : "2021-01-21T16:22:18-05:00"
    },
    "edited_by" : "admin",
    "edited_by_principal_id" : "8df8c30d1c2f95496937",
    "edited_by_principal_domain_id" : "default"
  },
  "_doc" : "c52acd1bc11122554456",
  "applicationId" : "036a5c08d1eb86d9ccfa",
  "applicationDeploymentManaged" : true
}