{
  "tag" : "jane",
  "title" : "jane",
  "_system" : {
    "deleted" : false,
    "changeset" : "9:3b664005a314cd703f2e",
    "created_on" : {
      "timestamp" : "19-Nov-2021 22:41:13",
      "year" : 2021,
      "month" : 10,
      "day_of_month" : 19,
      "hour" : 22,
      "minute" : 41,
      "second" : 13,
      "millisecond" : 15,
      "ms" : 1637379673015,
      "iso_8601" : "2021-11-19T22:41:13-05:00"
    },
    "created_by" : "admin",
    "created_by_principal_id" : "e319a2cd626b671ba7f7",
    "created_by_principal_domain_id" : "default",
    "modified_on" : {
      "timestamp" : "19-Nov-2021 22:41:13",
      "year" : 2021,
      "month" : 10,
      "day_of_month" : 19,
      "hour" : 22,
      "minute" : 41,
      "second" : 13,
      "millisecond" : 34,
      "ms" : 1637379673034,
      "iso_8601" : "2021-11-19T22:41:13-05:00"
    },
    "modified_by" : "admin",
    "modified_by_principal_id" : "e319a2cd626b671ba7f7",
    "modified_by_principal_domain_id" : "default",
    "edited_on" : {
      "timestamp" : "19-Nov-2021 22:41:13",
      "year" : 2021,
      "month" : 10,
      "day_of_month" : 19,
      "hour" : 22,
      "minute" : 41,
      "second" : 13,
      "millisecond" : 34,
      "ms" : 1637379673034,
      "iso_8601" : "2021-11-19T22:41:13-05:00"
    },
    "edited_by" : "admin",
    "edited_by_principal_id" : "e319a2cd626b671ba7f7",
    "edited_by_principal_domain_id" : "default",
    "rev" : 9,
    "branch" : "d13c41461bea0e1eaef1",
    "_op" : "create"
  },
  "_doc" : "b44550346ba5932b62d8",
  "_qname" : "o:b44550346ba5932b62d8",
  "_type" : "n:tag",
  "_features" : {
    "f:audit" : { },
    "f:titled" : { },
    "f:filename" : {
      "filename" : "jane"
    },
    "f:geolocation" : { },
    "f:indexable" : { }
  }
}