{
  "_doc" : "12:e5689ef0f3451ee128f0",
  "_system" : {
    "created_on" : {
      "timestamp" : "20-Oct-2021 09:44:25",
      "year" : 2021,
      "month" : 9,
      "day_of_month" : 20,
      "hour" : 9,
      "minute" : 44,
      "second" : 25,
      "millisecond" : 690,
      "ms" : 1634737465690,
      "iso_8601" : "2021-10-20T09:44:25-04:00"
    },
    "created_by" : "admin",
    "created_by_principal_id" : "2a7c6669601b1ba4c958",
    "created_by_principal_domain_id" : "default",
    "modified_on" : {
      "timestamp" : "20-Oct-2021 09:44:25",
      "year" : 2021,
      "month" : 9,
      "day_of_month" : 20,
      "hour" : 9,
      "minute" : 44,
      "second" : 25,
      "millisecond" : 726,
      "ms" : 1634737465726,
      "iso_8601" : "2021-10-20T09:44:25-04:00"
    },
    "modified_by" : "admin",
    "modified_by_principal_id" : "2a7c6669601b1ba4c958",
    "modified_by_principal_domain_id" : "default",
    "edited_on" : {
      "timestamp" : "20-Oct-2021 09:44:25",
      "year" : 2021,
      "month" : 9,
      "day_of_month" : 20,
      "hour" : 9,
      "minute" : 44,
      "second" : 25,
      "millisecond" : 726,
      "ms" : 1634737465726,
      "iso_8601" : "2021-10-20T09:44:25-04:00"
    },
    "edited_by" : "admin",
    "edited_by_principal_id" : "2a7c6669601b1ba4c958",
    "edited_by_principal_domain_id" : "default"
  },
  "revision" : 12,
  "active" : true,
  "parents" : [ "11:c8b55af41f4da7f5368c" ],
  "branch" : "c05d26b68d5e6c9699cf"
}