{
  "_system" : {
    "deleted" : false,
    "changeset" : "7:6a9f98b3be6ce1cdc933",
    "created_on" : {
      "timestamp" : "20-Oct-2021 09:34:03",
      "year" : 2021,
      "month" : 9,
      "day_of_month" : 20,
      "hour" : 9,
      "minute" : 34,
      "second" : 3,
      "millisecond" : 743,
      "ms" : 1634736843743,
      "iso_8601" : "2021-10-20T09:34:03-04:00"
    },
    "created_by" : "admin",
    "created_by_principal_id" : "2a7c6669601b1ba4c958",
    "created_by_principal_domain_id" : "default",
    "modified_on" : {
      "timestamp" : "20-Oct-2021 09:34:03",
      "year" : 2021,
      "month" : 9,
      "day_of_month" : 20,
      "hour" : 9,
      "minute" : 34,
      "second" : 3,
      "millisecond" : 762,
      "ms" : 1634736843762,
      "iso_8601" : "2021-10-20T09:34:03-04:00"
    },
    "modified_by" : "admin",
    "modified_by_principal_id" : "2a7c6669601b1ba4c958",
    "modified_by_principal_domain_id" : "default",
    "edited_on" : {
      "timestamp" : "20-Oct-2021 09:34:03",
      "year" : 2021,
      "month" : 9,
      "day_of_month" : 20,
      "hour" : 9,
      "minute" : 34,
      "second" : 3,
      "millisecond" : 762,
      "ms" : 1634736843762,
      "iso_8601" : "2021-10-20T09:34:03-04:00"
    },
    "edited_by" : "admin",
    "edited_by_principal_id" : "2a7c6669601b1ba4c958",
    "edited_by_principal_domain_id" : "default",
    "rev" : 7,
    "branch" : "1ad06a3e9160fdc88c85",
    "_op" : "create"
  },
  "_doc" : "0b9dcb9f20ca08f32e2a",
  "_qname" : "o:0b9dcb9f20ca08f32e2a",
  "_type" : "a:child",
  "directionality" : "DIRECTED",
  "_features" : {
    "f:audit" : { },
    "f:indexable" : { },
    "f:propagates-authorities" : {
      "enabled" : true
    },
    "f:non-cyclic" : { },
    "f:knowledge-sharing" : {
      "enabled" : true
    }
  },
  "source_type" : "n:node",
  "source" : "876f34ecd9d2848c5ae1",
  "target_type" : "n:email_template",
  "target" : "9ebd6673cd81a9c96c81"
}