{
  "_type" : "n:email_template",
  "key" : "publishing-start-default",
  "_system" : {
    "deleted" : false,
    "changeset" : "9:b23f17c6f6b39beac27a",
    "created_on" : {
      "timestamp" : "07-Mar-2023 09:39:19",
      "year" : 2023,
      "month" : 2,
      "day_of_month" : 7,
      "hour" : 9,
      "minute" : 39,
      "second" : 19,
      "millisecond" : 421,
      "ms" : 1678199959421,
      "iso_8601" : "2023-03-07T09:39:19-05:00"
    },
    "created_by" : "admin",
    "created_by_principal_id" : "046cf0d415feaf45bcf2",
    "created_by_principal_domain_id" : "default",
    "modified_on" : {
      "timestamp" : "07-Mar-2023 09:39:19",
      "year" : 2023,
      "month" : 2,
      "day_of_month" : 7,
      "hour" : 9,
      "minute" : 39,
      "second" : 19,
      "millisecond" : 496,
      "ms" : 1678199959496,
      "iso_8601" : "2023-03-07T09:39:19-05:00"
    },
    "modified_by" : "admin",
    "modified_by_principal_id" : "046cf0d415feaf45bcf2",
    "modified_by_principal_domain_id" : "default",
    "edited_on" : {
      "timestamp" : "07-Mar-2023 09:39:19",
      "year" : 2023,
      "month" : 2,
      "day_of_month" : 7,
      "hour" : 9,
      "minute" : 39,
      "second" : 19,
      "millisecond" : 496,
      "ms" : 1678199959496,
      "iso_8601" : "2023-03-07T09:39:19-05:00"
    },
    "edited_by" : "admin",
    "edited_by_principal_id" : "046cf0d415feaf45bcf2",
    "rev" : 9,
    "branch" : "660838eae4eeba015a76",
    "_op" : "create",
    "edited_by_principal_domain_id" : "default",
    "attachments" : {
      "default" : {
        "contentType" : "text/x-handlebars-template",
        "length" : 579,
        "objectId" : "attachment_9c982983ec1a4cabbc3b_3ecbf2b28a23786fa353",
        "filename" : "default",
        "md5" : "ce37354c6cd78ed82972b11b3b920ba"
      }
    }
  },
  "_doc" : "9c982983ec1a4cabbc3b",
  "_qname" : "o:9c982983ec1a4cabbc3b",
  "_features" : {
    "f:audit" : { },
    "f:titled" : { },
    "f:filename" : {
      "filename" : "Publishing+-+Start+Email+Template"
    },
    "f:geolocation" : { },
    "f:indexable" : { }
  },
  "title" : "Publishing - Start Email Template"
}