{
  "_doc" : "22:212551b9e83915025c03",
  "_system" : {
    "created_on" : {
      "timestamp" : "20-Oct-2021 00:03:36",
      "year" : 2021,
      "month" : 9,
      "day_of_month" : 20,
      "hour" : 0,
      "minute" : 3,
      "second" : 36,
      "millisecond" : 809,
      "ms" : 1634702616809,
      "iso_8601" : "2021-10-20T00:03:36-04:00"
    },
    "created_by" : "admin",
    "created_by_principal_id" : "2a7c6669601b1ba4c958",
    "created_by_principal_domain_id" : "default",
    "modified_on" : {
      "timestamp" : "20-Oct-2021 00:03:36",
      "year" : 2021,
      "month" : 9,
      "day_of_month" : 20,
      "hour" : 0,
      "minute" : 3,
      "second" : 36,
      "millisecond" : 834,
      "ms" : 1634702616834,
      "iso_8601" : "2021-10-20T00:03:36-04:00"
    },
    "modified_by" : "admin",
    "modified_by_principal_id" : "2a7c6669601b1ba4c958",
    "modified_by_principal_domain_id" : "default",
    "edited_on" : {
      "timestamp" : "20-Oct-2021 00:03:36",
      "year" : 2021,
      "month" : 9,
      "day_of_month" : 20,
      "hour" : 0,
      "minute" : 3,
      "second" : 36,
      "millisecond" : 834,
      "ms" : 1634702616834,
      "iso_8601" : "2021-10-20T00:03:36-04:00"
    },
    "edited_by" : "admin",
    "edited_by_principal_id" : "2a7c6669601b1ba4c958",
    "edited_by_principal_domain_id" : "default"
  },
  "revision" : 22,
  "active" : true,
  "parents" : [ "21:e7c6784698ca24fd8980" ],
  "branch" : "a73f26b4127e018473e1"
}