{
  "_doc" : "26:3f4ea421b42ba4b79cb4",
  "_system" : {
    "created_on" : {
      "timestamp" : "15-Nov-2021 14:54:07",
      "year" : 2021,
      "month" : 10,
      "day_of_month" : 15,
      "hour" : 14,
      "minute" : 54,
      "second" : 7,
      "millisecond" : 194,
      "ms" : 1637006047194,
      "iso_8601" : "2021-11-15T14:54:07-05:00"
    },
    "created_by" : "admin",
    "created_by_principal_id" : "b9ed9753748864134424",
    "created_by_principal_domain_id" : "default",
    "modified_on" : {
      "timestamp" : "15-Nov-2021 14:54:07",
      "year" : 2021,
      "month" : 10,
      "day_of_month" : 15,
      "hour" : 14,
      "minute" : 54,
      "second" : 7,
      "millisecond" : 245,
      "ms" : 1637006047245,
      "iso_8601" : "2021-11-15T14:54:07-05:00"
    },
    "modified_by" : "admin",
    "modified_by_principal_id" : "b9ed9753748864134424",
    "modified_by_principal_domain_id" : "default",
    "edited_on" : {
      "timestamp" : "15-Nov-2021 14:54:07",
      "year" : 2021,
      "month" : 10,
      "day_of_month" : 15,
      "hour" : 14,
      "minute" : 54,
      "second" : 7,
      "millisecond" : 245,
      "ms" : 1637006047245,
      "iso_8601" : "2021-11-15T14:54:07-05:00"
    },
    "edited_by" : "admin",
    "edited_by_principal_id" : "b9ed9753748864134424",
    "edited_by_principal_domain_id" : "default"
  },
  "revision" : 26,
  "active" : true,
  "parents" : [ "25:240aad75e546e62b8dfe" ],
  "branch" : "cdcfc25b8b052c9d2586"
}