{
  "_doc" : "0:root",
  "_system" : {
    "created_on" : {
      "timestamp" : "15-Nov-2021 14:53:43",
      "year" : 2021,
      "month" : 10,
      "day_of_month" : 15,
      "hour" : 14,
      "minute" : 53,
      "second" : 43,
      "millisecond" : 127,
      "ms" : 1637006023127,
      "iso_8601" : "2021-11-15T14:53:43-05:00"
    },
    "created_by" : "admin",
    "created_by_principal_id" : "b9ed9753748864134424",
    "created_by_principal_domain_id" : "default",
    "modified_on" : {
      "timestamp" : "15-Nov-2021 14:53:43",
      "year" : 2021,
      "month" : 10,
      "day_of_month" : 15,
      "hour" : 14,
      "minute" : 53,
      "second" : 43,
      "millisecond" : 446,
      "ms" : 1637006023446,
      "iso_8601" : "2021-11-15T14:53:43-05:00"
    },
    "modified_by" : "admin",
    "modified_by_principal_id" : "b9ed9753748864134424",
    "modified_by_principal_domain_id" : "default",
    "edited_on" : {
      "timestamp" : "15-Nov-2021 14:53:43",
      "year" : 2021,
      "month" : 10,
      "day_of_month" : 15,
      "hour" : 14,
      "minute" : 53,
      "second" : 43,
      "millisecond" : 446,
      "ms" : 1637006023446,
      "iso_8601" : "2021-11-15T14:53:43-05:00"
    },
    "edited_by" : "admin",
    "edited_by_principal_id" : "b9ed9753748864134424",
    "edited_by_principal_domain_id" : "default"
  },
  "revision" : 0,
  "active" : true,
  "branch" : "cdcfc25b8b052c9d2586"
}