{
  "_type" : "a:has_form",
  "form-key" : "master",
  "_system" : {
    "deleted" : false,
    "changeset" : "53:bde63feb0c7cbf18d654",
    "created_on" : {
      "timestamp" : "14-Feb-2019 15:33:05",
      "year" : 2019,
      "month" : 1,
      "day_of_month" : 14,
      "hour" : 15,
      "minute" : 33,
      "second" : 5,
      "millisecond" : 317,
      "ms" : 1550158385317,
      "iso_8601" : "2019-02-14T15:33:05Z"
    },
    "created_by" : "admin",
    "created_by_principal_id" : "5bab281f1cb2047f12ba",
    "created_by_principal_domain_id" : "default",
    "modified_on" : {
      "timestamp" : "14-Feb-2019 15:33:05",
      "year" : 2019,
      "month" : 1,
      "day_of_month" : 14,
      "hour" : 15,
      "minute" : 33,
      "second" : 5,
      "millisecond" : 340,
      "ms" : 1550158385340,
      "iso_8601" : "2019-02-14T15:33:05Z"
    },
    "modified_by" : "admin",
    "modified_by_principal_id" : "5bab281f1cb2047f12ba",
    "modified_by_principal_domain_id" : "default",
    "edited_on" : {
      "timestamp" : "14-Feb-2019 15:33:05",
      "year" : 2019,
      "month" : 1,
      "day_of_month" : 14,
      "hour" : 15,
      "minute" : 33,
      "second" : 5,
      "millisecond" : 340,
      "ms" : 1550158385340,
      "iso_8601" : "2019-02-14T15:33:05Z"
    },
    "edited_by" : "admin",
    "edited_by_principal_id" : "5bab281f1cb2047f12ba",
    "edited_by_principal_domain_id" : "default"
  },
  "_doc" : "ecc3af29a4f2dce70216",
  "_qname" : "o:ecc3af29a4f2dce70216",
  "directionality" : "DIRECTED",
  "_features" : {
    "f:audit" : { },
    "f:indexable" : { }
  },
  "source_type" : "d:type",
  "source" : "4f18eb84781bcafdad91",
  "target_type" : "n:form",
  "target" : "09f7c3b332797f2750c1"
}