{
  "_system" : {
    "deleted" : false,
    "changeset" : "66:dd8ae6ef8be48a28fe7c",
    "created_on" : {
      "timestamp" : "14-Feb-2019 15:33:09",
      "year" : 2019,
      "month" : 1,
      "day_of_month" : 14,
      "hour" : 15,
      "minute" : 33,
      "second" : 9,
      "millisecond" : 103,
      "ms" : 1550158389103,
      "iso_8601" : "2019-02-14T15:33:09Z"
    },
    "created_by" : "admin",
    "created_by_principal_id" : "5bab281f1cb2047f12ba",
    "created_by_principal_domain_id" : "default",
    "modified_on" : {
      "timestamp" : "14-Feb-2019 15:33:09",
      "year" : 2019,
      "month" : 1,
      "day_of_month" : 14,
      "hour" : 15,
      "minute" : 33,
      "second" : 9,
      "millisecond" : 125,
      "ms" : 1550158389125,
      "iso_8601" : "2019-02-14T15:33:09Z"
    },
    "modified_by" : "admin",
    "modified_by_principal_id" : "5bab281f1cb2047f12ba",
    "modified_by_principal_domain_id" : "default",
    "edited_on" : {
      "timestamp" : "14-Feb-2019 15:33:09",
      "year" : 2019,
      "month" : 1,
      "day_of_month" : 14,
      "hour" : 15,
      "minute" : 33,
      "second" : 9,
      "millisecond" : 125,
      "ms" : 1550158389125,
      "iso_8601" : "2019-02-14T15:33:09Z"
    },
    "edited_by" : "admin",
    "edited_by_principal_id" : "5bab281f1cb2047f12ba",
    "edited_by_principal_domain_id" : "default"
  },
  "_doc" : "3da7023c7db8543be9fe",
  "_qname" : "o:3da7023c7db8543be9fe",
  "_type" : "a:child",
  "directionality" : "DIRECTED",
  "_features" : {
    "f:audit" : { },
    "f:indexable" : { },
    "f:propagates-authorities" : {
      "enabled" : true
    },
    "f:non-cyclic" : { },
    "f:knowledge-sharing" : {
      "enabled" : true
    }
  },
  "source_type" : "n:root",
  "source" : "821c40ab613d9b5bcbbc656b62229301",
  "target_type" : "n:node",
  "target" : "35616ceb489252f72186"
}