{
  "_doc" : "23:71b04924622f2f04216d",
  "_system" : {
    "created_on" : {
      "timestamp" : "20-Oct-2021 09:34:20",
      "year" : 2021,
      "month" : 9,
      "day_of_month" : 20,
      "hour" : 9,
      "minute" : 34,
      "second" : 20,
      "millisecond" : 199,
      "ms" : 1634736860199,
      "iso_8601" : "2021-10-20T09:34:20-04:00"
    },
    "created_by" : "admin",
    "created_by_principal_id" : "2a7c6669601b1ba4c958",
    "created_by_principal_domain_id" : "default",
    "modified_on" : {
      "timestamp" : "20-Oct-2021 09:34:20",
      "year" : 2021,
      "month" : 9,
      "day_of_month" : 20,
      "hour" : 9,
      "minute" : 34,
      "second" : 20,
      "millisecond" : 225,
      "ms" : 1634736860225,
      "iso_8601" : "2021-10-20T09:34:20-04:00"
    },
    "modified_by" : "admin",
    "modified_by_principal_id" : "2a7c6669601b1ba4c958",
    "modified_by_principal_domain_id" : "default",
    "edited_on" : {
      "timestamp" : "20-Oct-2021 09:34:20",
      "year" : 2021,
      "month" : 9,
      "day_of_month" : 20,
      "hour" : 9,
      "minute" : 34,
      "second" : 20,
      "millisecond" : 225,
      "ms" : 1634736860225,
      "iso_8601" : "2021-10-20T09:34:20-04:00"
    },
    "edited_by" : "admin",
    "edited_by_principal_id" : "2a7c6669601b1ba4c958",
    "edited_by_principal_domain_id" : "default"
  },
  "revision" : 23,
  "active" : true,
  "parents" : [ "22:3acbc80e52dcc909e3c7" ],
  "branch" : "1ad06a3e9160fdc88c85"
}