{
  "_doc" : "34:cb3c2281b699aa095977",
  "_system" : {
    "created_on" : {
      "timestamp" : "14-Feb-2019 15:33:00",
      "year" : 2019,
      "month" : 1,
      "day_of_month" : 14,
      "hour" : 15,
      "minute" : 33,
      "second" : 0,
      "millisecond" : 292,
      "ms" : 1550158380292,
      "iso_8601" : "2019-02-14T15:33:00Z"
    },
    "created_by" : "admin",
    "created_by_principal_id" : "5bab281f1cb2047f12ba",
    "created_by_principal_domain_id" : "default",
    "modified_on" : {
      "timestamp" : "14-Feb-2019 15:33:00",
      "year" : 2019,
      "month" : 1,
      "day_of_month" : 14,
      "hour" : 15,
      "minute" : 33,
      "second" : 0,
      "millisecond" : 925,
      "ms" : 1550158380925,
      "iso_8601" : "2019-02-14T15:33:00Z"
    },
    "modified_by" : "admin",
    "modified_by_principal_id" : "5bab281f1cb2047f12ba",
    "modified_by_principal_domain_id" : "default",
    "edited_on" : {
      "timestamp" : "14-Feb-2019 15:33:00",
      "year" : 2019,
      "month" : 1,
      "day_of_month" : 14,
      "hour" : 15,
      "minute" : 33,
      "second" : 0,
      "millisecond" : 925,
      "ms" : 1550158380925,
      "iso_8601" : "2019-02-14T15:33:00Z"
    },
    "edited_by" : "admin",
    "edited_by_principal_id" : "5bab281f1cb2047f12ba",
    "edited_by_principal_domain_id" : "default"
  },
  "revision" : 34,
  "active" : true,
  "parents" : [ "33:bedd711b3e6e882a6457" ],
  "branch" : "4a11b3490f5cf2a8a2b7"
}