{
  "_system" : {
    "deleted" : false,
    "changeset" : "8:f5eeb32448536bbf4106",
    "created_on" : {
      "timestamp" : "05-Aug-2021 15:36:50",
      "year" : 2021,
      "month" : 7,
      "day_of_month" : 5,
      "hour" : 15,
      "minute" : 36,
      "second" : 50,
      "millisecond" : 226,
      "ms" : 1628177810226,
      "iso_8601" : "2021-08-05T15:36:50Z"
    },
    "created_by" : "admin",
    "created_by_principal_id" : "b3236127dacc03f40cd9",
    "created_by_principal_domain_id" : "default",
    "modified_on" : {
      "timestamp" : "05-Aug-2021 15:36:50",
      "year" : 2021,
      "month" : 7,
      "day_of_month" : 5,
      "hour" : 15,
      "minute" : 36,
      "second" : 50,
      "millisecond" : 289,
      "ms" : 1628177810289,
      "iso_8601" : "2021-08-05T15:36:50Z"
    },
    "modified_by" : "admin",
    "modified_by_principal_id" : "b3236127dacc03f40cd9",
    "modified_by_principal_domain_id" : "default",
    "edited_on" : {
      "timestamp" : "05-Aug-2021 15:36:50",
      "year" : 2021,
      "month" : 7,
      "day_of_month" : 5,
      "hour" : 15,
      "minute" : 36,
      "second" : 50,
      "millisecond" : 289,
      "ms" : 1628177810289,
      "iso_8601" : "2021-08-05T15:36:50Z"
    },
    "edited_by" : "admin",
    "edited_by_principal_id" : "b3236127dacc03f40cd9",
    "edited_by_principal_domain_id" : "default",
    "rev" : 8,
    "branch" : "23fafbfbb544c803da8d",
    "_op" : "create"
  },
  "_doc" : "c1c5f8702e1f20d76474",
  "_qname" : "o:c1c5f8702e1f20d76474",
  "_type" : "a:child",
  "directionality" : "DIRECTED",
  "_features" : {
    "f:audit" : { },
    "f:indexable" : { },
    "f:propagates-authorities" : {
      "enabled" : true
    },
    "f:non-cyclic" : { },
    "f:knowledge-sharing" : {
      "enabled" : true
    }
  },
  "source_type" : "n:node",
  "source" : "38f42ac1c2d84e41077d",
  "target_type" : "n:email_template",
  "target" : "1df0eb6f403755f36ad8"
}