{
  "_type" : "store:authored-by",
  "_features" : {
    "f:relator" : {
      "propertyHolder" : "source",
      "propertyPath" : "/author"
    }
  },
  "source_type" : "store:book",
  "source" : "858af8d723e241fb9370",
  "target_type" : "store:author",
  "target" : "998f15ed2f5a42119b37",
  "directionality" : "DIRECTED",
  "_qname" : "o:f5de46f681cf47aaa290",
  "_doc" : "f5de46f681cf47aaa290",
  "_system" : {
    "deleted" : false,
    "changeset" : "28:ca877f9b5e75e35dc3ad",
    "created_on" : {
      "timestamp" : "07-Mar-2023 09:39:35",
      "year" : 2023,
      "month" : 2,
      "day_of_month" : 7,
      "hour" : 9,
      "minute" : 39,
      "second" : 35,
      "millisecond" : 144,
      "ms" : 1678199975144,
      "iso_8601" : "2023-03-07T09:39:35-05:00"
    },
    "created_by" : "admin",
    "created_by_principal_id" : "046cf0d415feaf45bcf2",
    "created_by_principal_domain_id" : "default",
    "modified_on" : {
      "timestamp" : "07-Mar-2023 09:39:36",
      "year" : 2023,
      "month" : 2,
      "day_of_month" : 7,
      "hour" : 9,
      "minute" : 39,
      "second" : 36,
      "millisecond" : 146,
      "ms" : 1678199976146,
      "iso_8601" : "2023-03-07T09:39:36-05:00"
    },
    "modified_by" : "admin",
    "modified_by_principal_id" : "046cf0d415feaf45bcf2",
    "modified_by_principal_domain_id" : "default",
    "edited_on" : {
      "timestamp" : "07-Mar-2023 09:39:36",
      "year" : 2023,
      "month" : 2,
      "day_of_month" : 7,
      "hour" : 9,
      "minute" : 39,
      "second" : 36,
      "millisecond" : 146,
      "ms" : 1678199976146,
      "iso_8601" : "2023-03-07T09:39:36-05:00"
    },
    "edited_by" : "admin",
    "edited_by_principal_id" : "046cf0d415feaf45bcf2",
    "rev" : 28,
    "branch" : "660838eae4eeba015a76",
    "_op" : "create",
    "edited_by_principal_domain_id" : "default"
  }
}