{
  "permissioned" : "2dec16f6ebd1b88f821b",
  "principal" : "d55195d9c33c3c33e773",
  "authority" : "connector",
  "domain" : "default",
  "_system" : {
    "created_on" : {
      "timestamp" : "05-Aug-2021 15:36:39",
      "year" : 2021,
      "month" : 7,
      "day_of_month" : 5,
      "hour" : 15,
      "minute" : 36,
      "second" : 39,
      "millisecond" : 711,
      "ms" : 1628177799711,
      "iso_8601" : "2021-08-05T15:36:39Z"
    },
    "created_by" : "admin",
    "created_by_principal_id" : "b3236127dacc03f40cd9",
    "created_by_principal_domain_id" : "default",
    "modified_on" : {
      "timestamp" : "05-Aug-2021 15:36:39",
      "year" : 2021,
      "month" : 7,
      "day_of_month" : 5,
      "hour" : 15,
      "minute" : 36,
      "second" : 39,
      "millisecond" : 711,
      "ms" : 1628177799711,
      "iso_8601" : "2021-08-05T15:36:39Z"
    },
    "modified_by" : "admin",
    "modified_by_principal_id" : "b3236127dacc03f40cd9",
    "modified_by_principal_domain_id" : "default",
    "edited_on" : {
      "timestamp" : "05-Aug-2021 15:36:39",
      "year" : 2021,
      "month" : 7,
      "day_of_month" : 5,
      "hour" : 15,
      "minute" : 36,
      "second" : 39,
      "millisecond" : 711,
      "ms" : 1628177799711,
      "iso_8601" : "2021-08-05T15:36:39Z"
    },
    "edited_by" : "admin",
    "edited_by_principal_id" : "b3236127dacc03f40cd9",
    "edited_by_principal_domain_id" : "default"
  },
  "_doc" : "199227346a6fa038554f"
}