{
  "_system" : {
    "deleted" : false,
    "changeset" : "6:b5b5f18b7d733e86838a",
    "created_on" : {
      "timestamp" : "26-Nov-2021 22:42:33",
      "year" : 2021,
      "month" : 10,
      "day_of_month" : 26,
      "hour" : 22,
      "minute" : 42,
      "second" : 33,
      "millisecond" : 909,
      "ms" : 1637984553909,
      "iso_8601" : "2021-11-26T22:42:33-05:00"
    },
    "created_by" : "admin",
    "created_by_principal_id" : "5bef34d1ea45b9e98ee7",
    "created_by_principal_domain_id" : "default",
    "modified_on" : {
      "timestamp" : "26-Nov-2021 22:42:33",
      "year" : 2021,
      "month" : 10,
      "day_of_month" : 26,
      "hour" : 22,
      "minute" : 42,
      "second" : 33,
      "millisecond" : 927,
      "ms" : 1637984553927,
      "iso_8601" : "2021-11-26T22:42:33-05:00"
    },
    "modified_by" : "admin",
    "modified_by_principal_id" : "5bef34d1ea45b9e98ee7",
    "modified_by_principal_domain_id" : "default",
    "edited_on" : {
      "timestamp" : "26-Nov-2021 22:42:33",
      "year" : 2021,
      "month" : 10,
      "day_of_month" : 26,
      "hour" : 22,
      "minute" : 42,
      "second" : 33,
      "millisecond" : 927,
      "ms" : 1637984553927,
      "iso_8601" : "2021-11-26T22:42:33-05:00"
    },
    "edited_by" : "admin",
    "edited_by_principal_id" : "5bef34d1ea45b9e98ee7",
    "edited_by_principal_domain_id" : "default",
    "rev" : 6,
    "branch" : "9bc800c8fc0417d3210c",
    "_op" : "create"
  },
  "_doc" : "529b0475ddc0adfbf01a",
  "_qname" : "o:529b0475ddc0adfbf01a",
  "_type" : "n:node",
  "_features" : {
    "f:audit" : { },
    "f:titled" : { },
    "f:filename" : {
      "filename" : "Email"
    },
    "f:geolocation" : { },
    "f:indexable" : { },
    "f:container" : { }
  },
  "title" : "Email"
}