{
  "_doc" : "48:38a15b95d0c6dad64af0",
  "_system" : {
    "created_on" : {
      "timestamp" : "14-Feb-2019 15:33:04",
      "year" : 2019,
      "month" : 1,
      "day_of_month" : 14,
      "hour" : 15,
      "minute" : 33,
      "second" : 4,
      "millisecond" : 271,
      "ms" : 1550158384271,
      "iso_8601" : "2019-02-14T15:33:04Z"
    },
    "created_by" : "admin",
    "created_by_principal_id" : "5bab281f1cb2047f12ba",
    "created_by_principal_domain_id" : "default",
    "modified_on" : {
      "timestamp" : "14-Feb-2019 15:33:04",
      "year" : 2019,
      "month" : 1,
      "day_of_month" : 14,
      "hour" : 15,
      "minute" : 33,
      "second" : 4,
      "millisecond" : 441,
      "ms" : 1550158384441,
      "iso_8601" : "2019-02-14T15:33:04Z"
    },
    "modified_by" : "admin",
    "modified_by_principal_id" : "5bab281f1cb2047f12ba",
    "modified_by_principal_domain_id" : "default",
    "edited_on" : {
      "timestamp" : "14-Feb-2019 15:33:04",
      "year" : 2019,
      "month" : 1,
      "day_of_month" : 14,
      "hour" : 15,
      "minute" : 33,
      "second" : 4,
      "millisecond" : 441,
      "ms" : 1550158384441,
      "iso_8601" : "2019-02-14T15:33:04Z"
    },
    "edited_by" : "admin",
    "edited_by_principal_id" : "5bab281f1cb2047f12ba",
    "edited_by_principal_domain_id" : "default"
  },
  "revision" : 48,
  "active" : true,
  "parents" : [ "47:9726a2388e7c527c418a" ],
  "branch" : "4a11b3490f5cf2a8a2b7"
}