{
  "_features" : {
    "f:relator" : {
      "propertyHolder" : "source",
      "propertyPath" : "/recommendations[0]",
      "active" : true
    },
    "f:audit" : { },
    "f:indexable" : { }
  },
  "source" : "a60f544090fe4e30bf34",
  "source_type" : "store:book",
  "target" : "3e8cd53490a94c278f79",
  "target_type" : "store:book",
  "directionality" : "DIRECTED",
  "_system" : {
    "deleted" : false,
    "changeset" : "10:a4f2e56b001d67f3fad9",
    "created_on" : {
      "timestamp" : "05-Aug-2021 15:37:08",
      "year" : 2021,
      "month" : 7,
      "day_of_month" : 5,
      "hour" : 15,
      "minute" : 37,
      "second" : 8,
      "millisecond" : 937,
      "ms" : 1628177828937,
      "iso_8601" : "2021-08-05T15:37:08Z"
    },
    "created_by" : "system",
    "created_by_principal_id" : "system",
    "modified_on" : {
      "timestamp" : "05-Aug-2021 15:37:10",
      "year" : 2021,
      "month" : 7,
      "day_of_month" : 5,
      "hour" : 15,
      "minute" : 37,
      "second" : 10,
      "millisecond" : 726,
      "ms" : 1628177830726,
      "iso_8601" : "2021-08-05T15:37:10Z"
    },
    "modified_by" : "system",
    "modified_by_principal_id" : "system",
    "edited_on" : {
      "timestamp" : "05-Aug-2021 15:37:08",
      "year" : 2021,
      "month" : 7,
      "day_of_month" : 5,
      "hour" : 15,
      "minute" : 37,
      "second" : 8,
      "millisecond" : 937,
      "ms" : 1628177828937,
      "iso_8601" : "2021-08-05T15:37:08Z"
    },
    "edited_by" : "system",
    "edited_by_principal_id" : "system",
    "rev" : 10,
    "branch" : "23fafbfbb544c803da8d",
    "_op" : "create"
  },
  "_doc" : "cfd9e287c6415849607e",
  "_qname" : "o:cfd9e287c6415849607e",
  "_type" : "store:suggests"
}