{
  "_system" : {
    "created_on" : {
      "timestamp" : "05-Aug-2021 15:36:38",
      "year" : 2021,
      "month" : 7,
      "day_of_month" : 5,
      "hour" : 15,
      "minute" : 36,
      "second" : 38,
      "millisecond" : 383,
      "ms" : 1628177798383,
      "iso_8601" : "2021-08-05T15:36:38Z"
    },
    "created_by" : "admin",
    "created_by_principal_id" : "b3236127dacc03f40cd9",
    "created_by_principal_domain_id" : "default",
    "modified_on" : {
      "timestamp" : "05-Aug-2021 15:37:30",
      "year" : 2021,
      "month" : 7,
      "day_of_month" : 5,
      "hour" : 15,
      "minute" : 37,
      "second" : 30,
      "millisecond" : 850,
      "ms" : 1628177850850,
      "iso_8601" : "2021-08-05T15:37:30Z"
    },
    "modified_by" : "admin",
    "modified_by_principal_id" : "b3236127dacc03f40cd9",
    "modified_by_principal_domain_id" : "default",
    "edited_on" : {
      "timestamp" : "05-Aug-2021 15:37:30",
      "year" : 2021,
      "month" : 7,
      "day_of_month" : 5,
      "hour" : 15,
      "minute" : 37,
      "second" : 30,
      "millisecond" : 850,
      "ms" : 1628177850850,
      "iso_8601" : "2021-08-05T15:37:30Z"
    },
    "edited_by" : "admin",
    "edited_by_principal_id" : "b3236127dacc03f40cd9",
    "edited_by_principal_domain_id" : "default"
  },
  "_doc" : "b48d74fbf1ea77e17591",
  "title" : "Sample Project Stack"
}