{
  "_system" : {
    "deleted" : false,
    "changeset" : "10:0c0116ba33be697c93eb",
    "created_on" : {
      "timestamp" : "14-Feb-2019 15:32:47",
      "year" : 2019,
      "month" : 1,
      "day_of_month" : 14,
      "hour" : 15,
      "minute" : 32,
      "second" : 47,
      "millisecond" : 81,
      "ms" : 1550158367081,
      "iso_8601" : "2019-02-14T15:32:47Z"
    },
    "created_by" : "admin",
    "created_by_principal_id" : "5bab281f1cb2047f12ba",
    "created_by_principal_domain_id" : "default",
    "modified_on" : {
      "timestamp" : "14-Feb-2019 15:32:47",
      "year" : 2019,
      "month" : 1,
      "day_of_month" : 14,
      "hour" : 15,
      "minute" : 32,
      "second" : 47,
      "millisecond" : 95,
      "ms" : 1550158367095,
      "iso_8601" : "2019-02-14T15:32:47Z"
    },
    "modified_by" : "admin",
    "modified_by_principal_id" : "5bab281f1cb2047f12ba",
    "modified_by_principal_domain_id" : "default",
    "edited_on" : {
      "timestamp" : "14-Feb-2019 15:32:47",
      "year" : 2019,
      "month" : 1,
      "day_of_month" : 14,
      "hour" : 15,
      "minute" : 32,
      "second" : 47,
      "millisecond" : 95,
      "ms" : 1550158367095,
      "iso_8601" : "2019-02-14T15:32:47Z"
    },
    "edited_by" : "admin",
    "edited_by_principal_id" : "5bab281f1cb2047f12ba",
    "edited_by_principal_domain_id" : "default"
  },
  "_doc" : "3c1c58b7496aff868d03",
  "_qname" : "o:3c1c58b7496aff868d03",
  "_type" : "a:child",
  "directionality" : "DIRECTED",
  "_features" : {
    "f:audit" : { },
    "f:indexable" : { },
    "f:propagates-authorities" : {
      "enabled" : true
    },
    "f:non-cyclic" : { },
    "f:knowledge-sharing" : {
      "enabled" : true
    }
  },
  "source_type" : "n:root",
  "source" : "821c40ab613d9b5bcbbc656b62229301",
  "target_type" : "n:node",
  "target" : "1f0161f1160f3bf0848b"
}