{
  "_type" : "store:author",
  "title" : "Garrison Keillor",
  "firstName" : "Garrison",
  "lastName" : "Keillor",
  "slug" : "garrison-keillor",
  "_features" : {
    "f:filename" : {
      "filename" : "Garrison_Keillor"
    }
  },
  "_qname" : "o:da0dc687824040f0b17e",
  "_doc" : "da0dc687824040f0b17e",
  "_system" : {
    "deleted" : false,
    "changeset" : "9:8428e1f2e5072f3dbdfa",
    "created_on" : {
      "timestamp" : "21-Jan-2021 16:22:26",
      "year" : 2021,
      "month" : 0,
      "day_of_month" : 21,
      "hour" : 16,
      "minute" : 22,
      "second" : 26,
      "millisecond" : 832,
      "ms" : 1611264146832,
      "iso_8601" : "2021-01-21T16:22:26-05:00"
    },
    "created_by" : "system",
    "created_by_principal_id" : "system",
    "created_by_principal_domain_id" : null,
    "modified_on" : {
      "timestamp" : "21-Jan-2021 16:22:27",
      "year" : 2021,
      "month" : 0,
      "day_of_month" : 21,
      "hour" : 16,
      "minute" : 22,
      "second" : 27,
      "millisecond" : 195,
      "ms" : 1611264147195,
      "iso_8601" : "2021-01-21T16:22:27-05:00"
    },
    "modified_by" : "system",
    "modified_by_principal_id" : "system",
    "modified_by_principal_domain_id" : null,
    "edited_on" : {
      "timestamp" : "21-Jan-2021 16:22:26",
      "year" : 2021,
      "month" : 0,
      "day_of_month" : 21,
      "hour" : 16,
      "minute" : 22,
      "second" : 26,
      "millisecond" : 832,
      "ms" : 1611264146832,
      "iso_8601" : "2021-01-21T16:22:26-05:00"
    },
    "edited_by" : "system",
    "edited_by_principal_id" : "system",
    "edited_by_principal_domain_id" : null,
    "rev" : 9,
    "branch" : "3d4e3a21a7c02c55017c",
    "_op" : "create",
    "attachments" : {
      "default" : {
        "contentType" : "image/jpeg",
        "length" : 157408,
        "objectId" : "attachment_da0dc687824040f0b17e_ac901ded03a80ace0b56",
        "filename" : "default.jpg"
      }
    }
  }
}