{
  "_doc" : "37:6524278281ae4e79f062",
  "_system" : {
    "created_on" : {
      "timestamp" : "20-Oct-2021 00:03:41",
      "year" : 2021,
      "month" : 9,
      "day_of_month" : 20,
      "hour" : 0,
      "minute" : 3,
      "second" : 41,
      "millisecond" : 827,
      "ms" : 1634702621827,
      "iso_8601" : "2021-10-20T00:03:41-04:00"
    },
    "created_by" : "admin",
    "created_by_principal_id" : "2a7c6669601b1ba4c958",
    "created_by_principal_domain_id" : "default",
    "modified_on" : {
      "timestamp" : "20-Oct-2021 00:03:41",
      "year" : 2021,
      "month" : 9,
      "day_of_month" : 20,
      "hour" : 0,
      "minute" : 3,
      "second" : 41,
      "millisecond" : 895,
      "ms" : 1634702621895,
      "iso_8601" : "2021-10-20T00:03:41-04:00"
    },
    "modified_by" : "admin",
    "modified_by_principal_id" : "2a7c6669601b1ba4c958",
    "modified_by_principal_domain_id" : "default",
    "edited_on" : {
      "timestamp" : "20-Oct-2021 00:03:41",
      "year" : 2021,
      "month" : 9,
      "day_of_month" : 20,
      "hour" : 0,
      "minute" : 3,
      "second" : 41,
      "millisecond" : 895,
      "ms" : 1634702621895,
      "iso_8601" : "2021-10-20T00:03:41-04:00"
    },
    "edited_by" : "admin",
    "edited_by_principal_id" : "2a7c6669601b1ba4c958",
    "edited_by_principal_domain_id" : "default"
  },
  "revision" : 37,
  "active" : true,
  "parents" : [ "36:56fb5e129fb1b89b31b6" ],
  "branch" : "a73f26b4127e018473e1"
}