{
  "_features" : {
    "f:relator" : {
      "propertyHolder" : "source",
      "propertyPath" : "/recommendations[1]",
      "active" : true
    },
    "f:audit" : { },
    "f:indexable" : { }
  },
  "source" : "cd974a85886a4e3bb8c2",
  "source_type" : "store:book",
  "target" : "4699b610cad042d18520",
  "target_type" : "store:book",
  "directionality" : "DIRECTED",
  "_system" : {
    "deleted" : false,
    "changeset" : "28:28d53d4c26da7a999b05",
    "created_on" : {
      "timestamp" : "20-Oct-2021 00:03:38",
      "year" : 2021,
      "month" : 9,
      "day_of_month" : 20,
      "hour" : 0,
      "minute" : 3,
      "second" : 38,
      "millisecond" : 755,
      "ms" : 1634702618755,
      "iso_8601" : "2021-10-20T00:03:38-04:00"
    },
    "created_by" : "admin",
    "created_by_principal_id" : "2a7c6669601b1ba4c958",
    "created_by_principal_domain_id" : "default",
    "modified_on" : {
      "timestamp" : "20-Oct-2021 00:03:38",
      "year" : 2021,
      "month" : 9,
      "day_of_month" : 20,
      "hour" : 0,
      "minute" : 3,
      "second" : 38,
      "millisecond" : 810,
      "ms" : 1634702618810,
      "iso_8601" : "2021-10-20T00:03:38-04:00"
    },
    "modified_by" : "admin",
    "modified_by_principal_id" : "2a7c6669601b1ba4c958",
    "modified_by_principal_domain_id" : "default",
    "edited_on" : {
      "timestamp" : "20-Oct-2021 00:03:38",
      "year" : 2021,
      "month" : 9,
      "day_of_month" : 20,
      "hour" : 0,
      "minute" : 3,
      "second" : 38,
      "millisecond" : 810,
      "ms" : 1634702618810,
      "iso_8601" : "2021-10-20T00:03:38-04:00"
    },
    "edited_by" : "admin",
    "edited_by_principal_id" : "2a7c6669601b1ba4c958",
    "edited_by_principal_domain_id" : "default",
    "rev" : 28,
    "branch" : "a73f26b4127e018473e1",
    "_op" : "create"
  },
  "_doc" : "9f8dc6e32eed0407502b",
  "_qname" : "o:9f8dc6e32eed0407502b",
  "_type" : "store:suggests"
}