{
  "_type" : "catalog:product-review",
  "title" : "Review #11 Too much Chocolate",
  "author" : "johnny.carson",
  "body" : "These were freaking delicious! There are mixed reviews that say they were too dry? Honestly I have no idea what these people were doing wrong...? They weren't light and fluffy it's true - but they were super good and moist- they should be called Chocolate Brownie Cupcakes because they are definitely more dense like a Brownie - but who doesn't love a good brownie? I used creamcheese icing and they came out so well. I followed the recipe exactly and baked them 20 min. Perfection!",
  "rating" : 2,
  "_doc" : "2e7656f3344619a0b639",
  "_system" : {
    "deleted" : false,
    "changeset" : "25:7cb4ef67a1dd31ef4bef",
    "created_on" : {
      "timestamp" : "14-Feb-2019 15:32:54",
      "year" : 2019,
      "month" : 1,
      "day_of_month" : 14,
      "hour" : 15,
      "minute" : 32,
      "second" : 54,
      "millisecond" : 748,
      "ms" : 1550158374748,
      "iso_8601" : "2019-02-14T15:32:54Z"
    },
    "created_by" : "admin",
    "created_by_principal_id" : "5bab281f1cb2047f12ba",
    "created_by_principal_domain_id" : "default",
    "modified_on" : {
      "timestamp" : "14-Feb-2019 15:32:54",
      "year" : 2019,
      "month" : 1,
      "day_of_month" : 14,
      "hour" : 15,
      "minute" : 32,
      "second" : 54,
      "millisecond" : 793,
      "ms" : 1550158374793,
      "iso_8601" : "2019-02-14T15:32:54Z"
    },
    "modified_by" : "admin",
    "modified_by_principal_id" : "5bab281f1cb2047f12ba",
    "modified_by_principal_domain_id" : "default",
    "edited_on" : {
      "timestamp" : "14-Feb-2019 15:32:54",
      "year" : 2019,
      "month" : 1,
      "day_of_month" : 14,
      "hour" : 15,
      "minute" : 32,
      "second" : 54,
      "millisecond" : 793,
      "ms" : 1550158374793,
      "iso_8601" : "2019-02-14T15:32:54Z"
    },
    "edited_by" : "admin",
    "edited_by_principal_id" : "5bab281f1cb2047f12ba",
    "edited_by_principal_domain_id" : "default"
  },
  "_qname" : "o:2e7656f3344619a0b639",
  "_features" : {
    "f:audit" : { },
    "f:titled" : { },
    "f:filename" : {
      "filename" : "Review+%2311+Too+much+Chocolate"
    },
    "f:geolocation" : { },
    "f:indexable" : { }
  }
}