{
  "_type" : "n:email_template",
  "_system" : {
    "deleted" : false,
    "changeset" : "8:b51f6d3780611ba033b7",
    "created_on" : {
      "timestamp" : "21-Jan-2021 16:22:17",
      "year" : 2021,
      "month" : 0,
      "day_of_month" : 21,
      "hour" : 16,
      "minute" : 22,
      "second" : 17,
      "millisecond" : 630,
      "ms" : 1611264137630,
      "iso_8601" : "2021-01-21T16:22:17-05:00"
    },
    "created_by" : "admin",
    "created_by_principal_id" : "8df8c30d1c2f95496937",
    "created_by_principal_domain_id" : "default",
    "modified_on" : {
      "timestamp" : "21-Jan-2021 16:22:17",
      "year" : 2021,
      "month" : 0,
      "day_of_month" : 21,
      "hour" : 16,
      "minute" : 22,
      "second" : 17,
      "millisecond" : 643,
      "ms" : 1611264137643,
      "iso_8601" : "2021-01-21T16:22:17-05:00"
    },
    "modified_by" : "admin",
    "modified_by_principal_id" : "8df8c30d1c2f95496937",
    "modified_by_principal_domain_id" : "default",
    "edited_on" : {
      "timestamp" : "21-Jan-2021 16:22:17",
      "year" : 2021,
      "month" : 0,
      "day_of_month" : 21,
      "hour" : 16,
      "minute" : 22,
      "second" : 17,
      "millisecond" : 643,
      "ms" : 1611264137643,
      "iso_8601" : "2021-01-21T16:22:17-05:00"
    },
    "edited_by" : "admin",
    "edited_by_principal_id" : "8df8c30d1c2f95496937",
    "edited_by_principal_domain_id" : "default",
    "rev" : 8,
    "branch" : "3d4e3a21a7c02c55017c",
    "_op" : "create",
    "attachments" : {
      "default" : {
        "contentType" : "application/freemarker",
        "length" : 429,
        "objectId" : "attachment_4f29f00c37e18b3bf7bf_89a594e9227e70f652ec",
        "filename" : "default"
      }
    }
  },
  "_doc" : "4f29f00c37e18b3bf7bf",
  "_qname" : "o:4f29f00c37e18b3bf7bf",
  "_features" : {
    "f:audit" : { },
    "f:titled" : { },
    "f:filename" : {
      "filename" : "Invite+User+-+Welcome+Email+Template"
    },
    "f:geolocation" : { },
    "f:indexable" : { }
  },
  "title" : "Invite User - Welcome Email Template"
}