{
  "_features" : {
    "f:relator" : {
      "propertyHolder" : "source",
      "propertyPath" : "/author",
      "active" : true
    },
    "f:audit" : { },
    "f:indexable" : { }
  },
  "source" : "037dc01b37df49c6b50e",
  "source_type" : "store:book",
  "target" : "f3a455024adb42c48692",
  "target_type" : "store:author",
  "directionality" : "DIRECTED",
  "_system" : {
    "deleted" : false,
    "changeset" : "34:8a66fd952025ea1236d2",
    "created_on" : {
      "timestamp" : "20-Oct-2021 09:34:24",
      "year" : 2021,
      "month" : 9,
      "day_of_month" : 20,
      "hour" : 9,
      "minute" : 34,
      "second" : 24,
      "millisecond" : 598,
      "ms" : 1634736864598,
      "iso_8601" : "2021-10-20T09:34:24-04:00"
    },
    "created_by" : "admin",
    "created_by_principal_id" : "2a7c6669601b1ba4c958",
    "created_by_principal_domain_id" : "default",
    "modified_on" : {
      "timestamp" : "20-Oct-2021 09:34:24",
      "year" : 2021,
      "month" : 9,
      "day_of_month" : 20,
      "hour" : 9,
      "minute" : 34,
      "second" : 24,
      "millisecond" : 667,
      "ms" : 1634736864667,
      "iso_8601" : "2021-10-20T09:34:24-04:00"
    },
    "modified_by" : "admin",
    "modified_by_principal_id" : "2a7c6669601b1ba4c958",
    "modified_by_principal_domain_id" : "default",
    "edited_on" : {
      "timestamp" : "20-Oct-2021 09:34:24",
      "year" : 2021,
      "month" : 9,
      "day_of_month" : 20,
      "hour" : 9,
      "minute" : 34,
      "second" : 24,
      "millisecond" : 667,
      "ms" : 1634736864667,
      "iso_8601" : "2021-10-20T09:34:24-04:00"
    },
    "edited_by" : "admin",
    "edited_by_principal_id" : "2a7c6669601b1ba4c958",
    "edited_by_principal_domain_id" : "default",
    "rev" : 34,
    "branch" : "1ad06a3e9160fdc88c85",
    "_op" : "create"
  },
  "_doc" : "5c4738bbd2d65d244248",
  "_qname" : "o:5c4738bbd2d65d244248",
  "_type" : "store:authored-by"
}