{
  "_doc" : "129:264815480c8c37120d2d",
  "_system" : {
    "created_on" : {
      "timestamp" : "14-Feb-2019 15:33:33",
      "year" : 2019,
      "month" : 1,
      "day_of_month" : 14,
      "hour" : 15,
      "minute" : 33,
      "second" : 33,
      "millisecond" : 342,
      "ms" : 1550158413342,
      "iso_8601" : "2019-02-14T15:33:33Z"
    },
    "created_by" : "system",
    "created_by_principal_id" : "system",
    "created_by_principal_domain_id" : null,
    "modified_on" : {
      "timestamp" : "14-Feb-2019 15:33:33",
      "year" : 2019,
      "month" : 1,
      "day_of_month" : 14,
      "hour" : 15,
      "minute" : 33,
      "second" : 33,
      "millisecond" : 469,
      "ms" : 1550158413469,
      "iso_8601" : "2019-02-14T15:33:33Z"
    },
    "modified_by" : "system",
    "modified_by_principal_id" : "system",
    "modified_by_principal_domain_id" : null,
    "edited_on" : {
      "timestamp" : "14-Feb-2019 15:33:33",
      "year" : 2019,
      "month" : 1,
      "day_of_month" : 14,
      "hour" : 15,
      "minute" : 33,
      "second" : 33,
      "millisecond" : 342,
      "ms" : 1550158413342,
      "iso_8601" : "2019-02-14T15:33:33Z"
    },
    "edited_by" : "system",
    "edited_by_principal_id" : "system",
    "edited_by_principal_domain_id" : null
  },
  "revision" : 129,
  "active" : true,
  "parents" : [ "128:683e85398f67082f7da2" ],
  "branch" : "4a11b3490f5cf2a8a2b7"
}