{
  "_type" : "store:author",
  "title" : "Carl Sagan",
  "firstName" : "Carl",
  "lastName" : "Sagan",
  "slug" : "carl-sagan",
  "_features" : {
    "f:filename" : {
      "filename" : "Carl%20Sagan"
    },
    "f:audit" : { },
    "f:titled" : { },
    "f:geolocation" : { },
    "f:indexable" : { },
    "f:deployment-config" : {
      "default" : {
        "mappings" : [ {
          "type" : "object-to-file",
          "config" : {
            "filepath" : "/store/authors/{{object.slug}}.json"
          }
        }, {
          "type" : "attachment-to-file",
          "config" : {
            "attachmentId" : "*",
            "filepath" : "/store/authors/{{object.slug}}.{{attachment.ext}}"
          }
        } ]
      }
    },
    "f:publishable" : {
      "state" : "approved"
    }
  },
  "_qname" : "o:4b309263d4f64beea64b",
  "_doc" : "4b309263d4f64beea64b",
  "_system" : {
    "deleted" : false,
    "changeset" : "58:a70f63c62f221281bcea",
    "created_on" : {
      "timestamp" : "05-Aug-2021 15:36:59",
      "year" : 2021,
      "month" : 7,
      "day_of_month" : 5,
      "hour" : 15,
      "minute" : 36,
      "second" : 59,
      "millisecond" : 251,
      "ms" : 1628177819251,
      "iso_8601" : "2021-08-05T15:36:59Z"
    },
    "created_by" : "system",
    "created_by_principal_id" : "system",
    "modified_on" : {
      "timestamp" : "05-Aug-2021 15:37:22",
      "year" : 2021,
      "month" : 7,
      "day_of_month" : 5,
      "hour" : 15,
      "minute" : 37,
      "second" : 22,
      "millisecond" : 360,
      "ms" : 1628177842360,
      "iso_8601" : "2021-08-05T15:37:22Z"
    },
    "modified_by" : "admin",
    "modified_by_principal_id" : "b3236127dacc03f40cd9",
    "edited_on" : {
      "timestamp" : "05-Aug-2021 15:37:22",
      "year" : 2021,
      "month" : 7,
      "day_of_month" : 5,
      "hour" : 15,
      "minute" : 37,
      "second" : 22,
      "millisecond" : 360,
      "ms" : 1628177842360,
      "iso_8601" : "2021-08-05T15:37:22Z"
    },
    "edited_by" : "admin",
    "edited_by_principal_id" : "b3236127dacc03f40cd9",
    "rev" : 58,
    "attachments" : {
      "default" : {
        "contentType" : "image/jpeg",
        "length" : 20989,
        "objectId" : "attachment_4b309263d4f64beea64b_9eab95229276711fd686",
        "filename" : "default.jpg"
      }
    },
    "previousChangeset" : "9:ebf402a49734b4eebe14",
    "modified_by_principal_domain_id" : "default",
    "edited_by_principal_domain_id" : "default",
    "branch" : "23fafbfbb544c803da8d",
    "_op" : "update"
  }
}