{
  "type" : "UPDATE",
  "timestamp" : {
    "timestamp" : "07-Dec-2021 18:01:41",
    "year" : 2021,
    "month" : 11,
    "day_of_month" : 7,
    "hour" : 18,
    "minute" : 1,
    "second" : 41,
    "millisecond" : 570,
    "ms" : 1638900101570,
    "iso_8601" : "2021-12-07T18:01:41Z"
  },
  "userDomainId" : "default",
  "userId" : "9a36db8c2529d3cf7b7b",
  "userTitle" : "admin",
  "userName" : "admin",
  "objectDatastoreTypeId" : "platform",
  "objectDatastoreId" : "7c44b45c5ae05aec7e45",
  "objectDatastoreTitle" : "Root Platform",
  "objectId" : "6d2bead7f8eeaa0ddfc7",
  "objectTypeId" : "application",
  "objectTitle" : "Sample Web Application",
  "_system" : {
    "created_on" : {
      "timestamp" : "07-Dec-2021 18:01:41",
      "year" : 2021,
      "month" : 11,
      "day_of_month" : 7,
      "hour" : 18,
      "minute" : 1,
      "second" : 41,
      "millisecond" : 571,
      "ms" : 1638900101571,
      "iso_8601" : "2021-12-07T18:01:41Z"
    },
    "created_by" : "admin",
    "created_by_principal_id" : "9a36db8c2529d3cf7b7b",
    "created_by_principal_domain_id" : "default",
    "modified_on" : {
      "timestamp" : "07-Dec-2021 18:01:41",
      "year" : 2021,
      "month" : 11,
      "day_of_month" : 7,
      "hour" : 18,
      "minute" : 1,
      "second" : 41,
      "millisecond" : 571,
      "ms" : 1638900101571,
      "iso_8601" : "2021-12-07T18:01:41Z"
    },
    "modified_by" : "admin",
    "modified_by_principal_id" : "9a36db8c2529d3cf7b7b",
    "modified_by_principal_domain_id" : "default",
    "edited_on" : {
      "timestamp" : "07-Dec-2021 18:01:41",
      "year" : 2021,
      "month" : 11,
      "day_of_month" : 7,
      "hour" : 18,
      "minute" : 1,
      "second" : 41,
      "millisecond" : 571,
      "ms" : 1638900101571,
      "iso_8601" : "2021-12-07T18:01:41Z"
    },
    "edited_by" : "admin",
    "edited_by_principal_id" : "9a36db8c2529d3cf7b7b",
    "edited_by_principal_domain_id" : "default"
  },
  "_doc" : "dfdb547d8bd1ec21dfc4"
}