{
  "protected" : true,
  "_system" : {
    "modified_on" : {
      "timestamp" : "19-Apr-2019 20:09:27",
      "year" : 2019,
      "month" : 3,
      "day_of_month" : 19,
      "hour" : 20,
      "minute" : 9,
      "second" : 27,
      "millisecond" : 147,
      "ms" : 1555704567147,
      "iso_8601" : "2019-04-19T20:09:27Z"
    },
    "modified_by" : "admin",
    "modified_by_principal_id" : "74004ce2e8561e763ac4",
    "modified_by_principal_domain_id" : "default",
    "edited_on" : {
      "timestamp" : "19-Apr-2019 20:09:27",
      "year" : 2019,
      "month" : 3,
      "day_of_month" : 19,
      "hour" : 20,
      "minute" : 9,
      "second" : 27,
      "millisecond" : 147,
      "ms" : 1555704567147,
      "iso_8601" : "2019-04-19T20:09:27Z"
    },
    "edited_by" : "admin",
    "edited_by_principal_id" : "74004ce2e8561e763ac4",
    "edited_by_principal_domain_id" : "default",
    "created_on" : {
      "timestamp" : "19-Apr-2019 20:08:28",
      "year" : 2019,
      "month" : 3,
      "day_of_month" : 19,
      "hour" : 20,
      "minute" : 8,
      "second" : 28,
      "millisecond" : 904,
      "ms" : 1555704508904,
      "iso_8601" : "2019-04-19T20:08:28Z"
    },
    "created_by" : "admin",
    "created_by_principal_id" : "74004ce2e8561e763ac4",
    "created_by_principal_domain_id" : "default"
  },
  "_doc" : "bf9a02a4872cc3a3ca14"
}