{
  "_doc" : "38:40fc32621b06ff828b02",
  "_system" : {
    "created_on" : {
      "timestamp" : "14-Feb-2019 15:33:02",
      "year" : 2019,
      "month" : 1,
      "day_of_month" : 14,
      "hour" : 15,
      "minute" : 33,
      "second" : 2,
      "millisecond" : 424,
      "ms" : 1550158382424,
      "iso_8601" : "2019-02-14T15:33:02Z"
    },
    "created_by" : "admin",
    "created_by_principal_id" : "5bab281f1cb2047f12ba",
    "created_by_principal_domain_id" : "default",
    "modified_on" : {
      "timestamp" : "14-Feb-2019 15:33:02",
      "year" : 2019,
      "month" : 1,
      "day_of_month" : 14,
      "hour" : 15,
      "minute" : 33,
      "second" : 2,
      "millisecond" : 735,
      "ms" : 1550158382735,
      "iso_8601" : "2019-02-14T15:33:02Z"
    },
    "modified_by" : "admin",
    "modified_by_principal_id" : "5bab281f1cb2047f12ba",
    "modified_by_principal_domain_id" : "default",
    "edited_on" : {
      "timestamp" : "14-Feb-2019 15:33:02",
      "year" : 2019,
      "month" : 1,
      "day_of_month" : 14,
      "hour" : 15,
      "minute" : 33,
      "second" : 2,
      "millisecond" : 735,
      "ms" : 1550158382735,
      "iso_8601" : "2019-02-14T15:33:02Z"
    },
    "edited_by" : "admin",
    "edited_by_principal_id" : "5bab281f1cb2047f12ba",
    "edited_by_principal_domain_id" : "default"
  },
  "revision" : 38,
  "active" : true,
  "parents" : [ "37:c78370035424a9f12c52" ],
  "branch" : "4a11b3490f5cf2a8a2b7"
}