{
  "_system" : {
    "deleted" : false,
    "changeset" : "24:fcb4d6be4879e07c6ee6",
    "created_on" : {
      "timestamp" : "14-Feb-2019 15:32:54",
      "year" : 2019,
      "month" : 1,
      "day_of_month" : 14,
      "hour" : 15,
      "minute" : 32,
      "second" : 54,
      "millisecond" : 259,
      "ms" : 1550158374259,
      "iso_8601" : "2019-02-14T15:32:54Z"
    },
    "created_by" : "admin",
    "created_by_principal_id" : "5bab281f1cb2047f12ba",
    "created_by_principal_domain_id" : "default",
    "modified_on" : {
      "timestamp" : "14-Feb-2019 15:32:54",
      "year" : 2019,
      "month" : 1,
      "day_of_month" : 14,
      "hour" : 15,
      "minute" : 32,
      "second" : 54,
      "millisecond" : 327,
      "ms" : 1550158374327,
      "iso_8601" : "2019-02-14T15:32:54Z"
    },
    "modified_by" : "admin",
    "modified_by_principal_id" : "5bab281f1cb2047f12ba",
    "modified_by_principal_domain_id" : "default",
    "edited_on" : {
      "timestamp" : "14-Feb-2019 15:32:54",
      "year" : 2019,
      "month" : 1,
      "day_of_month" : 14,
      "hour" : 15,
      "minute" : 32,
      "second" : 54,
      "millisecond" : 327,
      "ms" : 1550158374327,
      "iso_8601" : "2019-02-14T15:32:54Z"
    },
    "edited_by" : "admin",
    "edited_by_principal_id" : "5bab281f1cb2047f12ba",
    "edited_by_principal_domain_id" : "default"
  },
  "_doc" : "83757fa06e85fd098c60",
  "_qname" : "o:83757fa06e85fd098c60",
  "_type" : "a:child",
  "directionality" : "DIRECTED",
  "_features" : {
    "f:audit" : { },
    "f:indexable" : { },
    "f:propagates-authorities" : {
      "enabled" : true
    },
    "f:non-cyclic" : { },
    "f:knowledge-sharing" : {
      "enabled" : true
    }
  },
  "source_type" : "n:node",
  "source" : "970c30014926467afba1",
  "target_type" : "catalog:person",
  "target" : "cec2bcc886c870890b46"
}