{
  "name" : "appuser-e47cee318b4962467986",
  "type" : "USER",
  "_system" : {
    "created_on" : {
      "timestamp" : "31-Aug-2022 15:26:06",
      "year" : 2022,
      "month" : 7,
      "day_of_month" : 31,
      "hour" : 15,
      "minute" : 26,
      "second" : 6,
      "millisecond" : 105,
      "ms" : 1661959566105,
      "iso_8601" : "2022-08-31T15:26:06Z"
    },
    "created_by" : "admin",
    "created_by_principal_id" : "2f873756d87a4ad1befc",
    "created_by_principal_domain_id" : "default",
    "modified_on" : {
      "timestamp" : "31-Aug-2022 15:26:06",
      "year" : 2022,
      "month" : 7,
      "day_of_month" : 31,
      "hour" : 15,
      "minute" : 26,
      "second" : 6,
      "millisecond" : 105,
      "ms" : 1661959566105,
      "iso_8601" : "2022-08-31T15:26:06Z"
    },
    "modified_by" : "admin",
    "modified_by_principal_id" : "2f873756d87a4ad1befc",
    "modified_by_principal_domain_id" : "default",
    "edited_on" : {
      "timestamp" : "31-Aug-2022 15:26:06",
      "year" : 2022,
      "month" : 7,
      "day_of_month" : 31,
      "hour" : 15,
      "minute" : 26,
      "second" : 6,
      "millisecond" : 105,
      "ms" : 1661959566105,
      "iso_8601" : "2022-08-31T15:26:06Z"
    },
    "edited_by" : "admin",
    "edited_by_principal_id" : "2f873756d87a4ad1befc",
    "edited_by_principal_domain_id" : "default"
  },
  "_doc" : "78f06257d63cfb3d29f1"
}