{
  "type" : "UPDATE",
  "timestamp" : {
    "timestamp" : "28-Sep-2020 15:25:05",
    "year" : 2020,
    "month" : 8,
    "day_of_month" : 28,
    "hour" : 15,
    "minute" : 25,
    "second" : 5,
    "millisecond" : 486,
    "ms" : 1601306705486,
    "iso_8601" : "2020-09-28T15:25:05Z"
  },
  "userDomainId" : "default",
  "userId" : "bb39303eba0c35a3d2da",
  "userTitle" : "admin",
  "userName" : "admin",
  "objectDatastoreTypeId" : "platform",
  "objectDatastoreId" : "28b3e8dfea1ba2c05c57",
  "objectDatastoreTitle" : "Root Platform",
  "objectId" : "498224610e7fececb279",
  "objectTypeId" : "repository",
  "objectTitle" : "Sample Project 'content' repository",
  "stackId" : "f72701f84fe21f3fcb2d",
  "projectId" : "306ea1212729386e883f",
  "projectTitle" : "Sample Project",
  "_system" : {
    "created_on" : {
      "timestamp" : "28-Sep-2020 15:25:05",
      "year" : 2020,
      "month" : 8,
      "day_of_month" : 28,
      "hour" : 15,
      "minute" : 25,
      "second" : 5,
      "millisecond" : 488,
      "ms" : 1601306705488,
      "iso_8601" : "2020-09-28T15:25:05Z"
    },
    "created_by" : "admin",
    "created_by_principal_id" : "bb39303eba0c35a3d2da",
    "created_by_principal_domain_id" : "default",
    "modified_on" : {
      "timestamp" : "28-Sep-2020 15:25:05",
      "year" : 2020,
      "month" : 8,
      "day_of_month" : 28,
      "hour" : 15,
      "minute" : 25,
      "second" : 5,
      "millisecond" : 488,
      "ms" : 1601306705488,
      "iso_8601" : "2020-09-28T15:25:05Z"
    },
    "modified_by" : "admin",
    "modified_by_principal_id" : "bb39303eba0c35a3d2da",
    "modified_by_principal_domain_id" : "default",
    "edited_on" : {
      "timestamp" : "28-Sep-2020 15:25:05",
      "year" : 2020,
      "month" : 8,
      "day_of_month" : 28,
      "hour" : 15,
      "minute" : 25,
      "second" : 5,
      "millisecond" : 488,
      "ms" : 1601306705488,
      "iso_8601" : "2020-09-28T15:25:05Z"
    },
    "edited_by" : "admin",
    "edited_by_principal_id" : "bb39303eba0c35a3d2da",
    "edited_by_principal_domain_id" : "default"
  },
  "_doc" : "bc9c23ae3a7eef8af9c9"
}