{
  "_system" : {
    "deleted" : false,
    "changeset" : "22:cb9c141b8def91899aa9",
    "created_on" : {
      "timestamp" : "14-Feb-2019 15:32:52",
      "year" : 2019,
      "month" : 1,
      "day_of_month" : 14,
      "hour" : 15,
      "minute" : 32,
      "second" : 52,
      "millisecond" : 980,
      "ms" : 1550158372980,
      "iso_8601" : "2019-02-14T15:32:52Z"
    },
    "created_by" : "admin",
    "created_by_principal_id" : "5bab281f1cb2047f12ba",
    "created_by_principal_domain_id" : "default",
    "modified_on" : {
      "timestamp" : "14-Feb-2019 15:32:53",
      "year" : 2019,
      "month" : 1,
      "day_of_month" : 14,
      "hour" : 15,
      "minute" : 32,
      "second" : 53,
      "millisecond" : 37,
      "ms" : 1550158373037,
      "iso_8601" : "2019-02-14T15:32:53Z"
    },
    "modified_by" : "admin",
    "modified_by_principal_id" : "5bab281f1cb2047f12ba",
    "modified_by_principal_domain_id" : "default",
    "edited_on" : {
      "timestamp" : "14-Feb-2019 15:32:53",
      "year" : 2019,
      "month" : 1,
      "day_of_month" : 14,
      "hour" : 15,
      "minute" : 32,
      "second" : 53,
      "millisecond" : 37,
      "ms" : 1550158373037,
      "iso_8601" : "2019-02-14T15:32:53Z"
    },
    "edited_by" : "admin",
    "edited_by_principal_id" : "5bab281f1cb2047f12ba",
    "edited_by_principal_domain_id" : "default"
  },
  "_doc" : "83bf9a1940b72919fbb1",
  "_qname" : "o:83bf9a1940b72919fbb1",
  "_type" : "a:child",
  "directionality" : "DIRECTED",
  "_features" : {
    "f:audit" : { },
    "f:indexable" : { },
    "f:propagates-authorities" : {
      "enabled" : true
    },
    "f:non-cyclic" : { },
    "f:knowledge-sharing" : {
      "enabled" : true
    }
  },
  "source_type" : "n:node",
  "source" : "970c30014926467afba1",
  "target_type" : "catalog:person",
  "target" : "451f7557801c85ebdf80"
}