{
  "_doc" : "117:6e7418166502bb19744b",
  "_system" : {
    "created_on" : {
      "timestamp" : "14-Feb-2019 15:33:26",
      "year" : 2019,
      "month" : 1,
      "day_of_month" : 14,
      "hour" : 15,
      "minute" : 33,
      "second" : 26,
      "millisecond" : 550,
      "ms" : 1550158406550,
      "iso_8601" : "2019-02-14T15:33:26Z"
    },
    "created_by" : "system",
    "created_by_principal_id" : "system",
    "created_by_principal_domain_id" : null,
    "modified_on" : {
      "timestamp" : "14-Feb-2019 15:33:26",
      "year" : 2019,
      "month" : 1,
      "day_of_month" : 14,
      "hour" : 15,
      "minute" : 33,
      "second" : 26,
      "millisecond" : 696,
      "ms" : 1550158406696,
      "iso_8601" : "2019-02-14T15:33:26Z"
    },
    "modified_by" : "system",
    "modified_by_principal_id" : "system",
    "modified_by_principal_domain_id" : null,
    "edited_on" : {
      "timestamp" : "14-Feb-2019 15:33:26",
      "year" : 2019,
      "month" : 1,
      "day_of_month" : 14,
      "hour" : 15,
      "minute" : 33,
      "second" : 26,
      "millisecond" : 550,
      "ms" : 1550158406550,
      "iso_8601" : "2019-02-14T15:33:26Z"
    },
    "edited_by" : "system",
    "edited_by_principal_id" : "system",
    "edited_by_principal_domain_id" : null
  },
  "revision" : 117,
  "active" : true,
  "parents" : [ "116:16e0fd9b853eeb9bd282" ],
  "branch" : "4a11b3490f5cf2a8a2b7"
}