{
  "_system" : {
    "deleted" : false,
    "changeset" : "24:1fa2362456c62d116324",
    "created_on" : {
      "timestamp" : "05-Aug-2021 15:37:14",
      "year" : 2021,
      "month" : 7,
      "day_of_month" : 5,
      "hour" : 15,
      "minute" : 37,
      "second" : 14,
      "millisecond" : 350,
      "ms" : 1628177834350,
      "iso_8601" : "2021-08-05T15:37:14Z"
    },
    "created_by" : "system",
    "created_by_principal_id" : "system",
    "modified_on" : {
      "timestamp" : "05-Aug-2021 15:37:14",
      "year" : 2021,
      "month" : 7,
      "day_of_month" : 5,
      "hour" : 15,
      "minute" : 37,
      "second" : 14,
      "millisecond" : 392,
      "ms" : 1628177834392,
      "iso_8601" : "2021-08-05T15:37:14Z"
    },
    "modified_by" : "system",
    "modified_by_principal_id" : "system",
    "edited_on" : {
      "timestamp" : "05-Aug-2021 15:37:14",
      "year" : 2021,
      "month" : 7,
      "day_of_month" : 5,
      "hour" : 15,
      "minute" : 37,
      "second" : 14,
      "millisecond" : 350,
      "ms" : 1628177834350,
      "iso_8601" : "2021-08-05T15:37:14Z"
    },
    "edited_by" : "system",
    "edited_by_principal_id" : "system",
    "rev" : 24,
    "branch" : "23fafbfbb544c803da8d",
    "_op" : "create"
  },
  "_doc" : "735e5f945ca8e6562885",
  "_qname" : "o:735e5f945ca8e6562885",
  "_type" : "a:has_tag",
  "directionality" : "DIRECTED",
  "_features" : {
    "f:audit" : { },
    "f:indexable" : { }
  },
  "source_type" : "store:book",
  "source" : "e31bf4dd3e984793b71b",
  "target_type" : "n:tag",
  "target" : "76e1fa7155426813151d"
}