{
  "tag" : "juliet",
  "title" : "juliet",
  "_system" : {
    "deleted" : false,
    "changeset" : "25:c1e4b5f3fa87ada22ddf",
    "created_on" : {
      "timestamp" : "21-Jan-2021 16:22:32",
      "year" : 2021,
      "month" : 0,
      "day_of_month" : 21,
      "hour" : 16,
      "minute" : 22,
      "second" : 32,
      "millisecond" : 19,
      "ms" : 1611264152019,
      "iso_8601" : "2021-01-21T16:22:32-05:00"
    },
    "created_by" : "system",
    "created_by_principal_id" : "system",
    "created_by_principal_domain_id" : null,
    "modified_on" : {
      "timestamp" : "21-Jan-2021 16:22:32",
      "year" : 2021,
      "month" : 0,
      "day_of_month" : 21,
      "hour" : 16,
      "minute" : 22,
      "second" : 32,
      "millisecond" : 48,
      "ms" : 1611264152048,
      "iso_8601" : "2021-01-21T16:22:32-05:00"
    },
    "modified_by" : "system",
    "modified_by_principal_id" : "system",
    "modified_by_principal_domain_id" : null,
    "edited_on" : {
      "timestamp" : "21-Jan-2021 16:22:32",
      "year" : 2021,
      "month" : 0,
      "day_of_month" : 21,
      "hour" : 16,
      "minute" : 22,
      "second" : 32,
      "millisecond" : 19,
      "ms" : 1611264152019,
      "iso_8601" : "2021-01-21T16:22:32-05:00"
    },
    "edited_by" : "system",
    "edited_by_principal_id" : "system",
    "edited_by_principal_domain_id" : null,
    "rev" : 25,
    "branch" : "3d4e3a21a7c02c55017c",
    "_op" : "create"
  },
  "_doc" : "063215454a3f7b7ebd42",
  "_qname" : "o:063215454a3f7b7ebd42",
  "_type" : "n:tag",
  "_features" : {
    "f:audit" : { },
    "f:titled" : { },
    "f:filename" : {
      "filename" : "juliet"
    },
    "f:geolocation" : { },
    "f:indexable" : { }
  }
}