{
  "_doc" : "31:e7eddf5e3b360c3b704f",
  "_system" : {
    "created_on" : {
      "timestamp" : "20-Oct-2021 09:44:31",
      "year" : 2021,
      "month" : 9,
      "day_of_month" : 20,
      "hour" : 9,
      "minute" : 44,
      "second" : 31,
      "millisecond" : 731,
      "ms" : 1634737471731,
      "iso_8601" : "2021-10-20T09:44:31-04:00"
    },
    "created_by" : "admin",
    "created_by_principal_id" : "2a7c6669601b1ba4c958",
    "created_by_principal_domain_id" : "default",
    "modified_on" : {
      "timestamp" : "20-Oct-2021 09:44:31",
      "year" : 2021,
      "month" : 9,
      "day_of_month" : 20,
      "hour" : 9,
      "minute" : 44,
      "second" : 31,
      "millisecond" : 818,
      "ms" : 1634737471818,
      "iso_8601" : "2021-10-20T09:44:31-04:00"
    },
    "modified_by" : "admin",
    "modified_by_principal_id" : "2a7c6669601b1ba4c958",
    "modified_by_principal_domain_id" : "default",
    "edited_on" : {
      "timestamp" : "20-Oct-2021 09:44:31",
      "year" : 2021,
      "month" : 9,
      "day_of_month" : 20,
      "hour" : 9,
      "minute" : 44,
      "second" : 31,
      "millisecond" : 818,
      "ms" : 1634737471818,
      "iso_8601" : "2021-10-20T09:44:31-04:00"
    },
    "edited_by" : "admin",
    "edited_by_principal_id" : "2a7c6669601b1ba4c958",
    "edited_by_principal_domain_id" : "default"
  },
  "revision" : 31,
  "active" : true,
  "parents" : [ "30:b3f69564975084838612" ],
  "branch" : "c05d26b68d5e6c9699cf"
}