{
  "_doc" : "9:11970c9e61c04461d271",
  "_system" : {
    "created_on" : {
      "timestamp" : "14-Feb-2019 15:32:46",
      "year" : 2019,
      "month" : 1,
      "day_of_month" : 14,
      "hour" : 15,
      "minute" : 32,
      "second" : 46,
      "millisecond" : 585,
      "ms" : 1550158366585,
      "iso_8601" : "2019-02-14T15:32:46Z"
    },
    "created_by" : "admin",
    "created_by_principal_id" : "5bab281f1cb2047f12ba",
    "created_by_principal_domain_id" : "default",
    "modified_on" : {
      "timestamp" : "14-Feb-2019 15:32:46",
      "year" : 2019,
      "month" : 1,
      "day_of_month" : 14,
      "hour" : 15,
      "minute" : 32,
      "second" : 46,
      "millisecond" : 883,
      "ms" : 1550158366883,
      "iso_8601" : "2019-02-14T15:32:46Z"
    },
    "modified_by" : "admin",
    "modified_by_principal_id" : "5bab281f1cb2047f12ba",
    "modified_by_principal_domain_id" : "default",
    "edited_on" : {
      "timestamp" : "14-Feb-2019 15:32:46",
      "year" : 2019,
      "month" : 1,
      "day_of_month" : 14,
      "hour" : 15,
      "minute" : 32,
      "second" : 46,
      "millisecond" : 883,
      "ms" : 1550158366883,
      "iso_8601" : "2019-02-14T15:32:46Z"
    },
    "edited_by" : "admin",
    "edited_by_principal_id" : "5bab281f1cb2047f12ba",
    "edited_by_principal_domain_id" : "default"
  },
  "revision" : 9,
  "active" : true,
  "parents" : [ "8:576f9024452621c89437" ],
  "branch" : "4a11b3490f5cf2a8a2b7"
}