{
  "_doc" : "7:275ecd882ea47b8585bf",
  "_system" : {
    "created_on" : {
      "timestamp" : "19-Nov-2021 17:36:32",
      "year" : 2021,
      "month" : 10,
      "day_of_month" : 19,
      "hour" : 17,
      "minute" : 36,
      "second" : 32,
      "millisecond" : 48,
      "ms" : 1637361392048,
      "iso_8601" : "2021-11-19T17:36:32-05:00"
    },
    "created_by" : "admin",
    "created_by_principal_id" : "e319a2cd626b671ba7f7",
    "created_by_principal_domain_id" : "default",
    "modified_on" : {
      "timestamp" : "19-Nov-2021 17:36:32",
      "year" : 2021,
      "month" : 10,
      "day_of_month" : 19,
      "hour" : 17,
      "minute" : 36,
      "second" : 32,
      "millisecond" : 262,
      "ms" : 1637361392262,
      "iso_8601" : "2021-11-19T17:36:32-05:00"
    },
    "modified_by" : "admin",
    "modified_by_principal_id" : "e319a2cd626b671ba7f7",
    "modified_by_principal_domain_id" : "default",
    "edited_on" : {
      "timestamp" : "19-Nov-2021 17:36:32",
      "year" : 2021,
      "month" : 10,
      "day_of_month" : 19,
      "hour" : 17,
      "minute" : 36,
      "second" : 32,
      "millisecond" : 262,
      "ms" : 1637361392262,
      "iso_8601" : "2021-11-19T17:36:32-05:00"
    },
    "edited_by" : "admin",
    "edited_by_principal_id" : "e319a2cd626b671ba7f7",
    "edited_by_principal_domain_id" : "default"
  },
  "revision" : 7,
  "active" : true,
  "parents" : [ "6:e17ce5890e2eeca58276" ],
  "branch" : "187193302a18db2eb328"
}