{
  "title" : "Ernest Hemingway",
  "firstName" : "Ernest",
  "lastName" : "Hemingway",
  "slug" : "ernest-hemingway",
  "_system" : {
    "deleted" : false,
    "changeset" : "14:bd2b23345a9a157795c0",
    "created_on" : {
      "timestamp" : "26-Nov-2021 22:42:41",
      "year" : 2021,
      "month" : 10,
      "day_of_month" : 26,
      "hour" : 22,
      "minute" : 42,
      "second" : 41,
      "millisecond" : 503,
      "ms" : 1637984561503,
      "iso_8601" : "2021-11-26T22:42:41-05:00"
    },
    "created_by" : "admin",
    "created_by_principal_id" : "5bef34d1ea45b9e98ee7",
    "created_by_principal_domain_id" : "default",
    "modified_on" : {
      "timestamp" : "26-Nov-2021 22:42:49",
      "year" : 2021,
      "month" : 10,
      "day_of_month" : 26,
      "hour" : 22,
      "minute" : 42,
      "second" : 49,
      "millisecond" : 175,
      "ms" : 1637984569175,
      "iso_8601" : "2021-11-26T22:42:49-05:00"
    },
    "modified_by" : "admin",
    "modified_by_principal_id" : "5bef34d1ea45b9e98ee7",
    "modified_by_principal_domain_id" : "default",
    "edited_on" : {
      "timestamp" : "26-Nov-2021 22:42:49",
      "year" : 2021,
      "month" : 10,
      "day_of_month" : 26,
      "hour" : 22,
      "minute" : 42,
      "second" : 49,
      "millisecond" : 175,
      "ms" : 1637984569175,
      "iso_8601" : "2021-11-26T22:42:49-05:00"
    },
    "edited_by" : "admin",
    "edited_by_principal_id" : "5bef34d1ea45b9e98ee7",
    "edited_by_principal_domain_id" : "default",
    "rev" : 14,
    "attachments" : {
      "default" : {
        "contentType" : "image/jpeg",
        "length" : 22116,
        "objectId" : "attachment_bd7b9074b49341408a84_a5d7b9b9939a47c2071f",
        "filename" : "default.jpg"
      }
    },
    "previousChangeset" : "13:82248ec98bdd7cdb8f66",
    "branch" : "9bc800c8fc0417d3210c",
    "_op" : "update"
  },
  "_doc" : "bd7b9074b49341408a84",
  "_qname" : "o:bd7b9074b49341408a84",
  "_features" : {
    "f:filename" : {
      "filename" : "Ernest_Hemingway"
    },
    "f:audit" : { },
    "f:titled" : { },
    "f:geolocation" : { },
    "f:indexable" : { },
    "f:deployment-config" : {
      "default" : {
        "mappings" : [ {
          "type" : "object-to-file",
          "config" : {
            "filepath" : "/store/authors/{{object.slug}}.json"
          }
        }, {
          "type" : "attachment-to-file",
          "config" : {
            "attachmentId" : "*",
            "filepath" : "/store/authors/{{object.slug}}.{{attachment.ext}}"
          }
        } ]
      }
    },
    "f:publishable" : {
      "state" : "approved"
    }
  },
  "_type" : "store:author"
}