{
  "_type" : "catalog:product-review",
  "title" : "Review #21 Love Cookie Monster",
  "author" : "don.rickles",
  "body" : "The cupcake is adorable, colorful, enchanting, and fun to explore. The prized Monster cupcakes are displayed in pretty glass cabinets that the cupcake attendant opens once you decide which flavors you want to indulge in. As for the cupcakes....the buttercream frosting is yummy.  A 8.5 on a scale of 1- 10! The cupcakes themselves are not dry but they are not super moist either (personally I like mine very moist but I still enjoy these cupcakes).",
  "rating" : 4,
  "_doc" : "516ef29e129b8914256d",
  "_system" : {
    "deleted" : false,
    "changeset" : "27:7702d670f149099cf0c7",
    "created_on" : {
      "timestamp" : "14-Feb-2019 15:32:56",
      "year" : 2019,
      "month" : 1,
      "day_of_month" : 14,
      "hour" : 15,
      "minute" : 32,
      "second" : 56,
      "millisecond" : 435,
      "ms" : 1550158376435,
      "iso_8601" : "2019-02-14T15:32:56Z"
    },
    "created_by" : "admin",
    "created_by_principal_id" : "5bab281f1cb2047f12ba",
    "created_by_principal_domain_id" : "default",
    "modified_on" : {
      "timestamp" : "14-Feb-2019 15:32:56",
      "year" : 2019,
      "month" : 1,
      "day_of_month" : 14,
      "hour" : 15,
      "minute" : 32,
      "second" : 56,
      "millisecond" : 460,
      "ms" : 1550158376460,
      "iso_8601" : "2019-02-14T15:32:56Z"
    },
    "modified_by" : "admin",
    "modified_by_principal_id" : "5bab281f1cb2047f12ba",
    "modified_by_principal_domain_id" : "default",
    "edited_on" : {
      "timestamp" : "14-Feb-2019 15:32:56",
      "year" : 2019,
      "month" : 1,
      "day_of_month" : 14,
      "hour" : 15,
      "minute" : 32,
      "second" : 56,
      "millisecond" : 460,
      "ms" : 1550158376460,
      "iso_8601" : "2019-02-14T15:32:56Z"
    },
    "edited_by" : "admin",
    "edited_by_principal_id" : "5bab281f1cb2047f12ba",
    "edited_by_principal_domain_id" : "default"
  },
  "_qname" : "o:516ef29e129b8914256d",
  "_features" : {
    "f:audit" : { },
    "f:titled" : { },
    "f:filename" : {
      "filename" : "Review+%2321+Love+Cookie+Monster"
    },
    "f:geolocation" : { },
    "f:indexable" : { }
  }
}