{
  "_doc" : "821c40ab613d9b5bcbbc656b62229301",
  "_type" : "n:root",
  "_qname" : "r:root",
  "type" : "object",
  "description" : "Repository Root",
  "systemBootstrapped" : true,
  "_system" : {
    "deleted" : false,
    "changeset" : "9:8428e1f2e5072f3dbdfa",
    "created_on" : {
      "timestamp" : "21-Jan-2021 16:22:13",
      "year" : 2021,
      "month" : 0,
      "day_of_month" : 21,
      "hour" : 16,
      "minute" : 22,
      "second" : 13,
      "millisecond" : 645,
      "ms" : 1611264133645,
      "iso_8601" : "2021-01-21T16:22:13-05:00"
    },
    "created_by" : "admin",
    "created_by_principal_id" : "8df8c30d1c2f95496937",
    "created_by_principal_domain_id" : "default",
    "modified_on" : {
      "timestamp" : "21-Jan-2021 16:22:27",
      "year" : 2021,
      "month" : 0,
      "day_of_month" : 21,
      "hour" : 16,
      "minute" : 22,
      "second" : 27,
      "millisecond" : 202,
      "ms" : 1611264147202,
      "iso_8601" : "2021-01-21T16:22:27-05:00"
    },
    "modified_by" : "system",
    "modified_by_principal_id" : "system",
    "modified_by_principal_domain_id" : null,
    "edited_on" : {
      "timestamp" : "21-Jan-2021 16:22:13",
      "year" : 2021,
      "month" : 0,
      "day_of_month" : 21,
      "hour" : 16,
      "minute" : 22,
      "second" : 13,
      "millisecond" : 727,
      "ms" : 1611264133727,
      "iso_8601" : "2021-01-21T16:22:13-05:00"
    },
    "edited_by" : "admin",
    "edited_by_principal_id" : "8df8c30d1c2f95496937",
    "edited_by_principal_domain_id" : "default",
    "rev" : 9,
    "previousChangeset" : "0:root",
    "branch" : "3d4e3a21a7c02c55017c",
    "_op" : "update"
  },
  "_features" : {
    "f:audit" : { },
    "f:titled" : { },
    "f:filename" : {
      "filename" : "821c40ab613d9b5bcbbc656b62229301"
    },
    "f:geolocation" : { },
    "f:indexable" : { },
    "f:container" : { }
  }
}