{
  "_features" : {
    "f:relator" : {
      "propertyHolder" : "source",
      "propertyPath" : "/recommendations[1]",
      "active" : true
    },
    "f:audit" : { },
    "f:indexable" : { }
  },
  "source" : "4699b610cad042d18520",
  "source_type" : "store:book",
  "target" : "c3617a1779a34f86b78c",
  "target_type" : "store:book",
  "directionality" : "DIRECTED",
  "_system" : {
    "deleted" : false,
    "changeset" : "37:6524278281ae4e79f062",
    "created_on" : {
      "timestamp" : "20-Oct-2021 00:03:41",
      "year" : 2021,
      "month" : 9,
      "day_of_month" : 20,
      "hour" : 0,
      "minute" : 3,
      "second" : 41,
      "millisecond" : 825,
      "ms" : 1634702621825,
      "iso_8601" : "2021-10-20T00:03:41-04:00"
    },
    "created_by" : "admin",
    "created_by_principal_id" : "2a7c6669601b1ba4c958",
    "created_by_principal_domain_id" : "default",
    "modified_on" : {
      "timestamp" : "20-Oct-2021 00:03:41",
      "year" : 2021,
      "month" : 9,
      "day_of_month" : 20,
      "hour" : 0,
      "minute" : 3,
      "second" : 41,
      "millisecond" : 875,
      "ms" : 1634702621875,
      "iso_8601" : "2021-10-20T00:03:41-04:00"
    },
    "modified_by" : "admin",
    "modified_by_principal_id" : "2a7c6669601b1ba4c958",
    "modified_by_principal_domain_id" : "default",
    "edited_on" : {
      "timestamp" : "20-Oct-2021 00:03:41",
      "year" : 2021,
      "month" : 9,
      "day_of_month" : 20,
      "hour" : 0,
      "minute" : 3,
      "second" : 41,
      "millisecond" : 875,
      "ms" : 1634702621875,
      "iso_8601" : "2021-10-20T00:03:41-04:00"
    },
    "edited_by" : "admin",
    "edited_by_principal_id" : "2a7c6669601b1ba4c958",
    "edited_by_principal_domain_id" : "default",
    "rev" : 37,
    "branch" : "a73f26b4127e018473e1",
    "_op" : "create"
  },
  "_doc" : "d457e4adcb11a1c05cc7",
  "_qname" : "o:d457e4adcb11a1c05cc7",
  "_type" : "store:suggests"
}