{
  "_doc" : "19:0371d98b5bcfc1f0e483",
  "_system" : {
    "created_on" : {
      "timestamp" : "17-Nov-2021 09:28:01",
      "year" : 2021,
      "month" : 10,
      "day_of_month" : 17,
      "hour" : 9,
      "minute" : 28,
      "second" : 1,
      "millisecond" : 543,
      "ms" : 1637159281543,
      "iso_8601" : "2021-11-17T09:28:01-05:00"
    },
    "created_by" : "admin",
    "created_by_principal_id" : "4dbc7eeadc99359ba687",
    "created_by_principal_domain_id" : "default",
    "modified_on" : {
      "timestamp" : "17-Nov-2021 09:28:01",
      "year" : 2021,
      "month" : 10,
      "day_of_month" : 17,
      "hour" : 9,
      "minute" : 28,
      "second" : 1,
      "millisecond" : 701,
      "ms" : 1637159281701,
      "iso_8601" : "2021-11-17T09:28:01-05:00"
    },
    "modified_by" : "admin",
    "modified_by_principal_id" : "4dbc7eeadc99359ba687",
    "modified_by_principal_domain_id" : "default",
    "edited_on" : {
      "timestamp" : "17-Nov-2021 09:28:01",
      "year" : 2021,
      "month" : 10,
      "day_of_month" : 17,
      "hour" : 9,
      "minute" : 28,
      "second" : 1,
      "millisecond" : 701,
      "ms" : 1637159281701,
      "iso_8601" : "2021-11-17T09:28:01-05:00"
    },
    "edited_by" : "admin",
    "edited_by_principal_id" : "4dbc7eeadc99359ba687",
    "edited_by_principal_domain_id" : "default"
  },
  "revision" : 19,
  "active" : true,
  "parents" : [ "18:d92e3f75e8469c27fa2a" ],
  "branch" : "921fd3299d530ef02309"
}