{
  "title" : "Catalog Product Has Review",
  "_qname" : "catalog:product-has-review",
  "_type" : "d:association",
  "type" : "object",
  "mandatoryFeatures" : {
    "f:rates" : {
      "property" : "rating"
    }
  },
  "_doc" : "979eec4a885c49762340",
  "_system" : {
    "deleted" : false,
    "changeset" : "14:8a829a6a7a5cb7521908",
    "created_on" : {
      "timestamp" : "14-Feb-2019 15:32:48",
      "year" : 2019,
      "month" : 1,
      "day_of_month" : 14,
      "hour" : 15,
      "minute" : 32,
      "second" : 48,
      "millisecond" : 340,
      "ms" : 1550158368340,
      "iso_8601" : "2019-02-14T15:32:48Z"
    },
    "created_by" : "admin",
    "created_by_principal_id" : "5bab281f1cb2047f12ba",
    "created_by_principal_domain_id" : "default",
    "modified_on" : {
      "timestamp" : "14-Feb-2019 15:32:48",
      "year" : 2019,
      "month" : 1,
      "day_of_month" : 14,
      "hour" : 15,
      "minute" : 32,
      "second" : 48,
      "millisecond" : 375,
      "ms" : 1550158368375,
      "iso_8601" : "2019-02-14T15:32:48Z"
    },
    "modified_by" : "admin",
    "modified_by_principal_id" : "5bab281f1cb2047f12ba",
    "modified_by_principal_domain_id" : "default",
    "edited_on" : {
      "timestamp" : "14-Feb-2019 15:32:48",
      "year" : 2019,
      "month" : 1,
      "day_of_month" : 14,
      "hour" : 15,
      "minute" : 32,
      "second" : 48,
      "millisecond" : 375,
      "ms" : 1550158368375,
      "iso_8601" : "2019-02-14T15:32:48Z"
    },
    "edited_by" : "admin",
    "edited_by_principal_id" : "5bab281f1cb2047f12ba",
    "edited_by_principal_domain_id" : "default"
  },
  "_parent" : "a:linked",
  "properties" : { }
}