{
  "_system" : {
    "deleted" : false,
    "changeset" : "9:2a39461291a06adf94e1",
    "created_on" : {
      "timestamp" : "17-Nov-2021 09:27:50",
      "year" : 2021,
      "month" : 10,
      "day_of_month" : 17,
      "hour" : 9,
      "minute" : 27,
      "second" : 50,
      "millisecond" : 570,
      "ms" : 1637159270570,
      "iso_8601" : "2021-11-17T09:27:50-05:00"
    },
    "created_by" : "admin",
    "created_by_principal_id" : "4dbc7eeadc99359ba687",
    "created_by_principal_domain_id" : "default",
    "modified_on" : {
      "timestamp" : "17-Nov-2021 09:27:50",
      "year" : 2021,
      "month" : 10,
      "day_of_month" : 17,
      "hour" : 9,
      "minute" : 27,
      "second" : 50,
      "millisecond" : 581,
      "ms" : 1637159270581,
      "iso_8601" : "2021-11-17T09:27:50-05:00"
    },
    "modified_by" : "admin",
    "modified_by_principal_id" : "4dbc7eeadc99359ba687",
    "modified_by_principal_domain_id" : "default",
    "edited_on" : {
      "timestamp" : "17-Nov-2021 09:27:50",
      "year" : 2021,
      "month" : 10,
      "day_of_month" : 17,
      "hour" : 9,
      "minute" : 27,
      "second" : 50,
      "millisecond" : 581,
      "ms" : 1637159270581,
      "iso_8601" : "2021-11-17T09:27:50-05:00"
    },
    "edited_by" : "admin",
    "edited_by_principal_id" : "4dbc7eeadc99359ba687",
    "edited_by_principal_domain_id" : "default",
    "rev" : 9,
    "branch" : "921fd3299d530ef02309",
    "_op" : "create"
  },
  "_doc" : "9066913f377b39e93e09",
  "_qname" : "o:9066913f377b39e93e09",
  "_type" : "a:has_tag",
  "directionality" : "DIRECTED",
  "_features" : {
    "f:audit" : { },
    "f:indexable" : { }
  },
  "source_type" : "store:book",
  "source" : "aa448c8ac3a447b9bd57",
  "target_type" : "n:tag",
  "target" : "1abd416518e2da597757"
}