{
  "_system" : {
    "deleted" : false,
    "changeset" : "0:root",
    "modified_on" : {
      "timestamp" : "19-Apr-2019 20:08:33",
      "year" : 2019,
      "month" : 3,
      "day_of_month" : 19,
      "hour" : 20,
      "minute" : 8,
      "second" : 33,
      "millisecond" : 487,
      "ms" : 1555704513487,
      "iso_8601" : "2019-04-19T20:08:33Z"
    },
    "modified_by" : "admin",
    "modified_by_principal_id" : "74004ce2e8561e763ac4",
    "modified_by_principal_domain_id" : "default",
    "edited_on" : {
      "timestamp" : "19-Apr-2019 20:08:33",
      "year" : 2019,
      "month" : 3,
      "day_of_month" : 19,
      "hour" : 20,
      "minute" : 8,
      "second" : 33,
      "millisecond" : 487,
      "ms" : 1555704513487,
      "iso_8601" : "2019-04-19T20:08:33Z"
    },
    "edited_by" : "admin",
    "edited_by_principal_id" : "74004ce2e8561e763ac4",
    "edited_by_principal_domain_id" : "default",
    "attachments" : {
      "default" : {
        "contentType" : "text/css",
        "length" : 748,
        "objectId" : "attachment_613730a52b7559bf8d2b_2831d8211bb3eadf8c54",
        "filename" : "default.css"
      }
    },
    "created_on" : {
      "timestamp" : "19-Apr-2019 20:08:33",
      "year" : 2019,
      "month" : 3,
      "day_of_month" : 19,
      "hour" : 20,
      "minute" : 8,
      "second" : 33,
      "millisecond" : 487,
      "ms" : 1555704513487,
      "iso_8601" : "2019-04-19T20:08:33Z"
    },
    "created_by" : "admin",
    "created_by_principal_id" : "74004ce2e8561e763ac4",
    "created_by_principal_domain_id" : "default"
  },
  "_qname" : "o:613730a52b7559bf8d2b",
  "_type" : "n:node",
  "_features" : {
    "f:audit" : { },
    "f:titled" : { },
    "f:filename" : {
      "filename" : "theme.css"
    },
    "f:geolocation" : { },
    "f:indexable" : { }
  },
  "title" : "theme.css",
  "_doc" : "613730a52b7559bf8d2b"
}