{
  "_system" : {
    "deleted" : false,
    "changeset" : "28:ca877f9b5e75e35dc3ad",
    "created_on" : {
      "timestamp" : "07-Mar-2023 09:39:38",
      "year" : 2023,
      "month" : 2,
      "day_of_month" : 7,
      "hour" : 9,
      "minute" : 39,
      "second" : 38,
      "millisecond" : 47,
      "ms" : 1678199978047,
      "iso_8601" : "2023-03-07T09:39:38-05:00"
    },
    "created_by" : "admin",
    "created_by_principal_id" : "046cf0d415feaf45bcf2",
    "created_by_principal_domain_id" : "default",
    "modified_on" : {
      "timestamp" : "07-Mar-2023 09:39:38",
      "year" : 2023,
      "month" : 2,
      "day_of_month" : 7,
      "hour" : 9,
      "minute" : 39,
      "second" : 38,
      "millisecond" : 55,
      "ms" : 1678199978055,
      "iso_8601" : "2023-03-07T09:39:38-05:00"
    },
    "modified_by" : "admin",
    "modified_by_principal_id" : "046cf0d415feaf45bcf2",
    "modified_by_principal_domain_id" : "default",
    "edited_on" : {
      "timestamp" : "07-Mar-2023 09:39:38",
      "year" : 2023,
      "month" : 2,
      "day_of_month" : 7,
      "hour" : 9,
      "minute" : 39,
      "second" : 38,
      "millisecond" : 55,
      "ms" : 1678199978055,
      "iso_8601" : "2023-03-07T09:39:38-05:00"
    },
    "edited_by" : "admin",
    "edited_by_principal_id" : "046cf0d415feaf45bcf2",
    "rev" : 28,
    "branch" : "660838eae4eeba015a76",
    "_op" : "create",
    "edited_by_principal_domain_id" : "default"
  },
  "_doc" : "0b9abd8e3f80c54aae68",
  "_qname" : "o:0b9abd8e3f80c54aae68",
  "_type" : "a:has_tag",
  "directionality" : "DIRECTED",
  "_features" : {
    "f:audit" : { },
    "f:indexable" : { }
  },
  "source_type" : "health:handout",
  "source" : "7737df2e46b74440b41a",
  "target_type" : "n:tag",
  "target" : "beb8d6b553b428f3d24b"
}