{
  "type" : "CREATE",
  "timestamp" : {
    "timestamp" : "24-Aug-2022 16:09:42",
    "year" : 2022,
    "month" : 7,
    "day_of_month" : 24,
    "hour" : 16,
    "minute" : 9,
    "second" : 42,
    "millisecond" : 68,
    "ms" : 1661357382068,
    "iso_8601" : "2022-08-24T16:09:42Z"
  },
  "userDomainId" : "default",
  "userId" : "fda4fc3b0ff3e7838fbe",
  "userTitle" : "admin",
  "userName" : "admin",
  "objectDatastoreTypeId" : "repository",
  "objectDatastoreId" : "be7d4afe10e21f420374",
  "objectDatastoreTitle" : "Sample Project 'content' repository",
  "objectId" : "cd20956d0607e75d549c",
  "objectTypeId" : "association",
  "objectTitle" : "cd20956d0607e75d549c",
  "stackId" : "0a7fc8e20274200ad031",
  "projectId" : "bf7b27842892908c8ade",
  "projectTitle" : "Sample Project",
  "_system" : {
    "created_on" : {
      "timestamp" : "24-Aug-2022 16:09:42",
      "year" : 2022,
      "month" : 7,
      "day_of_month" : 24,
      "hour" : 16,
      "minute" : 9,
      "second" : 42,
      "millisecond" : 83,
      "ms" : 1661357382083,
      "iso_8601" : "2022-08-24T16:09:42Z"
    },
    "created_by" : "admin",
    "created_by_principal_id" : "fda4fc3b0ff3e7838fbe",
    "created_by_principal_domain_id" : "default",
    "modified_on" : {
      "timestamp" : "24-Aug-2022 16:09:42",
      "year" : 2022,
      "month" : 7,
      "day_of_month" : 24,
      "hour" : 16,
      "minute" : 9,
      "second" : 42,
      "millisecond" : 83,
      "ms" : 1661357382083,
      "iso_8601" : "2022-08-24T16:09:42Z"
    },
    "modified_by" : "admin",
    "modified_by_principal_id" : "fda4fc3b0ff3e7838fbe",
    "modified_by_principal_domain_id" : "default",
    "edited_on" : {
      "timestamp" : "24-Aug-2022 16:09:42",
      "year" : 2022,
      "month" : 7,
      "day_of_month" : 24,
      "hour" : 16,
      "minute" : 9,
      "second" : 42,
      "millisecond" : 83,
      "ms" : 1661357382083,
      "iso_8601" : "2022-08-24T16:09:42Z"
    },
    "edited_by" : "admin",
    "edited_by_principal_id" : "fda4fc3b0ff3e7838fbe",
    "edited_by_principal_domain_id" : "default"
  },
  "_doc" : "53a13db7c1a6f6a8cf03"
}