{
  "_system" : {
    "deleted" : false,
    "changeset" : "2:642386ff42d47b8cb2f4",
    "created_on" : {
      "timestamp" : "20-Oct-2021 14:37:18",
      "year" : 2021,
      "month" : 9,
      "day_of_month" : 20,
      "hour" : 14,
      "minute" : 37,
      "second" : 18,
      "millisecond" : 659,
      "ms" : 1634755038659,
      "iso_8601" : "2021-10-20T14:37:18-04:00"
    },
    "created_by" : "admin",
    "created_by_principal_id" : "b4d6c22caee99692904d",
    "created_by_principal_domain_id" : "default",
    "modified_on" : {
      "timestamp" : "20-Oct-2021 14:37:18",
      "year" : 2021,
      "month" : 9,
      "day_of_month" : 20,
      "hour" : 14,
      "minute" : 37,
      "second" : 18,
      "millisecond" : 677,
      "ms" : 1634755038677,
      "iso_8601" : "2021-10-20T14:37:18-04:00"
    },
    "modified_by" : "admin",
    "modified_by_principal_id" : "b4d6c22caee99692904d",
    "modified_by_principal_domain_id" : "default",
    "edited_on" : {
      "timestamp" : "20-Oct-2021 14:37:18",
      "year" : 2021,
      "month" : 9,
      "day_of_month" : 20,
      "hour" : 14,
      "minute" : 37,
      "second" : 18,
      "millisecond" : 677,
      "ms" : 1634755038677,
      "iso_8601" : "2021-10-20T14:37:18-04:00"
    },
    "edited_by" : "admin",
    "edited_by_principal_id" : "b4d6c22caee99692904d",
    "edited_by_principal_domain_id" : "default",
    "rev" : 2,
    "branch" : "4375d1eb9094255abf40",
    "_op" : "create"
  },
  "_doc" : "e42c547f73a1d4c2c880",
  "_qname" : "o:e42c547f73a1d4c2c880",
  "_type" : "a:child",
  "directionality" : "DIRECTED",
  "_features" : {
    "f:audit" : { },
    "f:indexable" : { },
    "f:propagates-authorities" : {
      "enabled" : true
    },
    "f:non-cyclic" : { },
    "f:knowledge-sharing" : {
      "enabled" : true
    }
  },
  "source_type" : "n:node",
  "source" : "978661cdf337192ecabe",
  "target_type" : "n:node",
  "target" : "0ba4a5703df0889773ee"
}