{
  "stackId" : "d00ea1453a591163132c",
  "key" : "content",
  "datastoreTypeId" : "repository",
  "datastoreId" : "bb5282f6a914cc4d7d57",
  "_system" : {
    "created_on" : {
      "timestamp" : "14-Feb-2019 15:32:42",
      "year" : 2019,
      "month" : 1,
      "day_of_month" : 14,
      "hour" : 15,
      "minute" : 32,
      "second" : 42,
      "millisecond" : 923,
      "ms" : 1550158362923,
      "iso_8601" : "2019-02-14T15:32:42Z"
    },
    "created_by" : "admin",
    "created_by_principal_id" : "5bab281f1cb2047f12ba",
    "created_by_principal_domain_id" : "default",
    "modified_on" : {
      "timestamp" : "14-Feb-2019 15:32:42",
      "year" : 2019,
      "month" : 1,
      "day_of_month" : 14,
      "hour" : 15,
      "minute" : 32,
      "second" : 42,
      "millisecond" : 923,
      "ms" : 1550158362923,
      "iso_8601" : "2019-02-14T15:32:42Z"
    },
    "modified_by" : "admin",
    "modified_by_principal_id" : "5bab281f1cb2047f12ba",
    "modified_by_principal_domain_id" : "default",
    "edited_on" : {
      "timestamp" : "14-Feb-2019 15:32:42",
      "year" : 2019,
      "month" : 1,
      "day_of_month" : 14,
      "hour" : 15,
      "minute" : 32,
      "second" : 42,
      "millisecond" : 923,
      "ms" : 1550158362923,
      "iso_8601" : "2019-02-14T15:32:42Z"
    },
    "edited_by" : "admin",
    "edited_by_principal_id" : "5bab281f1cb2047f12ba",
    "edited_by_principal_domain_id" : "default"
  },
  "_doc" : "be39d57654a20c526688"
}