{
  "_doc" : "15:58bf661ee87a46d2003e",
  "_system" : {
    "created_on" : {
      "timestamp" : "20-Oct-2021 14:37:36",
      "year" : 2021,
      "month" : 9,
      "day_of_month" : 20,
      "hour" : 14,
      "minute" : 37,
      "second" : 36,
      "millisecond" : 262,
      "ms" : 1634755056262,
      "iso_8601" : "2021-10-20T14:37:36-04:00"
    },
    "created_by" : "admin",
    "created_by_principal_id" : "b4d6c22caee99692904d",
    "created_by_principal_domain_id" : "default",
    "modified_on" : {
      "timestamp" : "20-Oct-2021 14:37:36",
      "year" : 2021,
      "month" : 9,
      "day_of_month" : 20,
      "hour" : 14,
      "minute" : 37,
      "second" : 36,
      "millisecond" : 296,
      "ms" : 1634755056296,
      "iso_8601" : "2021-10-20T14:37:36-04:00"
    },
    "modified_by" : "admin",
    "modified_by_principal_id" : "b4d6c22caee99692904d",
    "modified_by_principal_domain_id" : "default",
    "edited_on" : {
      "timestamp" : "20-Oct-2021 14:37:36",
      "year" : 2021,
      "month" : 9,
      "day_of_month" : 20,
      "hour" : 14,
      "minute" : 37,
      "second" : 36,
      "millisecond" : 296,
      "ms" : 1634755056296,
      "iso_8601" : "2021-10-20T14:37:36-04:00"
    },
    "edited_by" : "admin",
    "edited_by_principal_id" : "b4d6c22caee99692904d",
    "edited_by_principal_domain_id" : "default"
  },
  "revision" : 15,
  "active" : true,
  "parents" : [ "14:16a38b26d882847a0695" ],
  "branch" : "4375d1eb9094255abf40"
}