{
  "_doc" : "25:ace43da5fe138d1fc3a9",
  "_system" : {
    "created_on" : {
      "timestamp" : "20-Oct-2021 00:03:37",
      "year" : 2021,
      "month" : 9,
      "day_of_month" : 20,
      "hour" : 0,
      "minute" : 3,
      "second" : 37,
      "millisecond" : 713,
      "ms" : 1634702617713,
      "iso_8601" : "2021-10-20T00:03:37-04:00"
    },
    "created_by" : "admin",
    "created_by_principal_id" : "2a7c6669601b1ba4c958",
    "created_by_principal_domain_id" : "default",
    "modified_on" : {
      "timestamp" : "20-Oct-2021 00:03:37",
      "year" : 2021,
      "month" : 9,
      "day_of_month" : 20,
      "hour" : 0,
      "minute" : 3,
      "second" : 37,
      "millisecond" : 795,
      "ms" : 1634702617795,
      "iso_8601" : "2021-10-20T00:03:37-04:00"
    },
    "modified_by" : "admin",
    "modified_by_principal_id" : "2a7c6669601b1ba4c958",
    "modified_by_principal_domain_id" : "default",
    "edited_on" : {
      "timestamp" : "20-Oct-2021 00:03:37",
      "year" : 2021,
      "month" : 9,
      "day_of_month" : 20,
      "hour" : 0,
      "minute" : 3,
      "second" : 37,
      "millisecond" : 795,
      "ms" : 1634702617795,
      "iso_8601" : "2021-10-20T00:03:37-04:00"
    },
    "edited_by" : "admin",
    "edited_by_principal_id" : "2a7c6669601b1ba4c958",
    "edited_by_principal_domain_id" : "default"
  },
  "revision" : 25,
  "active" : true,
  "parents" : [ "24:1aa7b4cd96274a196044" ],
  "branch" : "a73f26b4127e018473e1"
}