{
  "ownerRegistrarId" : "default",
  "ownerTenantId" : "987f4c25352fa8f02e5f",
  "antivirusEnabled" : false,
  "sessionTimeout" : 3600000,
  "authenticationMaxAttempts" : 3,
  "authenticationResetTimeout" : 900000,
  "datastoreId" : "6e8673891fc76b5b699a",
  "datastoreTypeId" : "platform",
  "enableAuditing" : false,
  "enableAuthorities" : true,
  "dataSize" : 0,
  "storageSize" : 0,
  "fsSize" : 0,
  "objectcount" : 0,
  "_system" : {
    "created_on" : {
      "timestamp" : "14-Jun-2022 16:11:42",
      "year" : 2022,
      "month" : 5,
      "day_of_month" : 14,
      "hour" : 16,
      "minute" : 11,
      "second" : 42,
      "millisecond" : 288,
      "ms" : 1655223102288,
      "iso_8601" : "2022-06-14T16:11:42Z"
    },
    "created_by" : "system",
    "created_by_principal_id" : "system",
    "modified_on" : {
      "timestamp" : "31-Aug-2022 15:18:56",
      "year" : 2022,
      "month" : 7,
      "day_of_month" : 31,
      "hour" : 15,
      "minute" : 18,
      "second" : 56,
      "millisecond" : 493,
      "ms" : 1661959136493,
      "iso_8601" : "2022-08-31T15:18:56Z"
    },
    "modified_by" : "system",
    "modified_by_principal_id" : "system",
    "edited_on" : {
      "timestamp" : "14-Jun-2022 16:11:42",
      "year" : 2022,
      "month" : 5,
      "day_of_month" : 14,
      "hour" : 16,
      "minute" : 11,
      "second" : 42,
      "millisecond" : 288,
      "ms" : 1655223102288,
      "iso_8601" : "2022-06-14T16:11:42Z"
    },
    "edited_by" : "system",
    "edited_by_principal_id" : "system",
    "patch_version" : "4.0.0-M9-2022-06-28-17-08-57",
    "modified_by_principal_domain_id" : null
  },
  "_doc" : "9fd08e59ba507540db2c",
  "statisticsDate" : {
    "timestamp" : "01-Jan-1970 00:00:00",
    "year" : 1970,
    "month" : 0,
    "day_of_month" : 1,
    "hour" : 0,
    "minute" : 0,
    "second" : 0,
    "millisecond" : 1,
    "ms" : 1,
    "iso_8601" : "1970-01-01T00:00:00Z"
  },
  "flags" : { },
  "statisticsDirty" : true,
  "title" : "Root Platform"
}