{
  "_system" : {
    "deleted" : false,
    "changeset" : "4:3de09c0d223492a3f295",
    "created_on" : {
      "timestamp" : "07-Mar-2023 09:39:17",
      "year" : 2023,
      "month" : 2,
      "day_of_month" : 7,
      "hour" : 9,
      "minute" : 39,
      "second" : 17,
      "millisecond" : 483,
      "ms" : 1678199957483,
      "iso_8601" : "2023-03-07T09:39:17-05:00"
    },
    "created_by" : "admin",
    "created_by_principal_id" : "046cf0d415feaf45bcf2",
    "created_by_principal_domain_id" : "default",
    "modified_on" : {
      "timestamp" : "07-Mar-2023 09:39:17",
      "year" : 2023,
      "month" : 2,
      "day_of_month" : 7,
      "hour" : 9,
      "minute" : 39,
      "second" : 17,
      "millisecond" : 494,
      "ms" : 1678199957494,
      "iso_8601" : "2023-03-07T09:39:17-05:00"
    },
    "modified_by" : "admin",
    "modified_by_principal_id" : "046cf0d415feaf45bcf2",
    "modified_by_principal_domain_id" : "default",
    "edited_on" : {
      "timestamp" : "07-Mar-2023 09:39:17",
      "year" : 2023,
      "month" : 2,
      "day_of_month" : 7,
      "hour" : 9,
      "minute" : 39,
      "second" : 17,
      "millisecond" : 494,
      "ms" : 1678199957494,
      "iso_8601" : "2023-03-07T09:39:17-05:00"
    },
    "edited_by" : "admin",
    "edited_by_principal_id" : "046cf0d415feaf45bcf2",
    "rev" : 4,
    "branch" : "660838eae4eeba015a76",
    "_op" : "create",
    "edited_by_principal_domain_id" : "default"
  },
  "_doc" : "4e916c74bb381faabb63",
  "_qname" : "o:4e916c74bb381faabb63",
  "_type" : "a:child",
  "directionality" : "DIRECTED",
  "_features" : {
    "f:propagates-authorities" : {
      "enabled" : true
    },
    "f:non-cyclic" : { },
    "f:knowledge-sharing" : {
      "enabled" : true
    },
    "f:audit" : { },
    "f:indexable" : { }
  },
  "source_type" : "n:root",
  "source" : "821c40ab613d9b5bcbbc656b62229301",
  "target_type" : "n:node",
  "target" : "4f17d39e3ae5f2f29227"
}