{
  "_doc" : "74:ef432be13c679771931b",
  "_system" : {
    "created_on" : {
      "timestamp" : "05-Aug-2021 15:37:27",
      "year" : 2021,
      "month" : 7,
      "day_of_month" : 5,
      "hour" : 15,
      "minute" : 37,
      "second" : 27,
      "millisecond" : 268,
      "ms" : 1628177847268,
      "iso_8601" : "2021-08-05T15:37:27Z"
    },
    "created_by" : "admin",
    "created_by_principal_id" : "b3236127dacc03f40cd9",
    "created_by_principal_domain_id" : "default",
    "modified_on" : {
      "timestamp" : "05-Aug-2021 15:37:27",
      "year" : 2021,
      "month" : 7,
      "day_of_month" : 5,
      "hour" : 15,
      "minute" : 37,
      "second" : 27,
      "millisecond" : 377,
      "ms" : 1628177847377,
      "iso_8601" : "2021-08-05T15:37:27Z"
    },
    "modified_by" : "admin",
    "modified_by_principal_id" : "b3236127dacc03f40cd9",
    "modified_by_principal_domain_id" : "default",
    "edited_on" : {
      "timestamp" : "05-Aug-2021 15:37:27",
      "year" : 2021,
      "month" : 7,
      "day_of_month" : 5,
      "hour" : 15,
      "minute" : 37,
      "second" : 27,
      "millisecond" : 377,
      "ms" : 1628177847377,
      "iso_8601" : "2021-08-05T15:37:27Z"
    },
    "edited_by" : "admin",
    "edited_by_principal_id" : "b3236127dacc03f40cd9",
    "edited_by_principal_domain_id" : "default"
  },
  "revision" : 74,
  "active" : true,
  "parents" : [ "73:f3daacc79bb05aa4697b" ],
  "branch" : "23fafbfbb544c803da8d"
}