{
  "title" : "Catalog Product",
  "_qname" : "catalog:product",
  "_type" : "d:type",
  "type" : "object",
  "properties" : {
    "title" : {
      "type" : "string",
      "title" : "Title"
    },
    "sku" : {
      "type" : "string",
      "title" : "SKU"
    },
    "headline" : {
      "type" : "string",
      "title" : "Headline"
    },
    "summary" : {
      "type" : "string",
      "title" : "Summary"
    },
    "body" : {
      "type" : "string",
      "title" : "Body"
    },
    "price" : {
      "type" : "number",
      "title" : "Price"
    },
    "categories" : {
      "type" : "array",
      "title" : "Categories",
      "items" : {
        "type" : "string",
        "enum" : [ "chocolate", "strawberry", "birthdays", "holidays" ]
      }
    }
  },
  "_doc" : "b9add785f876042f66c5",
  "_system" : {
    "deleted" : false,
    "changeset" : "13:48d107468a6fd8bdb49b",
    "created_on" : {
      "timestamp" : "14-Feb-2019 15:32:48",
      "year" : 2019,
      "month" : 1,
      "day_of_month" : 14,
      "hour" : 15,
      "minute" : 32,
      "second" : 48,
      "millisecond" : 31,
      "ms" : 1550158368031,
      "iso_8601" : "2019-02-14T15:32:48Z"
    },
    "created_by" : "admin",
    "created_by_principal_id" : "5bab281f1cb2047f12ba",
    "created_by_principal_domain_id" : "default",
    "modified_on" : {
      "timestamp" : "14-Feb-2019 15:32:48",
      "year" : 2019,
      "month" : 1,
      "day_of_month" : 14,
      "hour" : 15,
      "minute" : 32,
      "second" : 48,
      "millisecond" : 68,
      "ms" : 1550158368068,
      "iso_8601" : "2019-02-14T15:32:48Z"
    },
    "modified_by" : "admin",
    "modified_by_principal_id" : "5bab281f1cb2047f12ba",
    "modified_by_principal_domain_id" : "default",
    "edited_on" : {
      "timestamp" : "14-Feb-2019 15:32:48",
      "year" : 2019,
      "month" : 1,
      "day_of_month" : 14,
      "hour" : 15,
      "minute" : 32,
      "second" : 48,
      "millisecond" : 68,
      "ms" : 1550158368068,
      "iso_8601" : "2019-02-14T15:32:48Z"
    },
    "edited_by" : "admin",
    "edited_by_principal_id" : "5bab281f1cb2047f12ba",
    "edited_by_principal_domain_id" : "default"
  },
  "_parent" : "n:node"
}