{
  "_doc" : "31:c0edb1b1cc40bee85858",
  "_system" : {
    "created_on" : {
      "timestamp" : "19-Nov-2021 22:41:25",
      "year" : 2021,
      "month" : 10,
      "day_of_month" : 19,
      "hour" : 22,
      "minute" : 41,
      "second" : 25,
      "millisecond" : 769,
      "ms" : 1637379685769,
      "iso_8601" : "2021-11-19T22:41:25-05:00"
    },
    "created_by" : "admin",
    "created_by_principal_id" : "e319a2cd626b671ba7f7",
    "created_by_principal_domain_id" : "default",
    "modified_on" : {
      "timestamp" : "19-Nov-2021 22:41:25",
      "year" : 2021,
      "month" : 10,
      "day_of_month" : 19,
      "hour" : 22,
      "minute" : 41,
      "second" : 25,
      "millisecond" : 823,
      "ms" : 1637379685823,
      "iso_8601" : "2021-11-19T22:41:25-05:00"
    },
    "modified_by" : "admin",
    "modified_by_principal_id" : "e319a2cd626b671ba7f7",
    "modified_by_principal_domain_id" : "default",
    "edited_on" : {
      "timestamp" : "19-Nov-2021 22:41:25",
      "year" : 2021,
      "month" : 10,
      "day_of_month" : 19,
      "hour" : 22,
      "minute" : 41,
      "second" : 25,
      "millisecond" : 823,
      "ms" : 1637379685823,
      "iso_8601" : "2021-11-19T22:41:25-05:00"
    },
    "edited_by" : "admin",
    "edited_by_principal_id" : "e319a2cd626b671ba7f7",
    "edited_by_principal_domain_id" : "default"
  },
  "revision" : 31,
  "active" : true,
  "parents" : [ "30:eabca1d95167da81ba79" ],
  "branch" : "d13c41461bea0e1eaef1"
}