{
  "_system" : {
    "deleted" : false,
    "changeset" : "6:d2a878887277f8bb0830",
    "created_on" : {
      "timestamp" : "07-Mar-2023 09:39:17",
      "year" : 2023,
      "month" : 2,
      "day_of_month" : 7,
      "hour" : 9,
      "minute" : 39,
      "second" : 17,
      "millisecond" : 623,
      "ms" : 1678199957623,
      "iso_8601" : "2023-03-07T09:39:17-05:00"
    },
    "created_by" : "admin",
    "created_by_principal_id" : "046cf0d415feaf45bcf2",
    "created_by_principal_domain_id" : "default",
    "modified_on" : {
      "timestamp" : "07-Mar-2023 09:39:17",
      "year" : 2023,
      "month" : 2,
      "day_of_month" : 7,
      "hour" : 9,
      "minute" : 39,
      "second" : 17,
      "millisecond" : 634,
      "ms" : 1678199957634,
      "iso_8601" : "2023-03-07T09:39:17-05:00"
    },
    "modified_by" : "admin",
    "modified_by_principal_id" : "046cf0d415feaf45bcf2",
    "modified_by_principal_domain_id" : "default",
    "edited_on" : {
      "timestamp" : "07-Mar-2023 09:39:17",
      "year" : 2023,
      "month" : 2,
      "day_of_month" : 7,
      "hour" : 9,
      "minute" : 39,
      "second" : 17,
      "millisecond" : 634,
      "ms" : 1678199957634,
      "iso_8601" : "2023-03-07T09:39:17-05:00"
    },
    "edited_by" : "admin",
    "edited_by_principal_id" : "046cf0d415feaf45bcf2",
    "rev" : 6,
    "branch" : "660838eae4eeba015a76",
    "_op" : "create",
    "edited_by_principal_domain_id" : "default"
  },
  "_doc" : "7d317ef00cb1a753090b",
  "_qname" : "o:7d317ef00cb1a753090b",
  "_type" : "n:node",
  "_features" : {
    "f:audit" : { },
    "f:titled" : { },
    "f:filename" : {
      "filename" : "Content"
    },
    "f:geolocation" : { },
    "f:indexable" : { },
    "f:container" : { }
  },
  "title" : "Content"
}