{
  "_doc" : "821c40ab613d9b5bcbbc656b62229C00",
  "_qname" : "f:inline-links",
  "_type" : "d:feature",
  "type" : "object",
  "title" : "Inline Links",
  "description" : "Indicates that a node should track inline links for textual content properties",
  "systemBootstrapped" : true,
  "properties" : {
    "inline-links" : {
      "type" : "array",
      "items" : {
        "type" : "object"
      },
      "_relator" : {
        "nodeType" : "n:node",
        "associationType" : "a:links-to",
        "nodeFeatures" : [ "f:linked" ],
        "mappings" : [ {
          "from" : "target",
          "fromProperty" : "valid",
          "toProperty" : "./valid"
        } ]
      },
      "hidden" : true
    }
  },
  "_system" : {
    "deleted" : false,
    "changeset" : "0:root",
    "created_on" : {
      "timestamp" : "14-Feb-2019 15:32:41",
      "year" : 2019,
      "month" : 1,
      "day_of_month" : 14,
      "hour" : 15,
      "minute" : 32,
      "second" : 41,
      "millisecond" : 910,
      "ms" : 1550158361910,
      "iso_8601" : "2019-02-14T15:32:41Z"
    },
    "created_by" : "admin",
    "created_by_principal_id" : "5bab281f1cb2047f12ba",
    "created_by_principal_domain_id" : "default",
    "modified_on" : {
      "timestamp" : "14-Feb-2019 15:32:42",
      "year" : 2019,
      "month" : 1,
      "day_of_month" : 14,
      "hour" : 15,
      "minute" : 32,
      "second" : 42,
      "millisecond" : 39,
      "ms" : 1550158362039,
      "iso_8601" : "2019-02-14T15:32:42Z"
    },
    "modified_by" : "admin",
    "modified_by_principal_id" : "5bab281f1cb2047f12ba",
    "modified_by_principal_domain_id" : "default",
    "edited_on" : {
      "timestamp" : "14-Feb-2019 15:32:42",
      "year" : 2019,
      "month" : 1,
      "day_of_month" : 14,
      "hour" : 15,
      "minute" : 32,
      "second" : 42,
      "millisecond" : 39,
      "ms" : 1550158362039,
      "iso_8601" : "2019-02-14T15:32:42Z"
    },
    "edited_by" : "admin",
    "edited_by_principal_id" : "5bab281f1cb2047f12ba",
    "edited_by_principal_domain_id" : "default"
  }
}