{
  "ownerRegistrarId" : "9cf4b00eb527e0108c73",
  "ownerTenantId" : "d0512487f17e21a55d3e",
  "antivirusEnabled" : false,
  "sessionTimeout" : 3600000,
  "authenticationMaxAttempts" : 3,
  "authenticationResetTimeout" : 900000,
  "datastoreId" : "60748d9223d1d8b18ea5",
  "datastoreTypeId" : "platform",
  "enableAuditing" : false,
  "enableAuthorities" : true,
  "dataSize" : 0,
  "storageSize" : 0,
  "fsSize" : 0,
  "objectcount" : 0,
  "_system" : {
    "created_on" : {
      "timestamp" : "20-Oct-2021 13:46:03",
      "year" : 2021,
      "month" : 9,
      "day_of_month" : 20,
      "hour" : 13,
      "minute" : 46,
      "second" : 3,
      "millisecond" : 682,
      "ms" : 1634751963682,
      "iso_8601" : "2021-10-20T13:46:03-04:00"
    },
    "created_by" : "system",
    "created_by_principal_id" : "system",
    "modified_on" : {
      "timestamp" : "20-Oct-2021 13:46:13",
      "year" : 2021,
      "month" : 9,
      "day_of_month" : 20,
      "hour" : 13,
      "minute" : 46,
      "second" : 13,
      "millisecond" : 770,
      "ms" : 1634751973770,
      "iso_8601" : "2021-10-20T13:46:13-04:00"
    },
    "modified_by" : "system",
    "modified_by_principal_id" : "system",
    "edited_on" : {
      "timestamp" : "20-Oct-2021 13:46:03",
      "year" : 2021,
      "month" : 9,
      "day_of_month" : 20,
      "hour" : 13,
      "minute" : 46,
      "second" : 3,
      "millisecond" : 682,
      "ms" : 1634751963682,
      "iso_8601" : "2021-10-20T13:46:03-04:00"
    },
    "edited_by" : "system",
    "edited_by_principal_id" : "system",
    "patch_version" : "1.0.0-SNAPSHOT"
  },
  "_doc" : "0a42837f6d4f0b2ad2eb",
  "statisticsDate" : {
    "timestamp" : "31-Dec-1969 19:00:00",
    "year" : 1969,
    "month" : 11,
    "day_of_month" : 31,
    "hour" : 19,
    "minute" : 0,
    "second" : 0,
    "millisecond" : 1,
    "ms" : 1,
    "iso_8601" : "1969-12-31T19:00:00-05:00"
  },
  "flags" : { },
  "statisticsDirty" : true
}