{
  "_system" : {
    "deleted" : false,
    "changeset" : "67:ec4a1cd28b8295b1fd07",
    "created_on" : {
      "timestamp" : "14-Feb-2019 15:33:10",
      "year" : 2019,
      "month" : 1,
      "day_of_month" : 14,
      "hour" : 15,
      "minute" : 33,
      "second" : 10,
      "millisecond" : 115,
      "ms" : 1550158390115,
      "iso_8601" : "2019-02-14T15:33:10Z"
    },
    "created_by" : "admin",
    "created_by_principal_id" : "5bab281f1cb2047f12ba",
    "created_by_principal_domain_id" : "default",
    "modified_on" : {
      "timestamp" : "14-Feb-2019 15:33:10",
      "year" : 2019,
      "month" : 1,
      "day_of_month" : 14,
      "hour" : 15,
      "minute" : 33,
      "second" : 10,
      "millisecond" : 176,
      "ms" : 1550158390176,
      "iso_8601" : "2019-02-14T15:33:10Z"
    },
    "modified_by" : "admin",
    "modified_by_principal_id" : "5bab281f1cb2047f12ba",
    "modified_by_principal_domain_id" : "default",
    "edited_on" : {
      "timestamp" : "14-Feb-2019 15:33:10",
      "year" : 2019,
      "month" : 1,
      "day_of_month" : 14,
      "hour" : 15,
      "minute" : 33,
      "second" : 10,
      "millisecond" : 176,
      "ms" : 1550158390176,
      "iso_8601" : "2019-02-14T15:33:10Z"
    },
    "edited_by" : "admin",
    "edited_by_principal_id" : "5bab281f1cb2047f12ba",
    "edited_by_principal_domain_id" : "default"
  },
  "_doc" : "31c6defd3319ee6b3333",
  "_qname" : "o:31c6defd3319ee6b3333",
  "_type" : "a:child",
  "directionality" : "DIRECTED",
  "_features" : {
    "f:audit" : { },
    "f:indexable" : { },
    "f:propagates-authorities" : {
      "enabled" : true
    },
    "f:non-cyclic" : { },
    "f:knowledge-sharing" : {
      "enabled" : true
    }
  },
  "source_type" : "n:node",
  "source" : "b1c6704babedde83a218",
  "target_type" : "guide:city",
  "target" : "c3928c824209ffc58748"
}