{
  "permissioned" : "6d2bead7f8eeaa0ddfc7",
  "principal" : "b12bb8a8652e32215df9",
  "authority" : "connector",
  "domain" : "default",
  "_system" : {
    "created_on" : {
      "timestamp" : "07-Dec-2021 18:01:41",
      "year" : 2021,
      "month" : 11,
      "day_of_month" : 7,
      "hour" : 18,
      "minute" : 1,
      "second" : 41,
      "millisecond" : 386,
      "ms" : 1638900101386,
      "iso_8601" : "2021-12-07T18:01:41Z"
    },
    "created_by" : "admin",
    "created_by_principal_id" : "9a36db8c2529d3cf7b7b",
    "created_by_principal_domain_id" : "default",
    "modified_on" : {
      "timestamp" : "07-Dec-2021 18:01:41",
      "year" : 2021,
      "month" : 11,
      "day_of_month" : 7,
      "hour" : 18,
      "minute" : 1,
      "second" : 41,
      "millisecond" : 386,
      "ms" : 1638900101386,
      "iso_8601" : "2021-12-07T18:01:41Z"
    },
    "modified_by" : "admin",
    "modified_by_principal_id" : "9a36db8c2529d3cf7b7b",
    "modified_by_principal_domain_id" : "default",
    "edited_on" : {
      "timestamp" : "07-Dec-2021 18:01:41",
      "year" : 2021,
      "month" : 11,
      "day_of_month" : 7,
      "hour" : 18,
      "minute" : 1,
      "second" : 41,
      "millisecond" : 386,
      "ms" : 1638900101386,
      "iso_8601" : "2021-12-07T18:01:41Z"
    },
    "edited_by" : "admin",
    "edited_by_principal_id" : "9a36db8c2529d3cf7b7b",
    "edited_by_principal_domain_id" : "default"
  },
  "_doc" : "16cac713db63f7087284"
}