{
  "teamableObjectTypeId" : "stack",
  "teamableObjectId" : "0a7fc8e20274200ad031",
  "key" : "owners",
  "groupId" : "6330abc083a266a84ff0",
  "groupDomainId" : "6ab076a8ff638e45ee3f",
  "roleKeys" : [ "owner" ],
  "title" : "Owners",
  "description" : "Owners Team",
  "_system" : {
    "created_on" : {
      "timestamp" : "24-Aug-2022 16:08:13",
      "year" : 2022,
      "month" : 7,
      "day_of_month" : 24,
      "hour" : 16,
      "minute" : 8,
      "second" : 13,
      "millisecond" : 854,
      "ms" : 1661357293854,
      "iso_8601" : "2022-08-24T16:08:13Z"
    },
    "created_by" : "admin",
    "created_by_principal_id" : "fda4fc3b0ff3e7838fbe",
    "created_by_principal_domain_id" : "default",
    "modified_on" : {
      "timestamp" : "24-Aug-2022 16:08:13",
      "year" : 2022,
      "month" : 7,
      "day_of_month" : 24,
      "hour" : 16,
      "minute" : 8,
      "second" : 13,
      "millisecond" : 854,
      "ms" : 1661357293854,
      "iso_8601" : "2022-08-24T16:08:13Z"
    },
    "modified_by" : "admin",
    "modified_by_principal_id" : "fda4fc3b0ff3e7838fbe",
    "modified_by_principal_domain_id" : "default",
    "edited_on" : {
      "timestamp" : "24-Aug-2022 16:08:13",
      "year" : 2022,
      "month" : 7,
      "day_of_month" : 24,
      "hour" : 16,
      "minute" : 8,
      "second" : 13,
      "millisecond" : 854,
      "ms" : 1661357293854,
      "iso_8601" : "2022-08-24T16:08:13Z"
    },
    "edited_by" : "admin",
    "edited_by_principal_id" : "fda4fc3b0ff3e7838fbe",
    "edited_by_principal_domain_id" : "default"
  },
  "_doc" : "2cd84ac38e658ffc64a6"
}