{
  "_doc" : "111:60248fc175861c7bce5b",
  "_system" : {
    "created_on" : {
      "timestamp" : "14-Feb-2019 15:33:23",
      "year" : 2019,
      "month" : 1,
      "day_of_month" : 14,
      "hour" : 15,
      "minute" : 33,
      "second" : 23,
      "millisecond" : 292,
      "ms" : 1550158403292,
      "iso_8601" : "2019-02-14T15:33:23Z"
    },
    "created_by" : "system",
    "created_by_principal_id" : "system",
    "created_by_principal_domain_id" : null,
    "modified_on" : {
      "timestamp" : "14-Feb-2019 15:33:23",
      "year" : 2019,
      "month" : 1,
      "day_of_month" : 14,
      "hour" : 15,
      "minute" : 33,
      "second" : 23,
      "millisecond" : 427,
      "ms" : 1550158403427,
      "iso_8601" : "2019-02-14T15:33:23Z"
    },
    "modified_by" : "system",
    "modified_by_principal_id" : "system",
    "modified_by_principal_domain_id" : null,
    "edited_on" : {
      "timestamp" : "14-Feb-2019 15:33:23",
      "year" : 2019,
      "month" : 1,
      "day_of_month" : 14,
      "hour" : 15,
      "minute" : 33,
      "second" : 23,
      "millisecond" : 292,
      "ms" : 1550158403292,
      "iso_8601" : "2019-02-14T15:33:23Z"
    },
    "edited_by" : "system",
    "edited_by_principal_id" : "system",
    "edited_by_principal_domain_id" : null
  },
  "revision" : 111,
  "active" : true,
  "parents" : [ "110:e1ae9b061ab9472f6b98" ],
  "branch" : "4a11b3490f5cf2a8a2b7"
}