{
  "_system" : {
    "deleted" : false,
    "changeset" : "23:96282e58c78ba2db8d14",
    "created_on" : {
      "timestamp" : "14-Feb-2019 15:32:53",
      "year" : 2019,
      "month" : 1,
      "day_of_month" : 14,
      "hour" : 15,
      "minute" : 32,
      "second" : 53,
      "millisecond" : 584,
      "ms" : 1550158373584,
      "iso_8601" : "2019-02-14T15:32:53Z"
    },
    "created_by" : "admin",
    "created_by_principal_id" : "5bab281f1cb2047f12ba",
    "created_by_principal_domain_id" : "default",
    "modified_on" : {
      "timestamp" : "14-Feb-2019 15:32:53",
      "year" : 2019,
      "month" : 1,
      "day_of_month" : 14,
      "hour" : 15,
      "minute" : 32,
      "second" : 53,
      "millisecond" : 641,
      "ms" : 1550158373641,
      "iso_8601" : "2019-02-14T15:32:53Z"
    },
    "modified_by" : "admin",
    "modified_by_principal_id" : "5bab281f1cb2047f12ba",
    "modified_by_principal_domain_id" : "default",
    "edited_on" : {
      "timestamp" : "14-Feb-2019 15:32:53",
      "year" : 2019,
      "month" : 1,
      "day_of_month" : 14,
      "hour" : 15,
      "minute" : 32,
      "second" : 53,
      "millisecond" : 641,
      "ms" : 1550158373641,
      "iso_8601" : "2019-02-14T15:32:53Z"
    },
    "edited_by" : "admin",
    "edited_by_principal_id" : "5bab281f1cb2047f12ba",
    "edited_by_principal_domain_id" : "default"
  },
  "_doc" : "20b2babed68b9de9247e",
  "_qname" : "o:20b2babed68b9de9247e",
  "_type" : "a:child",
  "directionality" : "DIRECTED",
  "_features" : {
    "f:audit" : { },
    "f:indexable" : { },
    "f:propagates-authorities" : {
      "enabled" : true
    },
    "f:non-cyclic" : { },
    "f:knowledge-sharing" : {
      "enabled" : true
    }
  },
  "source_type" : "n:node",
  "source" : "970c30014926467afba1",
  "target_type" : "catalog:person",
  "target" : "d6a2814d8cde0cc31cc8"
}