{
  "stackId" : "b48d74fbf1ea77e17591",
  "key" : "principals",
  "datastoreTypeId" : "domain",
  "datastoreId" : "eb96e04c59ee9d4feb83",
  "_system" : {
    "created_on" : {
      "timestamp" : "05-Aug-2021 15:36:45",
      "year" : 2021,
      "month" : 7,
      "day_of_month" : 5,
      "hour" : 15,
      "minute" : 36,
      "second" : 45,
      "millisecond" : 363,
      "ms" : 1628177805363,
      "iso_8601" : "2021-08-05T15:36:45Z"
    },
    "created_by" : "admin",
    "created_by_principal_id" : "b3236127dacc03f40cd9",
    "created_by_principal_domain_id" : "default",
    "modified_on" : {
      "timestamp" : "05-Aug-2021 15:36:45",
      "year" : 2021,
      "month" : 7,
      "day_of_month" : 5,
      "hour" : 15,
      "minute" : 36,
      "second" : 45,
      "millisecond" : 363,
      "ms" : 1628177805363,
      "iso_8601" : "2021-08-05T15:36:45Z"
    },
    "modified_by" : "admin",
    "modified_by_principal_id" : "b3236127dacc03f40cd9",
    "modified_by_principal_domain_id" : "default",
    "edited_on" : {
      "timestamp" : "05-Aug-2021 15:36:45",
      "year" : 2021,
      "month" : 7,
      "day_of_month" : 5,
      "hour" : 15,
      "minute" : 36,
      "second" : 45,
      "millisecond" : 363,
      "ms" : 1628177805363,
      "iso_8601" : "2021-08-05T15:36:45Z"
    },
    "edited_by" : "admin",
    "edited_by_principal_id" : "b3236127dacc03f40cd9",
    "edited_by_principal_domain_id" : "default"
  },
  "_doc" : "e321f3c05ebd96d98974"
}