{
  "type" : "CREATE",
  "timestamp" : {
    "timestamp" : "24-Aug-2022 16:08:33",
    "year" : 2022,
    "month" : 7,
    "day_of_month" : 24,
    "hour" : 16,
    "minute" : 8,
    "second" : 33,
    "millisecond" : 274,
    "ms" : 1661357313274,
    "iso_8601" : "2022-08-24T16:08:33Z"
  },
  "userDomainId" : "default",
  "userId" : "fda4fc3b0ff3e7838fbe",
  "userTitle" : "admin",
  "userName" : "admin",
  "objectDatastoreTypeId" : "domain",
  "objectDatastoreId" : "3fd8dfc869f76e1d9b11",
  "objectDatastoreTitle" : "Sample Project 'principals' domain",
  "objectId" : "9967a6e5710323257e35",
  "objectTypeId" : "user",
  "objectTitle" : "appuser-f8b2464f47ce34b6b3f3",
  "stackId" : "0a7fc8e20274200ad031",
  "projectId" : "bf7b27842892908c8ade",
  "projectTitle" : "Sample Project",
  "_system" : {
    "created_on" : {
      "timestamp" : "24-Aug-2022 16:08:33",
      "year" : 2022,
      "month" : 7,
      "day_of_month" : 24,
      "hour" : 16,
      "minute" : 8,
      "second" : 33,
      "millisecond" : 277,
      "ms" : 1661357313277,
      "iso_8601" : "2022-08-24T16:08:33Z"
    },
    "created_by" : "admin",
    "created_by_principal_id" : "fda4fc3b0ff3e7838fbe",
    "created_by_principal_domain_id" : "default",
    "modified_on" : {
      "timestamp" : "24-Aug-2022 16:08:33",
      "year" : 2022,
      "month" : 7,
      "day_of_month" : 24,
      "hour" : 16,
      "minute" : 8,
      "second" : 33,
      "millisecond" : 277,
      "ms" : 1661357313277,
      "iso_8601" : "2022-08-24T16:08:33Z"
    },
    "modified_by" : "admin",
    "modified_by_principal_id" : "fda4fc3b0ff3e7838fbe",
    "modified_by_principal_domain_id" : "default",
    "edited_on" : {
      "timestamp" : "24-Aug-2022 16:08:33",
      "year" : 2022,
      "month" : 7,
      "day_of_month" : 24,
      "hour" : 16,
      "minute" : 8,
      "second" : 33,
      "millisecond" : 277,
      "ms" : 1661357313277,
      "iso_8601" : "2022-08-24T16:08:33Z"
    },
    "edited_by" : "admin",
    "edited_by_principal_id" : "fda4fc3b0ff3e7838fbe",
    "edited_by_principal_domain_id" : "default"
  },
  "_doc" : "48eb52ed624174a148ba"
}