{
  "_system" : {
    "deleted" : false,
    "changeset" : "6:e17ce5890e2eeca58276",
    "created_on" : {
      "timestamp" : "19-Nov-2021 17:36:31",
      "year" : 2021,
      "month" : 10,
      "day_of_month" : 19,
      "hour" : 17,
      "minute" : 36,
      "second" : 31,
      "millisecond" : 932,
      "ms" : 1637361391932,
      "iso_8601" : "2021-11-19T17:36:31-05:00"
    },
    "created_by" : "admin",
    "created_by_principal_id" : "e319a2cd626b671ba7f7",
    "created_by_principal_domain_id" : "default",
    "modified_on" : {
      "timestamp" : "19-Nov-2021 17:36:31",
      "year" : 2021,
      "month" : 10,
      "day_of_month" : 19,
      "hour" : 17,
      "minute" : 36,
      "second" : 31,
      "millisecond" : 961,
      "ms" : 1637361391961,
      "iso_8601" : "2021-11-19T17:36:31-05:00"
    },
    "modified_by" : "admin",
    "modified_by_principal_id" : "e319a2cd626b671ba7f7",
    "modified_by_principal_domain_id" : "default",
    "edited_on" : {
      "timestamp" : "19-Nov-2021 17:36:31",
      "year" : 2021,
      "month" : 10,
      "day_of_month" : 19,
      "hour" : 17,
      "minute" : 36,
      "second" : 31,
      "millisecond" : 961,
      "ms" : 1637361391961,
      "iso_8601" : "2021-11-19T17:36:31-05:00"
    },
    "edited_by" : "admin",
    "edited_by_principal_id" : "e319a2cd626b671ba7f7",
    "edited_by_principal_domain_id" : "default",
    "rev" : 6,
    "branch" : "187193302a18db2eb328",
    "_op" : "create"
  },
  "_doc" : "c21936591c8ce18c5357",
  "_qname" : "o:c21936591c8ce18c5357",
  "_type" : "a:child",
  "directionality" : "DIRECTED",
  "_features" : {
    "f:audit" : { },
    "f:indexable" : { },
    "f:propagates-authorities" : {
      "enabled" : true
    },
    "f:non-cyclic" : { },
    "f:knowledge-sharing" : {
      "enabled" : true
    }
  },
  "source_type" : "n:node",
  "source" : "029f61c79a93f46bcb0b",
  "target_type" : "n:node",
  "target" : "0bef3697030f16cb3b96"
}