{
  "type" : "MOVE",
  "timestamp" : {
    "timestamp" : "07-Dec-2021 18:01:52",
    "year" : 2021,
    "month" : 11,
    "day_of_month" : 7,
    "hour" : 18,
    "minute" : 1,
    "second" : 52,
    "millisecond" : 785,
    "ms" : 1638900112785,
    "iso_8601" : "2021-12-07T18:01:52Z"
  },
  "userDomainId" : "default",
  "userId" : "9a36db8c2529d3cf7b7b",
  "userTitle" : "admin",
  "userName" : "admin",
  "objectDatastoreTypeId" : "repository",
  "objectDatastoreId" : "f94809da6b272fb71091",
  "objectDatastoreTitle" : "Sample Project 'content' repository",
  "objectId" : "61e44d3548b7dc1b2eb1",
  "objectTypeId" : "node",
  "objectTitle" : "Tango Mango",
  "stackId" : "7bb366f549b7530ad72b",
  "projectId" : "7fb79119a8212211b304",
  "projectTitle" : "Sample Project",
  "_system" : {
    "created_on" : {
      "timestamp" : "07-Dec-2021 18:01:52",
      "year" : 2021,
      "month" : 11,
      "day_of_month" : 7,
      "hour" : 18,
      "minute" : 1,
      "second" : 52,
      "millisecond" : 787,
      "ms" : 1638900112787,
      "iso_8601" : "2021-12-07T18:01:52Z"
    },
    "created_by" : "admin",
    "created_by_principal_id" : "9a36db8c2529d3cf7b7b",
    "created_by_principal_domain_id" : "default",
    "modified_on" : {
      "timestamp" : "07-Dec-2021 18:01:52",
      "year" : 2021,
      "month" : 11,
      "day_of_month" : 7,
      "hour" : 18,
      "minute" : 1,
      "second" : 52,
      "millisecond" : 787,
      "ms" : 1638900112787,
      "iso_8601" : "2021-12-07T18:01:52Z"
    },
    "modified_by" : "admin",
    "modified_by_principal_id" : "9a36db8c2529d3cf7b7b",
    "modified_by_principal_domain_id" : "default",
    "edited_on" : {
      "timestamp" : "07-Dec-2021 18:01:52",
      "year" : 2021,
      "month" : 11,
      "day_of_month" : 7,
      "hour" : 18,
      "minute" : 1,
      "second" : 52,
      "millisecond" : 787,
      "ms" : 1638900112787,
      "iso_8601" : "2021-12-07T18:01:52Z"
    },
    "edited_by" : "admin",
    "edited_by_principal_id" : "9a36db8c2529d3cf7b7b",
    "edited_by_principal_domain_id" : "default"
  },
  "_doc" : "78c88322a5cd12391694"
}