{
  "_system" : {
    "deleted" : false,
    "changeset" : "9:ca165aba5dfc8a5c6b4a",
    "created_on" : {
      "timestamp" : "20-Oct-2021 09:44:21",
      "year" : 2021,
      "month" : 9,
      "day_of_month" : 20,
      "hour" : 9,
      "minute" : 44,
      "second" : 21,
      "millisecond" : 481,
      "ms" : 1634737461481,
      "iso_8601" : "2021-10-20T09:44:21-04:00"
    },
    "created_by" : "admin",
    "created_by_principal_id" : "2a7c6669601b1ba4c958",
    "created_by_principal_domain_id" : "default",
    "modified_on" : {
      "timestamp" : "20-Oct-2021 09:44:21",
      "year" : 2021,
      "month" : 9,
      "day_of_month" : 20,
      "hour" : 9,
      "minute" : 44,
      "second" : 21,
      "millisecond" : 499,
      "ms" : 1634737461499,
      "iso_8601" : "2021-10-20T09:44:21-04:00"
    },
    "modified_by" : "admin",
    "modified_by_principal_id" : "2a7c6669601b1ba4c958",
    "modified_by_principal_domain_id" : "default",
    "edited_on" : {
      "timestamp" : "20-Oct-2021 09:44:21",
      "year" : 2021,
      "month" : 9,
      "day_of_month" : 20,
      "hour" : 9,
      "minute" : 44,
      "second" : 21,
      "millisecond" : 499,
      "ms" : 1634737461499,
      "iso_8601" : "2021-10-20T09:44:21-04:00"
    },
    "edited_by" : "admin",
    "edited_by_principal_id" : "2a7c6669601b1ba4c958",
    "edited_by_principal_domain_id" : "default",
    "rev" : 9,
    "branch" : "c05d26b68d5e6c9699cf",
    "_op" : "create"
  },
  "_doc" : "46d27faf2ffddecf67bc",
  "_qname" : "o:46d27faf2ffddecf67bc",
  "_type" : "a:has_tag",
  "directionality" : "DIRECTED",
  "_features" : {
    "f:audit" : { },
    "f:indexable" : { }
  },
  "source_type" : "store:book",
  "source" : "3ea3f951ec524d328f8d",
  "target_type" : "n:tag",
  "target" : "366a0ca8fa6ea7f1da90"
}