{
  "_doc" : "138:a25e82fcc01341829896",
  "_system" : {
    "created_on" : {
      "timestamp" : "14-Feb-2019 15:33:35",
      "year" : 2019,
      "month" : 1,
      "day_of_month" : 14,
      "hour" : 15,
      "minute" : 33,
      "second" : 35,
      "millisecond" : 945,
      "ms" : 1550158415945,
      "iso_8601" : "2019-02-14T15:33:35Z"
    },
    "created_by" : "admin",
    "created_by_principal_id" : "5bab281f1cb2047f12ba",
    "created_by_principal_domain_id" : "default",
    "modified_on" : {
      "timestamp" : "14-Feb-2019 15:33:36",
      "year" : 2019,
      "month" : 1,
      "day_of_month" : 14,
      "hour" : 15,
      "minute" : 33,
      "second" : 36,
      "millisecond" : 99,
      "ms" : 1550158416099,
      "iso_8601" : "2019-02-14T15:33:36Z"
    },
    "modified_by" : "admin",
    "modified_by_principal_id" : "5bab281f1cb2047f12ba",
    "modified_by_principal_domain_id" : "default",
    "edited_on" : {
      "timestamp" : "14-Feb-2019 15:33:36",
      "year" : 2019,
      "month" : 1,
      "day_of_month" : 14,
      "hour" : 15,
      "minute" : 33,
      "second" : 36,
      "millisecond" : 99,
      "ms" : 1550158416099,
      "iso_8601" : "2019-02-14T15:33:36Z"
    },
    "edited_by" : "admin",
    "edited_by_principal_id" : "5bab281f1cb2047f12ba",
    "edited_by_principal_domain_id" : "default"
  },
  "revision" : 138,
  "active" : true,
  "parents" : [ "137:150ea4e085b861b99a77" ],
  "branch" : "4a11b3490f5cf2a8a2b7"
}