{
  "_system" : {
    "deleted" : false,
    "changeset" : "9:ca165aba5dfc8a5c6b4a",
    "created_on" : {
      "timestamp" : "20-Oct-2021 09:44:20",
      "year" : 2021,
      "month" : 9,
      "day_of_month" : 20,
      "hour" : 9,
      "minute" : 44,
      "second" : 20,
      "millisecond" : 944,
      "ms" : 1634737460944,
      "iso_8601" : "2021-10-20T09:44:20-04:00"
    },
    "created_by" : "admin",
    "created_by_principal_id" : "2a7c6669601b1ba4c958",
    "created_by_principal_domain_id" : "default",
    "modified_on" : {
      "timestamp" : "20-Oct-2021 09:44:20",
      "year" : 2021,
      "month" : 9,
      "day_of_month" : 20,
      "hour" : 9,
      "minute" : 44,
      "second" : 20,
      "millisecond" : 956,
      "ms" : 1634737460956,
      "iso_8601" : "2021-10-20T09:44:20-04:00"
    },
    "modified_by" : "admin",
    "modified_by_principal_id" : "2a7c6669601b1ba4c958",
    "modified_by_principal_domain_id" : "default",
    "edited_on" : {
      "timestamp" : "20-Oct-2021 09:44:20",
      "year" : 2021,
      "month" : 9,
      "day_of_month" : 20,
      "hour" : 9,
      "minute" : 44,
      "second" : 20,
      "millisecond" : 956,
      "ms" : 1634737460956,
      "iso_8601" : "2021-10-20T09:44:20-04:00"
    },
    "edited_by" : "admin",
    "edited_by_principal_id" : "2a7c6669601b1ba4c958",
    "edited_by_principal_domain_id" : "default",
    "rev" : 9,
    "branch" : "c05d26b68d5e6c9699cf",
    "_op" : "create"
  },
  "_doc" : "93ddba995ec29586d93e",
  "_qname" : "o:93ddba995ec29586d93e",
  "_type" : "a:has_tag",
  "directionality" : "DIRECTED",
  "_features" : {
    "f:audit" : { },
    "f:indexable" : { }
  },
  "source_type" : "store:book",
  "source" : "1e47ccda65eb424393f3",
  "target_type" : "n:tag",
  "target" : "8ef1a6ef1b1718391a84"
}