{
  "title" : "Publish Content",
  "description" : "A workflow that coordinates the publishing of one or more content items.",
  "handlers" : {
    "START" : [ {
      "type" : "editorial.start"
    } ]
  },
  "nodes" : {
    "start" : {
      "type" : "start",
      "title" : "Start the Workflow",
      "description" : "Start the workflow and automatically transition it to publish stage so that content begins publishing immediately.",
      "transitions" : {
        "start" : "publish"
      }
    },
    "publish" : {
      "type" : "external",
      "title" : "Publish Content",
      "description" : "The content is marked for approval and published to the configured endpoints based on your publishing lifecycle rules.  This task then waits for the publishing job to finish.",
      "transitions" : {
        "next" : "published"
      },
      "handlers" : {
        "ENTER" : [ {
          "type" : "publishing.publish"
        } ]
      }
    },
    "published" : {
      "type" : "passthru",
      "title" : "Content has been Published",
      "description" : "The content was successfully published and we now transition to the end of workflow.",
      "transitions" : {
        "next" : "end"
      }
    },
    "end" : {
      "type" : "end",
      "title" : "Workflow Ends",
      "description" : "The workflow ends and is removed from the system.  This is a final stage and is the result of either a successful or a cancelled publishing process.",
      "handlers" : {
        "ENTER" : [ {
          "type" : "editorial.end"
        } ]
      }
    }
  },
  "id" : "publish",
  "version" : 1,
  "_system" : {
    "created_on" : {
      "timestamp" : "23-Nov-2021 13:38:25",
      "year" : 2021,
      "month" : 10,
      "day_of_month" : 23,
      "hour" : 13,
      "minute" : 38,
      "second" : 25,
      "millisecond" : 661,
      "ms" : 1637692705661,
      "iso_8601" : "2021-11-23T13:38:25-05:00"
    },
    "created_by" : "system",
    "created_by_principal_id" : "system",
    "modified_on" : {
      "timestamp" : "23-Nov-2021 13:38:25",
      "year" : 2021,
      "month" : 10,
      "day_of_month" : 23,
      "hour" : 13,
      "minute" : 38,
      "second" : 25,
      "millisecond" : 665,
      "ms" : 1637692705665,
      "iso_8601" : "2021-11-23T13:38:25-05:00"
    },
    "modified_by" : "system",
    "modified_by_principal_id" : "system",
    "edited_on" : {
      "timestamp" : "23-Nov-2021 13:38:25",
      "year" : 2021,
      "month" : 10,
      "day_of_month" : 23,
      "hour" : 13,
      "minute" : 38,
      "second" : 25,
      "millisecond" : 665,
      "ms" : 1637692705665,
      "iso_8601" : "2021-11-23T13:38:25-05:00"
    },
    "edited_by" : "system",
    "edited_by_principal_id" : "system"
  },
  "_doc" : "84b31434de8698d4ddb0",
  "deployed" : true,
  "head" : true
}