{
  "_type" : "n:email_template",
  "key" : "publishing-complete-default",
  "_system" : {
    "deleted" : false,
    "changeset" : "10:9772c3a332313ef5960b",
    "created_on" : {
      "timestamp" : "31-Aug-2022 15:26:03",
      "year" : 2022,
      "month" : 7,
      "day_of_month" : 31,
      "hour" : 15,
      "minute" : 26,
      "second" : 3,
      "millisecond" : 79,
      "ms" : 1661959563079,
      "iso_8601" : "2022-08-31T15:26:03Z"
    },
    "created_by" : "admin",
    "created_by_principal_id" : "2f873756d87a4ad1befc",
    "created_by_principal_domain_id" : "default",
    "modified_on" : {
      "timestamp" : "31-Aug-2022 15:26:03",
      "year" : 2022,
      "month" : 7,
      "day_of_month" : 31,
      "hour" : 15,
      "minute" : 26,
      "second" : 3,
      "millisecond" : 249,
      "ms" : 1661959563249,
      "iso_8601" : "2022-08-31T15:26:03Z"
    },
    "modified_by" : "admin",
    "modified_by_principal_id" : "2f873756d87a4ad1befc",
    "modified_by_principal_domain_id" : "default",
    "edited_on" : {
      "timestamp" : "31-Aug-2022 15:26:03",
      "year" : 2022,
      "month" : 7,
      "day_of_month" : 31,
      "hour" : 15,
      "minute" : 26,
      "second" : 3,
      "millisecond" : 249,
      "ms" : 1661959563249,
      "iso_8601" : "2022-08-31T15:26:03Z"
    },
    "edited_by" : "admin",
    "edited_by_principal_id" : "2f873756d87a4ad1befc",
    "rev" : 10,
    "branch" : "88810405bb84bac72aab",
    "_op" : "create",
    "edited_by_principal_domain_id" : "default",
    "attachments" : {
      "default" : {
        "contentType" : "text/x-handlebars-template",
        "length" : 1437,
        "objectId" : "attachment_c0d177177f54ad73a34f_be0e7c2b4f1b4bdbed6a",
        "filename" : "default",
        "md5" : "c03d2332ce6c15861748f95dee0ec73"
      }
    }
  },
  "_doc" : "c0d177177f54ad73a34f",
  "_qname" : "o:c0d177177f54ad73a34f",
  "_features" : {
    "f:audit" : { },
    "f:titled" : { },
    "f:filename" : {
      "filename" : "Publishing+-+Complete+Email+Template"
    },
    "f:geolocation" : { },
    "f:indexable" : { }
  },
  "title" : "Publishing - Complete Email Template"
}