{
  "_type" : "catalog:person",
  "title" : "Don Rickles",
  "name" : "don.rickles",
  "email" : "don.rickles@hockeypuck.com",
  "firstName" : "Don",
  "lastName" : "Rickles",
  "about" : "",
  "_doc" : "3400845b90a81a5012ec",
  "_system" : {
    "deleted" : false,
    "changeset" : "55:3498eeba4a972a3b644a",
    "created_on" : {
      "timestamp" : "14-Feb-2019 15:32:51",
      "year" : 2019,
      "month" : 1,
      "day_of_month" : 14,
      "hour" : 15,
      "minute" : 32,
      "second" : 51,
      "millisecond" : 434,
      "ms" : 1550158371434,
      "iso_8601" : "2019-02-14T15:32:51Z"
    },
    "created_by" : "admin",
    "created_by_principal_id" : "5bab281f1cb2047f12ba",
    "created_by_principal_domain_id" : "default",
    "modified_on" : {
      "timestamp" : "14-Feb-2019 15:33:05",
      "year" : 2019,
      "month" : 1,
      "day_of_month" : 14,
      "hour" : 15,
      "minute" : 33,
      "second" : 5,
      "millisecond" : 793,
      "ms" : 1550158385793,
      "iso_8601" : "2019-02-14T15:33:05Z"
    },
    "modified_by" : "admin",
    "modified_by_principal_id" : "5bab281f1cb2047f12ba",
    "modified_by_principal_domain_id" : "default",
    "edited_on" : {
      "timestamp" : "14-Feb-2019 15:33:05",
      "year" : 2019,
      "month" : 1,
      "day_of_month" : 14,
      "hour" : 15,
      "minute" : 33,
      "second" : 5,
      "millisecond" : 793,
      "ms" : 1550158385793,
      "iso_8601" : "2019-02-14T15:33:05Z"
    },
    "edited_by" : "admin",
    "edited_by_principal_id" : "5bab281f1cb2047f12ba",
    "edited_by_principal_domain_id" : "default",
    "previousChangeset" : "20:902ce5ca017500e22ef5",
    "attachments" : {
      "default" : {
        "contentType" : "image/jpeg",
        "length" : 17862,
        "objectId" : "attachment_3400845b90a81a5012ec_f9f9822e70303ec0325e",
        "filename" : "default"
      }
    }
  },
  "_qname" : "o:3400845b90a81a5012ec",
  "_features" : {
    "f:audit" : { },
    "f:titled" : { },
    "f:filename" : {
      "filename" : "Don_Rickles"
    },
    "f:geolocation" : { },
    "f:indexable" : { }
  },
  "_statistics" : {
    "a:has_role" : 3,
    "a:has_role_INCOMING" : 3,
    "a:child" : 1,
    "a:child_INCOMING" : 1
  }
}