{
  "_type" : "n:email_template",
  "_system" : {
    "deleted" : false,
    "changeset" : "8:ba428f85a66d8275959c",
    "created_on" : {
      "timestamp" : "20-Oct-2021 14:37:20",
      "year" : 2021,
      "month" : 9,
      "day_of_month" : 20,
      "hour" : 14,
      "minute" : 37,
      "second" : 20,
      "millisecond" : 801,
      "ms" : 1634755040801,
      "iso_8601" : "2021-10-20T14:37:20-04:00"
    },
    "created_by" : "admin",
    "created_by_principal_id" : "b4d6c22caee99692904d",
    "created_by_principal_domain_id" : "default",
    "modified_on" : {
      "timestamp" : "20-Oct-2021 14:37:20",
      "year" : 2021,
      "month" : 9,
      "day_of_month" : 20,
      "hour" : 14,
      "minute" : 37,
      "second" : 20,
      "millisecond" : 947,
      "ms" : 1634755040947,
      "iso_8601" : "2021-10-20T14:37:20-04:00"
    },
    "modified_by" : "admin",
    "modified_by_principal_id" : "b4d6c22caee99692904d",
    "modified_by_principal_domain_id" : "default",
    "edited_on" : {
      "timestamp" : "20-Oct-2021 14:37:20",
      "year" : 2021,
      "month" : 9,
      "day_of_month" : 20,
      "hour" : 14,
      "minute" : 37,
      "second" : 20,
      "millisecond" : 947,
      "ms" : 1634755040947,
      "iso_8601" : "2021-10-20T14:37:20-04:00"
    },
    "edited_by" : "admin",
    "edited_by_principal_id" : "b4d6c22caee99692904d",
    "edited_by_principal_domain_id" : "default",
    "rev" : 8,
    "branch" : "4375d1eb9094255abf40",
    "_op" : "create",
    "attachments" : {
      "default" : {
        "contentType" : "application/freemarker",
        "length" : 429,
        "objectId" : "attachment_921a6e604b5281b9e3c5_b085c6207b55a7020a09",
        "filename" : "default"
      }
    }
  },
  "_doc" : "921a6e604b5281b9e3c5",
  "_qname" : "o:921a6e604b5281b9e3c5",
  "_features" : {
    "f:audit" : { },
    "f:titled" : { },
    "f:filename" : {
      "filename" : "Invite+User+-+Welcome+Email+Template"
    },
    "f:geolocation" : { },
    "f:indexable" : { }
  },
  "title" : "Invite User - Welcome Email Template"
}