{
  "_doc" : "13:f564776a0e41b2567bbd",
  "_system" : {
    "created_on" : {
      "timestamp" : "19-Nov-2021 17:36:48",
      "year" : 2021,
      "month" : 10,
      "day_of_month" : 19,
      "hour" : 17,
      "minute" : 36,
      "second" : 48,
      "millisecond" : 434,
      "ms" : 1637361408434,
      "iso_8601" : "2021-11-19T17:36:48-05:00"
    },
    "created_by" : "admin",
    "created_by_principal_id" : "e319a2cd626b671ba7f7",
    "created_by_principal_domain_id" : "default",
    "modified_on" : {
      "timestamp" : "19-Nov-2021 17:36:48",
      "year" : 2021,
      "month" : 10,
      "day_of_month" : 19,
      "hour" : 17,
      "minute" : 36,
      "second" : 48,
      "millisecond" : 497,
      "ms" : 1637361408497,
      "iso_8601" : "2021-11-19T17:36:48-05:00"
    },
    "modified_by" : "admin",
    "modified_by_principal_id" : "e319a2cd626b671ba7f7",
    "modified_by_principal_domain_id" : "default",
    "edited_on" : {
      "timestamp" : "19-Nov-2021 17:36:48",
      "year" : 2021,
      "month" : 10,
      "day_of_month" : 19,
      "hour" : 17,
      "minute" : 36,
      "second" : 48,
      "millisecond" : 497,
      "ms" : 1637361408497,
      "iso_8601" : "2021-11-19T17:36:48-05:00"
    },
    "edited_by" : "admin",
    "edited_by_principal_id" : "e319a2cd626b671ba7f7",
    "edited_by_principal_domain_id" : "default"
  },
  "revision" : 13,
  "active" : true,
  "parents" : [ "12:1c6fd536847e0deef6c3" ],
  "branch" : "187193302a18db2eb328"
}