{
  "_system" : {
    "deleted" : false,
    "changeset" : "78:b9f58c5fb199cdcfa91b",
    "created_on" : {
      "timestamp" : "14-Feb-2019 15:33:14",
      "year" : 2019,
      "month" : 1,
      "day_of_month" : 14,
      "hour" : 15,
      "minute" : 33,
      "second" : 14,
      "millisecond" : 53,
      "ms" : 1550158394053,
      "iso_8601" : "2019-02-14T15:33:14Z"
    },
    "created_by" : "admin",
    "created_by_principal_id" : "5bab281f1cb2047f12ba",
    "created_by_principal_domain_id" : "default",
    "modified_on" : {
      "timestamp" : "14-Feb-2019 15:33:14",
      "year" : 2019,
      "month" : 1,
      "day_of_month" : 14,
      "hour" : 15,
      "minute" : 33,
      "second" : 14,
      "millisecond" : 82,
      "ms" : 1550158394082,
      "iso_8601" : "2019-02-14T15:33:14Z"
    },
    "modified_by" : "admin",
    "modified_by_principal_id" : "5bab281f1cb2047f12ba",
    "modified_by_principal_domain_id" : "default",
    "edited_on" : {
      "timestamp" : "14-Feb-2019 15:33:14",
      "year" : 2019,
      "month" : 1,
      "day_of_month" : 14,
      "hour" : 15,
      "minute" : 33,
      "second" : 14,
      "millisecond" : 82,
      "ms" : 1550158394082,
      "iso_8601" : "2019-02-14T15:33:14Z"
    },
    "edited_by" : "admin",
    "edited_by_principal_id" : "5bab281f1cb2047f12ba",
    "edited_by_principal_domain_id" : "default"
  },
  "_doc" : "6c100fc88c0be5356b4e",
  "_qname" : "o:6c100fc88c0be5356b4e",
  "_type" : "a:has_role",
  "directionality" : "DIRECTED",
  "_features" : {
    "f:audit" : { },
    "f:indexable" : { }
  },
  "source_type" : "n:person",
  "source" : "fb528b3cc0f4915e1ab5",
  "target_type" : "guide:city",
  "target" : "08b2a79cb657598468e6",
  "role-key" : "owner"
}