{
  "name" : "appuser-a9cd6f720fcac4aff30d",
  "type" : "USER",
  "_system" : {
    "created_on" : {
      "timestamp" : "06-Aug-2020 13:25:33",
      "year" : 2020,
      "month" : 7,
      "day_of_month" : 6,
      "hour" : 13,
      "minute" : 25,
      "second" : 33,
      "millisecond" : 487,
      "ms" : 1596720333487,
      "iso_8601" : "2020-08-06T13:25:33Z"
    },
    "created_by" : "admin",
    "created_by_principal_id" : "bb39303eba0c35a3d2da",
    "created_by_principal_domain_id" : "default",
    "modified_on" : {
      "timestamp" : "06-Aug-2020 13:25:33",
      "year" : 2020,
      "month" : 7,
      "day_of_month" : 6,
      "hour" : 13,
      "minute" : 25,
      "second" : 33,
      "millisecond" : 487,
      "ms" : 1596720333487,
      "iso_8601" : "2020-08-06T13:25:33Z"
    },
    "modified_by" : "admin",
    "modified_by_principal_id" : "bb39303eba0c35a3d2da",
    "modified_by_principal_domain_id" : "default",
    "edited_on" : {
      "timestamp" : "06-Aug-2020 13:25:33",
      "year" : 2020,
      "month" : 7,
      "day_of_month" : 6,
      "hour" : 13,
      "minute" : 25,
      "second" : 33,
      "millisecond" : 487,
      "ms" : 1596720333487,
      "iso_8601" : "2020-08-06T13:25:33Z"
    },
    "edited_by" : "admin",
    "edited_by_principal_id" : "bb39303eba0c35a3d2da",
    "edited_by_principal_domain_id" : "default"
  },
  "_doc" : "83aba2982e60a80060da"
}