{
  "_type" : "store:author",
  "title" : "Jane Austen",
  "firstName" : "Jane",
  "lastName" : "Austen",
  "slug" : "jane-austen",
  "_features" : {
    "f:filename" : {
      "filename" : "Jane_Austen"
    },
    "f:audit" : { },
    "f:titled" : { },
    "f:geolocation" : { },
    "f:indexable" : { },
    "f:deployment-config" : {
      "default" : {
        "mappings" : [ {
          "type" : "object-to-file",
          "config" : {
            "filepath" : "/store/authors/{{object.slug}}.json"
          }
        }, {
          "type" : "attachment-to-file",
          "config" : {
            "attachmentId" : "*",
            "filepath" : "/store/authors/{{object.slug}}.{{attachment.ext}}"
          }
        } ]
      }
    },
    "f:related" : { }
  },
  "_qname" : "o:6d92bdb2e2d9437cbf2e",
  "_doc" : "6d92bdb2e2d9437cbf2e",
  "_system" : {
    "deleted" : false,
    "changeset" : "10:cdb756ee01abaa305621",
    "created_on" : {
      "timestamp" : "21-Jan-2021 16:22:26",
      "year" : 2021,
      "month" : 0,
      "day_of_month" : 21,
      "hour" : 16,
      "minute" : 22,
      "second" : 26,
      "millisecond" : 832,
      "ms" : 1611264146832,
      "iso_8601" : "2021-01-21T16:22:26-05:00"
    },
    "created_by" : "system",
    "created_by_principal_id" : "system",
    "created_by_principal_domain_id" : null,
    "modified_on" : {
      "timestamp" : "21-Jan-2021 16:22:30",
      "year" : 2021,
      "month" : 0,
      "day_of_month" : 21,
      "hour" : 16,
      "minute" : 22,
      "second" : 30,
      "millisecond" : 704,
      "ms" : 1611264150704,
      "iso_8601" : "2021-01-21T16:22:30-05:00"
    },
    "modified_by" : "system",
    "modified_by_principal_id" : "system",
    "modified_by_principal_domain_id" : null,
    "edited_on" : {
      "timestamp" : "21-Jan-2021 16:22:26",
      "year" : 2021,
      "month" : 0,
      "day_of_month" : 21,
      "hour" : 16,
      "minute" : 22,
      "second" : 26,
      "millisecond" : 832,
      "ms" : 1611264146832,
      "iso_8601" : "2021-01-21T16:22:26-05:00"
    },
    "edited_by" : "system",
    "edited_by_principal_id" : "system",
    "edited_by_principal_domain_id" : null,
    "rev" : 10,
    "attachments" : {
      "default" : {
        "contentType" : "image/jpeg",
        "length" : 89873,
        "objectId" : "attachment_6d92bdb2e2d9437cbf2e_a2cb0aa8ee1fd82c0527",
        "filename" : "default.jpg"
      }
    },
    "previousChangeset" : "9:8428e1f2e5072f3dbdfa",
    "branch" : "3d4e3a21a7c02c55017c",
    "_op" : "update"
  }
}