{
  "_type" : "store:author",
  "title" : "Jane Austen",
  "firstName" : "Jane",
  "lastName" : "Austen",
  "slug" : "jane-austen",
  "_features" : {
    "f:filename" : {
      "filename" : "Jane_Austen"
    },
    "f:audit" : { },
    "f:titled" : { },
    "f:geolocation" : { },
    "f:indexable" : { },
    "f:deployment-config" : {
      "default" : {
        "mappings" : [ {
          "type" : "object-to-file",
          "config" : {
            "filepath" : "/store/authors/{{object.slug}}.json"
          }
        }, {
          "type" : "attachment-to-file",
          "config" : {
            "attachmentId" : "*",
            "filepath" : "/store/authors/{{object.slug}}.{{attachment.ext}}"
          }
        } ]
      }
    },
    "f:related" : { },
    "f:publishable" : {
      "state" : "approved"
    }
  },
  "_qname" : "o:68cad3e3cfa6454d99bc",
  "_doc" : "68cad3e3cfa6454d99bc",
  "_system" : {
    "deleted" : false,
    "changeset" : "18:fd5de66efcb030708a63",
    "created_on" : {
      "timestamp" : "26-Nov-2021 22:42:41",
      "year" : 2021,
      "month" : 10,
      "day_of_month" : 26,
      "hour" : 22,
      "minute" : 42,
      "second" : 41,
      "millisecond" : 503,
      "ms" : 1637984561503,
      "iso_8601" : "2021-11-26T22:42:41-05:00"
    },
    "created_by" : "admin",
    "created_by_principal_id" : "5bef34d1ea45b9e98ee7",
    "created_by_principal_domain_id" : "default",
    "modified_on" : {
      "timestamp" : "26-Nov-2021 22:42:50",
      "year" : 2021,
      "month" : 10,
      "day_of_month" : 26,
      "hour" : 22,
      "minute" : 42,
      "second" : 50,
      "millisecond" : 550,
      "ms" : 1637984570550,
      "iso_8601" : "2021-11-26T22:42:50-05:00"
    },
    "modified_by" : "admin",
    "modified_by_principal_id" : "5bef34d1ea45b9e98ee7",
    "modified_by_principal_domain_id" : "default",
    "edited_on" : {
      "timestamp" : "26-Nov-2021 22:42:50",
      "year" : 2021,
      "month" : 10,
      "day_of_month" : 26,
      "hour" : 22,
      "minute" : 42,
      "second" : 50,
      "millisecond" : 550,
      "ms" : 1637984570550,
      "iso_8601" : "2021-11-26T22:42:50-05:00"
    },
    "edited_by" : "admin",
    "edited_by_principal_id" : "5bef34d1ea45b9e98ee7",
    "edited_by_principal_domain_id" : "default",
    "rev" : 18,
    "attachments" : {
      "default" : {
        "contentType" : "image/jpeg",
        "length" : 89873,
        "objectId" : "attachment_68cad3e3cfa6454d99bc_8a94c4a771df6c2176b4",
        "filename" : "default.jpg"
      }
    },
    "previousChangeset" : "11:aaa71e7d6583028e6d2f",
    "branch" : "9bc800c8fc0417d3210c",
    "_op" : "update"
  }
}