{
  "_system" : {
    "deleted" : false,
    "changeset" : "13:48d107468a6fd8bdb49b",
    "created_on" : {
      "timestamp" : "14-Feb-2019 15:32:48",
      "year" : 2019,
      "month" : 1,
      "day_of_month" : 14,
      "hour" : 15,
      "minute" : 32,
      "second" : 48,
      "millisecond" : 31,
      "ms" : 1550158368031,
      "iso_8601" : "2019-02-14T15:32:48Z"
    },
    "created_by" : "admin",
    "created_by_principal_id" : "5bab281f1cb2047f12ba",
    "created_by_principal_domain_id" : "default",
    "modified_on" : {
      "timestamp" : "14-Feb-2019 15:32:48",
      "year" : 2019,
      "month" : 1,
      "day_of_month" : 14,
      "hour" : 15,
      "minute" : 32,
      "second" : 48,
      "millisecond" : 70,
      "ms" : 1550158368070,
      "iso_8601" : "2019-02-14T15:32:48Z"
    },
    "modified_by" : "admin",
    "modified_by_principal_id" : "5bab281f1cb2047f12ba",
    "modified_by_principal_domain_id" : "default",
    "edited_on" : {
      "timestamp" : "14-Feb-2019 15:32:48",
      "year" : 2019,
      "month" : 1,
      "day_of_month" : 14,
      "hour" : 15,
      "minute" : 32,
      "second" : 48,
      "millisecond" : 70,
      "ms" : 1550158368070,
      "iso_8601" : "2019-02-14T15:32:48Z"
    },
    "edited_by" : "admin",
    "edited_by_principal_id" : "5bab281f1cb2047f12ba",
    "edited_by_principal_domain_id" : "default"
  },
  "_doc" : "e41d2cc8ed1842237e1e",
  "_qname" : "o:e41d2cc8ed1842237e1e",
  "_type" : "a:has_role",
  "directionality" : "DIRECTED",
  "_features" : {
    "f:audit" : { },
    "f:indexable" : { }
  },
  "source_type" : "n:person",
  "source" : "fb528b3cc0f4915e1ab5",
  "target_type" : "d:type",
  "target" : "b9add785f876042f66c5",
  "role-key" : "owner"
}