{
  "_doc" : "821c40ab613d9b5bcbbc656b62229327",
  "_qname" : "a:deems_spam",
  "_type" : "d:association",
  "_parent" : "a:linked",
  "type" : "object",
  "title" : "Deems Spam",
  "description" : "A relationship identifying that a source person deems a target node to be spam",
  "systemBootstrapped" : true,
  "_system" : {
    "deleted" : false,
    "changeset" : "0:root",
    "created_on" : {
      "timestamp" : "21-Jan-2021 16:22:13",
      "year" : 2021,
      "month" : 0,
      "day_of_month" : 21,
      "hour" : 16,
      "minute" : 22,
      "second" : 13,
      "millisecond" : 645,
      "ms" : 1611264133645,
      "iso_8601" : "2021-01-21T16:22:13-05:00"
    },
    "created_by" : "admin",
    "created_by_principal_id" : "8df8c30d1c2f95496937",
    "created_by_principal_domain_id" : "default",
    "modified_on" : {
      "timestamp" : "21-Jan-2021 16:22:13",
      "year" : 2021,
      "month" : 0,
      "day_of_month" : 21,
      "hour" : 16,
      "minute" : 22,
      "second" : 13,
      "millisecond" : 717,
      "ms" : 1611264133717,
      "iso_8601" : "2021-01-21T16:22:13-05:00"
    },
    "modified_by" : "admin",
    "modified_by_principal_id" : "8df8c30d1c2f95496937",
    "modified_by_principal_domain_id" : "default",
    "edited_on" : {
      "timestamp" : "21-Jan-2021 16:22:13",
      "year" : 2021,
      "month" : 0,
      "day_of_month" : 21,
      "hour" : 16,
      "minute" : 22,
      "second" : 13,
      "millisecond" : 717,
      "ms" : 1611264133717,
      "iso_8601" : "2021-01-21T16:22:13-05:00"
    },
    "edited_by" : "admin",
    "edited_by_principal_id" : "8df8c30d1c2f95496937",
    "edited_by_principal_domain_id" : "default",
    "rev" : 0,
    "branch" : "3d4e3a21a7c02c55017c",
    "_op" : "create"
  }
}