{
  "_doc" : "821c40ab613d9b5bcbbc656b62229C02",
  "_qname" : "n:linked-resource",
  "_type" : "d:type",
  "_parent" : "n:node",
  "properties" : {
    "title" : {
      "title" : "Title",
      "type" : "string"
    },
    "key" : {
      "title" : "Key",
      "type" : "string"
    },
    "protocol" : {
      "title" : "Protocol",
      "type" : "string"
    },
    "path" : {
      "title" : "Path",
      "type" : "string"
    },
    "host" : {
      "title" : "Host",
      "type" : "string"
    },
    "port" : {
      "title" : "Port",
      "type" : "number"
    },
    "query" : {
      "title" : "Query",
      "type" : "string"
    }
  },
  "type" : "object",
  "title" : "Linked Resource",
  "description" : "An external resource that is linked to from a content node",
  "systemBootstrapped" : true,
  "_system" : {
    "deleted" : false,
    "changeset" : "0:root",
    "created_on" : {
      "timestamp" : "20-Oct-2021 14:37:16",
      "year" : 2021,
      "month" : 9,
      "day_of_month" : 20,
      "hour" : 14,
      "minute" : 37,
      "second" : 16,
      "millisecond" : 891,
      "ms" : 1634755036891,
      "iso_8601" : "2021-10-20T14:37:16-04:00"
    },
    "created_by" : "admin",
    "created_by_principal_id" : "b4d6c22caee99692904d",
    "created_by_principal_domain_id" : "default",
    "modified_on" : {
      "timestamp" : "20-Oct-2021 14:37:16",
      "year" : 2021,
      "month" : 9,
      "day_of_month" : 20,
      "hour" : 14,
      "minute" : 37,
      "second" : 16,
      "millisecond" : 927,
      "ms" : 1634755036927,
      "iso_8601" : "2021-10-20T14:37:16-04:00"
    },
    "modified_by" : "admin",
    "modified_by_principal_id" : "b4d6c22caee99692904d",
    "modified_by_principal_domain_id" : "default",
    "edited_on" : {
      "timestamp" : "20-Oct-2021 14:37:16",
      "year" : 2021,
      "month" : 9,
      "day_of_month" : 20,
      "hour" : 14,
      "minute" : 37,
      "second" : 16,
      "millisecond" : 927,
      "ms" : 1634755036927,
      "iso_8601" : "2021-10-20T14:37:16-04:00"
    },
    "edited_by" : "admin",
    "edited_by_principal_id" : "b4d6c22caee99692904d",
    "edited_by_principal_domain_id" : "default",
    "rev" : 0,
    "branch" : "4375d1eb9094255abf40",
    "_op" : "create"
  },
  "$schema" : "http://json-schema.org/draft-04/schema#"
}