{
  "type" : "CREATE",
  "timestamp" : {
    "timestamp" : "07-Dec-2021 18:01:35",
    "year" : 2021,
    "month" : 11,
    "day_of_month" : 7,
    "hour" : 18,
    "minute" : 1,
    "second" : 35,
    "millisecond" : 388,
    "ms" : 1638900095388,
    "iso_8601" : "2021-12-07T18:01:35Z"
  },
  "userDomainId" : "default",
  "userId" : "9a36db8c2529d3cf7b7b",
  "userTitle" : "admin",
  "userName" : "admin",
  "objectDatastoreTypeId" : "repository",
  "objectDatastoreId" : "f94809da6b272fb71091",
  "objectDatastoreTitle" : "f94809da6b272fb71091",
  "objectId" : "802af4b78d385ecdbc26",
  "objectTypeId" : "team",
  "objectTitle" : "Owners",
  "_system" : {
    "created_on" : {
      "timestamp" : "07-Dec-2021 18:01:35",
      "year" : 2021,
      "month" : 11,
      "day_of_month" : 7,
      "hour" : 18,
      "minute" : 1,
      "second" : 35,
      "millisecond" : 391,
      "ms" : 1638900095391,
      "iso_8601" : "2021-12-07T18:01:35Z"
    },
    "created_by" : "admin",
    "created_by_principal_id" : "9a36db8c2529d3cf7b7b",
    "created_by_principal_domain_id" : "default",
    "modified_on" : {
      "timestamp" : "07-Dec-2021 18:01:35",
      "year" : 2021,
      "month" : 11,
      "day_of_month" : 7,
      "hour" : 18,
      "minute" : 1,
      "second" : 35,
      "millisecond" : 391,
      "ms" : 1638900095391,
      "iso_8601" : "2021-12-07T18:01:35Z"
    },
    "modified_by" : "admin",
    "modified_by_principal_id" : "9a36db8c2529d3cf7b7b",
    "modified_by_principal_domain_id" : "default",
    "edited_on" : {
      "timestamp" : "07-Dec-2021 18:01:35",
      "year" : 2021,
      "month" : 11,
      "day_of_month" : 7,
      "hour" : 18,
      "minute" : 1,
      "second" : 35,
      "millisecond" : 391,
      "ms" : 1638900095391,
      "iso_8601" : "2021-12-07T18:01:35Z"
    },
    "edited_by" : "admin",
    "edited_by_principal_id" : "9a36db8c2529d3cf7b7b",
    "edited_by_principal_domain_id" : "default"
  },
  "_doc" : "d912c1ded863394f6f3d"
}