{
  "_doc" : "821c40ab613d9b5bcbbc656b62229302",
  "_type" : "a:linked",
  "_qname" : "r:root_to_users",
  "type" : "object",
  "description" : "Associates the root to the users node",
  "source" : "r:root",
  "source_type" : "n:root",
  "target" : "r:users",
  "target_type" : "n:node",
  "systemBootstrapped" : true,
  "_system" : {
    "deleted" : false,
    "changeset" : "0:root",
    "created_on" : {
      "timestamp" : "20-Oct-2021 00:03:14",
      "year" : 2021,
      "month" : 9,
      "day_of_month" : 20,
      "hour" : 0,
      "minute" : 3,
      "second" : 14,
      "millisecond" : 747,
      "ms" : 1634702594747,
      "iso_8601" : "2021-10-20T00:03:14-04:00"
    },
    "created_by" : "admin",
    "created_by_principal_id" : "2a7c6669601b1ba4c958",
    "created_by_principal_domain_id" : "default",
    "modified_on" : {
      "timestamp" : "20-Oct-2021 00:03:14",
      "year" : 2021,
      "month" : 9,
      "day_of_month" : 20,
      "hour" : 0,
      "minute" : 3,
      "second" : 14,
      "millisecond" : 774,
      "ms" : 1634702594774,
      "iso_8601" : "2021-10-20T00:03:14-04:00"
    },
    "modified_by" : "admin",
    "modified_by_principal_id" : "2a7c6669601b1ba4c958",
    "modified_by_principal_domain_id" : "default",
    "edited_on" : {
      "timestamp" : "20-Oct-2021 00:03:14",
      "year" : 2021,
      "month" : 9,
      "day_of_month" : 20,
      "hour" : 0,
      "minute" : 3,
      "second" : 14,
      "millisecond" : 774,
      "ms" : 1634702594774,
      "iso_8601" : "2021-10-20T00:03:14-04:00"
    },
    "edited_by" : "admin",
    "edited_by_principal_id" : "2a7c6669601b1ba4c958",
    "edited_by_principal_domain_id" : "default",
    "rev" : 0,
    "branch" : "a73f26b4127e018473e1",
    "_op" : "create"
  },
  "directionality" : "UNDIRECTED",
  "_features" : {
    "f:audit" : { },
    "f:indexable" : { }
  }
}