{
  "teamableObjectTypeId" : "domain",
  "teamableObjectId" : "a02c499c3cc1d2986c4d",
  "key" : "owners",
  "groupId" : "be8a25f3092d29d8cdff",
  "groupDomainId" : "78981089f96c14a8b699",
  "roleKeys" : [ "owner" ],
  "title" : "Owners",
  "description" : "Owners Team",
  "_system" : {
    "created_on" : {
      "timestamp" : "06-Aug-2020 13:25:30",
      "year" : 2020,
      "month" : 7,
      "day_of_month" : 6,
      "hour" : 13,
      "minute" : 25,
      "second" : 30,
      "millisecond" : 302,
      "ms" : 1596720330302,
      "iso_8601" : "2020-08-06T13:25:30Z"
    },
    "created_by" : "admin",
    "created_by_principal_id" : "bb39303eba0c35a3d2da",
    "created_by_principal_domain_id" : "default",
    "modified_on" : {
      "timestamp" : "06-Aug-2020 13:25:30",
      "year" : 2020,
      "month" : 7,
      "day_of_month" : 6,
      "hour" : 13,
      "minute" : 25,
      "second" : 30,
      "millisecond" : 302,
      "ms" : 1596720330302,
      "iso_8601" : "2020-08-06T13:25:30Z"
    },
    "modified_by" : "admin",
    "modified_by_principal_id" : "bb39303eba0c35a3d2da",
    "modified_by_principal_domain_id" : "default",
    "edited_on" : {
      "timestamp" : "06-Aug-2020 13:25:30",
      "year" : 2020,
      "month" : 7,
      "day_of_month" : 6,
      "hour" : 13,
      "minute" : 25,
      "second" : 30,
      "millisecond" : 302,
      "ms" : 1596720330302,
      "iso_8601" : "2020-08-06T13:25:30Z"
    },
    "edited_by" : "admin",
    "edited_by_principal_id" : "bb39303eba0c35a3d2da",
    "edited_by_principal_domain_id" : "default"
  },
  "_doc" : "6b6439890f7c12075bdc"
}