{
  "_system" : {
    "deleted" : false,
    "changeset" : "4:d27b3477ecf17b2a0836",
    "created_on" : {
      "timestamp" : "14-Feb-2019 15:32:44",
      "year" : 2019,
      "month" : 1,
      "day_of_month" : 14,
      "hour" : 15,
      "minute" : 32,
      "second" : 44,
      "millisecond" : 193,
      "ms" : 1550158364193,
      "iso_8601" : "2019-02-14T15:32:44Z"
    },
    "created_by" : "admin",
    "created_by_principal_id" : "5bab281f1cb2047f12ba",
    "created_by_principal_domain_id" : "default",
    "modified_on" : {
      "timestamp" : "14-Feb-2019 15:32:44",
      "year" : 2019,
      "month" : 1,
      "day_of_month" : 14,
      "hour" : 15,
      "minute" : 32,
      "second" : 44,
      "millisecond" : 336,
      "ms" : 1550158364336,
      "iso_8601" : "2019-02-14T15:32:44Z"
    },
    "modified_by" : "admin",
    "modified_by_principal_id" : "5bab281f1cb2047f12ba",
    "modified_by_principal_domain_id" : "default",
    "edited_on" : {
      "timestamp" : "14-Feb-2019 15:32:44",
      "year" : 2019,
      "month" : 1,
      "day_of_month" : 14,
      "hour" : 15,
      "minute" : 32,
      "second" : 44,
      "millisecond" : 336,
      "ms" : 1550158364336,
      "iso_8601" : "2019-02-14T15:32:44Z"
    },
    "edited_by" : "admin",
    "edited_by_principal_id" : "5bab281f1cb2047f12ba",
    "edited_by_principal_domain_id" : "default",
    "attachments" : {
      "default" : {
        "contentType" : "image/png",
        "length" : 6080,
        "objectId" : "attachment_3aa079805b058e26e922_c6c6fb696ffc6f5c55a6",
        "filename" : "default"
      }
    }
  },
  "_doc" : "3aa079805b058e26e922",
  "_qname" : "o:3aa079805b058e26e922",
  "_type" : "n:node",
  "_features" : {
    "f:audit" : { },
    "f:titled" : { },
    "f:filename" : {
      "filename" : "logo.png"
    },
    "f:geolocation" : { },
    "f:indexable" : { }
  },
  "title" : "logo.png"
}