{
  "_doc" : "821c40ab613d9b5bcbbc656b62229302",
  "_type" : "a:linked",
  "_qname" : "r:root_to_users",
  "type" : "object",
  "description" : "Associates the root to the users node",
  "source" : "r:root",
  "source_type" : "n:root",
  "target" : "r:users",
  "target_type" : "n:node",
  "systemBootstrapped" : true,
  "_system" : {
    "deleted" : false,
    "changeset" : "0:root",
    "created_on" : {
      "timestamp" : "05-Aug-2021 15:36:40",
      "year" : 2021,
      "month" : 7,
      "day_of_month" : 5,
      "hour" : 15,
      "minute" : 36,
      "second" : 40,
      "millisecond" : 859,
      "ms" : 1628177800859,
      "iso_8601" : "2021-08-05T15:36:40Z"
    },
    "created_by" : "admin",
    "created_by_principal_id" : "b3236127dacc03f40cd9",
    "created_by_principal_domain_id" : "default",
    "modified_on" : {
      "timestamp" : "05-Aug-2021 15:36:41",
      "year" : 2021,
      "month" : 7,
      "day_of_month" : 5,
      "hour" : 15,
      "minute" : 36,
      "second" : 41,
      "millisecond" : 194,
      "ms" : 1628177801194,
      "iso_8601" : "2021-08-05T15:36:41Z"
    },
    "modified_by" : "admin",
    "modified_by_principal_id" : "b3236127dacc03f40cd9",
    "modified_by_principal_domain_id" : "default",
    "edited_on" : {
      "timestamp" : "05-Aug-2021 15:36:41",
      "year" : 2021,
      "month" : 7,
      "day_of_month" : 5,
      "hour" : 15,
      "minute" : 36,
      "second" : 41,
      "millisecond" : 194,
      "ms" : 1628177801194,
      "iso_8601" : "2021-08-05T15:36:41Z"
    },
    "edited_by" : "admin",
    "edited_by_principal_id" : "b3236127dacc03f40cd9",
    "edited_by_principal_domain_id" : "default",
    "rev" : 0,
    "branch" : "23fafbfbb544c803da8d",
    "_op" : "create"
  },
  "directionality" : "UNDIRECTED",
  "_features" : {
    "f:audit" : { },
    "f:indexable" : { }
  }
}