{
  "_doc" : "7:207d92d41effd58c30db",
  "_system" : {
    "created_on" : {
      "timestamp" : "19-Nov-2021 22:41:03",
      "year" : 2021,
      "month" : 10,
      "day_of_month" : 19,
      "hour" : 22,
      "minute" : 41,
      "second" : 3,
      "millisecond" : 149,
      "ms" : 1637379663149,
      "iso_8601" : "2021-11-19T22:41:03-05:00"
    },
    "created_by" : "admin",
    "created_by_principal_id" : "e319a2cd626b671ba7f7",
    "created_by_principal_domain_id" : "default",
    "modified_on" : {
      "timestamp" : "19-Nov-2021 22:41:03",
      "year" : 2021,
      "month" : 10,
      "day_of_month" : 19,
      "hour" : 22,
      "minute" : 41,
      "second" : 3,
      "millisecond" : 312,
      "ms" : 1637379663312,
      "iso_8601" : "2021-11-19T22:41:03-05:00"
    },
    "modified_by" : "admin",
    "modified_by_principal_id" : "e319a2cd626b671ba7f7",
    "modified_by_principal_domain_id" : "default",
    "edited_on" : {
      "timestamp" : "19-Nov-2021 22:41:03",
      "year" : 2021,
      "month" : 10,
      "day_of_month" : 19,
      "hour" : 22,
      "minute" : 41,
      "second" : 3,
      "millisecond" : 312,
      "ms" : 1637379663312,
      "iso_8601" : "2021-11-19T22:41:03-05:00"
    },
    "edited_by" : "admin",
    "edited_by_principal_id" : "e319a2cd626b671ba7f7",
    "edited_by_principal_domain_id" : "default"
  },
  "revision" : 7,
  "active" : true,
  "parents" : [ "6:ddca90bc1993c64f92c0" ],
  "branch" : "d13c41461bea0e1eaef1"
}