{
  "_doc" : "28:756e41827313a41da504",
  "_system" : {
    "created_on" : {
      "timestamp" : "20-Oct-2021 14:37:40",
      "year" : 2021,
      "month" : 9,
      "day_of_month" : 20,
      "hour" : 14,
      "minute" : 37,
      "second" : 40,
      "millisecond" : 612,
      "ms" : 1634755060612,
      "iso_8601" : "2021-10-20T14:37:40-04:00"
    },
    "created_by" : "admin",
    "created_by_principal_id" : "b4d6c22caee99692904d",
    "created_by_principal_domain_id" : "default",
    "modified_on" : {
      "timestamp" : "20-Oct-2021 14:37:40",
      "year" : 2021,
      "month" : 9,
      "day_of_month" : 20,
      "hour" : 14,
      "minute" : 37,
      "second" : 40,
      "millisecond" : 721,
      "ms" : 1634755060721,
      "iso_8601" : "2021-10-20T14:37:40-04:00"
    },
    "modified_by" : "admin",
    "modified_by_principal_id" : "b4d6c22caee99692904d",
    "modified_by_principal_domain_id" : "default",
    "edited_on" : {
      "timestamp" : "20-Oct-2021 14:37:40",
      "year" : 2021,
      "month" : 9,
      "day_of_month" : 20,
      "hour" : 14,
      "minute" : 37,
      "second" : 40,
      "millisecond" : 721,
      "ms" : 1634755060721,
      "iso_8601" : "2021-10-20T14:37:40-04:00"
    },
    "edited_by" : "admin",
    "edited_by_principal_id" : "b4d6c22caee99692904d",
    "edited_by_principal_domain_id" : "default"
  },
  "revision" : 28,
  "active" : true,
  "parents" : [ "27:ee1e9e428f41668cd21a" ],
  "branch" : "4375d1eb9094255abf40"
}