{
  "_system" : {
    "deleted" : false,
    "changeset" : "55:ab4763d73c26014ef5eb",
    "created_on" : {
      "timestamp" : "05-Aug-2021 15:37:21",
      "year" : 2021,
      "month" : 7,
      "day_of_month" : 5,
      "hour" : 15,
      "minute" : 37,
      "second" : 21,
      "millisecond" : 283,
      "ms" : 1628177841283,
      "iso_8601" : "2021-08-05T15:37:21Z"
    },
    "created_by" : "admin",
    "created_by_principal_id" : "b3236127dacc03f40cd9",
    "created_by_principal_domain_id" : "default",
    "modified_on" : {
      "timestamp" : "05-Aug-2021 15:37:21",
      "year" : 2021,
      "month" : 7,
      "day_of_month" : 5,
      "hour" : 15,
      "minute" : 37,
      "second" : 21,
      "millisecond" : 495,
      "ms" : 1628177841495,
      "iso_8601" : "2021-08-05T15:37:21Z"
    },
    "modified_by" : "admin",
    "modified_by_principal_id" : "b3236127dacc03f40cd9",
    "modified_by_principal_domain_id" : "default",
    "edited_on" : {
      "timestamp" : "05-Aug-2021 15:37:21",
      "year" : 2021,
      "month" : 7,
      "day_of_month" : 5,
      "hour" : 15,
      "minute" : 37,
      "second" : 21,
      "millisecond" : 495,
      "ms" : 1628177841495,
      "iso_8601" : "2021-08-05T15:37:21Z"
    },
    "edited_by" : "admin",
    "edited_by_principal_id" : "b3236127dacc03f40cd9",
    "edited_by_principal_domain_id" : "default",
    "rev" : 55,
    "branch" : "23fafbfbb544c803da8d",
    "_op" : "create"
  },
  "_doc" : "5f31064a12a907b57309",
  "_qname" : "o:5f31064a12a907b57309",
  "_type" : "a:has_role",
  "directionality" : "DIRECTED",
  "_features" : {
    "f:audit" : { },
    "f:indexable" : { }
  },
  "source_type" : "n:person",
  "source" : "e8bb730f7bde46147d12",
  "target_type" : "n:person",
  "target" : "e8bb730f7bde46147d12",
  "role-key" : "owner"
}