{
  "_system" : {
    "deleted" : false,
    "changeset" : "3:a4abab8f18baa1b98cde",
    "created_on" : {
      "timestamp" : "14-Feb-2019 15:32:43",
      "year" : 2019,
      "month" : 1,
      "day_of_month" : 14,
      "hour" : 15,
      "minute" : 32,
      "second" : 43,
      "millisecond" : 975,
      "ms" : 1550158363975,
      "iso_8601" : "2019-02-14T15:32:43Z"
    },
    "created_by" : "admin",
    "created_by_principal_id" : "5bab281f1cb2047f12ba",
    "created_by_principal_domain_id" : "default",
    "modified_on" : {
      "timestamp" : "14-Feb-2019 15:32:43",
      "year" : 2019,
      "month" : 1,
      "day_of_month" : 14,
      "hour" : 15,
      "minute" : 32,
      "second" : 43,
      "millisecond" : 991,
      "ms" : 1550158363991,
      "iso_8601" : "2019-02-14T15:32:43Z"
    },
    "modified_by" : "admin",
    "modified_by_principal_id" : "5bab281f1cb2047f12ba",
    "modified_by_principal_domain_id" : "default",
    "edited_on" : {
      "timestamp" : "14-Feb-2019 15:32:43",
      "year" : 2019,
      "month" : 1,
      "day_of_month" : 14,
      "hour" : 15,
      "minute" : 32,
      "second" : 43,
      "millisecond" : 991,
      "ms" : 1550158363991,
      "iso_8601" : "2019-02-14T15:32:43Z"
    },
    "edited_by" : "admin",
    "edited_by_principal_id" : "5bab281f1cb2047f12ba",
    "edited_by_principal_domain_id" : "default"
  },
  "_doc" : "dc152f92ffd80c6cc4c7",
  "_qname" : "o:dc152f92ffd80c6cc4c7",
  "_type" : "a:child",
  "directionality" : "DIRECTED",
  "_features" : {
    "f:audit" : { },
    "f:indexable" : { },
    "f:propagates-authorities" : {
      "enabled" : true
    },
    "f:non-cyclic" : { },
    "f:knowledge-sharing" : {
      "enabled" : true
    }
  },
  "source_type" : "n:node",
  "source" : "b57854a415c888fc4b26",
  "target_type" : "n:node",
  "target" : "d852933d49e815436318"
}