{
  "_features" : {
    "f:relator" : {
      "propertyHolder" : "source",
      "propertyPath" : "/recommendations[0]",
      "active" : true
    },
    "f:audit" : { },
    "f:indexable" : { }
  },
  "source" : "94d5070275be42e78ae3",
  "source_type" : "store:book",
  "target" : "905450a45b1f4267b35c",
  "target_type" : "store:book",
  "directionality" : "DIRECTED",
  "_system" : {
    "deleted" : false,
    "changeset" : "31:c0edb1b1cc40bee85858",
    "created_on" : {
      "timestamp" : "19-Nov-2021 22:41:25",
      "year" : 2021,
      "month" : 10,
      "day_of_month" : 19,
      "hour" : 22,
      "minute" : 41,
      "second" : 25,
      "millisecond" : 768,
      "ms" : 1637379685768,
      "iso_8601" : "2021-11-19T22:41:25-05:00"
    },
    "created_by" : "admin",
    "created_by_principal_id" : "e319a2cd626b671ba7f7",
    "created_by_principal_domain_id" : "default",
    "modified_on" : {
      "timestamp" : "19-Nov-2021 22:41:25",
      "year" : 2021,
      "month" : 10,
      "day_of_month" : 19,
      "hour" : 22,
      "minute" : 41,
      "second" : 25,
      "millisecond" : 809,
      "ms" : 1637379685809,
      "iso_8601" : "2021-11-19T22:41:25-05:00"
    },
    "modified_by" : "admin",
    "modified_by_principal_id" : "e319a2cd626b671ba7f7",
    "modified_by_principal_domain_id" : "default",
    "edited_on" : {
      "timestamp" : "19-Nov-2021 22:41:25",
      "year" : 2021,
      "month" : 10,
      "day_of_month" : 19,
      "hour" : 22,
      "minute" : 41,
      "second" : 25,
      "millisecond" : 809,
      "ms" : 1637379685809,
      "iso_8601" : "2021-11-19T22:41:25-05:00"
    },
    "edited_by" : "admin",
    "edited_by_principal_id" : "e319a2cd626b671ba7f7",
    "edited_by_principal_domain_id" : "default",
    "rev" : 31,
    "branch" : "d13c41461bea0e1eaef1",
    "_op" : "create"
  },
  "_doc" : "308b1396570efd5c76ca",
  "_qname" : "o:308b1396570efd5c76ca",
  "_type" : "store:suggests"
}