{
  "_type" : "catalog:product-review",
  "title" : "Review #11 Too much Chocolate",
  "author" : "johnny.carson",
  "body" : "These were freaking delicious! There are mixed reviews that say they were too dry? Honestly I have no idea what these people were doing wrong...? They weren't light and fluffy it's true - but they were super good and moist- they should be called Chocolate Brownie Cupcakes because they are definitely more dense like a Brownie - but who doesn't love a good brownie? I used creamcheese icing and they came out so well. I followed the recipe exactly and baked them 20 min. Perfection!",
  "rating" : 2,
  "_system" : {
    "deleted" : false,
    "changeset" : "0:root",
    "modified_on" : {
      "timestamp" : "19-Apr-2019 20:08:34",
      "year" : 2019,
      "month" : 3,
      "day_of_month" : 19,
      "hour" : 20,
      "minute" : 8,
      "second" : 34,
      "millisecond" : 301,
      "ms" : 1555704514301,
      "iso_8601" : "2019-04-19T20:08:34Z"
    },
    "modified_by" : "admin",
    "modified_by_principal_id" : "74004ce2e8561e763ac4",
    "modified_by_principal_domain_id" : "default",
    "edited_on" : {
      "timestamp" : "19-Apr-2019 20:08:34",
      "year" : 2019,
      "month" : 3,
      "day_of_month" : 19,
      "hour" : 20,
      "minute" : 8,
      "second" : 34,
      "millisecond" : 301,
      "ms" : 1555704514301,
      "iso_8601" : "2019-04-19T20:08:34Z"
    },
    "edited_by" : "admin",
    "edited_by_principal_id" : "74004ce2e8561e763ac4",
    "edited_by_principal_domain_id" : "default",
    "created_on" : {
      "timestamp" : "19-Apr-2019 20:08:34",
      "year" : 2019,
      "month" : 3,
      "day_of_month" : 19,
      "hour" : 20,
      "minute" : 8,
      "second" : 34,
      "millisecond" : 301,
      "ms" : 1555704514301,
      "iso_8601" : "2019-04-19T20:08:34Z"
    },
    "created_by" : "admin",
    "created_by_principal_id" : "74004ce2e8561e763ac4",
    "created_by_principal_domain_id" : "default"
  },
  "_qname" : "o:7fb0cc0cb111525245e3",
  "_features" : {
    "f:audit" : { },
    "f:titled" : { },
    "f:filename" : {
      "filename" : "Review+%2311+Too+much+Chocolate"
    },
    "f:geolocation" : { },
    "f:indexable" : { }
  },
  "_doc" : "7fb0cc0cb111525245e3"
}