{
  "key" : "branch://7173fe698ebac7cd9992/1677ffc4e33a815d61c0/c05d26b68d5e6c9699cf_approved",
  "title" : "Publish 'approved' Content from Branch 'c05d26b68d5e6c9699cf'",
  "targetIds" : [ "18fcb4898de288a5ecfa" ],
  "_system" : {
    "created_on" : {
      "timestamp" : "20-Oct-2021 09:44:24",
      "year" : 2021,
      "month" : 9,
      "day_of_month" : 20,
      "hour" : 9,
      "minute" : 44,
      "second" : 24,
      "millisecond" : 819,
      "ms" : 1634737464819,
      "iso_8601" : "2021-10-20T09:44:24-04:00"
    },
    "created_by" : "admin",
    "created_by_principal_id" : "2a7c6669601b1ba4c958",
    "created_by_principal_domain_id" : "default",
    "modified_on" : {
      "timestamp" : "20-Oct-2021 09:44:24",
      "year" : 2021,
      "month" : 9,
      "day_of_month" : 20,
      "hour" : 9,
      "minute" : 44,
      "second" : 24,
      "millisecond" : 819,
      "ms" : 1634737464819,
      "iso_8601" : "2021-10-20T09:44:24-04:00"
    },
    "modified_by" : "admin",
    "modified_by_principal_id" : "2a7c6669601b1ba4c958",
    "modified_by_principal_domain_id" : "default",
    "edited_on" : {
      "timestamp" : "20-Oct-2021 09:44:24",
      "year" : 2021,
      "month" : 9,
      "day_of_month" : 20,
      "hour" : 9,
      "minute" : 44,
      "second" : 24,
      "millisecond" : 819,
      "ms" : 1634737464819,
      "iso_8601" : "2021-10-20T09:44:24-04:00"
    },
    "edited_by" : "admin",
    "edited_by_principal_id" : "2a7c6669601b1ba4c958",
    "edited_by_principal_domain_id" : "default"
  },
  "_doc" : "d94e7f99bae25fb089e1"
}