{
  "defaultDirectoryId" : "0faa6c336b83cb6ebf15",
  "platformId" : "7c44b45c5ae05aec7e45",
  "datastoreId" : "4e683ac3362c290f4a5b",
  "datastoreTypeId" : "domain",
  "enableAuditing" : false,
  "enableAuthorities" : true,
  "maxsize" : -1,
  "size" : 0,
  "objectcount" : 0,
  "_system" : {
    "created_on" : {
      "timestamp" : "07-Dec-2021 18:01:37",
      "year" : 2021,
      "month" : 11,
      "day_of_month" : 7,
      "hour" : 18,
      "minute" : 1,
      "second" : 37,
      "millisecond" : 192,
      "ms" : 1638900097192,
      "iso_8601" : "2021-12-07T18:01:37Z"
    },
    "created_by" : "admin",
    "created_by_principal_id" : "9a36db8c2529d3cf7b7b",
    "created_by_principal_domain_id" : "default",
    "modified_on" : {
      "timestamp" : "07-Dec-2021 18:02:23",
      "year" : 2021,
      "month" : 11,
      "day_of_month" : 7,
      "hour" : 18,
      "minute" : 2,
      "second" : 23,
      "millisecond" : 613,
      "ms" : 1638900143613,
      "iso_8601" : "2021-12-07T18:02:23Z"
    },
    "modified_by" : "admin",
    "modified_by_principal_id" : "9a36db8c2529d3cf7b7b",
    "modified_by_principal_domain_id" : "default",
    "edited_on" : {
      "timestamp" : "07-Dec-2021 18:02:23",
      "year" : 2021,
      "month" : 11,
      "day_of_month" : 7,
      "hour" : 18,
      "minute" : 2,
      "second" : 23,
      "millisecond" : 613,
      "ms" : 1638900143613,
      "iso_8601" : "2021-12-07T18:02:23Z"
    },
    "edited_by" : "admin",
    "edited_by_principal_id" : "9a36db8c2529d3cf7b7b",
    "edited_by_principal_domain_id" : "default"
  },
  "_doc" : "41d7711f71916093b296",
  "statisticsDate" : {
    "timestamp" : "01-Jan-1970 00:00:00",
    "year" : 1970,
    "month" : 0,
    "day_of_month" : 1,
    "hour" : 0,
    "minute" : 0,
    "second" : 0,
    "millisecond" : 1,
    "ms" : 1,
    "iso_8601" : "1970-01-01T00:00:00Z"
  },
  "statisticsDirty" : true,
  "title" : "Sample Project 'principals' domain"
}