{
  "_features" : {
    "f:relator" : {
      "propertyHolder" : "source",
      "propertyPath" : "/author",
      "active" : true
    },
    "f:audit" : { },
    "f:indexable" : { }
  },
  "source" : "28b6558c5f9b46998860",
  "source_type" : "store:book",
  "target" : "a4e91dcaea4547e1bbbf",
  "target_type" : "store:author",
  "directionality" : "DIRECTED",
  "_system" : {
    "deleted" : false,
    "changeset" : "37:47f86a1226962f44a681",
    "created_on" : {
      "timestamp" : "17-Nov-2021 09:28:10",
      "year" : 2021,
      "month" : 10,
      "day_of_month" : 17,
      "hour" : 9,
      "minute" : 28,
      "second" : 10,
      "millisecond" : 638,
      "ms" : 1637159290638,
      "iso_8601" : "2021-11-17T09:28:10-05:00"
    },
    "created_by" : "admin",
    "created_by_principal_id" : "4dbc7eeadc99359ba687",
    "created_by_principal_domain_id" : "default",
    "modified_on" : {
      "timestamp" : "17-Nov-2021 09:28:10",
      "year" : 2021,
      "month" : 10,
      "day_of_month" : 17,
      "hour" : 9,
      "minute" : 28,
      "second" : 10,
      "millisecond" : 838,
      "ms" : 1637159290838,
      "iso_8601" : "2021-11-17T09:28:10-05:00"
    },
    "modified_by" : "admin",
    "modified_by_principal_id" : "4dbc7eeadc99359ba687",
    "modified_by_principal_domain_id" : "default",
    "edited_on" : {
      "timestamp" : "17-Nov-2021 09:28:10",
      "year" : 2021,
      "month" : 10,
      "day_of_month" : 17,
      "hour" : 9,
      "minute" : 28,
      "second" : 10,
      "millisecond" : 838,
      "ms" : 1637159290838,
      "iso_8601" : "2021-11-17T09:28:10-05:00"
    },
    "edited_by" : "admin",
    "edited_by_principal_id" : "4dbc7eeadc99359ba687",
    "edited_by_principal_domain_id" : "default",
    "rev" : 37,
    "branch" : "921fd3299d530ef02309",
    "_op" : "create"
  },
  "_doc" : "67c680a6e72d6aad941d",
  "_qname" : "o:67c680a6e72d6aad941d",
  "_type" : "store:authored-by"
}