{
  "_system" : {
    "deleted" : false,
    "changeset" : "3:bcd6ca046e037b8ba57b",
    "created_on" : {
      "timestamp" : "19-Nov-2021 17:36:30",
      "year" : 2021,
      "month" : 10,
      "day_of_month" : 19,
      "hour" : 17,
      "minute" : 36,
      "second" : 30,
      "millisecond" : 328,
      "ms" : 1637361390328,
      "iso_8601" : "2021-11-19T17:36:30-05:00"
    },
    "created_by" : "admin",
    "created_by_principal_id" : "e319a2cd626b671ba7f7",
    "created_by_principal_domain_id" : "default",
    "modified_on" : {
      "timestamp" : "19-Nov-2021 17:36:30",
      "year" : 2021,
      "month" : 10,
      "day_of_month" : 19,
      "hour" : 17,
      "minute" : 36,
      "second" : 30,
      "millisecond" : 570,
      "ms" : 1637361390570,
      "iso_8601" : "2021-11-19T17:36:30-05:00"
    },
    "modified_by" : "admin",
    "modified_by_principal_id" : "e319a2cd626b671ba7f7",
    "modified_by_principal_domain_id" : "default",
    "edited_on" : {
      "timestamp" : "19-Nov-2021 17:36:30",
      "year" : 2021,
      "month" : 10,
      "day_of_month" : 19,
      "hour" : 17,
      "minute" : 36,
      "second" : 30,
      "millisecond" : 570,
      "ms" : 1637361390570,
      "iso_8601" : "2021-11-19T17:36:30-05:00"
    },
    "edited_by" : "admin",
    "edited_by_principal_id" : "e319a2cd626b671ba7f7",
    "edited_by_principal_domain_id" : "default",
    "rev" : 3,
    "branch" : "187193302a18db2eb328",
    "_op" : "create",
    "attachments" : {
      "default" : {
        "contentType" : "text/css",
        "length" : 748,
        "objectId" : "attachment_66f10debd55fc0d0aa15_514688f2f19fa31e01d2",
        "filename" : "default"
      }
    }
  },
  "_doc" : "66f10debd55fc0d0aa15",
  "_qname" : "o:66f10debd55fc0d0aa15",
  "_type" : "n:node",
  "_features" : {
    "f:audit" : { },
    "f:titled" : { },
    "f:filename" : {
      "filename" : "theme.css"
    },
    "f:geolocation" : { },
    "f:indexable" : { }
  },
  "title" : "theme.css"
}