{
  "_doc" : "56:3ce6e6968b4c96ac972f",
  "_system" : {
    "created_on" : {
      "timestamp" : "21-Jan-2021 16:22:36",
      "year" : 2021,
      "month" : 0,
      "day_of_month" : 21,
      "hour" : 16,
      "minute" : 22,
      "second" : 36,
      "millisecond" : 915,
      "ms" : 1611264156915,
      "iso_8601" : "2021-01-21T16:22:36-05:00"
    },
    "created_by" : "admin",
    "created_by_principal_id" : "8df8c30d1c2f95496937",
    "created_by_principal_domain_id" : "default",
    "modified_on" : {
      "timestamp" : "21-Jan-2021 16:22:36",
      "year" : 2021,
      "month" : 0,
      "day_of_month" : 21,
      "hour" : 16,
      "minute" : 22,
      "second" : 36,
      "millisecond" : 951,
      "ms" : 1611264156951,
      "iso_8601" : "2021-01-21T16:22:36-05:00"
    },
    "modified_by" : "admin",
    "modified_by_principal_id" : "8df8c30d1c2f95496937",
    "modified_by_principal_domain_id" : "default",
    "edited_on" : {
      "timestamp" : "21-Jan-2021 16:22:36",
      "year" : 2021,
      "month" : 0,
      "day_of_month" : 21,
      "hour" : 16,
      "minute" : 22,
      "second" : 36,
      "millisecond" : 951,
      "ms" : 1611264156951,
      "iso_8601" : "2021-01-21T16:22:36-05:00"
    },
    "edited_by" : "admin",
    "edited_by_principal_id" : "8df8c30d1c2f95496937",
    "edited_by_principal_domain_id" : "default"
  },
  "revision" : 56,
  "active" : true,
  "parents" : [ "55:ee036744488e1c50405e" ],
  "branch" : "3d4e3a21a7c02c55017c"
}