{
  "_doc" : "99:d1ce746b35b43dd94179",
  "_system" : {
    "created_on" : {
      "timestamp" : "14-Feb-2019 15:33:19",
      "year" : 2019,
      "month" : 1,
      "day_of_month" : 14,
      "hour" : 15,
      "minute" : 33,
      "second" : 19,
      "millisecond" : 832,
      "ms" : 1550158399832,
      "iso_8601" : "2019-02-14T15:33:19Z"
    },
    "created_by" : "system",
    "created_by_principal_id" : "system",
    "created_by_principal_domain_id" : null,
    "modified_on" : {
      "timestamp" : "14-Feb-2019 15:33:19",
      "year" : 2019,
      "month" : 1,
      "day_of_month" : 14,
      "hour" : 15,
      "minute" : 33,
      "second" : 19,
      "millisecond" : 961,
      "ms" : 1550158399961,
      "iso_8601" : "2019-02-14T15:33:19Z"
    },
    "modified_by" : "system",
    "modified_by_principal_id" : "system",
    "modified_by_principal_domain_id" : null,
    "edited_on" : {
      "timestamp" : "14-Feb-2019 15:33:19",
      "year" : 2019,
      "month" : 1,
      "day_of_month" : 14,
      "hour" : 15,
      "minute" : 33,
      "second" : 19,
      "millisecond" : 832,
      "ms" : 1550158399832,
      "iso_8601" : "2019-02-14T15:33:19Z"
    },
    "edited_by" : "system",
    "edited_by_principal_id" : "system",
    "edited_by_principal_domain_id" : null
  },
  "revision" : 99,
  "active" : true,
  "parents" : [ "98:865fba360c2bff3178b1" ],
  "branch" : "4a11b3490f5cf2a8a2b7"
}