{
  "ownerRegistrarId" : "default",
  "ownerTenantId" : "f4b477319d426e7ec8b8",
  "datastoreId" : "2b1c5a2b7f6df5b0a885",
  "datastoreTypeId" : "platform",
  "enableAuditing" : false,
  "enableAuthorities" : true,
  "maxsize" : -1,
  "size" : 0,
  "objectcount" : 0,
  "_system" : {
    "created_on" : {
      "timestamp" : "15-Nov-2018 21:37:45",
      "year" : 2018,
      "month" : 10,
      "day_of_month" : 15,
      "hour" : 21,
      "minute" : 37,
      "second" : 45,
      "millisecond" : 542,
      "ms" : 1542317865542,
      "iso_8601" : "2018-11-15T21:37:45Z"
    },
    "created_by" : "system",
    "created_by_principal_id" : "system",
    "created_by_principal_domain_id" : null,
    "modified_on" : {
      "timestamp" : "14-Feb-2019 15:32:46",
      "year" : 2019,
      "month" : 1,
      "day_of_month" : 14,
      "hour" : 15,
      "minute" : 32,
      "second" : 46,
      "millisecond" : 407,
      "ms" : 1550158366407,
      "iso_8601" : "2019-02-14T15:32:46Z"
    },
    "modified_by" : "admin",
    "modified_by_principal_id" : "5bab281f1cb2047f12ba",
    "modified_by_principal_domain_id" : "default",
    "edited_on" : {
      "timestamp" : "14-Feb-2019 15:32:46",
      "year" : 2019,
      "month" : 1,
      "day_of_month" : 14,
      "hour" : 15,
      "minute" : 32,
      "second" : 46,
      "millisecond" : 407,
      "ms" : 1550158366407,
      "iso_8601" : "2019-02-14T15:32:46Z"
    },
    "edited_by" : "admin",
    "edited_by_principal_id" : "5bab281f1cb2047f12ba",
    "edited_by_principal_domain_id" : "default"
  },
  "_doc" : "c97b24eede2b0331187a",
  "statisticsDate" : {
    "timestamp" : "01-Jan-1970 00:00:00",
    "year" : 1970,
    "month" : 0,
    "day_of_month" : 1,
    "hour" : 0,
    "minute" : 0,
    "second" : 0,
    "millisecond" : 1,
    "ms" : 1,
    "iso_8601" : "1970-01-01T00:00:00Z"
  },
  "statisticsDirty" : true,
  "antivirusEnabled" : false,
  "sessionTimeout" : 3600000,
  "authenticationMaxAttempts" : 3,
  "authenticationResetTimeout" : 900000,
  "title" : "Root Platform"
}