{
  "name" : "team_platform_976d0d81e5ef6071f051_consumers",
  "type" : "GROUP",
  "_system" : {
    "created_on" : {
      "timestamp" : "06-Jul-2022 14:22:16",
      "year" : 2022,
      "month" : 6,
      "day_of_month" : 6,
      "hour" : 14,
      "minute" : 22,
      "second" : 16,
      "millisecond" : 957,
      "ms" : 1657117336957,
      "iso_8601" : "2022-07-06T14:22:16Z"
    },
    "created_by" : "system",
    "created_by_principal_id" : "system",
    "created_by_principal_domain_id" : null,
    "modified_on" : {
      "timestamp" : "06-Jul-2022 14:22:17",
      "year" : 2022,
      "month" : 6,
      "day_of_month" : 6,
      "hour" : 14,
      "minute" : 22,
      "second" : 17,
      "millisecond" : 61,
      "ms" : 1657117337061,
      "iso_8601" : "2022-07-06T14:22:17Z"
    },
    "modified_by" : "system",
    "modified_by_principal_id" : "system",
    "modified_by_principal_domain_id" : null,
    "edited_on" : {
      "timestamp" : "06-Jul-2022 14:22:16",
      "year" : 2022,
      "month" : 6,
      "day_of_month" : 6,
      "hour" : 14,
      "minute" : 22,
      "second" : 16,
      "millisecond" : 957,
      "ms" : 1657117336957,
      "iso_8601" : "2022-07-06T14:22:16Z"
    },
    "edited_by" : "system",
    "edited_by_principal_id" : "system",
    "edited_by_principal_domain_id" : null
  },
  "_doc" : "c077bc8523a78b89e6a1",
  "title" : "Group for Consumers",
  "teamGroup" : true,
  "teamableTypeId" : "platform",
  "teamableId" : "976d0d81e5ef6071f051",
  "teamKey" : "consumers"
}