{
  "title" : "Hamlet",
  "description" : "Hamlet is a tragedy by William Shakespeare, believed to have been written between 1599 and 1601. The play, set in Denmark, recounts how Prince Hamlet exacts revenge on his uncle Claudius, who has murdered Hamlet's father, the King.",
  "summary" : "Hamlet is a tragedy by William Shakespeare, believed to have been written between 1599 and 1601. The play, set in Denmark, recounts how Prince Hamlet exacts revenge on his uncle Claudius, who has murdered Hamlet's father, the King, and then taken the throne and married Hamlet's mother. The play vividly charts the course of real and feigned madness—from overwhelming grief to seething rage—and explores themes of treachery, revenge, incest, and moral corruption.",
  "author" : {
    "id" : "f3a455024adb42c48692",
    "ref" : "node://7173fe698ebac7cd9992/1594ad3f2db8bf255d64/1ad06a3e9160fdc88c85/f3a455024adb42c48692",
    "typeQName" : "store:author",
    "title" : "William Shakespeare",
    "qname" : "o:f3a455024adb42c48692"
  },
  "recommendations" : [ {
    "id" : "b4a6a838c24b4a878177",
    "ref" : "node://7173fe698ebac7cd9992/1594ad3f2db8bf255d64/1ad06a3e9160fdc88c85/b4a6a838c24b4a878177",
    "typeQName" : "store:book",
    "title" : "Macbeth",
    "qname" : "o:b4a6a838c24b4a878177",
    "slug" : "macbeth"
  }, {
    "id" : "037dc01b37df49c6b50e",
    "ref" : "node://7173fe698ebac7cd9992/1594ad3f2db8bf255d64/1ad06a3e9160fdc88c85/037dc01b37df49c6b50e",
    "typeQName" : "store:book",
    "title" : "Romeo and Juliet",
    "qname" : "o:037dc01b37df49c6b50e",
    "slug" : "romeo-and-juliet"
  } ],
  "tags" : [ "hamlet", "nobler", "shakespeare", "arrows", "slings" ],
  "slug" : "hamlet",
  "cover" : {
    "id" : "default",
    "name" : "default.jpg",
    "size" : 50767,
    "contentType" : "image/jpeg"
  },
  "pdf" : {
    "id" : "book_pdf",
    "name" : "book_pdf.pdf",
    "size" : 315031,
    "contentType" : "application/pdf"
  },
  "_system" : {
    "deleted" : false,
    "changeset" : "27:01e722236514faa06f2a",
    "created_on" : {
      "timestamp" : "20-Oct-2021 09:34:10",
      "year" : 2021,
      "month" : 9,
      "day_of_month" : 20,
      "hour" : 9,
      "minute" : 34,
      "second" : 10,
      "millisecond" : 641,
      "ms" : 1634736850641,
      "iso_8601" : "2021-10-20T09:34:10-04:00"
    },
    "created_by" : "admin",
    "created_by_principal_id" : "2a7c6669601b1ba4c958",
    "created_by_principal_domain_id" : "default",
    "modified_on" : {
      "timestamp" : "20-Oct-2021 09:34:21",
      "year" : 2021,
      "month" : 9,
      "day_of_month" : 20,
      "hour" : 9,
      "minute" : 34,
      "second" : 21,
      "millisecond" : 417,
      "ms" : 1634736861417,
      "iso_8601" : "2021-10-20T09:34:21-04:00"
    },
    "modified_by" : "admin",
    "modified_by_principal_id" : "2a7c6669601b1ba4c958",
    "modified_by_principal_domain_id" : "default",
    "edited_on" : {
      "timestamp" : "20-Oct-2021 09:34:21",
      "year" : 2021,
      "month" : 9,
      "day_of_month" : 20,
      "hour" : 9,
      "minute" : 34,
      "second" : 21,
      "millisecond" : 417,
      "ms" : 1634736861417,
      "iso_8601" : "2021-10-20T09:34:21-04:00"
    },
    "edited_by" : "admin",
    "edited_by_principal_id" : "2a7c6669601b1ba4c958",
    "edited_by_principal_domain_id" : "default",
    "rev" : 27,
    "attachments" : {
      "book_pdf" : {
        "contentType" : "application/pdf",
        "length" : 315031,
        "objectId" : "attachment_3663409797984b938a14_04f6fdd4002392370197",
        "filename" : "book_pdf.pdf"
      },
      "default" : {
        "contentType" : "image/jpeg",
        "length" : 50767,
        "objectId" : "attachment_3663409797984b938a14_58fac469a01eca05b2d0",
        "filename" : "default.jpg"
      }
    },
    "previousChangeset" : "26:f32954eb80156bfd1530",
    "branch" : "1ad06a3e9160fdc88c85",
    "_op" : "update"
  },
  "_doc" : "3663409797984b938a14",
  "_qname" : "o:3663409797984b938a14",
  "_features" : {
    "f:filename" : {
      "filename" : "Hamlet"
    },
    "f:audit" : { },
    "f:titled" : { },
    "f:geolocation" : { },
    "f:indexable" : { },
    "f:taggable" : {
      "enabled" : true
    },
    "f:deployment-config" : {
      "default" : {
        "mappings" : [ {
          "type" : "object-to-file",
          "config" : {
            "filepath" : "/store/books/{{object.slug}}.json"
          }
        }, {
          "type" : "attachment-to-file",
          "config" : {
            "attachmentId" : "*",
            "filepath" : "/store/books/{{object.slug}}.{{attachment.ext}}"
          }
        } ]
      }
    },
    "f:related" : { },
    "f:publishable" : {
      "state" : "approved"
    }
  },
  "_type" : "store:book"
}