{
  "permissioned" : "8379ffcf5ae7cf0ac49b",
  "principal" : "8247897e0c1535f691dc",
  "authority" : "connector",
  "domain" : "default",
  "_system" : {
    "created_on" : {
      "timestamp" : "30-Nov-2018 13:12:45",
      "year" : 2018,
      "month" : 10,
      "day_of_month" : 30,
      "hour" : 13,
      "minute" : 12,
      "second" : 45,
      "millisecond" : 38,
      "ms" : 1543601565038,
      "iso_8601" : "2018-11-30T13:12:45-05:00"
    },
    "created_by" : "admin",
    "created_by_principal_id" : "b21109a86c218d02306f",
    "created_by_principal_domain_id" : "default",
    "modified_on" : {
      "timestamp" : "30-Nov-2018 13:12:45",
      "year" : 2018,
      "month" : 10,
      "day_of_month" : 30,
      "hour" : 13,
      "minute" : 12,
      "second" : 45,
      "millisecond" : 38,
      "ms" : 1543601565038,
      "iso_8601" : "2018-11-30T13:12:45-05:00"
    },
    "modified_by" : "admin",
    "modified_by_principal_id" : "b21109a86c218d02306f",
    "modified_by_principal_domain_id" : "default",
    "edited_on" : {
      "timestamp" : "30-Nov-2018 13:12:45",
      "year" : 2018,
      "month" : 10,
      "day_of_month" : 30,
      "hour" : 13,
      "minute" : 12,
      "second" : 45,
      "millisecond" : 38,
      "ms" : 1543601565038,
      "iso_8601" : "2018-11-30T13:12:45-05:00"
    },
    "edited_by" : "admin",
    "edited_by_principal_id" : "b21109a86c218d02306f",
    "edited_by_principal_domain_id" : "default"
  },
  "_doc" : "49b0fcccea49c0d261c0"
}