{
  "_doc" : "31:902f6a4bd0f13c0882d4",
  "_system" : {
    "created_on" : {
      "timestamp" : "19-Nov-2021 17:36:55",
      "year" : 2021,
      "month" : 10,
      "day_of_month" : 19,
      "hour" : 17,
      "minute" : 36,
      "second" : 55,
      "millisecond" : 92,
      "ms" : 1637361415092,
      "iso_8601" : "2021-11-19T17:36:55-05:00"
    },
    "created_by" : "admin",
    "created_by_principal_id" : "e319a2cd626b671ba7f7",
    "created_by_principal_domain_id" : "default",
    "modified_on" : {
      "timestamp" : "19-Nov-2021 17:36:55",
      "year" : 2021,
      "month" : 10,
      "day_of_month" : 19,
      "hour" : 17,
      "minute" : 36,
      "second" : 55,
      "millisecond" : 186,
      "ms" : 1637361415186,
      "iso_8601" : "2021-11-19T17:36:55-05:00"
    },
    "modified_by" : "admin",
    "modified_by_principal_id" : "e319a2cd626b671ba7f7",
    "modified_by_principal_domain_id" : "default",
    "edited_on" : {
      "timestamp" : "19-Nov-2021 17:36:55",
      "year" : 2021,
      "month" : 10,
      "day_of_month" : 19,
      "hour" : 17,
      "minute" : 36,
      "second" : 55,
      "millisecond" : 186,
      "ms" : 1637361415186,
      "iso_8601" : "2021-11-19T17:36:55-05:00"
    },
    "edited_by" : "admin",
    "edited_by_principal_id" : "e319a2cd626b671ba7f7",
    "edited_by_principal_domain_id" : "default"
  },
  "revision" : 31,
  "active" : true,
  "parents" : [ "30:57a6873cc0eca6f7f1ac" ],
  "branch" : "187193302a18db2eb328"
}