{
  "title" : "Publish Content",
  "description" : "A workflow that coordinates the publishing of one or more content items.",
  "handlers" : {
    "START" : [ {
      "type" : "editorial.start"
    } ]
  },
  "nodes" : {
    "start" : {
      "type" : "start",
      "title" : "Start the Workflow",
      "description" : "Start the workflow and automatically transition it to publish stage so that content begins publishing immediately.",
      "transitions" : {
        "start" : "publish"
      }
    },
    "publish" : {
      "type" : "external",
      "title" : "Publish Content",
      "description" : "The content is marked for approval and published to the configured endpoints based on your publishing lifecycle rules.  This task then waits for the publishing job to finish.",
      "transitions" : {
        "next" : "published"
      },
      "handlers" : {
        "ENTER" : [ {
          "type" : "publishing.publish"
        } ]
      }
    },
    "published" : {
      "type" : "passthru",
      "title" : "Content has been Published",
      "description" : "The content was successfully published and we now transition to the end of workflow.",
      "transitions" : {
        "next" : "end"
      }
    },
    "end" : {
      "type" : "end",
      "title" : "Workflow Ends",
      "description" : "The workflow ends and is removed from the system.  This is a final stage and is the result of either a successful or a cancelled publishing process.",
      "handlers" : {
        "ENTER" : [ {
          "type" : "editorial.end",
          "config" : {
            "archiveBranch" : true
          }
        } ]
      }
    }
  },
  "id" : "publish",
  "version" : 1,
  "_system" : {
    "created_on" : {
      "timestamp" : "14-Jun-2022 16:11:45",
      "year" : 2022,
      "month" : 5,
      "day_of_month" : 14,
      "hour" : 16,
      "minute" : 11,
      "second" : 45,
      "millisecond" : 772,
      "ms" : 1655223105772,
      "iso_8601" : "2022-06-14T16:11:45Z"
    },
    "created_by" : "system",
    "created_by_principal_id" : "system",
    "modified_on" : {
      "timestamp" : "14-Jun-2022 16:11:45",
      "year" : 2022,
      "month" : 5,
      "day_of_month" : 14,
      "hour" : 16,
      "minute" : 11,
      "second" : 45,
      "millisecond" : 784,
      "ms" : 1655223105784,
      "iso_8601" : "2022-06-14T16:11:45Z"
    },
    "modified_by" : "system",
    "modified_by_principal_id" : "system",
    "edited_on" : {
      "timestamp" : "14-Jun-2022 16:11:45",
      "year" : 2022,
      "month" : 5,
      "day_of_month" : 14,
      "hour" : 16,
      "minute" : 11,
      "second" : 45,
      "millisecond" : 772,
      "ms" : 1655223105772,
      "iso_8601" : "2022-06-14T16:11:45Z"
    },
    "edited_by" : "system",
    "edited_by_principal_id" : "system"
  },
  "_doc" : "249b32c276daf43358ca",
  "deployed" : true,
  "head" : true
}