{
  "_type" : "guide:city",
  "title" : "Rio de Janeiro",
  "description" : "Rio de Janeiro, Brazil",
  "state" : "",
  "author" : "Pele",
  "headline" : "Rio de Janeiro, commonly referred to as simply Rio, is the second largest city in Brazil",
  "summary" : "At once both a cinematic cityscape and a grimy urban front line, Rio de Janeiro, known as the cidade maravilhosa (marvelous city), is nothing if not exhilarating. Flanked by gorgeous mountains, white-sand beaches and verdant rainforests fronting deep blue sea, Rio occupies one of the most spectacular settings of any metropolis in the world. Tack on one of the sexiest populations on the planet and you have an intoxicating tropical cocktail that leaves visitors punch-drunk on paradise.",
  "body" : "Rio de Janeiro never fails to impress us with its modern outlook that reflects its progression through the times of yore. The historic sites, sparkling beaches, green belts and jubilant attitude of the locals embrace the tourists to the world where heaven meets the earth. If Ronaldo played football at the Maracana stadium, then Christ the Redeemer puts Rio on the world map. Rio's carnival with its effervescent samba dancers jiggling their hips attracts thousands of tourists around the world. The rain-forests, museums, beaches and the glitz of the city have made Rio what it is today - Brazil's top-notch tourist attraction.",
  "highlights" : [ "Visit Christ the Redeemer", "Visit to the Mecca of Football; the Maracana Stadium.", "The Rio de Janeiro Botanical Gardens is a complete resource on Amazonian tropical species", "Enjoy Carnival season", "and dont forget the beaches" ],
  "testimonials" : [ {
    "text" : "Rio's a beautiful city, a vibrant place, special place",
    "author" : "Eduardo Paes"
  }, {
    "text" : "People don't really go to museums in Rio. I shouldn't say it's not sophisticated, but, you know, they go to the beach.",
    "author" : "Francisco Costa"
  } ],
  "loc" : {
    "latitude" : 38.8993487,
    "longitude" : -77.0145665
  },
  "_doc" : "33d6e0fe6f66effa19fe",
  "_system" : {
    "deleted" : false,
    "changeset" : "71:3b01f8b5e5f4c6b82d9b",
    "created_on" : {
      "timestamp" : "14-Feb-2019 15:33:12",
      "year" : 2019,
      "month" : 1,
      "day_of_month" : 14,
      "hour" : 15,
      "minute" : 33,
      "second" : 12,
      "millisecond" : 124,
      "ms" : 1550158392124,
      "iso_8601" : "2019-02-14T15:33:12Z"
    },
    "created_by" : "admin",
    "created_by_principal_id" : "5bab281f1cb2047f12ba",
    "created_by_principal_domain_id" : "default",
    "modified_on" : {
      "timestamp" : "14-Feb-2019 15:33:12",
      "year" : 2019,
      "month" : 1,
      "day_of_month" : 14,
      "hour" : 15,
      "minute" : 33,
      "second" : 12,
      "millisecond" : 178,
      "ms" : 1550158392178,
      "iso_8601" : "2019-02-14T15:33:12Z"
    },
    "modified_by" : "admin",
    "modified_by_principal_id" : "5bab281f1cb2047f12ba",
    "modified_by_principal_domain_id" : "default",
    "edited_on" : {
      "timestamp" : "14-Feb-2019 15:33:12",
      "year" : 2019,
      "month" : 1,
      "day_of_month" : 14,
      "hour" : 15,
      "minute" : 33,
      "second" : 12,
      "millisecond" : 178,
      "ms" : 1550158392178,
      "iso_8601" : "2019-02-14T15:33:12Z"
    },
    "edited_by" : "admin",
    "edited_by_principal_id" : "5bab281f1cb2047f12ba",
    "edited_by_principal_domain_id" : "default"
  },
  "_qname" : "o:33d6e0fe6f66effa19fe",
  "_features" : {
    "f:audit" : { },
    "f:titled" : { },
    "f:filename" : {
      "filename" : "Rio_de_Janeiro"
    },
    "f:geolocation" : { },
    "f:indexable" : { }
  }
}