{
  "key" : "d251db0a-656e-46c3-b4e4-855ace6068e3",
  "secret" : "ZACJAHt6Wz4IfYaZtQg5YX63h8VzBc1qHR5SkzX8mxZQQW8xYdLQqTg94+lti+4qSjLRlHj1mbsr0pA3TY20qJMZHgFYbIa+y+Q1LRgyCsQ=",
  "_system" : {
    "created_on" : {
      "timestamp" : "21-Jan-2021 16:22:18",
      "year" : 2021,
      "month" : 0,
      "day_of_month" : 21,
      "hour" : 16,
      "minute" : 22,
      "second" : 18,
      "millisecond" : 414,
      "ms" : 1611264138414,
      "iso_8601" : "2021-01-21T16:22:18-05:00"
    },
    "created_by" : "admin",
    "created_by_principal_id" : "8df8c30d1c2f95496937",
    "created_by_principal_domain_id" : "default",
    "modified_on" : {
      "timestamp" : "21-Jan-2021 16:22:18",
      "year" : 2021,
      "month" : 0,
      "day_of_month" : 21,
      "hour" : 16,
      "minute" : 22,
      "second" : 18,
      "millisecond" : 420,
      "ms" : 1611264138420,
      "iso_8601" : "2021-01-21T16:22:18-05:00"
    },
    "modified_by" : "admin",
    "modified_by_principal_id" : "8df8c30d1c2f95496937",
    "modified_by_principal_domain_id" : "default",
    "edited_on" : {
      "timestamp" : "21-Jan-2021 16:22:18",
      "year" : 2021,
      "month" : 0,
      "day_of_month" : 21,
      "hour" : 16,
      "minute" : 22,
      "second" : 18,
      "millisecond" : 420,
      "ms" : 1611264138420,
      "iso_8601" : "2021-01-21T16:22:18-05:00"
    },
    "edited_by" : "admin",
    "edited_by_principal_id" : "8df8c30d1c2f95496937",
    "edited_by_principal_domain_id" : "default"
  },
  "_doc" : "d53aa3323b8ed0b2b02a",
  "authorizedGrantTypes" : [ "authorization_code", "password", "refresh_token" ],
  "scope" : [ "api" ],
  "autoApproveScopes" : [ ],
  "enabled" : true,
  "allowGuestLogin" : true,
  "applicationId" : "036a5c08d1eb86d9ccfa",
  "applicationDeploymentManaged" : true
}