{
  "teamableObjectTypeId" : "stack",
  "teamableObjectId" : "146875f48575af63bb34",
  "key" : "appusers-88871519ddabbc436a0e",
  "groupId" : "e31850de404d23ab5ed1",
  "groupDomainId" : "8a11739a997caa7f8dac",
  "roleKeys" : [ "collaborator" ],
  "title" : "Application Users for Application: 88871519ddabbc436a0e",
  "description" : "",
  "_system" : {
    "created_on" : {
      "timestamp" : "20-Oct-2021 09:34:04",
      "year" : 2021,
      "month" : 9,
      "day_of_month" : 20,
      "hour" : 9,
      "minute" : 34,
      "second" : 4,
      "millisecond" : 911,
      "ms" : 1634736844911,
      "iso_8601" : "2021-10-20T09:34:04-04:00"
    },
    "created_by" : "admin",
    "created_by_principal_id" : "2a7c6669601b1ba4c958",
    "created_by_principal_domain_id" : "default",
    "modified_on" : {
      "timestamp" : "20-Oct-2021 09:34:04",
      "year" : 2021,
      "month" : 9,
      "day_of_month" : 20,
      "hour" : 9,
      "minute" : 34,
      "second" : 4,
      "millisecond" : 918,
      "ms" : 1634736844918,
      "iso_8601" : "2021-10-20T09:34:04-04:00"
    },
    "modified_by" : "admin",
    "modified_by_principal_id" : "2a7c6669601b1ba4c958",
    "modified_by_principal_domain_id" : "default",
    "edited_on" : {
      "timestamp" : "20-Oct-2021 09:34:04",
      "year" : 2021,
      "month" : 9,
      "day_of_month" : 20,
      "hour" : 9,
      "minute" : 34,
      "second" : 4,
      "millisecond" : 918,
      "ms" : 1634736844918,
      "iso_8601" : "2021-10-20T09:34:04-04:00"
    },
    "edited_by" : "admin",
    "edited_by_principal_id" : "2a7c6669601b1ba4c958",
    "edited_by_principal_domain_id" : "default"
  },
  "_doc" : "298998bc90f90288abd0"
}