{
  "type" : "CREATE",
  "timestamp" : {
    "timestamp" : "30-Nov-2018 13:13:00",
    "year" : 2018,
    "month" : 10,
    "day_of_month" : 30,
    "hour" : 13,
    "minute" : 13,
    "second" : 0,
    "millisecond" : 474,
    "ms" : 1543601580474,
    "iso_8601" : "2018-11-30T13:13:00-05:00"
  },
  "userDomainId" : "default",
  "userId" : "b21109a86c218d02306f",
  "userTitle" : "admin",
  "userName" : "admin",
  "objectDatastoreTypeId" : "repository",
  "objectDatastoreId" : "8379ffcf5ae7cf0ac49b",
  "objectDatastoreTitle" : "Sample Project 'content' repository",
  "objectId" : "f9d99bb716e41dc4fe1a",
  "objectTypeId" : "node",
  "objectTitle" : "Guide - Cities",
  "stackId" : "6931bd635578ad329684",
  "projectId" : "4386fa9d4fbaa4754d5e",
  "projectTitle" : "Sample Project",
  "_system" : {
    "created_on" : {
      "timestamp" : "30-Nov-2018 13:13:00",
      "year" : 2018,
      "month" : 10,
      "day_of_month" : 30,
      "hour" : 13,
      "minute" : 13,
      "second" : 0,
      "millisecond" : 477,
      "ms" : 1543601580477,
      "iso_8601" : "2018-11-30T13:13:00-05:00"
    },
    "created_by" : "admin",
    "created_by_principal_id" : "b21109a86c218d02306f",
    "created_by_principal_domain_id" : "default",
    "modified_on" : {
      "timestamp" : "30-Nov-2018 13:13:00",
      "year" : 2018,
      "month" : 10,
      "day_of_month" : 30,
      "hour" : 13,
      "minute" : 13,
      "second" : 0,
      "millisecond" : 477,
      "ms" : 1543601580477,
      "iso_8601" : "2018-11-30T13:13:00-05:00"
    },
    "modified_by" : "admin",
    "modified_by_principal_id" : "b21109a86c218d02306f",
    "modified_by_principal_domain_id" : "default",
    "edited_on" : {
      "timestamp" : "30-Nov-2018 13:13:00",
      "year" : 2018,
      "month" : 10,
      "day_of_month" : 30,
      "hour" : 13,
      "minute" : 13,
      "second" : 0,
      "millisecond" : 477,
      "ms" : 1543601580477,
      "iso_8601" : "2018-11-30T13:13:00-05:00"
    },
    "edited_by" : "admin",
    "edited_by_principal_id" : "b21109a86c218d02306f",
    "edited_by_principal_domain_id" : "default"
  },
  "_doc" : "0cf0e88812df3daaea0b"
}