{
  "_type" : "catalog:product-review",
  "title" : "Review #12 Death by Chocolate",
  "author" : "dean.martin",
  "body" : "I didn’t know what death by chocolate actually meant, but I knew I wanted to achieve something with different textures and flavors to highlight the amazing entity that is chocolate.  I ended up choosing a dark chocolate cupcake with a chocolate mousse filling topped with a chocolate buttercream frosting and bits of bittersweet chocolate.  These cupcakes were met with rave reviews and I was very pleased with the end product.",
  "rating" : 4,
  "_system" : {
    "deleted" : false,
    "changeset" : "0:root",
    "modified_on" : {
      "timestamp" : "19-Apr-2019 20:08:34",
      "year" : 2019,
      "month" : 3,
      "day_of_month" : 19,
      "hour" : 20,
      "minute" : 8,
      "second" : 34,
      "millisecond" : 437,
      "ms" : 1555704514437,
      "iso_8601" : "2019-04-19T20:08:34Z"
    },
    "modified_by" : "admin",
    "modified_by_principal_id" : "74004ce2e8561e763ac4",
    "modified_by_principal_domain_id" : "default",
    "edited_on" : {
      "timestamp" : "19-Apr-2019 20:08:34",
      "year" : 2019,
      "month" : 3,
      "day_of_month" : 19,
      "hour" : 20,
      "minute" : 8,
      "second" : 34,
      "millisecond" : 437,
      "ms" : 1555704514437,
      "iso_8601" : "2019-04-19T20:08:34Z"
    },
    "edited_by" : "admin",
    "edited_by_principal_id" : "74004ce2e8561e763ac4",
    "edited_by_principal_domain_id" : "default",
    "created_on" : {
      "timestamp" : "19-Apr-2019 20:08:34",
      "year" : 2019,
      "month" : 3,
      "day_of_month" : 19,
      "hour" : 20,
      "minute" : 8,
      "second" : 34,
      "millisecond" : 437,
      "ms" : 1555704514437,
      "iso_8601" : "2019-04-19T20:08:34Z"
    },
    "created_by" : "admin",
    "created_by_principal_id" : "74004ce2e8561e763ac4",
    "created_by_principal_domain_id" : "default"
  },
  "_qname" : "o:79c1ed95803b4bac645b",
  "_features" : {
    "f:audit" : { },
    "f:titled" : { },
    "f:filename" : {
      "filename" : "Review+%2312+Death+by+Chocolate"
    },
    "f:geolocation" : { },
    "f:indexable" : { }
  },
  "_doc" : "79c1ed95803b4bac645b"
}