{
  "_type" : "catalog:product-has-review",
  "source" : "db246f20344f16e36275",
  "target" : "9bd195e26a118ed2a512",
  "_is_instance" : true,
  "_system" : {
    "deleted" : false,
    "changeset" : "40:5053b19a232ebcbe4d9d",
    "created_on" : {
      "timestamp" : "14-Feb-2019 15:33:03",
      "year" : 2019,
      "month" : 1,
      "day_of_month" : 14,
      "hour" : 15,
      "minute" : 33,
      "second" : 3,
      "millisecond" : 37,
      "ms" : 1550158383037,
      "iso_8601" : "2019-02-14T15:33:03Z"
    },
    "created_by" : "admin",
    "created_by_principal_id" : "5bab281f1cb2047f12ba",
    "created_by_principal_domain_id" : "default",
    "modified_on" : {
      "timestamp" : "14-Feb-2019 15:33:03",
      "year" : 2019,
      "month" : 1,
      "day_of_month" : 14,
      "hour" : 15,
      "minute" : 33,
      "second" : 3,
      "millisecond" : 61,
      "ms" : 1550158383061,
      "iso_8601" : "2019-02-14T15:33:03Z"
    },
    "modified_by" : "admin",
    "modified_by_principal_id" : "5bab281f1cb2047f12ba",
    "modified_by_principal_domain_id" : "default",
    "edited_on" : {
      "timestamp" : "14-Feb-2019 15:33:03",
      "year" : 2019,
      "month" : 1,
      "day_of_month" : 14,
      "hour" : 15,
      "minute" : 33,
      "second" : 3,
      "millisecond" : 61,
      "ms" : 1550158383061,
      "iso_8601" : "2019-02-14T15:33:03Z"
    },
    "edited_by" : "admin",
    "edited_by_principal_id" : "5bab281f1cb2047f12ba",
    "edited_by_principal_domain_id" : "default"
  },
  "_doc" : "64cd6d2392731872dc3c",
  "_qname" : "o:64cd6d2392731872dc3c",
  "directionality" : "DIRECTED",
  "_features" : {
    "f:audit" : { },
    "f:indexable" : { },
    "f:rates" : {
      "property" : "rating"
    }
  },
  "source_type" : "catalog:product",
  "target_type" : "catalog:product-review"
}