{
  "_system" : {
    "created_on" : {
      "timestamp" : "07-Mar-2023 09:39:23",
      "year" : 2023,
      "month" : 2,
      "day_of_month" : 7,
      "hour" : 9,
      "minute" : 39,
      "second" : 23,
      "millisecond" : 839,
      "ms" : 1678199963839,
      "iso_8601" : "2023-03-07T09:39:23-05:00"
    },
    "created_by" : "admin",
    "created_by_principal_id" : "046cf0d415feaf45bcf2",
    "created_by_principal_domain_id" : "default",
    "modified_on" : {
      "timestamp" : "07-Mar-2023 09:39:23",
      "year" : 2023,
      "month" : 2,
      "day_of_month" : 7,
      "hour" : 9,
      "minute" : 39,
      "second" : 23,
      "millisecond" : 839,
      "ms" : 1678199963839,
      "iso_8601" : "2023-03-07T09:39:23-05:00"
    },
    "modified_by" : "admin",
    "modified_by_principal_id" : "046cf0d415feaf45bcf2",
    "modified_by_principal_domain_id" : "default",
    "edited_on" : {
      "timestamp" : "07-Mar-2023 09:39:23",
      "year" : 2023,
      "month" : 2,
      "day_of_month" : 7,
      "hour" : 9,
      "minute" : 39,
      "second" : 23,
      "millisecond" : 839,
      "ms" : 1678199963839,
      "iso_8601" : "2023-03-07T09:39:23-05:00"
    },
    "edited_by" : "admin",
    "edited_by_principal_id" : "046cf0d415feaf45bcf2",
    "edited_by_principal_domain_id" : "default"
  },
  "_doc" : "daf0ce09c3fff026567f",
  "principal-id" : "04b15c89ccce04dba8c1",
  "principal-type" : "USER",
  "group-domain-id" : "517f3cccd310dd6b487b",
  "group-id" : "3f022cbbd033ecc2520f"
}