{
  "_doc" : "821c40ab613d9b5bcbbc656b62229314",
  "_qname" : "a:has_lock",
  "_type" : "d:association",
  "_parent" : "a:linked",
  "type" : "object",
  "title" : "Has Lock",
  "description" : "A relationship identifying that a source person has claimed a editing lock over a target node",
  "systemBootstrapped" : true,
  "_system" : {
    "deleted" : false,
    "changeset" : "0:root",
    "created_on" : {
      "timestamp" : "20-Oct-2021 09:34:00",
      "year" : 2021,
      "month" : 9,
      "day_of_month" : 20,
      "hour" : 9,
      "minute" : 34,
      "second" : 0,
      "millisecond" : 206,
      "ms" : 1634736840206,
      "iso_8601" : "2021-10-20T09:34:00-04:00"
    },
    "created_by" : "admin",
    "created_by_principal_id" : "2a7c6669601b1ba4c958",
    "created_by_principal_domain_id" : "default",
    "modified_on" : {
      "timestamp" : "20-Oct-2021 09:34:00",
      "year" : 2021,
      "month" : 9,
      "day_of_month" : 20,
      "hour" : 9,
      "minute" : 34,
      "second" : 0,
      "millisecond" : 234,
      "ms" : 1634736840234,
      "iso_8601" : "2021-10-20T09:34:00-04:00"
    },
    "modified_by" : "admin",
    "modified_by_principal_id" : "2a7c6669601b1ba4c958",
    "modified_by_principal_domain_id" : "default",
    "edited_on" : {
      "timestamp" : "20-Oct-2021 09:34:00",
      "year" : 2021,
      "month" : 9,
      "day_of_month" : 20,
      "hour" : 9,
      "minute" : 34,
      "second" : 0,
      "millisecond" : 234,
      "ms" : 1634736840234,
      "iso_8601" : "2021-10-20T09:34:00-04:00"
    },
    "edited_by" : "admin",
    "edited_by_principal_id" : "2a7c6669601b1ba4c958",
    "edited_by_principal_domain_id" : "default",
    "rev" : 0,
    "branch" : "1ad06a3e9160fdc88c85",
    "_op" : "create"
  },
  "$schema" : "http://json-schema.org/draft-04/schema#"
}