{
  "title" : "Catalog Product",
  "_qname" : "catalog:product",
  "_type" : "d:type",
  "type" : "object",
  "properties" : {
    "title" : {
      "type" : "string",
      "title" : "Title"
    },
    "sku" : {
      "type" : "string",
      "title" : "SKU"
    },
    "headline" : {
      "type" : "string",
      "title" : "Headline"
    },
    "summary" : {
      "type" : "string",
      "title" : "Summary"
    },
    "body" : {
      "type" : "string",
      "title" : "Body"
    },
    "price" : {
      "type" : "number",
      "title" : "Price"
    },
    "categories" : {
      "type" : "array",
      "title" : "Categories",
      "items" : {
        "type" : "string",
        "enum" : [ "chocolate", "strawberry", "birthdays", "holidays" ]
      }
    }
  },
  "_system" : {
    "deleted" : false,
    "changeset" : "0:root",
    "modified_on" : {
      "timestamp" : "19-Apr-2019 20:08:33",
      "year" : 2019,
      "month" : 3,
      "day_of_month" : 19,
      "hour" : 20,
      "minute" : 8,
      "second" : 33,
      "millisecond" : 841,
      "ms" : 1555704513841,
      "iso_8601" : "2019-04-19T20:08:33Z"
    },
    "modified_by" : "admin",
    "modified_by_principal_id" : "74004ce2e8561e763ac4",
    "modified_by_principal_domain_id" : "default",
    "edited_on" : {
      "timestamp" : "19-Apr-2019 20:08:33",
      "year" : 2019,
      "month" : 3,
      "day_of_month" : 19,
      "hour" : 20,
      "minute" : 8,
      "second" : 33,
      "millisecond" : 841,
      "ms" : 1555704513841,
      "iso_8601" : "2019-04-19T20:08:33Z"
    },
    "edited_by" : "admin",
    "edited_by_principal_id" : "74004ce2e8561e763ac4",
    "edited_by_principal_domain_id" : "default",
    "created_on" : {
      "timestamp" : "19-Apr-2019 20:08:33",
      "year" : 2019,
      "month" : 3,
      "day_of_month" : 19,
      "hour" : 20,
      "minute" : 8,
      "second" : 33,
      "millisecond" : 841,
      "ms" : 1555704513841,
      "iso_8601" : "2019-04-19T20:08:33Z"
    },
    "created_by" : "admin",
    "created_by_principal_id" : "74004ce2e8561e763ac4",
    "created_by_principal_domain_id" : "default"
  },
  "_parent" : "n:node",
  "_doc" : "9eb47e17452f9915b087"
}