{
  "_doc" : "13:7c90c3475eaf4f7ebdf6",
  "_system" : {
    "created_on" : {
      "timestamp" : "20-Oct-2021 14:37:35",
      "year" : 2021,
      "month" : 9,
      "day_of_month" : 20,
      "hour" : 14,
      "minute" : 37,
      "second" : 35,
      "millisecond" : 627,
      "ms" : 1634755055627,
      "iso_8601" : "2021-10-20T14:37:35-04:00"
    },
    "created_by" : "admin",
    "created_by_principal_id" : "b4d6c22caee99692904d",
    "created_by_principal_domain_id" : "default",
    "modified_on" : {
      "timestamp" : "20-Oct-2021 14:37:35",
      "year" : 2021,
      "month" : 9,
      "day_of_month" : 20,
      "hour" : 14,
      "minute" : 37,
      "second" : 35,
      "millisecond" : 666,
      "ms" : 1634755055666,
      "iso_8601" : "2021-10-20T14:37:35-04:00"
    },
    "modified_by" : "admin",
    "modified_by_principal_id" : "b4d6c22caee99692904d",
    "modified_by_principal_domain_id" : "default",
    "edited_on" : {
      "timestamp" : "20-Oct-2021 14:37:35",
      "year" : 2021,
      "month" : 9,
      "day_of_month" : 20,
      "hour" : 14,
      "minute" : 37,
      "second" : 35,
      "millisecond" : 666,
      "ms" : 1634755055666,
      "iso_8601" : "2021-10-20T14:37:35-04:00"
    },
    "edited_by" : "admin",
    "edited_by_principal_id" : "b4d6c22caee99692904d",
    "edited_by_principal_domain_id" : "default"
  },
  "revision" : 13,
  "active" : true,
  "parents" : [ "12:9b63642799c9b3919dad" ],
  "branch" : "4375d1eb9094255abf40"
}