{
  "_system" : {
    "deleted" : false,
    "changeset" : "4:c20e0f948610b43e6227",
    "created_on" : {
      "timestamp" : "19-Nov-2021 17:36:31",
      "year" : 2021,
      "month" : 10,
      "day_of_month" : 19,
      "hour" : 17,
      "minute" : 36,
      "second" : 31,
      "millisecond" : 370,
      "ms" : 1637361391370,
      "iso_8601" : "2021-11-19T17:36:31-05:00"
    },
    "created_by" : "admin",
    "created_by_principal_id" : "e319a2cd626b671ba7f7",
    "created_by_principal_domain_id" : "default",
    "modified_on" : {
      "timestamp" : "19-Nov-2021 17:36:31",
      "year" : 2021,
      "month" : 10,
      "day_of_month" : 19,
      "hour" : 17,
      "minute" : 36,
      "second" : 31,
      "millisecond" : 392,
      "ms" : 1637361391392,
      "iso_8601" : "2021-11-19T17:36:31-05:00"
    },
    "modified_by" : "admin",
    "modified_by_principal_id" : "e319a2cd626b671ba7f7",
    "modified_by_principal_domain_id" : "default",
    "edited_on" : {
      "timestamp" : "19-Nov-2021 17:36:31",
      "year" : 2021,
      "month" : 10,
      "day_of_month" : 19,
      "hour" : 17,
      "minute" : 36,
      "second" : 31,
      "millisecond" : 392,
      "ms" : 1637361391392,
      "iso_8601" : "2021-11-19T17:36:31-05:00"
    },
    "edited_by" : "admin",
    "edited_by_principal_id" : "e319a2cd626b671ba7f7",
    "edited_by_principal_domain_id" : "default",
    "rev" : 4,
    "branch" : "187193302a18db2eb328",
    "_op" : "create"
  },
  "_doc" : "c916566785e00d5f445a",
  "_qname" : "o:c916566785e00d5f445a",
  "_type" : "a:child",
  "directionality" : "DIRECTED",
  "_features" : {
    "f:audit" : { },
    "f:indexable" : { },
    "f:propagates-authorities" : {
      "enabled" : true
    },
    "f:non-cyclic" : { },
    "f:knowledge-sharing" : {
      "enabled" : true
    }
  },
  "source_type" : "n:node",
  "source" : "807516c80bb1d1d334fd",
  "target_type" : "n:node",
  "target" : "a0299c6af83c0944cf2a"
}