{
  "_type" : "n:email_template",
  "key" : "pullrequest-merged-default",
  "_system" : {
    "deleted" : false,
    "changeset" : "12:fa136716da6f21034b2c",
    "created_on" : {
      "timestamp" : "07-Mar-2023 09:39:21",
      "year" : 2023,
      "month" : 2,
      "day_of_month" : 7,
      "hour" : 9,
      "minute" : 39,
      "second" : 21,
      "millisecond" : 77,
      "ms" : 1678199961077,
      "iso_8601" : "2023-03-07T09:39:21-05:00"
    },
    "created_by" : "admin",
    "created_by_principal_id" : "046cf0d415feaf45bcf2",
    "created_by_principal_domain_id" : "default",
    "modified_on" : {
      "timestamp" : "07-Mar-2023 09:39:21",
      "year" : 2023,
      "month" : 2,
      "day_of_month" : 7,
      "hour" : 9,
      "minute" : 39,
      "second" : 21,
      "millisecond" : 153,
      "ms" : 1678199961153,
      "iso_8601" : "2023-03-07T09:39:21-05:00"
    },
    "modified_by" : "admin",
    "modified_by_principal_id" : "046cf0d415feaf45bcf2",
    "modified_by_principal_domain_id" : "default",
    "edited_on" : {
      "timestamp" : "07-Mar-2023 09:39:21",
      "year" : 2023,
      "month" : 2,
      "day_of_month" : 7,
      "hour" : 9,
      "minute" : 39,
      "second" : 21,
      "millisecond" : 153,
      "ms" : 1678199961153,
      "iso_8601" : "2023-03-07T09:39:21-05:00"
    },
    "edited_by" : "admin",
    "edited_by_principal_id" : "046cf0d415feaf45bcf2",
    "rev" : 12,
    "branch" : "660838eae4eeba015a76",
    "_op" : "create",
    "edited_by_principal_domain_id" : "default",
    "attachments" : {
      "default" : {
        "contentType" : "text/x-handlebars-template",
        "length" : 179,
        "objectId" : "attachment_d0b0f53474280e6c9a79_fae19616b8454910737c",
        "filename" : "default",
        "md5" : "c673e952dc594bb283ae31aef32128f"
      }
    }
  },
  "_doc" : "d0b0f53474280e6c9a79",
  "_qname" : "o:d0b0f53474280e6c9a79",
  "_features" : {
    "f:audit" : { },
    "f:titled" : { },
    "f:filename" : {
      "filename" : "Pull+Request+-+Merged+Email+Template"
    },
    "f:geolocation" : { },
    "f:indexable" : { }
  },
  "title" : "Pull Request - Merged Email Template"
}