{
  "platformId" : "497454044b0555145fd7",
  "datastoreId" : "3a1cef1cdbeb0310ef19",
  "datastoreTypeId" : "application",
  "enableAuditing" : false,
  "enableAuthorities" : true,
  "maxsize" : -1,
  "size" : 0,
  "objectcount" : 0,
  "_system" : {
    "created_on" : {
      "timestamp" : "27-Oct-2021 15:38:33",
      "year" : 2021,
      "month" : 9,
      "day_of_month" : 27,
      "hour" : 15,
      "minute" : 38,
      "second" : 33,
      "millisecond" : 220,
      "ms" : 1635349113220,
      "iso_8601" : "2021-10-27T15:38:33Z"
    },
    "created_by" : "admin",
    "created_by_principal_id" : "ed403cd3ae171ad7caf0",
    "created_by_principal_domain_id" : "default",
    "modified_on" : {
      "timestamp" : "27-Oct-2021 15:40:03",
      "year" : 2021,
      "month" : 9,
      "day_of_month" : 27,
      "hour" : 15,
      "minute" : 40,
      "second" : 3,
      "millisecond" : 773,
      "ms" : 1635349203773,
      "iso_8601" : "2021-10-27T15:40:03Z"
    },
    "modified_by" : "admin",
    "modified_by_principal_id" : "ed403cd3ae171ad7caf0",
    "modified_by_principal_domain_id" : "default",
    "edited_on" : {
      "timestamp" : "27-Oct-2021 15:40:03",
      "year" : 2021,
      "month" : 9,
      "day_of_month" : 27,
      "hour" : 15,
      "minute" : 40,
      "second" : 3,
      "millisecond" : 773,
      "ms" : 1635349203773,
      "iso_8601" : "2021-10-27T15:40:03Z"
    },
    "edited_by" : "admin",
    "edited_by_principal_id" : "ed403cd3ae171ad7caf0",
    "edited_by_principal_domain_id" : "default"
  },
  "_doc" : "271781bc4af34be9334e",
  "statisticsDate" : {
    "timestamp" : "01-Jan-1970 00:00:00",
    "year" : 1970,
    "month" : 0,
    "day_of_month" : 1,
    "hour" : 0,
    "minute" : 0,
    "second" : 0,
    "millisecond" : 1,
    "ms" : 1,
    "iso_8601" : "1970-01-01T00:00:00Z"
  },
  "statisticsDirty" : true,
  "title" : "Sample Web Application",
  "projectId" : "99607efb08eb40e18532",
  "deployments" : {
    "default" : {
      "webhost" : "primary",
      "domain" : "cloudcms.net",
      "baseURL" : "https://api.cloudcms.com",
      "clientId" : "37df2945529e58607230",
      "authGrantId" : "c6f3bd3b75acb0b4882a"
    }
  },
  "applicationType" : "web",
  "source" : {
    "type" : "github",
    "uri" : "https://github.com/gitana/sdk.git",
    "path" : "/sample-website"
  }
}