{
  "_doc" : "81:f978764a1d8748d6b6fb",
  "_system" : {
    "created_on" : {
      "timestamp" : "05-Aug-2021 15:37:29",
      "year" : 2021,
      "month" : 7,
      "day_of_month" : 5,
      "hour" : 15,
      "minute" : 37,
      "second" : 29,
      "millisecond" : 488,
      "ms" : 1628177849488,
      "iso_8601" : "2021-08-05T15:37:29Z"
    },
    "created_by" : "admin",
    "created_by_principal_id" : "b3236127dacc03f40cd9",
    "created_by_principal_domain_id" : "default",
    "modified_on" : {
      "timestamp" : "05-Aug-2021 15:37:29",
      "year" : 2021,
      "month" : 7,
      "day_of_month" : 5,
      "hour" : 15,
      "minute" : 37,
      "second" : 29,
      "millisecond" : 590,
      "ms" : 1628177849590,
      "iso_8601" : "2021-08-05T15:37:29Z"
    },
    "modified_by" : "admin",
    "modified_by_principal_id" : "b3236127dacc03f40cd9",
    "modified_by_principal_domain_id" : "default",
    "edited_on" : {
      "timestamp" : "05-Aug-2021 15:37:29",
      "year" : 2021,
      "month" : 7,
      "day_of_month" : 5,
      "hour" : 15,
      "minute" : 37,
      "second" : 29,
      "millisecond" : 590,
      "ms" : 1628177849590,
      "iso_8601" : "2021-08-05T15:37:29Z"
    },
    "edited_by" : "admin",
    "edited_by_principal_id" : "b3236127dacc03f40cd9",
    "edited_by_principal_domain_id" : "default"
  },
  "revision" : 81,
  "active" : true,
  "parents" : [ "80:8ed5159135281e675b0e" ],
  "branch" : "23fafbfbb544c803da8d"
}