{
  "_doc" : "43:45898678f67785e98666",
  "_system" : {
    "created_on" : {
      "timestamp" : "05-Aug-2021 15:37:17",
      "year" : 2021,
      "month" : 7,
      "day_of_month" : 5,
      "hour" : 15,
      "minute" : 37,
      "second" : 17,
      "millisecond" : 904,
      "ms" : 1628177837904,
      "iso_8601" : "2021-08-05T15:37:17Z"
    },
    "created_by" : "system",
    "created_by_principal_id" : "system",
    "created_by_principal_domain_id" : null,
    "modified_on" : {
      "timestamp" : "05-Aug-2021 15:37:18",
      "year" : 2021,
      "month" : 7,
      "day_of_month" : 5,
      "hour" : 15,
      "minute" : 37,
      "second" : 18,
      "millisecond" : 23,
      "ms" : 1628177838023,
      "iso_8601" : "2021-08-05T15:37:18Z"
    },
    "modified_by" : "system",
    "modified_by_principal_id" : "system",
    "modified_by_principal_domain_id" : null,
    "edited_on" : {
      "timestamp" : "05-Aug-2021 15:37:17",
      "year" : 2021,
      "month" : 7,
      "day_of_month" : 5,
      "hour" : 15,
      "minute" : 37,
      "second" : 17,
      "millisecond" : 904,
      "ms" : 1628177837904,
      "iso_8601" : "2021-08-05T15:37:17Z"
    },
    "edited_by" : "system",
    "edited_by_principal_id" : "system",
    "edited_by_principal_domain_id" : null
  },
  "revision" : 43,
  "active" : true,
  "parents" : [ "42:12887de467ea7b673f39" ],
  "branch" : "23fafbfbb544c803da8d"
}