{
  "_system" : {
    "deleted" : false,
    "changeset" : "50:5a60cbdb3ccf193d1ee3",
    "created_on" : {
      "timestamp" : "05-Aug-2021 15:37:18",
      "year" : 2021,
      "month" : 7,
      "day_of_month" : 5,
      "hour" : 15,
      "minute" : 37,
      "second" : 18,
      "millisecond" : 893,
      "ms" : 1628177838893,
      "iso_8601" : "2021-08-05T15:37:18Z"
    },
    "created_by" : "system",
    "created_by_principal_id" : "system",
    "modified_on" : {
      "timestamp" : "05-Aug-2021 15:37:18",
      "year" : 2021,
      "month" : 7,
      "day_of_month" : 5,
      "hour" : 15,
      "minute" : 37,
      "second" : 18,
      "millisecond" : 921,
      "ms" : 1628177838921,
      "iso_8601" : "2021-08-05T15:37:18Z"
    },
    "modified_by" : "system",
    "modified_by_principal_id" : "system",
    "edited_on" : {
      "timestamp" : "05-Aug-2021 15:37:18",
      "year" : 2021,
      "month" : 7,
      "day_of_month" : 5,
      "hour" : 15,
      "minute" : 37,
      "second" : 18,
      "millisecond" : 893,
      "ms" : 1628177838893,
      "iso_8601" : "2021-08-05T15:37:18Z"
    },
    "edited_by" : "system",
    "edited_by_principal_id" : "system",
    "rev" : 50,
    "branch" : "23fafbfbb544c803da8d",
    "_op" : "create"
  },
  "_doc" : "d7e0b24938165e3c8907",
  "_qname" : "o:d7e0b24938165e3c8907",
  "_type" : "a:has_tag",
  "directionality" : "DIRECTED",
  "_features" : {
    "f:audit" : { },
    "f:indexable" : { }
  },
  "source_type" : "store:book",
  "source" : "ca697d3c8f384b529c62",
  "target_type" : "n:tag",
  "target" : "168cca4275b7311e610a"
}