{
  "_doc" : "12:860d8e8c4ddc06f05233",
  "_system" : {
    "created_on" : {
      "timestamp" : "15-Nov-2021 14:54:02",
      "year" : 2021,
      "month" : 10,
      "day_of_month" : 15,
      "hour" : 14,
      "minute" : 54,
      "second" : 2,
      "millisecond" : 573,
      "ms" : 1637006042573,
      "iso_8601" : "2021-11-15T14:54:02-05:00"
    },
    "created_by" : "admin",
    "created_by_principal_id" : "b9ed9753748864134424",
    "created_by_principal_domain_id" : "default",
    "modified_on" : {
      "timestamp" : "15-Nov-2021 14:54:02",
      "year" : 2021,
      "month" : 10,
      "day_of_month" : 15,
      "hour" : 14,
      "minute" : 54,
      "second" : 2,
      "millisecond" : 609,
      "ms" : 1637006042609,
      "iso_8601" : "2021-11-15T14:54:02-05:00"
    },
    "modified_by" : "admin",
    "modified_by_principal_id" : "b9ed9753748864134424",
    "modified_by_principal_domain_id" : "default",
    "edited_on" : {
      "timestamp" : "15-Nov-2021 14:54:02",
      "year" : 2021,
      "month" : 10,
      "day_of_month" : 15,
      "hour" : 14,
      "minute" : 54,
      "second" : 2,
      "millisecond" : 609,
      "ms" : 1637006042609,
      "iso_8601" : "2021-11-15T14:54:02-05:00"
    },
    "edited_by" : "admin",
    "edited_by_principal_id" : "b9ed9753748864134424",
    "edited_by_principal_domain_id" : "default"
  },
  "revision" : 12,
  "active" : true,
  "parents" : [ "11:4fe8fda2c3f789e09e0a" ],
  "branch" : "cdcfc25b8b052c9d2586"
}