{
  "_type" : "catalog:person",
  "title" : "Frank Sinatra",
  "name" : "frank.sinatra",
  "email" : "sinatra@frankie.com",
  "firstName" : "Frank",
  "lastName" : "Sinatra",
  "about" : "",
  "_doc" : "d391e50ea0968d6bb5ba",
  "_system" : {
    "deleted" : false,
    "changeset" : "21:c9fc46e025332bc86bd4",
    "created_on" : {
      "timestamp" : "14-Feb-2019 15:32:52",
      "year" : 2019,
      "month" : 1,
      "day_of_month" : 14,
      "hour" : 15,
      "minute" : 32,
      "second" : 52,
      "millisecond" : 150,
      "ms" : 1550158372150,
      "iso_8601" : "2019-02-14T15:32:52Z"
    },
    "created_by" : "admin",
    "created_by_principal_id" : "5bab281f1cb2047f12ba",
    "created_by_principal_domain_id" : "default",
    "modified_on" : {
      "timestamp" : "14-Feb-2019 15:32:52",
      "year" : 2019,
      "month" : 1,
      "day_of_month" : 14,
      "hour" : 15,
      "minute" : 32,
      "second" : 52,
      "millisecond" : 204,
      "ms" : 1550158372204,
      "iso_8601" : "2019-02-14T15:32:52Z"
    },
    "modified_by" : "admin",
    "modified_by_principal_id" : "5bab281f1cb2047f12ba",
    "modified_by_principal_domain_id" : "default",
    "edited_on" : {
      "timestamp" : "14-Feb-2019 15:32:52",
      "year" : 2019,
      "month" : 1,
      "day_of_month" : 14,
      "hour" : 15,
      "minute" : 32,
      "second" : 52,
      "millisecond" : 204,
      "ms" : 1550158372204,
      "iso_8601" : "2019-02-14T15:32:52Z"
    },
    "edited_by" : "admin",
    "edited_by_principal_id" : "5bab281f1cb2047f12ba",
    "edited_by_principal_domain_id" : "default"
  },
  "_qname" : "o:d391e50ea0968d6bb5ba",
  "_features" : {
    "f:audit" : { },
    "f:titled" : { },
    "f:filename" : {
      "filename" : "Frank_Sinatra"
    },
    "f:geolocation" : { },
    "f:indexable" : { }
  }
}