{
  "_doc" : "27:71014783316ab1c8a9fc",
  "_system" : {
    "created_on" : {
      "timestamp" : "19-Nov-2021 17:36:53",
      "year" : 2021,
      "month" : 10,
      "day_of_month" : 19,
      "hour" : 17,
      "minute" : 36,
      "second" : 53,
      "millisecond" : 563,
      "ms" : 1637361413563,
      "iso_8601" : "2021-11-19T17:36:53-05:00"
    },
    "created_by" : "admin",
    "created_by_principal_id" : "e319a2cd626b671ba7f7",
    "created_by_principal_domain_id" : "default",
    "modified_on" : {
      "timestamp" : "19-Nov-2021 17:36:53",
      "year" : 2021,
      "month" : 10,
      "day_of_month" : 19,
      "hour" : 17,
      "minute" : 36,
      "second" : 53,
      "millisecond" : 613,
      "ms" : 1637361413613,
      "iso_8601" : "2021-11-19T17:36:53-05:00"
    },
    "modified_by" : "admin",
    "modified_by_principal_id" : "e319a2cd626b671ba7f7",
    "modified_by_principal_domain_id" : "default",
    "edited_on" : {
      "timestamp" : "19-Nov-2021 17:36:53",
      "year" : 2021,
      "month" : 10,
      "day_of_month" : 19,
      "hour" : 17,
      "minute" : 36,
      "second" : 53,
      "millisecond" : 613,
      "ms" : 1637361413613,
      "iso_8601" : "2021-11-19T17:36:53-05:00"
    },
    "edited_by" : "admin",
    "edited_by_principal_id" : "e319a2cd626b671ba7f7",
    "edited_by_principal_domain_id" : "default"
  },
  "revision" : 27,
  "active" : true,
  "parents" : [ "26:2de3ba288a81b5d5cd61" ],
  "branch" : "187193302a18db2eb328"
}