{
  "_doc" : "33:f9003706bc16b64d91ff",
  "_system" : {
    "created_on" : {
      "timestamp" : "20-Oct-2021 00:03:40",
      "year" : 2021,
      "month" : 9,
      "day_of_month" : 20,
      "hour" : 0,
      "minute" : 3,
      "second" : 40,
      "millisecond" : 491,
      "ms" : 1634702620491,
      "iso_8601" : "2021-10-20T00:03:40-04:00"
    },
    "created_by" : "admin",
    "created_by_principal_id" : "2a7c6669601b1ba4c958",
    "created_by_principal_domain_id" : "default",
    "modified_on" : {
      "timestamp" : "20-Oct-2021 00:03:40",
      "year" : 2021,
      "month" : 9,
      "day_of_month" : 20,
      "hour" : 0,
      "minute" : 3,
      "second" : 40,
      "millisecond" : 528,
      "ms" : 1634702620528,
      "iso_8601" : "2021-10-20T00:03:40-04:00"
    },
    "modified_by" : "admin",
    "modified_by_principal_id" : "2a7c6669601b1ba4c958",
    "modified_by_principal_domain_id" : "default",
    "edited_on" : {
      "timestamp" : "20-Oct-2021 00:03:40",
      "year" : 2021,
      "month" : 9,
      "day_of_month" : 20,
      "hour" : 0,
      "minute" : 3,
      "second" : 40,
      "millisecond" : 528,
      "ms" : 1634702620528,
      "iso_8601" : "2021-10-20T00:03:40-04:00"
    },
    "edited_by" : "admin",
    "edited_by_principal_id" : "2a7c6669601b1ba4c958",
    "edited_by_principal_domain_id" : "default"
  },
  "revision" : 33,
  "active" : true,
  "parents" : [ "32:f25041a3ef6374dc07fc" ],
  "branch" : "a73f26b4127e018473e1"
}