{
  "key" : "branch://66b2c66f83966dedf452/f2aaf1a1faccfeb1bf60/3d4e3a21a7c02c55017c_approved",
  "title" : "Publish 'approved' Content from Branch '3d4e3a21a7c02c55017c'",
  "targetIds" : [ "b3cb2f282911f90db4a4" ],
  "_system" : {
    "created_on" : {
      "timestamp" : "21-Jan-2021 16:22:36",
      "year" : 2021,
      "month" : 0,
      "day_of_month" : 21,
      "hour" : 16,
      "minute" : 22,
      "second" : 36,
      "millisecond" : 48,
      "ms" : 1611264156048,
      "iso_8601" : "2021-01-21T16:22:36-05:00"
    },
    "created_by" : "admin",
    "created_by_principal_id" : "8df8c30d1c2f95496937",
    "created_by_principal_domain_id" : "default",
    "modified_on" : {
      "timestamp" : "21-Jan-2021 16:22:36",
      "year" : 2021,
      "month" : 0,
      "day_of_month" : 21,
      "hour" : 16,
      "minute" : 22,
      "second" : 36,
      "millisecond" : 48,
      "ms" : 1611264156048,
      "iso_8601" : "2021-01-21T16:22:36-05:00"
    },
    "modified_by" : "admin",
    "modified_by_principal_id" : "8df8c30d1c2f95496937",
    "modified_by_principal_domain_id" : "default",
    "edited_on" : {
      "timestamp" : "21-Jan-2021 16:22:36",
      "year" : 2021,
      "month" : 0,
      "day_of_month" : 21,
      "hour" : 16,
      "minute" : 22,
      "second" : 36,
      "millisecond" : 48,
      "ms" : 1611264156048,
      "iso_8601" : "2021-01-21T16:22:36-05:00"
    },
    "edited_by" : "admin",
    "edited_by_principal_id" : "8df8c30d1c2f95496937",
    "edited_by_principal_domain_id" : "default"
  },
  "_doc" : "03029dd45778b5440582"
}