{
  "_doc" : "1:a2556bfd63d6b2157f9b",
  "_system" : {
    "created_on" : {
      "timestamp" : "19-Nov-2021 22:41:01",
      "year" : 2021,
      "month" : 10,
      "day_of_month" : 19,
      "hour" : 22,
      "minute" : 41,
      "second" : 1,
      "millisecond" : 251,
      "ms" : 1637379661251,
      "iso_8601" : "2021-11-19T22:41:01-05:00"
    },
    "created_by" : "admin",
    "created_by_principal_id" : "e319a2cd626b671ba7f7",
    "created_by_principal_domain_id" : "default",
    "modified_on" : {
      "timestamp" : "19-Nov-2021 22:41:01",
      "year" : 2021,
      "month" : 10,
      "day_of_month" : 19,
      "hour" : 22,
      "minute" : 41,
      "second" : 1,
      "millisecond" : 483,
      "ms" : 1637379661483,
      "iso_8601" : "2021-11-19T22:41:01-05:00"
    },
    "modified_by" : "admin",
    "modified_by_principal_id" : "e319a2cd626b671ba7f7",
    "modified_by_principal_domain_id" : "default",
    "edited_on" : {
      "timestamp" : "19-Nov-2021 22:41:01",
      "year" : 2021,
      "month" : 10,
      "day_of_month" : 19,
      "hour" : 22,
      "minute" : 41,
      "second" : 1,
      "millisecond" : 483,
      "ms" : 1637379661483,
      "iso_8601" : "2021-11-19T22:41:01-05:00"
    },
    "edited_by" : "admin",
    "edited_by_principal_id" : "e319a2cd626b671ba7f7",
    "edited_by_principal_domain_id" : "default"
  },
  "revision" : 1,
  "active" : true,
  "parents" : [ "0:root" ],
  "branch" : "d13c41461bea0e1eaef1"
}