{
  "_type" : "store:author",
  "title" : "William Shakespeare",
  "firstName" : "William",
  "lastName" : "Shakespeare",
  "slug" : "william-shakespeare",
  "_features" : {
    "f:filename" : {
      "filename" : "William_Shakespeare"
    },
    "f:audit" : { },
    "f:titled" : { },
    "f:geolocation" : { },
    "f:indexable" : { },
    "f:deployment-config" : {
      "default" : {
        "mappings" : [ {
          "type" : "object-to-file",
          "config" : {
            "filepath" : "/store/authors/{{object.slug}}.json"
          }
        }, {
          "type" : "attachment-to-file",
          "config" : {
            "attachmentId" : "*",
            "filepath" : "/store/authors/{{object.slug}}.{{attachment.ext}}"
          }
        } ]
      }
    },
    "f:related" : { },
    "f:publishable" : {
      "state" : "approved"
    }
  },
  "_qname" : "o:f55d1ad87ba14ea987f3",
  "_doc" : "f55d1ad87ba14ea987f3",
  "_system" : {
    "deleted" : false,
    "changeset" : "13:f564776a0e41b2567bbd",
    "created_on" : {
      "timestamp" : "19-Nov-2021 17:36:40",
      "year" : 2021,
      "month" : 10,
      "day_of_month" : 19,
      "hour" : 17,
      "minute" : 36,
      "second" : 40,
      "millisecond" : 46,
      "ms" : 1637361400046,
      "iso_8601" : "2021-11-19T17:36:40-05:00"
    },
    "created_by" : "admin",
    "created_by_principal_id" : "e319a2cd626b671ba7f7",
    "created_by_principal_domain_id" : "default",
    "modified_on" : {
      "timestamp" : "19-Nov-2021 17:36:48",
      "year" : 2021,
      "month" : 10,
      "day_of_month" : 19,
      "hour" : 17,
      "minute" : 36,
      "second" : 48,
      "millisecond" : 485,
      "ms" : 1637361408485,
      "iso_8601" : "2021-11-19T17:36:48-05:00"
    },
    "modified_by" : "admin",
    "modified_by_principal_id" : "e319a2cd626b671ba7f7",
    "modified_by_principal_domain_id" : "default",
    "edited_on" : {
      "timestamp" : "19-Nov-2021 17:36:48",
      "year" : 2021,
      "month" : 10,
      "day_of_month" : 19,
      "hour" : 17,
      "minute" : 36,
      "second" : 48,
      "millisecond" : 485,
      "ms" : 1637361408485,
      "iso_8601" : "2021-11-19T17:36:48-05:00"
    },
    "edited_by" : "admin",
    "edited_by_principal_id" : "e319a2cd626b671ba7f7",
    "edited_by_principal_domain_id" : "default",
    "rev" : 13,
    "attachments" : {
      "default" : {
        "contentType" : "image/jpeg",
        "length" : 28573,
        "objectId" : "attachment_f55d1ad87ba14ea987f3_ec468c6867960a5b659b",
        "filename" : "default.jpg"
      }
    },
    "previousChangeset" : "9:ebf03040d20adc314e9f",
    "branch" : "187193302a18db2eb328",
    "_op" : "update"
  }
}