{
  "_doc" : "78:4ab77e1dcfc6e26af801",
  "_system" : {
    "created_on" : {
      "timestamp" : "05-Aug-2021 15:37:28",
      "year" : 2021,
      "month" : 7,
      "day_of_month" : 5,
      "hour" : 15,
      "minute" : 37,
      "second" : 28,
      "millisecond" : 425,
      "ms" : 1628177848425,
      "iso_8601" : "2021-08-05T15:37:28Z"
    },
    "created_by" : "admin",
    "created_by_principal_id" : "b3236127dacc03f40cd9",
    "created_by_principal_domain_id" : "default",
    "modified_on" : {
      "timestamp" : "05-Aug-2021 15:37:28",
      "year" : 2021,
      "month" : 7,
      "day_of_month" : 5,
      "hour" : 15,
      "minute" : 37,
      "second" : 28,
      "millisecond" : 535,
      "ms" : 1628177848535,
      "iso_8601" : "2021-08-05T15:37:28Z"
    },
    "modified_by" : "admin",
    "modified_by_principal_id" : "b3236127dacc03f40cd9",
    "modified_by_principal_domain_id" : "default",
    "edited_on" : {
      "timestamp" : "05-Aug-2021 15:37:28",
      "year" : 2021,
      "month" : 7,
      "day_of_month" : 5,
      "hour" : 15,
      "minute" : 37,
      "second" : 28,
      "millisecond" : 535,
      "ms" : 1628177848535,
      "iso_8601" : "2021-08-05T15:37:28Z"
    },
    "edited_by" : "admin",
    "edited_by_principal_id" : "b3236127dacc03f40cd9",
    "edited_by_principal_domain_id" : "default"
  },
  "revision" : 78,
  "active" : true,
  "parents" : [ "77:dda6d59a9def9555fdc4" ],
  "branch" : "23fafbfbb544c803da8d"
}