{
  "title" : "Author",
  "_qname" : "store:author",
  "_type" : "d:type",
  "_parent" : "n:node",
  "type" : "object",
  "properties" : {
    "title" : {
      "type" : "string",
      "title" : "Title"
    },
    "firstName" : {
      "type" : "string",
      "title" : "First name"
    },
    "lastName" : {
      "type" : "string",
      "title" : "Last Name"
    },
    "slug" : {
      "type" : "string"
    }
  },
  "mandatoryFeatures" : {
    "f:deployment-config" : {
      "default" : {
        "mappings" : [ {
          "type" : "object-to-file",
          "config" : {
            "filepath" : "/store/authors/{{object.slug}}.json"
          }
        }, {
          "type" : "attachment-to-file",
          "config" : {
            "attachmentId" : "*",
            "filepath" : "/store/authors/{{object.slug}}.{{attachment.ext}}"
          }
        } ]
      }
    }
  },
  "_doc" : "207ad6d49f6543a999f5",
  "_system" : {
    "deleted" : false,
    "changeset" : "9:ca165aba5dfc8a5c6b4a",
    "created_on" : {
      "timestamp" : "20-Oct-2021 09:44:16",
      "year" : 2021,
      "month" : 9,
      "day_of_month" : 20,
      "hour" : 9,
      "minute" : 44,
      "second" : 16,
      "millisecond" : 904,
      "ms" : 1634737456904,
      "iso_8601" : "2021-10-20T09:44:16-04:00"
    },
    "created_by" : "admin",
    "created_by_principal_id" : "2a7c6669601b1ba4c958",
    "created_by_principal_domain_id" : "default",
    "modified_on" : {
      "timestamp" : "20-Oct-2021 09:44:18",
      "year" : 2021,
      "month" : 9,
      "day_of_month" : 20,
      "hour" : 9,
      "minute" : 44,
      "second" : 18,
      "millisecond" : 856,
      "ms" : 1634737458856,
      "iso_8601" : "2021-10-20T09:44:18-04:00"
    },
    "modified_by" : "admin",
    "modified_by_principal_id" : "2a7c6669601b1ba4c958",
    "modified_by_principal_domain_id" : "default",
    "edited_on" : {
      "timestamp" : "20-Oct-2021 09:44:18",
      "year" : 2021,
      "month" : 9,
      "day_of_month" : 20,
      "hour" : 9,
      "minute" : 44,
      "second" : 18,
      "millisecond" : 856,
      "ms" : 1634737458856,
      "iso_8601" : "2021-10-20T09:44:18-04:00"
    },
    "edited_by" : "admin",
    "edited_by_principal_id" : "2a7c6669601b1ba4c958",
    "edited_by_principal_domain_id" : "default",
    "rev" : 9,
    "branch" : "c05d26b68d5e6c9699cf",
    "_op" : "create"
  }
}