{
  "_system" : {
    "deleted" : false,
    "changeset" : "9:439a5eea561726b57df7",
    "created_on" : {
      "timestamp" : "15-Nov-2021 14:53:57",
      "year" : 2021,
      "month" : 10,
      "day_of_month" : 15,
      "hour" : 14,
      "minute" : 53,
      "second" : 57,
      "millisecond" : 646,
      "ms" : 1637006037646,
      "iso_8601" : "2021-11-15T14:53:57-05:00"
    },
    "created_by" : "admin",
    "created_by_principal_id" : "b9ed9753748864134424",
    "created_by_principal_domain_id" : "default",
    "modified_on" : {
      "timestamp" : "15-Nov-2021 14:53:57",
      "year" : 2021,
      "month" : 10,
      "day_of_month" : 15,
      "hour" : 14,
      "minute" : 53,
      "second" : 57,
      "millisecond" : 659,
      "ms" : 1637006037659,
      "iso_8601" : "2021-11-15T14:53:57-05:00"
    },
    "modified_by" : "admin",
    "modified_by_principal_id" : "b9ed9753748864134424",
    "modified_by_principal_domain_id" : "default",
    "edited_on" : {
      "timestamp" : "15-Nov-2021 14:53:57",
      "year" : 2021,
      "month" : 10,
      "day_of_month" : 15,
      "hour" : 14,
      "minute" : 53,
      "second" : 57,
      "millisecond" : 659,
      "ms" : 1637006037659,
      "iso_8601" : "2021-11-15T14:53:57-05:00"
    },
    "edited_by" : "admin",
    "edited_by_principal_id" : "b9ed9753748864134424",
    "edited_by_principal_domain_id" : "default",
    "rev" : 9,
    "branch" : "cdcfc25b8b052c9d2586",
    "_op" : "create"
  },
  "_doc" : "4d2e1c51d21875f8a947",
  "_qname" : "o:4d2e1c51d21875f8a947",
  "_type" : "a:has_tag",
  "directionality" : "DIRECTED",
  "_features" : {
    "f:audit" : { },
    "f:indexable" : { }
  },
  "source_type" : "store:book",
  "source" : "4614ba69266b4b5e96c3",
  "target_type" : "n:tag",
  "target" : "aa08817b58b8b909385a"
}