{
  "_features" : {
    "f:relator" : {
      "propertyHolder" : "source",
      "propertyPath" : "/recommendations[1]",
      "active" : true
    },
    "f:audit" : { },
    "f:indexable" : { }
  },
  "source" : "522430c0d22a46719106",
  "source_type" : "store:book",
  "target" : "62b5a8c4932643ea9616",
  "target_type" : "store:book",
  "directionality" : "DIRECTED",
  "_system" : {
    "deleted" : false,
    "changeset" : "36:de6de7d897f8cc538cf5",
    "created_on" : {
      "timestamp" : "26-Nov-2021 22:42:58",
      "year" : 2021,
      "month" : 10,
      "day_of_month" : 26,
      "hour" : 22,
      "minute" : 42,
      "second" : 58,
      "millisecond" : 75,
      "ms" : 1637984578075,
      "iso_8601" : "2021-11-26T22:42:58-05:00"
    },
    "created_by" : "admin",
    "created_by_principal_id" : "5bef34d1ea45b9e98ee7",
    "created_by_principal_domain_id" : "default",
    "modified_on" : {
      "timestamp" : "26-Nov-2021 22:42:58",
      "year" : 2021,
      "month" : 10,
      "day_of_month" : 26,
      "hour" : 22,
      "minute" : 42,
      "second" : 58,
      "millisecond" : 118,
      "ms" : 1637984578118,
      "iso_8601" : "2021-11-26T22:42:58-05:00"
    },
    "modified_by" : "admin",
    "modified_by_principal_id" : "5bef34d1ea45b9e98ee7",
    "modified_by_principal_domain_id" : "default",
    "edited_on" : {
      "timestamp" : "26-Nov-2021 22:42:58",
      "year" : 2021,
      "month" : 10,
      "day_of_month" : 26,
      "hour" : 22,
      "minute" : 42,
      "second" : 58,
      "millisecond" : 118,
      "ms" : 1637984578118,
      "iso_8601" : "2021-11-26T22:42:58-05:00"
    },
    "edited_by" : "admin",
    "edited_by_principal_id" : "5bef34d1ea45b9e98ee7",
    "edited_by_principal_domain_id" : "default",
    "rev" : 36,
    "branch" : "9bc800c8fc0417d3210c",
    "_op" : "create"
  },
  "_doc" : "97a1f7711748a611ed0f",
  "_qname" : "o:97a1f7711748a611ed0f",
  "_type" : "store:suggests"
}