{
  "_system" : {
    "deleted" : false,
    "changeset" : "2:1bbdc09b80131a215d8a",
    "created_on" : {
      "timestamp" : "21-Jan-2021 16:22:15",
      "year" : 2021,
      "month" : 0,
      "day_of_month" : 21,
      "hour" : 16,
      "minute" : 22,
      "second" : 15,
      "millisecond" : 415,
      "ms" : 1611264135415,
      "iso_8601" : "2021-01-21T16:22:15-05:00"
    },
    "created_by" : "admin",
    "created_by_principal_id" : "8df8c30d1c2f95496937",
    "created_by_principal_domain_id" : "default",
    "modified_on" : {
      "timestamp" : "21-Jan-2021 16:22:15",
      "year" : 2021,
      "month" : 0,
      "day_of_month" : 21,
      "hour" : 16,
      "minute" : 22,
      "second" : 15,
      "millisecond" : 425,
      "ms" : 1611264135425,
      "iso_8601" : "2021-01-21T16:22:15-05:00"
    },
    "modified_by" : "admin",
    "modified_by_principal_id" : "8df8c30d1c2f95496937",
    "modified_by_principal_domain_id" : "default",
    "edited_on" : {
      "timestamp" : "21-Jan-2021 16:22:15",
      "year" : 2021,
      "month" : 0,
      "day_of_month" : 21,
      "hour" : 16,
      "minute" : 22,
      "second" : 15,
      "millisecond" : 425,
      "ms" : 1611264135425,
      "iso_8601" : "2021-01-21T16:22:15-05:00"
    },
    "edited_by" : "admin",
    "edited_by_principal_id" : "8df8c30d1c2f95496937",
    "edited_by_principal_domain_id" : "default",
    "rev" : 2,
    "branch" : "3d4e3a21a7c02c55017c",
    "_op" : "create"
  },
  "_doc" : "49de411c934af569a7af",
  "_qname" : "o:49de411c934af569a7af",
  "_type" : "a:child",
  "directionality" : "DIRECTED",
  "_features" : {
    "f:audit" : { },
    "f:indexable" : { },
    "f:propagates-authorities" : {
      "enabled" : true
    },
    "f:non-cyclic" : { },
    "f:knowledge-sharing" : {
      "enabled" : true
    }
  },
  "source_type" : "n:node",
  "source" : "6e2870f46a3eefc4dfe3",
  "target_type" : "n:node",
  "target" : "9ee6112d2252ab57d2c3"
}