{
  "config" : {
    "accessKey" : "AKIAX3DHMEWESJZMXOFQ",
    "secretKey" : "bvP7pInxxc+q+pnF1iZu4TFeoCZikRl+3helwhBk",
    "region" : "us-east-1",
    "bucketName" : "cloudcms-saas-public"
  },
  "type" : "trial_s3",
  "title" : "S3 Sample",
  "_system" : {
    "created_on" : {
      "timestamp" : "21-Jan-2021 16:22:35",
      "year" : 2021,
      "month" : 0,
      "day_of_month" : 21,
      "hour" : 16,
      "minute" : 22,
      "second" : 35,
      "millisecond" : 967,
      "ms" : 1611264155967,
      "iso_8601" : "2021-01-21T16:22:35-05:00"
    },
    "created_by" : "admin",
    "created_by_principal_id" : "8df8c30d1c2f95496937",
    "created_by_principal_domain_id" : "default",
    "modified_on" : {
      "timestamp" : "21-Jan-2021 16:22:35",
      "year" : 2021,
      "month" : 0,
      "day_of_month" : 21,
      "hour" : 16,
      "minute" : 22,
      "second" : 35,
      "millisecond" : 967,
      "ms" : 1611264155967,
      "iso_8601" : "2021-01-21T16:22:35-05:00"
    },
    "modified_by" : "admin",
    "modified_by_principal_id" : "8df8c30d1c2f95496937",
    "modified_by_principal_domain_id" : "default",
    "edited_on" : {
      "timestamp" : "21-Jan-2021 16:22:35",
      "year" : 2021,
      "month" : 0,
      "day_of_month" : 21,
      "hour" : 16,
      "minute" : 22,
      "second" : 35,
      "millisecond" : 967,
      "ms" : 1611264155967,
      "iso_8601" : "2021-01-21T16:22:35-05:00"
    },
    "edited_by" : "admin",
    "edited_by_principal_id" : "8df8c30d1c2f95496937",
    "edited_by_principal_domain_id" : "default"
  },
  "_doc" : "b3cb2f282911f90db4a4"
}