{
  "_type" : "a:child",
  "directionality" : "DIRECTED",
  "source_type" : "n:node",
  "source" : "002ed585d3e44b3db63b",
  "target_type" : "n:node",
  "target" : "a2cfb4034bb741d0bee7",
  "_qname" : "o:73365fddb2e848df916c",
  "_doc" : "73365fddb2e848df916c",
  "_system" : {
    "deleted" : false,
    "changeset" : "11:aaa71e7d6583028e6d2f",
    "created_on" : {
      "timestamp" : "26-Nov-2021 22:42:41",
      "year" : 2021,
      "month" : 10,
      "day_of_month" : 26,
      "hour" : 22,
      "minute" : 42,
      "second" : 41,
      "millisecond" : 503,
      "ms" : 1637984561503,
      "iso_8601" : "2021-11-26T22:42:41-05:00"
    },
    "created_by" : "admin",
    "created_by_principal_id" : "5bef34d1ea45b9e98ee7",
    "created_by_principal_domain_id" : "default",
    "modified_on" : {
      "timestamp" : "26-Nov-2021 22:42:42",
      "year" : 2021,
      "month" : 10,
      "day_of_month" : 26,
      "hour" : 22,
      "minute" : 42,
      "second" : 42,
      "millisecond" : 805,
      "ms" : 1637984562805,
      "iso_8601" : "2021-11-26T22:42:42-05:00"
    },
    "modified_by" : "admin",
    "modified_by_principal_id" : "5bef34d1ea45b9e98ee7",
    "modified_by_principal_domain_id" : "default",
    "edited_on" : {
      "timestamp" : "26-Nov-2021 22:42:42",
      "year" : 2021,
      "month" : 10,
      "day_of_month" : 26,
      "hour" : 22,
      "minute" : 42,
      "second" : 42,
      "millisecond" : 805,
      "ms" : 1637984562805,
      "iso_8601" : "2021-11-26T22:42:42-05:00"
    },
    "edited_by" : "admin",
    "edited_by_principal_id" : "5bef34d1ea45b9e98ee7",
    "edited_by_principal_domain_id" : "default",
    "rev" : 11,
    "branch" : "9bc800c8fc0417d3210c",
    "_op" : "create"
  }
}