{
  "_doc" : "36:0f804ca6ab81dcf2089e",
  "_system" : {
    "created_on" : {
      "timestamp" : "05-Aug-2021 15:37:16",
      "year" : 2021,
      "month" : 7,
      "day_of_month" : 5,
      "hour" : 15,
      "minute" : 37,
      "second" : 16,
      "millisecond" : 380,
      "ms" : 1628177836380,
      "iso_8601" : "2021-08-05T15:37:16Z"
    },
    "created_by" : "system",
    "created_by_principal_id" : "system",
    "created_by_principal_domain_id" : null,
    "modified_on" : {
      "timestamp" : "05-Aug-2021 15:37:16",
      "year" : 2021,
      "month" : 7,
      "day_of_month" : 5,
      "hour" : 15,
      "minute" : 37,
      "second" : 16,
      "millisecond" : 445,
      "ms" : 1628177836445,
      "iso_8601" : "2021-08-05T15:37:16Z"
    },
    "modified_by" : "system",
    "modified_by_principal_id" : "system",
    "modified_by_principal_domain_id" : null,
    "edited_on" : {
      "timestamp" : "05-Aug-2021 15:37:16",
      "year" : 2021,
      "month" : 7,
      "day_of_month" : 5,
      "hour" : 15,
      "minute" : 37,
      "second" : 16,
      "millisecond" : 380,
      "ms" : 1628177836380,
      "iso_8601" : "2021-08-05T15:37:16Z"
    },
    "edited_by" : "system",
    "edited_by_principal_id" : "system",
    "edited_by_principal_domain_id" : null
  },
  "revision" : 36,
  "active" : true,
  "parents" : [ "35:6288d127d0be863e299a" ],
  "branch" : "23fafbfbb544c803da8d"
}