{
  "teamableObjectTypeId" : "domain",
  "teamableObjectId" : "8be411613aa1d4d2a9dd",
  "key" : "owners",
  "groupId" : "34877c2c0bd28dbaad39",
  "groupDomainId" : "517f3cccd310dd6b487b",
  "roleKeys" : [ "owner" ],
  "title" : "Owners",
  "description" : "Owners Team",
  "_system" : {
    "created_on" : {
      "timestamp" : "07-Mar-2023 09:39:14",
      "year" : 2023,
      "month" : 2,
      "day_of_month" : 7,
      "hour" : 9,
      "minute" : 39,
      "second" : 14,
      "millisecond" : 530,
      "ms" : 1678199954530,
      "iso_8601" : "2023-03-07T09:39:14-05:00"
    },
    "created_by" : "admin",
    "created_by_principal_id" : "046cf0d415feaf45bcf2",
    "created_by_principal_domain_id" : "default",
    "modified_on" : {
      "timestamp" : "07-Mar-2023 09:39:14",
      "year" : 2023,
      "month" : 2,
      "day_of_month" : 7,
      "hour" : 9,
      "minute" : 39,
      "second" : 14,
      "millisecond" : 530,
      "ms" : 1678199954530,
      "iso_8601" : "2023-03-07T09:39:14-05:00"
    },
    "modified_by" : "admin",
    "modified_by_principal_id" : "046cf0d415feaf45bcf2",
    "modified_by_principal_domain_id" : "default",
    "edited_on" : {
      "timestamp" : "07-Mar-2023 09:39:14",
      "year" : 2023,
      "month" : 2,
      "day_of_month" : 7,
      "hour" : 9,
      "minute" : 39,
      "second" : 14,
      "millisecond" : 530,
      "ms" : 1678199954530,
      "iso_8601" : "2023-03-07T09:39:14-05:00"
    },
    "edited_by" : "admin",
    "edited_by_principal_id" : "046cf0d415feaf45bcf2",
    "edited_by_principal_domain_id" : "default"
  },
  "_doc" : "fd29d02fe7959601e56b"
}