{
  "_doc" : "27:e732e50b3dd98f44d1aa",
  "_system" : {
    "created_on" : {
      "timestamp" : "31-Aug-2022 15:26:22",
      "year" : 2022,
      "month" : 7,
      "day_of_month" : 31,
      "hour" : 15,
      "minute" : 26,
      "second" : 22,
      "millisecond" : 36,
      "ms" : 1661959582036,
      "iso_8601" : "2022-08-31T15:26:22Z"
    },
    "created_by" : "admin",
    "created_by_principal_id" : "2f873756d87a4ad1befc",
    "created_by_principal_domain_id" : "default",
    "modified_on" : {
      "timestamp" : "31-Aug-2022 15:26:22",
      "year" : 2022,
      "month" : 7,
      "day_of_month" : 31,
      "hour" : 15,
      "minute" : 26,
      "second" : 22,
      "millisecond" : 125,
      "ms" : 1661959582125,
      "iso_8601" : "2022-08-31T15:26:22Z"
    },
    "modified_by" : "admin",
    "modified_by_principal_id" : "2f873756d87a4ad1befc",
    "modified_by_principal_domain_id" : "default",
    "edited_on" : {
      "timestamp" : "31-Aug-2022 15:26:22",
      "year" : 2022,
      "month" : 7,
      "day_of_month" : 31,
      "hour" : 15,
      "minute" : 26,
      "second" : 22,
      "millisecond" : 125,
      "ms" : 1661959582125,
      "iso_8601" : "2022-08-31T15:26:22Z"
    },
    "edited_by" : "admin",
    "edited_by_principal_id" : "2f873756d87a4ad1befc",
    "edited_by_principal_domain_id" : "default"
  },
  "revision" : 27,
  "active" : true,
  "parents" : [ "26:448530dd6c4ba1eb665e" ],
  "branch" : "88810405bb84bac72aab"
}