{
  "title" : "Carl Sagan",
  "firstName" : "Carl",
  "lastName" : "Sagan",
  "slug" : "carl-sagan",
  "_system" : {
    "deleted" : false,
    "changeset" : "15:d758241d3bbf108c69bb",
    "created_on" : {
      "timestamp" : "17-Nov-2021 09:27:47",
      "year" : 2021,
      "month" : 10,
      "day_of_month" : 17,
      "hour" : 9,
      "minute" : 27,
      "second" : 47,
      "millisecond" : 549,
      "ms" : 1637159267549,
      "iso_8601" : "2021-11-17T09:27:47-05:00"
    },
    "created_by" : "admin",
    "created_by_principal_id" : "4dbc7eeadc99359ba687",
    "created_by_principal_domain_id" : "default",
    "modified_on" : {
      "timestamp" : "17-Nov-2021 09:28:00",
      "year" : 2021,
      "month" : 10,
      "day_of_month" : 17,
      "hour" : 9,
      "minute" : 28,
      "second" : 0,
      "millisecond" : 88,
      "ms" : 1637159280088,
      "iso_8601" : "2021-11-17T09:28:00-05:00"
    },
    "modified_by" : "admin",
    "modified_by_principal_id" : "4dbc7eeadc99359ba687",
    "modified_by_principal_domain_id" : "default",
    "edited_on" : {
      "timestamp" : "17-Nov-2021 09:28:00",
      "year" : 2021,
      "month" : 10,
      "day_of_month" : 17,
      "hour" : 9,
      "minute" : 28,
      "second" : 0,
      "millisecond" : 88,
      "ms" : 1637159280088,
      "iso_8601" : "2021-11-17T09:28:00-05:00"
    },
    "edited_by" : "admin",
    "edited_by_principal_id" : "4dbc7eeadc99359ba687",
    "edited_by_principal_domain_id" : "default",
    "rev" : 15,
    "attachments" : {
      "default" : {
        "contentType" : "image/jpeg",
        "length" : 20989,
        "objectId" : "attachment_25e858405d074f56a179_9513c83eefb67b6285dc",
        "filename" : "default.jpg"
      }
    },
    "previousChangeset" : "14:d615a90a89b92d15a350",
    "branch" : "921fd3299d530ef02309",
    "_op" : "update"
  },
  "_doc" : "25e858405d074f56a179",
  "_qname" : "o:25e858405d074f56a179",
  "_features" : {
    "f:filename" : {
      "filename" : "Carl_Sagan"
    },
    "f:audit" : { },
    "f:titled" : { },
    "f:geolocation" : { },
    "f:indexable" : { },
    "f:deployment-config" : {
      "default" : {
        "mappings" : [ {
          "type" : "object-to-file",
          "config" : {
            "filepath" : "/store/authors/{{object.slug}}.json"
          }
        }, {
          "type" : "attachment-to-file",
          "config" : {
            "attachmentId" : "*",
            "filepath" : "/store/authors/{{object.slug}}.{{attachment.ext}}"
          }
        } ]
      }
    },
    "f:publishable" : {
      "state" : "approved"
    }
  },
  "_type" : "store:author"
}