{
  "principal-id" : "58bb509366a63c327ac2",
  "principal-name" : "team_platform_ebfec19efe1d85fb0456_consumers",
  "principal-domain" : "1f711dba35910aa24705",
  "_system" : {
    "deleted" : false,
    "changeset" : "0:root",
    "created_on" : {
      "timestamp" : "19-Apr-2019 20:09:39",
      "year" : 2019,
      "month" : 3,
      "day_of_month" : 19,
      "hour" : 20,
      "minute" : 9,
      "second" : 39,
      "millisecond" : 964,
      "ms" : 1555704579964,
      "iso_8601" : "2019-04-19T20:09:39Z"
    },
    "created_by" : "system",
    "created_by_principal_id" : "system",
    "created_by_principal_domain_id" : null,
    "modified_on" : {
      "timestamp" : "19-Apr-2019 20:09:39",
      "year" : 2019,
      "month" : 3,
      "day_of_month" : 19,
      "hour" : 20,
      "minute" : 9,
      "second" : 39,
      "millisecond" : 978,
      "ms" : 1555704579978,
      "iso_8601" : "2019-04-19T20:09:39Z"
    },
    "modified_by" : "system",
    "modified_by_principal_id" : "system",
    "modified_by_principal_domain_id" : null,
    "edited_on" : {
      "timestamp" : "19-Apr-2019 20:09:39",
      "year" : 2019,
      "month" : 3,
      "day_of_month" : 19,
      "hour" : 20,
      "minute" : 9,
      "second" : 39,
      "millisecond" : 964,
      "ms" : 1555704579964,
      "iso_8601" : "2019-04-19T20:09:39Z"
    },
    "edited_by" : "system",
    "edited_by_principal_id" : "system",
    "edited_by_principal_domain_id" : null
  },
  "_doc" : "b22ff0998c19dd8b046d",
  "_qname" : "o:b22ff0998c19dd8b046d",
  "_type" : "n:group",
  "_features" : {
    "f:audit" : { },
    "f:titled" : { },
    "f:filename" : {
      "filename" : "b22ff0998c19dd8b046d"
    },
    "f:geolocation" : { },
    "f:indexable" : { }
  }
}