{
  "_type" : "n:email_template",
  "_system" : {
    "deleted" : false,
    "changeset" : "8:f0abdc5e67519bef3b0a",
    "created_on" : {
      "timestamp" : "19-Nov-2021 17:36:32",
      "year" : 2021,
      "month" : 10,
      "day_of_month" : 19,
      "hour" : 17,
      "minute" : 36,
      "second" : 32,
      "millisecond" : 479,
      "ms" : 1637361392479,
      "iso_8601" : "2021-11-19T17:36:32-05:00"
    },
    "created_by" : "admin",
    "created_by_principal_id" : "e319a2cd626b671ba7f7",
    "created_by_principal_domain_id" : "default",
    "modified_on" : {
      "timestamp" : "19-Nov-2021 17:36:32",
      "year" : 2021,
      "month" : 10,
      "day_of_month" : 19,
      "hour" : 17,
      "minute" : 36,
      "second" : 32,
      "millisecond" : 608,
      "ms" : 1637361392608,
      "iso_8601" : "2021-11-19T17:36:32-05:00"
    },
    "modified_by" : "admin",
    "modified_by_principal_id" : "e319a2cd626b671ba7f7",
    "modified_by_principal_domain_id" : "default",
    "edited_on" : {
      "timestamp" : "19-Nov-2021 17:36:32",
      "year" : 2021,
      "month" : 10,
      "day_of_month" : 19,
      "hour" : 17,
      "minute" : 36,
      "second" : 32,
      "millisecond" : 608,
      "ms" : 1637361392608,
      "iso_8601" : "2021-11-19T17:36:32-05:00"
    },
    "edited_by" : "admin",
    "edited_by_principal_id" : "e319a2cd626b671ba7f7",
    "edited_by_principal_domain_id" : "default",
    "rev" : 8,
    "branch" : "187193302a18db2eb328",
    "_op" : "create",
    "attachments" : {
      "default" : {
        "contentType" : "text/x-handlebars-template",
        "length" : 475,
        "objectId" : "attachment_56506b7d6cf68f7668ce_a64dedf376317183e84b",
        "filename" : "default"
      }
    }
  },
  "_doc" : "56506b7d6cf68f7668ce",
  "_qname" : "o:56506b7d6cf68f7668ce",
  "_features" : {
    "f:audit" : { },
    "f:titled" : { },
    "f:filename" : {
      "filename" : "Invite+User+-+Welcome+Email+Template"
    },
    "f:geolocation" : { },
    "f:indexable" : { }
  },
  "title" : "Invite User - Welcome Email Template"
}