{
  "_type" : "catalog:product",
  "title" : "Strawberry Shortcake",
  "sku" : "Strawberry Shortcake SKU",
  "headline" : "What A Treat!",
  "summary" : "A dense sweet pound cake filled with a whole strawberry and topped with a whip cream frosting.  Your own mini strawberry shortcake cupcakes!",
  "body" : "What better way to celebrate than with strawberry shortcake cupcakes? With a cakey cupcake base loaded with fresh strawberries and an oh-so-creamy strawberry buttercream, you’ll have all the joys of a strawberry shortcake in neat little cupcake package.",
  "price" : 2.29,
  "categories" : [ "strawberry" ],
  "_system" : {
    "deleted" : false,
    "changeset" : "0:root",
    "modified_on" : {
      "timestamp" : "19-Apr-2019 20:08:35",
      "year" : 2019,
      "month" : 3,
      "day_of_month" : 19,
      "hour" : 20,
      "minute" : 8,
      "second" : 35,
      "millisecond" : 603,
      "ms" : 1555704515603,
      "iso_8601" : "2019-04-19T20:08:35Z"
    },
    "modified_by" : "admin",
    "modified_by_principal_id" : "74004ce2e8561e763ac4",
    "modified_by_principal_domain_id" : "default",
    "edited_on" : {
      "timestamp" : "19-Apr-2019 20:08:35",
      "year" : 2019,
      "month" : 3,
      "day_of_month" : 19,
      "hour" : 20,
      "minute" : 8,
      "second" : 35,
      "millisecond" : 603,
      "ms" : 1555704515603,
      "iso_8601" : "2019-04-19T20:08:35Z"
    },
    "edited_by" : "admin",
    "edited_by_principal_id" : "74004ce2e8561e763ac4",
    "edited_by_principal_domain_id" : "default",
    "attachments" : {
      "default" : {
        "contentType" : "image/jpeg",
        "length" : 1721547,
        "objectId" : "attachment_15a8fea09aff45915ad1_9dfc5094ac6a23de9c65",
        "filename" : "default.jpg"
      }
    },
    "created_on" : {
      "timestamp" : "19-Apr-2019 20:08:35",
      "year" : 2019,
      "month" : 3,
      "day_of_month" : 19,
      "hour" : 20,
      "minute" : 8,
      "second" : 35,
      "millisecond" : 603,
      "ms" : 1555704515603,
      "iso_8601" : "2019-04-19T20:08:35Z"
    },
    "created_by" : "admin",
    "created_by_principal_id" : "74004ce2e8561e763ac4",
    "created_by_principal_domain_id" : "default"
  },
  "_qname" : "o:15a8fea09aff45915ad1",
  "_features" : {
    "f:audit" : { },
    "f:titled" : { },
    "f:filename" : {
      "filename" : "Strawberry_Shortcake"
    },
    "f:geolocation" : { },
    "f:indexable" : { }
  },
  "_statistics" : {
    "a:has_role" : 3,
    "a:has_role_INCOMING" : 3,
    "a:child" : 1,
    "a:child_INCOMING" : 1,
    "ratingTotalCount" : 2,
    "ratingTotalValue" : 8,
    "ratingAverageValue" : 4.0,
    "catalog:product-has-review" : 2,
    "catalog:product-has-review_OUTGOING" : 2
  },
  "_doc" : "15a8fea09aff45915ad1"
}