{
  "teamableObjectTypeId" : "stack",
  "teamableObjectId" : "a2ef58c9a6f55b19411a",
  "key" : "appusers-467847cff74ce400e7e4",
  "groupId" : "517d76735c3e1b8ea860",
  "groupDomainId" : "a5a8139377f57cf9b65e",
  "roleKeys" : [ "collaborator" ],
  "title" : "Application Users for Application: 467847cff74ce400e7e4",
  "description" : "",
  "_system" : {
    "created_on" : {
      "timestamp" : "26-Nov-2021 22:42:35",
      "year" : 2021,
      "month" : 10,
      "day_of_month" : 26,
      "hour" : 22,
      "minute" : 42,
      "second" : 35,
      "millisecond" : 918,
      "ms" : 1637984555918,
      "iso_8601" : "2021-11-26T22:42:35-05:00"
    },
    "created_by" : "admin",
    "created_by_principal_id" : "5bef34d1ea45b9e98ee7",
    "created_by_principal_domain_id" : "default",
    "modified_on" : {
      "timestamp" : "26-Nov-2021 22:42:35",
      "year" : 2021,
      "month" : 10,
      "day_of_month" : 26,
      "hour" : 22,
      "minute" : 42,
      "second" : 35,
      "millisecond" : 928,
      "ms" : 1637984555928,
      "iso_8601" : "2021-11-26T22:42:35-05:00"
    },
    "modified_by" : "admin",
    "modified_by_principal_id" : "5bef34d1ea45b9e98ee7",
    "modified_by_principal_domain_id" : "default",
    "edited_on" : {
      "timestamp" : "26-Nov-2021 22:42:35",
      "year" : 2021,
      "month" : 10,
      "day_of_month" : 26,
      "hour" : 22,
      "minute" : 42,
      "second" : 35,
      "millisecond" : 928,
      "ms" : 1637984555928,
      "iso_8601" : "2021-11-26T22:42:35-05:00"
    },
    "edited_by" : "admin",
    "edited_by_principal_id" : "5bef34d1ea45b9e98ee7",
    "edited_by_principal_domain_id" : "default"
  },
  "_doc" : "52d7160aa7ef8012ceef"
}