{
  "_type" : "wcm:page",
  "_qname" : "catalog:page-reviewer",
  "title" : "Catalog - Reviewer",
  "uris" : [ "/catalog/reviewer.html" ],
  "template" : "/templates/reviewer.html",
  "_doc" : "0a3feb80fc0874f8ff91",
  "_system" : {
    "deleted" : false,
    "changeset" : "18:f1980a971b29149bc607",
    "created_on" : {
      "timestamp" : "14-Feb-2019 15:32:49",
      "year" : 2019,
      "month" : 1,
      "day_of_month" : 14,
      "hour" : 15,
      "minute" : 32,
      "second" : 49,
      "millisecond" : 768,
      "ms" : 1550158369768,
      "iso_8601" : "2019-02-14T15:32:49Z"
    },
    "created_by" : "admin",
    "created_by_principal_id" : "5bab281f1cb2047f12ba",
    "created_by_principal_domain_id" : "default",
    "modified_on" : {
      "timestamp" : "14-Feb-2019 15:32:49",
      "year" : 2019,
      "month" : 1,
      "day_of_month" : 14,
      "hour" : 15,
      "minute" : 32,
      "second" : 49,
      "millisecond" : 864,
      "ms" : 1550158369864,
      "iso_8601" : "2019-02-14T15:32:49Z"
    },
    "modified_by" : "admin",
    "modified_by_principal_id" : "5bab281f1cb2047f12ba",
    "modified_by_principal_domain_id" : "default",
    "edited_on" : {
      "timestamp" : "14-Feb-2019 15:32:49",
      "year" : 2019,
      "month" : 1,
      "day_of_month" : 14,
      "hour" : 15,
      "minute" : 32,
      "second" : 49,
      "millisecond" : 864,
      "ms" : 1550158369864,
      "iso_8601" : "2019-02-14T15:32:49Z"
    },
    "edited_by" : "admin",
    "edited_by_principal_id" : "5bab281f1cb2047f12ba",
    "edited_by_principal_domain_id" : "default"
  },
  "_features" : {
    "f:audit" : { },
    "f:titled" : { },
    "f:filename" : {
      "filename" : "Catalog_-_Reviewer"
    },
    "f:geolocation" : { },
    "f:indexable" : { }
  }
}