{
  "_type" : "store:author",
  "title" : "Carl Sagan",
  "firstName" : "Carl",
  "lastName" : "Sagan",
  "slug" : "carl-sagan",
  "_features" : {
    "f:filename" : {
      "filename" : "Carl_Sagan"
    }
  },
  "_qname" : "o:88f48856d3d54b36948b",
  "_doc" : "88f48856d3d54b36948b",
  "_system" : {
    "deleted" : false,
    "changeset" : "9:3d893e50966213b2e4d3",
    "created_on" : {
      "timestamp" : "20-Oct-2021 14:37:27",
      "year" : 2021,
      "month" : 9,
      "day_of_month" : 20,
      "hour" : 14,
      "minute" : 37,
      "second" : 27,
      "millisecond" : 384,
      "ms" : 1634755047384,
      "iso_8601" : "2021-10-20T14:37:27-04:00"
    },
    "created_by" : "admin",
    "created_by_principal_id" : "b4d6c22caee99692904d",
    "created_by_principal_domain_id" : "default",
    "modified_on" : {
      "timestamp" : "20-Oct-2021 14:37:28",
      "year" : 2021,
      "month" : 9,
      "day_of_month" : 20,
      "hour" : 14,
      "minute" : 37,
      "second" : 28,
      "millisecond" : 723,
      "ms" : 1634755048723,
      "iso_8601" : "2021-10-20T14:37:28-04:00"
    },
    "modified_by" : "admin",
    "modified_by_principal_id" : "b4d6c22caee99692904d",
    "modified_by_principal_domain_id" : "default",
    "edited_on" : {
      "timestamp" : "20-Oct-2021 14:37:28",
      "year" : 2021,
      "month" : 9,
      "day_of_month" : 20,
      "hour" : 14,
      "minute" : 37,
      "second" : 28,
      "millisecond" : 723,
      "ms" : 1634755048723,
      "iso_8601" : "2021-10-20T14:37:28-04:00"
    },
    "edited_by" : "admin",
    "edited_by_principal_id" : "b4d6c22caee99692904d",
    "edited_by_principal_domain_id" : "default",
    "rev" : 9,
    "branch" : "4375d1eb9094255abf40",
    "_op" : "create",
    "attachments" : {
      "default" : {
        "contentType" : "image/jpeg",
        "length" : 20989,
        "objectId" : "attachment_88f48856d3d54b36948b_8f82186be89fab40e6bb",
        "filename" : "default.jpg"
      }
    }
  }
}