{
  "_doc" : "43:d17942f04f936f0b9acc",
  "_system" : {
    "created_on" : {
      "timestamp" : "14-Feb-2019 15:33:03",
      "year" : 2019,
      "month" : 1,
      "day_of_month" : 14,
      "hour" : 15,
      "minute" : 33,
      "second" : 3,
      "millisecond" : 519,
      "ms" : 1550158383519,
      "iso_8601" : "2019-02-14T15:33:03Z"
    },
    "created_by" : "admin",
    "created_by_principal_id" : "5bab281f1cb2047f12ba",
    "created_by_principal_domain_id" : "default",
    "modified_on" : {
      "timestamp" : "14-Feb-2019 15:33:03",
      "year" : 2019,
      "month" : 1,
      "day_of_month" : 14,
      "hour" : 15,
      "minute" : 33,
      "second" : 3,
      "millisecond" : 544,
      "ms" : 1550158383544,
      "iso_8601" : "2019-02-14T15:33:03Z"
    },
    "modified_by" : "admin",
    "modified_by_principal_id" : "5bab281f1cb2047f12ba",
    "modified_by_principal_domain_id" : "default",
    "edited_on" : {
      "timestamp" : "14-Feb-2019 15:33:03",
      "year" : 2019,
      "month" : 1,
      "day_of_month" : 14,
      "hour" : 15,
      "minute" : 33,
      "second" : 3,
      "millisecond" : 544,
      "ms" : 1550158383544,
      "iso_8601" : "2019-02-14T15:33:03Z"
    },
    "edited_by" : "admin",
    "edited_by_principal_id" : "5bab281f1cb2047f12ba",
    "edited_by_principal_domain_id" : "default"
  },
  "revision" : 43,
  "active" : true,
  "parents" : [ "42:e58108836c9ae900d837" ],
  "branch" : "4a11b3490f5cf2a8a2b7"
}