{
  "ownerRegistrarId" : "default",
  "ownerTenantId" : "6ddee7d234d75ccd4c4c",
  "antivirusEnabled" : false,
  "sessionTimeout" : 3600000,
  "authenticationMaxAttempts" : 3,
  "authenticationResetTimeout" : 900000,
  "datastoreId" : "ebfec19efe1d85fb0456",
  "datastoreTypeId" : "platform",
  "enableAuditing" : false,
  "enableAuthorities" : true,
  "maxsize" : -1,
  "size" : 0,
  "objectcount" : 0,
  "_system" : {
    "created_on" : {
      "timestamp" : "19-Apr-2019 19:58:00",
      "year" : 2019,
      "month" : 3,
      "day_of_month" : 19,
      "hour" : 19,
      "minute" : 58,
      "second" : 0,
      "millisecond" : 638,
      "ms" : 1555703880638,
      "iso_8601" : "2019-04-19T19:58:00Z"
    },
    "created_by" : "system",
    "created_by_principal_id" : "system",
    "created_by_principal_domain_id" : null,
    "modified_on" : {
      "timestamp" : "19-Apr-2019 19:58:10",
      "year" : 2019,
      "month" : 3,
      "day_of_month" : 19,
      "hour" : 19,
      "minute" : 58,
      "second" : 10,
      "millisecond" : 710,
      "ms" : 1555703890710,
      "iso_8601" : "2019-04-19T19:58:10Z"
    },
    "modified_by" : "system",
    "modified_by_principal_id" : "system",
    "modified_by_principal_domain_id" : null,
    "edited_on" : {
      "timestamp" : "19-Apr-2019 19:58:00",
      "year" : 2019,
      "month" : 3,
      "day_of_month" : 19,
      "hour" : 19,
      "minute" : 58,
      "second" : 0,
      "millisecond" : 638,
      "ms" : 1555703880638,
      "iso_8601" : "2019-04-19T19:58:00Z"
    },
    "edited_by" : "system",
    "edited_by_principal_id" : "system",
    "edited_by_principal_domain_id" : null
  },
  "_doc" : "8091eeaed058191dffd3",
  "statisticsDate" : {
    "timestamp" : "01-Jan-1970 00:00:00",
    "year" : 1970,
    "month" : 0,
    "day_of_month" : 1,
    "hour" : 0,
    "minute" : 0,
    "second" : 0,
    "millisecond" : 1,
    "ms" : 1,
    "iso_8601" : "1970-01-01T00:00:00Z"
  },
  "statisticsDirty" : true,
  "title" : "Root Platform"
}