{
  "teamableObjectTypeId" : "application",
  "teamableObjectId" : "fe7dc87ac32e2f273ebd",
  "key" : "owners",
  "groupId" : "2ec05029e4c2505b2c38",
  "groupDomainId" : "962ecda8e27eae5237d1",
  "roleKeys" : [ "owner" ],
  "title" : "Owners",
  "description" : "Owners Team",
  "_system" : {
    "created_on" : {
      "timestamp" : "15-Nov-2021 14:53:47",
      "year" : 2021,
      "month" : 10,
      "day_of_month" : 15,
      "hour" : 14,
      "minute" : 53,
      "second" : 47,
      "millisecond" : 882,
      "ms" : 1637006027882,
      "iso_8601" : "2021-11-15T14:53:47-05:00"
    },
    "created_by" : "admin",
    "created_by_principal_id" : "b9ed9753748864134424",
    "created_by_principal_domain_id" : "default",
    "modified_on" : {
      "timestamp" : "15-Nov-2021 14:53:47",
      "year" : 2021,
      "month" : 10,
      "day_of_month" : 15,
      "hour" : 14,
      "minute" : 53,
      "second" : 47,
      "millisecond" : 882,
      "ms" : 1637006027882,
      "iso_8601" : "2021-11-15T14:53:47-05:00"
    },
    "modified_by" : "admin",
    "modified_by_principal_id" : "b9ed9753748864134424",
    "modified_by_principal_domain_id" : "default",
    "edited_on" : {
      "timestamp" : "15-Nov-2021 14:53:47",
      "year" : 2021,
      "month" : 10,
      "day_of_month" : 15,
      "hour" : 14,
      "minute" : 53,
      "second" : 47,
      "millisecond" : 882,
      "ms" : 1637006027882,
      "iso_8601" : "2021-11-15T14:53:47-05:00"
    },
    "edited_by" : "admin",
    "edited_by_principal_id" : "b9ed9753748864134424",
    "edited_by_principal_domain_id" : "default"
  },
  "_doc" : "fa508c2c786d1eaf8168"
}