{
  "_doc" : "112:cf26a5cfb40bcda1b160",
  "_system" : {
    "created_on" : {
      "timestamp" : "14-Feb-2019 15:33:23",
      "year" : 2019,
      "month" : 1,
      "day_of_month" : 14,
      "hour" : 15,
      "minute" : 33,
      "second" : 23,
      "millisecond" : 437,
      "ms" : 1550158403437,
      "iso_8601" : "2019-02-14T15:33:23Z"
    },
    "created_by" : "admin",
    "created_by_principal_id" : "5bab281f1cb2047f12ba",
    "created_by_principal_domain_id" : "default",
    "modified_on" : {
      "timestamp" : "14-Feb-2019 15:33:23",
      "year" : 2019,
      "month" : 1,
      "day_of_month" : 14,
      "hour" : 15,
      "minute" : 33,
      "second" : 23,
      "millisecond" : 774,
      "ms" : 1550158403774,
      "iso_8601" : "2019-02-14T15:33:23Z"
    },
    "modified_by" : "admin",
    "modified_by_principal_id" : "5bab281f1cb2047f12ba",
    "modified_by_principal_domain_id" : "default",
    "edited_on" : {
      "timestamp" : "14-Feb-2019 15:33:23",
      "year" : 2019,
      "month" : 1,
      "day_of_month" : 14,
      "hour" : 15,
      "minute" : 33,
      "second" : 23,
      "millisecond" : 774,
      "ms" : 1550158403774,
      "iso_8601" : "2019-02-14T15:33:23Z"
    },
    "edited_by" : "admin",
    "edited_by_principal_id" : "5bab281f1cb2047f12ba",
    "edited_by_principal_domain_id" : "default"
  },
  "revision" : 112,
  "active" : true,
  "parents" : [ "111:60248fc175861c7bce5b" ],
  "branch" : "4a11b3490f5cf2a8a2b7"
}