{
  "principalDomainId" : "2739fd8cbdbd817a5531",
  "principalId" : "33dc9c74b09a5668d433",
  "clientId" : "e742cd44-4d6d-4966-af9d-0337edacb52a",
  "key" : "e9d0603d-8928-4c48-abe7-e011dfc27caa",
  "secret" : "9gZGK/CJ9j8Jq84FEqjLMJdv44yPYEhs6i+fVN0r8qw8jkK11CG41t9zzxlmHwb9O0KB411Rt4Zd40uxIyr6kzkS3IXZsCpUKVr+09XUfNo=",
  "enabled" : true,
  "_system" : {
    "created_on" : {
      "timestamp" : "26-Nov-2021 22:42:35",
      "year" : 2021,
      "month" : 10,
      "day_of_month" : 26,
      "hour" : 22,
      "minute" : 42,
      "second" : 35,
      "millisecond" : 749,
      "ms" : 1637984555749,
      "iso_8601" : "2021-11-26T22:42:35-05:00"
    },
    "created_by" : "admin",
    "created_by_principal_id" : "5bef34d1ea45b9e98ee7",
    "created_by_principal_domain_id" : "default",
    "modified_on" : {
      "timestamp" : "26-Nov-2021 22:42:35",
      "year" : 2021,
      "month" : 10,
      "day_of_month" : 26,
      "hour" : 22,
      "minute" : 42,
      "second" : 35,
      "millisecond" : 756,
      "ms" : 1637984555756,
      "iso_8601" : "2021-11-26T22:42:35-05:00"
    },
    "modified_by" : "admin",
    "modified_by_principal_id" : "5bef34d1ea45b9e98ee7",
    "modified_by_principal_domain_id" : "default",
    "edited_on" : {
      "timestamp" : "26-Nov-2021 22:42:35",
      "year" : 2021,
      "month" : 10,
      "day_of_month" : 26,
      "hour" : 22,
      "minute" : 42,
      "second" : 35,
      "millisecond" : 756,
      "ms" : 1637984555756,
      "iso_8601" : "2021-11-26T22:42:35-05:00"
    },
    "edited_by" : "admin",
    "edited_by_principal_id" : "5bef34d1ea45b9e98ee7",
    "edited_by_principal_domain_id" : "default"
  },
  "_doc" : "cf1f24ab90cbf3ddfe9e",
  "applicationId" : "467847cff74ce400e7e4",
  "applicationDeploymentManaged" : true
}