{
  "_doc" : "22:b6ef746dc459920bd2a8",
  "_system" : {
    "created_on" : {
      "timestamp" : "31-Aug-2022 15:26:04",
      "year" : 2022,
      "month" : 7,
      "day_of_month" : 31,
      "hour" : 15,
      "minute" : 26,
      "second" : 4,
      "millisecond" : 732,
      "ms" : 1661959564732,
      "iso_8601" : "2022-08-31T15:26:04Z"
    },
    "created_by" : "admin",
    "created_by_principal_id" : "2f873756d87a4ad1befc",
    "created_by_principal_domain_id" : "default",
    "modified_on" : {
      "timestamp" : "31-Aug-2022 15:26:04",
      "year" : 2022,
      "month" : 7,
      "day_of_month" : 31,
      "hour" : 15,
      "minute" : 26,
      "second" : 4,
      "millisecond" : 864,
      "ms" : 1661959564864,
      "iso_8601" : "2022-08-31T15:26:04Z"
    },
    "modified_by" : "admin",
    "modified_by_principal_id" : "2f873756d87a4ad1befc",
    "modified_by_principal_domain_id" : "default",
    "edited_on" : {
      "timestamp" : "31-Aug-2022 15:26:04",
      "year" : 2022,
      "month" : 7,
      "day_of_month" : 31,
      "hour" : 15,
      "minute" : 26,
      "second" : 4,
      "millisecond" : 864,
      "ms" : 1661959564864,
      "iso_8601" : "2022-08-31T15:26:04Z"
    },
    "edited_by" : "admin",
    "edited_by_principal_id" : "2f873756d87a4ad1befc",
    "edited_by_principal_domain_id" : "default"
  },
  "revision" : 22,
  "active" : true,
  "parents" : [ "21:e37fb2014f93268e346b" ],
  "branch" : "88810405bb84bac72aab"
}