{
  "_doc" : "18:e4a47c15f6a9b0042a46",
  "_system" : {
    "created_on" : {
      "timestamp" : "20-Oct-2021 09:44:27",
      "year" : 2021,
      "month" : 9,
      "day_of_month" : 20,
      "hour" : 9,
      "minute" : 44,
      "second" : 27,
      "millisecond" : 625,
      "ms" : 1634737467625,
      "iso_8601" : "2021-10-20T09:44:27-04:00"
    },
    "created_by" : "admin",
    "created_by_principal_id" : "2a7c6669601b1ba4c958",
    "created_by_principal_domain_id" : "default",
    "modified_on" : {
      "timestamp" : "20-Oct-2021 09:44:27",
      "year" : 2021,
      "month" : 9,
      "day_of_month" : 20,
      "hour" : 9,
      "minute" : 44,
      "second" : 27,
      "millisecond" : 669,
      "ms" : 1634737467669,
      "iso_8601" : "2021-10-20T09:44:27-04:00"
    },
    "modified_by" : "admin",
    "modified_by_principal_id" : "2a7c6669601b1ba4c958",
    "modified_by_principal_domain_id" : "default",
    "edited_on" : {
      "timestamp" : "20-Oct-2021 09:44:27",
      "year" : 2021,
      "month" : 9,
      "day_of_month" : 20,
      "hour" : 9,
      "minute" : 44,
      "second" : 27,
      "millisecond" : 669,
      "ms" : 1634737467669,
      "iso_8601" : "2021-10-20T09:44:27-04:00"
    },
    "edited_by" : "admin",
    "edited_by_principal_id" : "2a7c6669601b1ba4c958",
    "edited_by_principal_domain_id" : "default"
  },
  "revision" : 18,
  "active" : true,
  "parents" : [ "17:dbae8a7bbf7d86efea77" ],
  "branch" : "c05d26b68d5e6c9699cf"
}