{
  "_system" : {
    "deleted" : false,
    "changeset" : "3:bcb1ef0d791831fdfd1b",
    "created_on" : {
      "timestamp" : "20-Oct-2021 09:34:01",
      "year" : 2021,
      "month" : 9,
      "day_of_month" : 20,
      "hour" : 9,
      "minute" : 34,
      "second" : 1,
      "millisecond" : 988,
      "ms" : 1634736841988,
      "iso_8601" : "2021-10-20T09:34:01-04:00"
    },
    "created_by" : "admin",
    "created_by_principal_id" : "2a7c6669601b1ba4c958",
    "created_by_principal_domain_id" : "default",
    "modified_on" : {
      "timestamp" : "20-Oct-2021 09:34:02",
      "year" : 2021,
      "month" : 9,
      "day_of_month" : 20,
      "hour" : 9,
      "minute" : 34,
      "second" : 2,
      "millisecond" : 2,
      "ms" : 1634736842002,
      "iso_8601" : "2021-10-20T09:34:02-04:00"
    },
    "modified_by" : "admin",
    "modified_by_principal_id" : "2a7c6669601b1ba4c958",
    "modified_by_principal_domain_id" : "default",
    "edited_on" : {
      "timestamp" : "20-Oct-2021 09:34:02",
      "year" : 2021,
      "month" : 9,
      "day_of_month" : 20,
      "hour" : 9,
      "minute" : 34,
      "second" : 2,
      "millisecond" : 2,
      "ms" : 1634736842002,
      "iso_8601" : "2021-10-20T09:34:02-04:00"
    },
    "edited_by" : "admin",
    "edited_by_principal_id" : "2a7c6669601b1ba4c958",
    "edited_by_principal_domain_id" : "default",
    "rev" : 3,
    "branch" : "1ad06a3e9160fdc88c85",
    "_op" : "create"
  },
  "_doc" : "12b5a532a0bc4ffb2708",
  "_qname" : "o:12b5a532a0bc4ffb2708",
  "_type" : "a:child",
  "directionality" : "DIRECTED",
  "_features" : {
    "f:audit" : { },
    "f:indexable" : { },
    "f:propagates-authorities" : {
      "enabled" : true
    },
    "f:non-cyclic" : { },
    "f:knowledge-sharing" : {
      "enabled" : true
    }
  },
  "source_type" : "n:node",
  "source" : "f77ddc0707122d162068",
  "target_type" : "n:node",
  "target" : "9c038d038e4a3f4049e3"
}