{
  "_system" : {
    "deleted" : false,
    "changeset" : "0:root",
    "modified_on" : {
      "timestamp" : "19-Apr-2019 20:08:35",
      "year" : 2019,
      "month" : 3,
      "day_of_month" : 19,
      "hour" : 20,
      "minute" : 8,
      "second" : 35,
      "millisecond" : 829,
      "ms" : 1555704515829,
      "iso_8601" : "2019-04-19T20:08:35Z"
    },
    "modified_by" : "admin",
    "modified_by_principal_id" : "74004ce2e8561e763ac4",
    "modified_by_principal_domain_id" : "default",
    "edited_on" : {
      "timestamp" : "19-Apr-2019 20:08:35",
      "year" : 2019,
      "month" : 3,
      "day_of_month" : 19,
      "hour" : 20,
      "minute" : 8,
      "second" : 35,
      "millisecond" : 829,
      "ms" : 1555704515829,
      "iso_8601" : "2019-04-19T20:08:35Z"
    },
    "edited_by" : "admin",
    "edited_by_principal_id" : "74004ce2e8561e763ac4",
    "edited_by_principal_domain_id" : "default",
    "created_on" : {
      "timestamp" : "19-Apr-2019 20:08:35",
      "year" : 2019,
      "month" : 3,
      "day_of_month" : 19,
      "hour" : 20,
      "minute" : 8,
      "second" : 35,
      "millisecond" : 829,
      "ms" : 1555704515829,
      "iso_8601" : "2019-04-19T20:08:35Z"
    },
    "created_by" : "admin",
    "created_by_principal_id" : "74004ce2e8561e763ac4",
    "created_by_principal_domain_id" : "default"
  },
  "_qname" : "o:e4fb60f1b69fb57860f7",
  "_type" : "a:has_role",
  "directionality" : "DIRECTED",
  "_features" : {
    "f:audit" : { },
    "f:indexable" : { }
  },
  "source_type" : "n:person",
  "source" : "30f35428e6a96967f1e5",
  "target_type" : "guide:city",
  "target" : "a49c8d4def211b0d4d75",
  "role-key" : "owner",
  "inherited" : true,
  "inheritsFrom" : "25b6c206d9adec92b575",
  "_doc" : "e4fb60f1b69fb57860f7"
}