{
  "title" : "Store",
  "_system" : {
    "deleted" : false,
    "changeset" : "57:d95576fe778716d7679a",
    "created_on" : {
      "timestamp" : "21-Jan-2021 16:22:26",
      "year" : 2021,
      "month" : 0,
      "day_of_month" : 21,
      "hour" : 16,
      "minute" : 22,
      "second" : 26,
      "millisecond" : 832,
      "ms" : 1611264146832,
      "iso_8601" : "2021-01-21T16:22:26-05:00"
    },
    "created_by" : "system",
    "created_by_principal_id" : "system",
    "created_by_principal_domain_id" : null,
    "modified_on" : {
      "timestamp" : "21-Jan-2021 16:22:37",
      "year" : 2021,
      "month" : 0,
      "day_of_month" : 21,
      "hour" : 16,
      "minute" : 22,
      "second" : 37,
      "millisecond" : 244,
      "ms" : 1611264157244,
      "iso_8601" : "2021-01-21T16:22:37-05:00"
    },
    "modified_by" : "admin",
    "modified_by_principal_id" : "8df8c30d1c2f95496937",
    "modified_by_principal_domain_id" : "default",
    "edited_on" : {
      "timestamp" : "21-Jan-2021 16:22:37",
      "year" : 2021,
      "month" : 0,
      "day_of_month" : 21,
      "hour" : 16,
      "minute" : 22,
      "second" : 37,
      "millisecond" : 244,
      "ms" : 1611264157244,
      "iso_8601" : "2021-01-21T16:22:37-05:00"
    },
    "edited_by" : "admin",
    "edited_by_principal_id" : "8df8c30d1c2f95496937",
    "edited_by_principal_domain_id" : "default",
    "rev" : 57,
    "previousChangeset" : "56:3ce6e6968b4c96ac972f",
    "branch" : "3d4e3a21a7c02c55017c",
    "_op" : "update"
  },
  "_doc" : "156631cfbfca42a28cfd",
  "_qname" : "o:156631cfbfca42a28cfd",
  "_features" : {
    "f:container" : {
      "enabled" : true
    },
    "f:filename" : {
      "filename" : "Store"
    },
    "f:audit" : { },
    "f:titled" : { },
    "f:geolocation" : { },
    "f:indexable" : { },
    "f:publishable" : {
      "state" : "approved"
    }
  },
  "_type" : "n:node"
}