{
  "_system" : {
    "deleted" : false,
    "changeset" : "5:3c2175f6d4920fa671f2",
    "created_on" : {
      "timestamp" : "20-Oct-2021 09:34:03",
      "year" : 2021,
      "month" : 9,
      "day_of_month" : 20,
      "hour" : 9,
      "minute" : 34,
      "second" : 3,
      "millisecond" : 517,
      "ms" : 1634736843517,
      "iso_8601" : "2021-10-20T09:34:03-04:00"
    },
    "created_by" : "admin",
    "created_by_principal_id" : "2a7c6669601b1ba4c958",
    "created_by_principal_domain_id" : "default",
    "modified_on" : {
      "timestamp" : "20-Oct-2021 09:34:03",
      "year" : 2021,
      "month" : 9,
      "day_of_month" : 20,
      "hour" : 9,
      "minute" : 34,
      "second" : 3,
      "millisecond" : 530,
      "ms" : 1634736843530,
      "iso_8601" : "2021-10-20T09:34:03-04:00"
    },
    "modified_by" : "admin",
    "modified_by_principal_id" : "2a7c6669601b1ba4c958",
    "modified_by_principal_domain_id" : "default",
    "edited_on" : {
      "timestamp" : "20-Oct-2021 09:34:03",
      "year" : 2021,
      "month" : 9,
      "day_of_month" : 20,
      "hour" : 9,
      "minute" : 34,
      "second" : 3,
      "millisecond" : 530,
      "ms" : 1634736843530,
      "iso_8601" : "2021-10-20T09:34:03-04:00"
    },
    "edited_by" : "admin",
    "edited_by_principal_id" : "2a7c6669601b1ba4c958",
    "edited_by_principal_domain_id" : "default",
    "rev" : 5,
    "branch" : "1ad06a3e9160fdc88c85",
    "_op" : "create"
  },
  "_doc" : "06ce336273416acb3b5d",
  "_qname" : "o:06ce336273416acb3b5d",
  "_type" : "n:node",
  "_features" : {
    "f:audit" : { },
    "f:titled" : { },
    "f:filename" : {
      "filename" : "Templates"
    },
    "f:geolocation" : { },
    "f:indexable" : { },
    "f:container" : { }
  },
  "title" : "Templates"
}