{
  "_doc" : "16:e31b2516565994e92caf",
  "_system" : {
    "created_on" : {
      "timestamp" : "19-Nov-2021 17:36:49",
      "year" : 2021,
      "month" : 10,
      "day_of_month" : 19,
      "hour" : 17,
      "minute" : 36,
      "second" : 49,
      "millisecond" : 598,
      "ms" : 1637361409598,
      "iso_8601" : "2021-11-19T17:36:49-05:00"
    },
    "created_by" : "admin",
    "created_by_principal_id" : "e319a2cd626b671ba7f7",
    "created_by_principal_domain_id" : "default",
    "modified_on" : {
      "timestamp" : "19-Nov-2021 17:36:49",
      "year" : 2021,
      "month" : 10,
      "day_of_month" : 19,
      "hour" : 17,
      "minute" : 36,
      "second" : 49,
      "millisecond" : 643,
      "ms" : 1637361409643,
      "iso_8601" : "2021-11-19T17:36:49-05:00"
    },
    "modified_by" : "admin",
    "modified_by_principal_id" : "e319a2cd626b671ba7f7",
    "modified_by_principal_domain_id" : "default",
    "edited_on" : {
      "timestamp" : "19-Nov-2021 17:36:49",
      "year" : 2021,
      "month" : 10,
      "day_of_month" : 19,
      "hour" : 17,
      "minute" : 36,
      "second" : 49,
      "millisecond" : 643,
      "ms" : 1637361409643,
      "iso_8601" : "2021-11-19T17:36:49-05:00"
    },
    "edited_by" : "admin",
    "edited_by_principal_id" : "e319a2cd626b671ba7f7",
    "edited_by_principal_domain_id" : "default"
  },
  "revision" : 16,
  "active" : true,
  "parents" : [ "15:bb80f440edd760ce930f" ],
  "branch" : "187193302a18db2eb328"
}