{
  "_doc" : "4:59a474c67f467ecf15db",
  "_system" : {
    "created_on" : {
      "timestamp" : "15-Nov-2021 14:53:46",
      "year" : 2021,
      "month" : 10,
      "day_of_month" : 15,
      "hour" : 14,
      "minute" : 53,
      "second" : 46,
      "millisecond" : 250,
      "ms" : 1637006026250,
      "iso_8601" : "2021-11-15T14:53:46-05:00"
    },
    "created_by" : "admin",
    "created_by_principal_id" : "b9ed9753748864134424",
    "created_by_principal_domain_id" : "default",
    "modified_on" : {
      "timestamp" : "15-Nov-2021 14:53:46",
      "year" : 2021,
      "month" : 10,
      "day_of_month" : 15,
      "hour" : 14,
      "minute" : 53,
      "second" : 46,
      "millisecond" : 478,
      "ms" : 1637006026478,
      "iso_8601" : "2021-11-15T14:53:46-05:00"
    },
    "modified_by" : "admin",
    "modified_by_principal_id" : "b9ed9753748864134424",
    "modified_by_principal_domain_id" : "default",
    "edited_on" : {
      "timestamp" : "15-Nov-2021 14:53:46",
      "year" : 2021,
      "month" : 10,
      "day_of_month" : 15,
      "hour" : 14,
      "minute" : 53,
      "second" : 46,
      "millisecond" : 478,
      "ms" : 1637006026478,
      "iso_8601" : "2021-11-15T14:53:46-05:00"
    },
    "edited_by" : "admin",
    "edited_by_principal_id" : "b9ed9753748864134424",
    "edited_by_principal_domain_id" : "default"
  },
  "revision" : 4,
  "active" : true,
  "parents" : [ "3:1afbad01f88a8b23d09a" ],
  "branch" : "cdcfc25b8b052c9d2586"
}