{
  "config" : {
    "accessKey" : "AKIAX3DHMEWESJZMXOFQ",
    "secretKey" : "bvP7pInxxc+q+pnF1iZu4TFeoCZikRl+3helwhBk",
    "region" : "us-east-1",
    "bucketName" : "cloudcms-saas-public"
  },
  "type" : "trial_s3",
  "title" : "S3 Sample",
  "_system" : {
    "created_on" : {
      "timestamp" : "20-Oct-2021 09:34:16",
      "year" : 2021,
      "month" : 9,
      "day_of_month" : 20,
      "hour" : 9,
      "minute" : 34,
      "second" : 16,
      "millisecond" : 224,
      "ms" : 1634736856224,
      "iso_8601" : "2021-10-20T09:34:16-04:00"
    },
    "created_by" : "admin",
    "created_by_principal_id" : "2a7c6669601b1ba4c958",
    "created_by_principal_domain_id" : "default",
    "modified_on" : {
      "timestamp" : "20-Oct-2021 09:34:16",
      "year" : 2021,
      "month" : 9,
      "day_of_month" : 20,
      "hour" : 9,
      "minute" : 34,
      "second" : 16,
      "millisecond" : 224,
      "ms" : 1634736856224,
      "iso_8601" : "2021-10-20T09:34:16-04:00"
    },
    "modified_by" : "admin",
    "modified_by_principal_id" : "2a7c6669601b1ba4c958",
    "modified_by_principal_domain_id" : "default",
    "edited_on" : {
      "timestamp" : "20-Oct-2021 09:34:16",
      "year" : 2021,
      "month" : 9,
      "day_of_month" : 20,
      "hour" : 9,
      "minute" : 34,
      "second" : 16,
      "millisecond" : 224,
      "ms" : 1634736856224,
      "iso_8601" : "2021-10-20T09:34:16-04:00"
    },
    "edited_by" : "admin",
    "edited_by_principal_id" : "2a7c6669601b1ba4c958",
    "edited_by_principal_domain_id" : "default"
  },
  "_doc" : "d518d05d5357b43a97a0"
}