{
  "_doc" : "98:865fba360c2bff3178b1",
  "_system" : {
    "created_on" : {
      "timestamp" : "14-Feb-2019 15:33:19",
      "year" : 2019,
      "month" : 1,
      "day_of_month" : 14,
      "hour" : 15,
      "minute" : 33,
      "second" : 19,
      "millisecond" : 461,
      "ms" : 1550158399461,
      "iso_8601" : "2019-02-14T15:33:19Z"
    },
    "created_by" : "admin",
    "created_by_principal_id" : "5bab281f1cb2047f12ba",
    "created_by_principal_domain_id" : "default",
    "modified_on" : {
      "timestamp" : "14-Feb-2019 15:33:19",
      "year" : 2019,
      "month" : 1,
      "day_of_month" : 14,
      "hour" : 15,
      "minute" : 33,
      "second" : 19,
      "millisecond" : 813,
      "ms" : 1550158399813,
      "iso_8601" : "2019-02-14T15:33:19Z"
    },
    "modified_by" : "admin",
    "modified_by_principal_id" : "5bab281f1cb2047f12ba",
    "modified_by_principal_domain_id" : "default",
    "edited_on" : {
      "timestamp" : "14-Feb-2019 15:33:19",
      "year" : 2019,
      "month" : 1,
      "day_of_month" : 14,
      "hour" : 15,
      "minute" : 33,
      "second" : 19,
      "millisecond" : 813,
      "ms" : 1550158399813,
      "iso_8601" : "2019-02-14T15:33:19Z"
    },
    "edited_by" : "admin",
    "edited_by_principal_id" : "5bab281f1cb2047f12ba",
    "edited_by_principal_domain_id" : "default"
  },
  "revision" : 98,
  "active" : true,
  "parents" : [ "97:002a0f1338ceff528169" ],
  "branch" : "4a11b3490f5cf2a8a2b7"
}