{
  "_type" : "catalog:product",
  "title" : "Cookie Monster Cupcake",
  "sku" : "Cookie Monster SKU",
  "headline" : "Who doesn't love the cookie monster?",
  "summary" : "Cookie Monster cupcake! Eating a cookie! Arrrghh its so cute!! ",
  "body" : "These chocolate flavoured Cookie Monster cupcakes will delight your Sesame Street loving pre-schooler. They are perfect to take to school for birthdays or even just to delight your little guests at your next birthday party.",
  "price" : 3.49,
  "categories" : [ "holidays", "birthdays" ],
  "_system" : {
    "deleted" : false,
    "changeset" : "0:root",
    "modified_on" : {
      "timestamp" : "19-Apr-2019 20:08:35",
      "year" : 2019,
      "month" : 3,
      "day_of_month" : 19,
      "hour" : 20,
      "minute" : 8,
      "second" : 35,
      "millisecond" : 589,
      "ms" : 1555704515589,
      "iso_8601" : "2019-04-19T20:08:35Z"
    },
    "modified_by" : "admin",
    "modified_by_principal_id" : "74004ce2e8561e763ac4",
    "modified_by_principal_domain_id" : "default",
    "edited_on" : {
      "timestamp" : "19-Apr-2019 20:08:35",
      "year" : 2019,
      "month" : 3,
      "day_of_month" : 19,
      "hour" : 20,
      "minute" : 8,
      "second" : 35,
      "millisecond" : 589,
      "ms" : 1555704515589,
      "iso_8601" : "2019-04-19T20:08:35Z"
    },
    "edited_by" : "admin",
    "edited_by_principal_id" : "74004ce2e8561e763ac4",
    "edited_by_principal_domain_id" : "default",
    "attachments" : {
      "default" : {
        "contentType" : "image/jpeg",
        "length" : 89348,
        "objectId" : "attachment_8e5a04c329ee5755d668_206aadb4a6da9e3e0f26",
        "filename" : "default.jpg"
      }
    },
    "created_on" : {
      "timestamp" : "19-Apr-2019 20:08:35",
      "year" : 2019,
      "month" : 3,
      "day_of_month" : 19,
      "hour" : 20,
      "minute" : 8,
      "second" : 35,
      "millisecond" : 589,
      "ms" : 1555704515589,
      "iso_8601" : "2019-04-19T20:08:35Z"
    },
    "created_by" : "admin",
    "created_by_principal_id" : "74004ce2e8561e763ac4",
    "created_by_principal_domain_id" : "default"
  },
  "_qname" : "o:8e5a04c329ee5755d668",
  "_features" : {
    "f:audit" : { },
    "f:titled" : { },
    "f:filename" : {
      "filename" : "Cookie_Monster_Cupcake"
    },
    "f:geolocation" : { },
    "f:indexable" : { }
  },
  "_doc" : "8e5a04c329ee5755d668"
}