{
  "key" : "00e04682-11e3-4044-a939-2e3d8a8da75c",
  "secret" : "AKHfaR45KBhuZnIPBnQ/HtSFwQh4+4l5i4M6EGDjCGL1uZvK40p+EE9CafJOKrHDXSQzGt3d9NlmTa7UCeK6y30SCrl5DtmjSOfG6a7icjA=",
  "_system" : {
    "created_on" : {
      "timestamp" : "19-Nov-2021 22:41:04",
      "year" : 2021,
      "month" : 10,
      "day_of_month" : 19,
      "hour" : 22,
      "minute" : 41,
      "second" : 4,
      "millisecond" : 235,
      "ms" : 1637379664235,
      "iso_8601" : "2021-11-19T22:41:04-05:00"
    },
    "created_by" : "admin",
    "created_by_principal_id" : "e319a2cd626b671ba7f7",
    "created_by_principal_domain_id" : "default",
    "modified_on" : {
      "timestamp" : "19-Nov-2021 22:41:04",
      "year" : 2021,
      "month" : 10,
      "day_of_month" : 19,
      "hour" : 22,
      "minute" : 41,
      "second" : 4,
      "millisecond" : 247,
      "ms" : 1637379664247,
      "iso_8601" : "2021-11-19T22:41:04-05:00"
    },
    "modified_by" : "admin",
    "modified_by_principal_id" : "e319a2cd626b671ba7f7",
    "modified_by_principal_domain_id" : "default",
    "edited_on" : {
      "timestamp" : "19-Nov-2021 22:41:04",
      "year" : 2021,
      "month" : 10,
      "day_of_month" : 19,
      "hour" : 22,
      "minute" : 41,
      "second" : 4,
      "millisecond" : 247,
      "ms" : 1637379664247,
      "iso_8601" : "2021-11-19T22:41:04-05:00"
    },
    "edited_by" : "admin",
    "edited_by_principal_id" : "e319a2cd626b671ba7f7",
    "edited_by_principal_domain_id" : "default"
  },
  "_doc" : "cb40aa5ca6a422c8a452",
  "authorizedGrantTypes" : [ "authorization_code", "password", "refresh_token" ],
  "scope" : [ "api" ],
  "autoApproveScopes" : [ ],
  "enabled" : true,
  "allowGuestLogin" : true,
  "applicationId" : "018c93aeeef7b0b9d2c2",
  "applicationDeploymentManaged" : true
}