{
  "title" : "Book",
  "_qname" : "store:book",
  "_type" : "d:type",
  "type" : "object",
  "properties" : {
    "title" : {
      "type" : "string"
    },
    "description" : {
      "type" : "string"
    },
    "summary" : {
      "type" : "string"
    },
    "author" : {
      "type" : "object",
      "_relator" : {
        "associationType" : "store:authored-by",
        "nodeType" : "store:author"
      }
    },
    "recommendations" : {
      "type" : "array",
      "items" : {
        "type" : "object"
      },
      "_relator" : {
        "associationType" : "store:suggests",
        "nodeType" : "store:book",
        "mappings" : [ {
          "from" : "target",
          "fromProperty" : "slug",
          "toProperty" : "./slug"
        } ]
      }
    },
    "tags" : {
      "type" : "array",
      "items" : {
        "type" : "string"
      }
    },
    "slug" : {
      "type" : "string"
    },
    "cover" : {
      "type" : "object",
      "_attachment" : {
        "id" : "default"
      }
    },
    "pdf" : {
      "type" : "object",
      "_attachment" : {
        "id" : "book_pdf"
      }
    }
  },
  "mandatoryFeatures" : {
    "f:taggable" : {
      "enabled" : true
    },
    "f:deployment-config" : {
      "default" : {
        "mappings" : [ {
          "type" : "object-to-file",
          "config" : {
            "filepath" : "/store/books/{{object.slug}}.json"
          }
        }, {
          "type" : "attachment-to-file",
          "config" : {
            "attachmentId" : "*",
            "filepath" : "/store/books/{{object.slug}}.{{attachment.ext}}"
          }
        } ]
      }
    }
  },
  "_parent" : "n:node",
  "_doc" : "e20a894dfb064080bd83",
  "_system" : {
    "deleted" : false,
    "changeset" : "9:8428e1f2e5072f3dbdfa",
    "created_on" : {
      "timestamp" : "21-Jan-2021 16:22:26",
      "year" : 2021,
      "month" : 0,
      "day_of_month" : 21,
      "hour" : 16,
      "minute" : 22,
      "second" : 26,
      "millisecond" : 832,
      "ms" : 1611264146832,
      "iso_8601" : "2021-01-21T16:22:26-05:00"
    },
    "created_by" : "system",
    "created_by_principal_id" : "system",
    "created_by_principal_domain_id" : null,
    "modified_on" : {
      "timestamp" : "21-Jan-2021 16:22:27",
      "year" : 2021,
      "month" : 0,
      "day_of_month" : 21,
      "hour" : 16,
      "minute" : 22,
      "second" : 27,
      "millisecond" : 204,
      "ms" : 1611264147204,
      "iso_8601" : "2021-01-21T16:22:27-05:00"
    },
    "modified_by" : "system",
    "modified_by_principal_id" : "system",
    "modified_by_principal_domain_id" : null,
    "edited_on" : {
      "timestamp" : "21-Jan-2021 16:22:26",
      "year" : 2021,
      "month" : 0,
      "day_of_month" : 21,
      "hour" : 16,
      "minute" : 22,
      "second" : 26,
      "millisecond" : 832,
      "ms" : 1611264146832,
      "iso_8601" : "2021-01-21T16:22:26-05:00"
    },
    "edited_by" : "system",
    "edited_by_principal_id" : "system",
    "edited_by_principal_domain_id" : null,
    "rev" : 9,
    "branch" : "3d4e3a21a7c02c55017c",
    "_op" : "create"
  }
}