{
  "_type" : "a:child",
  "directionality" : "DIRECTED",
  "source_type" : "n:node",
  "source" : "0df269a7807a40e1a933",
  "target_type" : "store:author",
  "target" : "4dbd8b7701f34821b955",
  "_qname" : "o:d8a7b325fc704977b20f",
  "_doc" : "d8a7b325fc704977b20f",
  "_system" : {
    "deleted" : false,
    "changeset" : "9:2a39461291a06adf94e1",
    "created_on" : {
      "timestamp" : "17-Nov-2021 09:27:47",
      "year" : 2021,
      "month" : 10,
      "day_of_month" : 17,
      "hour" : 9,
      "minute" : 27,
      "second" : 47,
      "millisecond" : 549,
      "ms" : 1637159267549,
      "iso_8601" : "2021-11-17T09:27:47-05:00"
    },
    "created_by" : "admin",
    "created_by_principal_id" : "4dbc7eeadc99359ba687",
    "created_by_principal_domain_id" : "default",
    "modified_on" : {
      "timestamp" : "17-Nov-2021 09:27:49",
      "year" : 2021,
      "month" : 10,
      "day_of_month" : 17,
      "hour" : 9,
      "minute" : 27,
      "second" : 49,
      "millisecond" : 296,
      "ms" : 1637159269296,
      "iso_8601" : "2021-11-17T09:27:49-05:00"
    },
    "modified_by" : "admin",
    "modified_by_principal_id" : "4dbc7eeadc99359ba687",
    "modified_by_principal_domain_id" : "default",
    "edited_on" : {
      "timestamp" : "17-Nov-2021 09:27:49",
      "year" : 2021,
      "month" : 10,
      "day_of_month" : 17,
      "hour" : 9,
      "minute" : 27,
      "second" : 49,
      "millisecond" : 296,
      "ms" : 1637159269296,
      "iso_8601" : "2021-11-17T09:27:49-05:00"
    },
    "edited_by" : "admin",
    "edited_by_principal_id" : "4dbc7eeadc99359ba687",
    "edited_by_principal_domain_id" : "default",
    "rev" : 9,
    "branch" : "921fd3299d530ef02309",
    "_op" : "create"
  }
}