{
  "_system" : {
    "deleted" : false,
    "changeset" : "66:dd8ae6ef8be48a28fe7c",
    "created_on" : {
      "timestamp" : "14-Feb-2019 15:33:09",
      "year" : 2019,
      "month" : 1,
      "day_of_month" : 14,
      "hour" : 15,
      "minute" : 33,
      "second" : 9,
      "millisecond" : 242,
      "ms" : 1550158389242,
      "iso_8601" : "2019-02-14T15:33:09Z"
    },
    "created_by" : "admin",
    "created_by_principal_id" : "5bab281f1cb2047f12ba",
    "created_by_principal_domain_id" : "default",
    "modified_on" : {
      "timestamp" : "14-Feb-2019 15:33:09",
      "year" : 2019,
      "month" : 1,
      "day_of_month" : 14,
      "hour" : 15,
      "minute" : 33,
      "second" : 9,
      "millisecond" : 292,
      "ms" : 1550158389292,
      "iso_8601" : "2019-02-14T15:33:09Z"
    },
    "modified_by" : "admin",
    "modified_by_principal_id" : "5bab281f1cb2047f12ba",
    "modified_by_principal_domain_id" : "default",
    "edited_on" : {
      "timestamp" : "14-Feb-2019 15:33:09",
      "year" : 2019,
      "month" : 1,
      "day_of_month" : 14,
      "hour" : 15,
      "minute" : 33,
      "second" : 9,
      "millisecond" : 292,
      "ms" : 1550158389292,
      "iso_8601" : "2019-02-14T15:33:09Z"
    },
    "edited_by" : "admin",
    "edited_by_principal_id" : "5bab281f1cb2047f12ba",
    "edited_by_principal_domain_id" : "default"
  },
  "_doc" : "b1c6704babedde83a218",
  "_qname" : "o:b1c6704babedde83a218",
  "_type" : "n:node",
  "_features" : {
    "f:audit" : { },
    "f:titled" : { },
    "f:filename" : {
      "filename" : "Cities"
    },
    "f:geolocation" : { },
    "f:indexable" : { },
    "f:container" : { }
  },
  "title" : "Cities"
}