{
  "_type" : "a:has_form",
  "form-key" : "master",
  "_system" : {
    "deleted" : false,
    "changeset" : "49:e6200501ab38ea4d799f",
    "created_on" : {
      "timestamp" : "14-Feb-2019 15:33:04",
      "year" : 2019,
      "month" : 1,
      "day_of_month" : 14,
      "hour" : 15,
      "minute" : 33,
      "second" : 4,
      "millisecond" : 504,
      "ms" : 1550158384504,
      "iso_8601" : "2019-02-14T15:33:04Z"
    },
    "created_by" : "admin",
    "created_by_principal_id" : "5bab281f1cb2047f12ba",
    "created_by_principal_domain_id" : "default",
    "modified_on" : {
      "timestamp" : "14-Feb-2019 15:33:04",
      "year" : 2019,
      "month" : 1,
      "day_of_month" : 14,
      "hour" : 15,
      "minute" : 33,
      "second" : 4,
      "millisecond" : 520,
      "ms" : 1550158384520,
      "iso_8601" : "2019-02-14T15:33:04Z"
    },
    "modified_by" : "admin",
    "modified_by_principal_id" : "5bab281f1cb2047f12ba",
    "modified_by_principal_domain_id" : "default",
    "edited_on" : {
      "timestamp" : "14-Feb-2019 15:33:04",
      "year" : 2019,
      "month" : 1,
      "day_of_month" : 14,
      "hour" : 15,
      "minute" : 33,
      "second" : 4,
      "millisecond" : 520,
      "ms" : 1550158384520,
      "iso_8601" : "2019-02-14T15:33:04Z"
    },
    "edited_by" : "admin",
    "edited_by_principal_id" : "5bab281f1cb2047f12ba",
    "edited_by_principal_domain_id" : "default"
  },
  "_doc" : "94011910fc65ac667041",
  "_qname" : "o:94011910fc65ac667041",
  "directionality" : "DIRECTED",
  "_features" : {
    "f:audit" : { },
    "f:indexable" : { }
  },
  "source_type" : "d:type",
  "source" : "eeece031b569fc085992",
  "target_type" : "n:form",
  "target" : "8a7ea1bfca8dd763a17f"
}