{
  "_features" : {
    "f:content-template" : {
      "active" : true
    },
    "f:audit" : { },
    "f:titled" : { },
    "f:filename" : {
      "filename" : "Text+Analysis+Drop+Zone"
    },
    "f:geolocation" : { },
    "f:indexable" : { },
    "f:container" : { }
  },
  "_system" : {
    "deleted" : false,
    "changeset" : "22:652506665730ee731c4a",
    "created_on" : {
      "timestamp" : "07-Mar-2023 09:39:22",
      "year" : 2023,
      "month" : 2,
      "day_of_month" : 7,
      "hour" : 9,
      "minute" : 39,
      "second" : 22,
      "millisecond" : 995,
      "ms" : 1678199962995,
      "iso_8601" : "2023-03-07T09:39:22-05:00"
    },
    "created_by" : "admin",
    "created_by_principal_id" : "046cf0d415feaf45bcf2",
    "created_by_principal_domain_id" : "default",
    "modified_on" : {
      "timestamp" : "07-Mar-2023 09:39:23",
      "year" : 2023,
      "month" : 2,
      "day_of_month" : 7,
      "hour" : 9,
      "minute" : 39,
      "second" : 23,
      "millisecond" : 6,
      "ms" : 1678199963006,
      "iso_8601" : "2023-03-07T09:39:23-05:00"
    },
    "modified_by" : "admin",
    "modified_by_principal_id" : "046cf0d415feaf45bcf2",
    "modified_by_principal_domain_id" : "default",
    "edited_on" : {
      "timestamp" : "07-Mar-2023 09:39:23",
      "year" : 2023,
      "month" : 2,
      "day_of_month" : 7,
      "hour" : 9,
      "minute" : 39,
      "second" : 23,
      "millisecond" : 6,
      "ms" : 1678199963006,
      "iso_8601" : "2023-03-07T09:39:23-05:00"
    },
    "edited_by" : "admin",
    "edited_by_principal_id" : "046cf0d415feaf45bcf2",
    "rev" : 22,
    "branch" : "660838eae4eeba015a76",
    "_op" : "create",
    "edited_by_principal_domain_id" : "default"
  },
  "_doc" : "7c11b9a029942b887d1c",
  "_qname" : "o:7c11b9a029942b887d1c",
  "_type" : "n:node",
  "title" : "Text Analysis Drop Zone"
}