{
  "_system" : {
    "deleted" : false,
    "changeset" : "8:1b6e3c44fac684be02c9",
    "created_on" : {
      "timestamp" : "20-Oct-2021 00:03:18",
      "year" : 2021,
      "month" : 9,
      "day_of_month" : 20,
      "hour" : 0,
      "minute" : 3,
      "second" : 18,
      "millisecond" : 345,
      "ms" : 1634702598345,
      "iso_8601" : "2021-10-20T00:03:18-04:00"
    },
    "created_by" : "admin",
    "created_by_principal_id" : "2a7c6669601b1ba4c958",
    "created_by_principal_domain_id" : "default",
    "modified_on" : {
      "timestamp" : "20-Oct-2021 00:03:18",
      "year" : 2021,
      "month" : 9,
      "day_of_month" : 20,
      "hour" : 0,
      "minute" : 3,
      "second" : 18,
      "millisecond" : 359,
      "ms" : 1634702598359,
      "iso_8601" : "2021-10-20T00:03:18-04:00"
    },
    "modified_by" : "admin",
    "modified_by_principal_id" : "2a7c6669601b1ba4c958",
    "modified_by_principal_domain_id" : "default",
    "edited_on" : {
      "timestamp" : "20-Oct-2021 00:03:18",
      "year" : 2021,
      "month" : 9,
      "day_of_month" : 20,
      "hour" : 0,
      "minute" : 3,
      "second" : 18,
      "millisecond" : 359,
      "ms" : 1634702598359,
      "iso_8601" : "2021-10-20T00:03:18-04:00"
    },
    "edited_by" : "admin",
    "edited_by_principal_id" : "2a7c6669601b1ba4c958",
    "edited_by_principal_domain_id" : "default",
    "rev" : 8,
    "branch" : "a73f26b4127e018473e1",
    "_op" : "create"
  },
  "_doc" : "2679f828d23fb581b9a1",
  "_qname" : "o:2679f828d23fb581b9a1",
  "_type" : "a:child",
  "directionality" : "DIRECTED",
  "_features" : {
    "f:audit" : { },
    "f:indexable" : { },
    "f:propagates-authorities" : {
      "enabled" : true
    },
    "f:non-cyclic" : { },
    "f:knowledge-sharing" : {
      "enabled" : true
    }
  },
  "source_type" : "n:node",
  "source" : "8f15640aaffc18d1f32d",
  "target_type" : "n:email_template",
  "target" : "540bbddc169432ed7c23"
}