{
  "_type" : "store:category",
  "title" : "Humor",
  "category" : "humor",
  "_features" : {
    "f:container" : { },
    "f:audit" : { },
    "f:titled" : { },
    "f:filename" : {
      "filename" : "Humor"
    },
    "f:geolocation" : { },
    "f:indexable" : { },
    "f:knowledge-space" : {
      "enabled" : true,
      "properties" : [ "category" ]
    }
  },
  "_system" : {
    "deleted" : false,
    "changeset" : "0:root",
    "modified_on" : {
      "timestamp" : "19-Apr-2019 20:08:36",
      "year" : 2019,
      "month" : 3,
      "day_of_month" : 19,
      "hour" : 20,
      "minute" : 8,
      "second" : 36,
      "millisecond" : 832,
      "ms" : 1555704516832,
      "iso_8601" : "2019-04-19T20:08:36Z"
    },
    "modified_by" : "admin",
    "modified_by_principal_id" : "74004ce2e8561e763ac4",
    "modified_by_principal_domain_id" : "default",
    "edited_on" : {
      "timestamp" : "19-Apr-2019 20:08:36",
      "year" : 2019,
      "month" : 3,
      "day_of_month" : 19,
      "hour" : 20,
      "minute" : 8,
      "second" : 36,
      "millisecond" : 832,
      "ms" : 1555704516832,
      "iso_8601" : "2019-04-19T20:08:36Z"
    },
    "edited_by" : "admin",
    "edited_by_principal_id" : "74004ce2e8561e763ac4",
    "edited_by_principal_domain_id" : "default",
    "created_on" : {
      "timestamp" : "19-Apr-2019 20:08:36",
      "year" : 2019,
      "month" : 3,
      "day_of_month" : 19,
      "hour" : 20,
      "minute" : 8,
      "second" : 36,
      "millisecond" : 832,
      "ms" : 1555704516832,
      "iso_8601" : "2019-04-19T20:08:36Z"
    },
    "created_by" : "admin",
    "created_by_principal_id" : "74004ce2e8561e763ac4",
    "created_by_principal_domain_id" : "default"
  },
  "_qname" : "o:83b53f8c9dfa46b52526",
  "_doc" : "83b53f8c9dfa46b52526"
}