{
  "_doc" : "53:0438dd44e14a97c9bc91",
  "_system" : {
    "created_on" : {
      "timestamp" : "21-Jan-2021 16:22:33",
      "year" : 2021,
      "month" : 0,
      "day_of_month" : 21,
      "hour" : 16,
      "minute" : 22,
      "second" : 33,
      "millisecond" : 670,
      "ms" : 1611264153670,
      "iso_8601" : "2021-01-21T16:22:33-05:00"
    },
    "created_by" : "system",
    "created_by_principal_id" : "system",
    "created_by_principal_domain_id" : null,
    "modified_on" : {
      "timestamp" : "21-Jan-2021 16:22:33",
      "year" : 2021,
      "month" : 0,
      "day_of_month" : 21,
      "hour" : 16,
      "minute" : 22,
      "second" : 33,
      "millisecond" : 692,
      "ms" : 1611264153692,
      "iso_8601" : "2021-01-21T16:22:33-05:00"
    },
    "modified_by" : "system",
    "modified_by_principal_id" : "system",
    "modified_by_principal_domain_id" : null,
    "edited_on" : {
      "timestamp" : "21-Jan-2021 16:22:33",
      "year" : 2021,
      "month" : 0,
      "day_of_month" : 21,
      "hour" : 16,
      "minute" : 22,
      "second" : 33,
      "millisecond" : 670,
      "ms" : 1611264153670,
      "iso_8601" : "2021-01-21T16:22:33-05:00"
    },
    "edited_by" : "system",
    "edited_by_principal_id" : "system",
    "edited_by_principal_domain_id" : null
  },
  "revision" : 53,
  "active" : true,
  "parents" : [ "52:2af9a51b3744b5ee6f3b" ],
  "branch" : "3d4e3a21a7c02c55017c"
}