{
  "_doc" : "821c40ab613d9b5bcbbc656b62229301",
  "_type" : "n:root",
  "_qname" : "r:root",
  "type" : "object",
  "description" : "Repository Root",
  "systemBootstrapped" : true,
  "_system" : {
    "deleted" : false,
    "changeset" : "0:root",
    "created_on" : {
      "timestamp" : "26-Nov-2021 22:42:30",
      "year" : 2021,
      "month" : 10,
      "day_of_month" : 26,
      "hour" : 22,
      "minute" : 42,
      "second" : 30,
      "millisecond" : 886,
      "ms" : 1637984550886,
      "iso_8601" : "2021-11-26T22:42:30-05:00"
    },
    "created_by" : "admin",
    "created_by_principal_id" : "5bef34d1ea45b9e98ee7",
    "created_by_principal_domain_id" : "default",
    "modified_on" : {
      "timestamp" : "26-Nov-2021 22:42:30",
      "year" : 2021,
      "month" : 10,
      "day_of_month" : 26,
      "hour" : 22,
      "minute" : 42,
      "second" : 30,
      "millisecond" : 923,
      "ms" : 1637984550923,
      "iso_8601" : "2021-11-26T22:42:30-05:00"
    },
    "modified_by" : "admin",
    "modified_by_principal_id" : "5bef34d1ea45b9e98ee7",
    "modified_by_principal_domain_id" : "default",
    "edited_on" : {
      "timestamp" : "26-Nov-2021 22:42:30",
      "year" : 2021,
      "month" : 10,
      "day_of_month" : 26,
      "hour" : 22,
      "minute" : 42,
      "second" : 30,
      "millisecond" : 923,
      "ms" : 1637984550923,
      "iso_8601" : "2021-11-26T22:42:30-05:00"
    },
    "edited_by" : "admin",
    "edited_by_principal_id" : "5bef34d1ea45b9e98ee7",
    "edited_by_principal_domain_id" : "default",
    "rev" : 0,
    "branch" : "9bc800c8fc0417d3210c",
    "_op" : "create"
  },
  "_features" : {
    "f:audit" : { },
    "f:titled" : { },
    "f:filename" : { },
    "f:geolocation" : { },
    "f:indexable" : { },
    "f:container" : { }
  }
}