{
  "_system" : {
    "deleted" : false,
    "changeset" : "4:c14b38a3a6f7b081521a",
    "created_on" : {
      "timestamp" : "20-Oct-2021 09:44:09",
      "year" : 2021,
      "month" : 9,
      "day_of_month" : 20,
      "hour" : 9,
      "minute" : 44,
      "second" : 9,
      "millisecond" : 108,
      "ms" : 1634737449108,
      "iso_8601" : "2021-10-20T09:44:09-04:00"
    },
    "created_by" : "admin",
    "created_by_principal_id" : "2a7c6669601b1ba4c958",
    "created_by_principal_domain_id" : "default",
    "modified_on" : {
      "timestamp" : "20-Oct-2021 09:44:09",
      "year" : 2021,
      "month" : 9,
      "day_of_month" : 20,
      "hour" : 9,
      "minute" : 44,
      "second" : 9,
      "millisecond" : 223,
      "ms" : 1634737449223,
      "iso_8601" : "2021-10-20T09:44:09-04:00"
    },
    "modified_by" : "admin",
    "modified_by_principal_id" : "2a7c6669601b1ba4c958",
    "modified_by_principal_domain_id" : "default",
    "edited_on" : {
      "timestamp" : "20-Oct-2021 09:44:09",
      "year" : 2021,
      "month" : 9,
      "day_of_month" : 20,
      "hour" : 9,
      "minute" : 44,
      "second" : 9,
      "millisecond" : 223,
      "ms" : 1634737449223,
      "iso_8601" : "2021-10-20T09:44:09-04:00"
    },
    "edited_by" : "admin",
    "edited_by_principal_id" : "2a7c6669601b1ba4c958",
    "edited_by_principal_domain_id" : "default",
    "rev" : 4,
    "branch" : "c05d26b68d5e6c9699cf",
    "_op" : "create",
    "attachments" : {
      "default" : {
        "contentType" : "image/png",
        "length" : 6080,
        "objectId" : "attachment_fe3f51755600c597f20b_034d2f190643f94624f3",
        "filename" : "default"
      }
    }
  },
  "_doc" : "fe3f51755600c597f20b",
  "_qname" : "o:fe3f51755600c597f20b",
  "_type" : "n:node",
  "_features" : {
    "f:audit" : { },
    "f:titled" : { },
    "f:filename" : {
      "filename" : "logo.png"
    },
    "f:geolocation" : { },
    "f:indexable" : { }
  },
  "title" : "logo.png"
}