{
  "_doc" : "15:bd4e9d3f4a9e4d23aaea",
  "_system" : {
    "created_on" : {
      "timestamp" : "20-Oct-2021 09:44:26",
      "year" : 2021,
      "month" : 9,
      "day_of_month" : 20,
      "hour" : 9,
      "minute" : 44,
      "second" : 26,
      "millisecond" : 641,
      "ms" : 1634737466641,
      "iso_8601" : "2021-10-20T09:44:26-04:00"
    },
    "created_by" : "admin",
    "created_by_principal_id" : "2a7c6669601b1ba4c958",
    "created_by_principal_domain_id" : "default",
    "modified_on" : {
      "timestamp" : "20-Oct-2021 09:44:26",
      "year" : 2021,
      "month" : 9,
      "day_of_month" : 20,
      "hour" : 9,
      "minute" : 44,
      "second" : 26,
      "millisecond" : 679,
      "ms" : 1634737466679,
      "iso_8601" : "2021-10-20T09:44:26-04:00"
    },
    "modified_by" : "admin",
    "modified_by_principal_id" : "2a7c6669601b1ba4c958",
    "modified_by_principal_domain_id" : "default",
    "edited_on" : {
      "timestamp" : "20-Oct-2021 09:44:26",
      "year" : 2021,
      "month" : 9,
      "day_of_month" : 20,
      "hour" : 9,
      "minute" : 44,
      "second" : 26,
      "millisecond" : 679,
      "ms" : 1634737466679,
      "iso_8601" : "2021-10-20T09:44:26-04:00"
    },
    "edited_by" : "admin",
    "edited_by_principal_id" : "2a7c6669601b1ba4c958",
    "edited_by_principal_domain_id" : "default"
  },
  "revision" : 15,
  "active" : true,
  "parents" : [ "14:186432d4a15fe9620456" ],
  "branch" : "c05d26b68d5e6c9699cf"
}