{
  "_type" : "catalog:person",
  "title" : "Dean Martin",
  "name" : "dean.martin",
  "email" : "dean.martin@celebrityroast.com",
  "firstName" : "Dean",
  "lastName" : "Martin",
  "about" : "",
  "_doc" : "a737006b78682b14c574",
  "_system" : {
    "deleted" : false,
    "changeset" : "19:4de4f82ffd3762c26e5b",
    "created_on" : {
      "timestamp" : "14-Feb-2019 15:32:50",
      "year" : 2019,
      "month" : 1,
      "day_of_month" : 14,
      "hour" : 15,
      "minute" : 32,
      "second" : 50,
      "millisecond" : 185,
      "ms" : 1550158370185,
      "iso_8601" : "2019-02-14T15:32:50Z"
    },
    "created_by" : "admin",
    "created_by_principal_id" : "5bab281f1cb2047f12ba",
    "created_by_principal_domain_id" : "default",
    "modified_on" : {
      "timestamp" : "14-Feb-2019 15:32:50",
      "year" : 2019,
      "month" : 1,
      "day_of_month" : 14,
      "hour" : 15,
      "minute" : 32,
      "second" : 50,
      "millisecond" : 247,
      "ms" : 1550158370247,
      "iso_8601" : "2019-02-14T15:32:50Z"
    },
    "modified_by" : "admin",
    "modified_by_principal_id" : "5bab281f1cb2047f12ba",
    "modified_by_principal_domain_id" : "default",
    "edited_on" : {
      "timestamp" : "14-Feb-2019 15:32:50",
      "year" : 2019,
      "month" : 1,
      "day_of_month" : 14,
      "hour" : 15,
      "minute" : 32,
      "second" : 50,
      "millisecond" : 247,
      "ms" : 1550158370247,
      "iso_8601" : "2019-02-14T15:32:50Z"
    },
    "edited_by" : "admin",
    "edited_by_principal_id" : "5bab281f1cb2047f12ba",
    "edited_by_principal_domain_id" : "default"
  },
  "_qname" : "o:a737006b78682b14c574",
  "_features" : {
    "f:audit" : { },
    "f:titled" : { },
    "f:filename" : {
      "filename" : "Dean_Martin"
    },
    "f:geolocation" : { },
    "f:indexable" : { }
  }
}