{
  "title" : "Catalog Product Review",
  "_qname" : "catalog:product-review",
  "_type" : "d:type",
  "type" : "object",
  "properties" : {
    "title" : {
      "type" : "string",
      "title" : "Title"
    },
    "author" : {
      "type" : "string",
      "title" : "Author"
    },
    "body" : {
      "type" : "string",
      "title" : "Body"
    },
    "rating" : {
      "type" : "number",
      "title" : "Rating",
      "enum" : [ 5, 4, 3, 2, 1 ],
      "default" : 3
    }
  },
  "_doc" : "4f18eb84781bcafdad91",
  "_system" : {
    "deleted" : false,
    "changeset" : "15:837772535aa69a1ff010",
    "created_on" : {
      "timestamp" : "14-Feb-2019 15:32:48",
      "year" : 2019,
      "month" : 1,
      "day_of_month" : 14,
      "hour" : 15,
      "minute" : 32,
      "second" : 48,
      "millisecond" : 695,
      "ms" : 1550158368695,
      "iso_8601" : "2019-02-14T15:32:48Z"
    },
    "created_by" : "admin",
    "created_by_principal_id" : "5bab281f1cb2047f12ba",
    "created_by_principal_domain_id" : "default",
    "modified_on" : {
      "timestamp" : "14-Feb-2019 15:32:48",
      "year" : 2019,
      "month" : 1,
      "day_of_month" : 14,
      "hour" : 15,
      "minute" : 32,
      "second" : 48,
      "millisecond" : 750,
      "ms" : 1550158368750,
      "iso_8601" : "2019-02-14T15:32:48Z"
    },
    "modified_by" : "admin",
    "modified_by_principal_id" : "5bab281f1cb2047f12ba",
    "modified_by_principal_domain_id" : "default",
    "edited_on" : {
      "timestamp" : "14-Feb-2019 15:32:48",
      "year" : 2019,
      "month" : 1,
      "day_of_month" : 14,
      "hour" : 15,
      "minute" : 32,
      "second" : 48,
      "millisecond" : 750,
      "ms" : 1550158368750,
      "iso_8601" : "2019-02-14T15:32:48Z"
    },
    "edited_by" : "admin",
    "edited_by_principal_id" : "5bab281f1cb2047f12ba",
    "edited_by_principal_domain_id" : "default"
  },
  "_parent" : "n:node"
}