{
  "_type" : "store:author",
  "title" : "Garrison Keillor",
  "firstName" : "Garrison",
  "lastName" : "Keillor",
  "slug" : "garrison-keillor",
  "_features" : {
    "f:filename" : {
      "filename" : "Garrison_Keillor"
    },
    "f:audit" : { },
    "f:titled" : { },
    "f:geolocation" : { },
    "f:indexable" : { },
    "f:deployment-config" : {
      "default" : {
        "mappings" : [ {
          "type" : "object-to-file",
          "config" : {
            "filepath" : "/store/authors/{{object.slug}}.json"
          }
        }, {
          "type" : "attachment-to-file",
          "config" : {
            "attachmentId" : "*",
            "filepath" : "/store/authors/{{object.slug}}.{{attachment.ext}}"
          }
        } ]
      }
    },
    "f:publishable" : {
      "state" : "approved"
    }
  },
  "_qname" : "o:1401fc546b6c41469cda",
  "_doc" : "1401fc546b6c41469cda",
  "_system" : {
    "deleted" : false,
    "changeset" : "16:e78fdd93e83116c3d565",
    "created_on" : {
      "timestamp" : "20-Oct-2021 00:03:25",
      "year" : 2021,
      "month" : 9,
      "day_of_month" : 20,
      "hour" : 0,
      "minute" : 3,
      "second" : 25,
      "millisecond" : 598,
      "ms" : 1634702605598,
      "iso_8601" : "2021-10-20T00:03:25-04:00"
    },
    "created_by" : "admin",
    "created_by_principal_id" : "2a7c6669601b1ba4c958",
    "created_by_principal_domain_id" : "default",
    "modified_on" : {
      "timestamp" : "20-Oct-2021 00:03:34",
      "year" : 2021,
      "month" : 9,
      "day_of_month" : 20,
      "hour" : 0,
      "minute" : 3,
      "second" : 34,
      "millisecond" : 943,
      "ms" : 1634702614943,
      "iso_8601" : "2021-10-20T00:03:34-04:00"
    },
    "modified_by" : "admin",
    "modified_by_principal_id" : "2a7c6669601b1ba4c958",
    "modified_by_principal_domain_id" : "default",
    "edited_on" : {
      "timestamp" : "20-Oct-2021 00:03:34",
      "year" : 2021,
      "month" : 9,
      "day_of_month" : 20,
      "hour" : 0,
      "minute" : 3,
      "second" : 34,
      "millisecond" : 943,
      "ms" : 1634702614943,
      "iso_8601" : "2021-10-20T00:03:34-04:00"
    },
    "edited_by" : "admin",
    "edited_by_principal_id" : "2a7c6669601b1ba4c958",
    "edited_by_principal_domain_id" : "default",
    "rev" : 16,
    "attachments" : {
      "default" : {
        "contentType" : "image/jpeg",
        "length" : 157408,
        "objectId" : "attachment_1401fc546b6c41469cda_0d3c14c8934bf7cb5430",
        "filename" : "default.jpg"
      }
    },
    "previousChangeset" : "9:eaebea8e1a345198b940",
    "branch" : "a73f26b4127e018473e1",
    "_op" : "update"
  }
}