{
  "_system" : {
    "deleted" : false,
    "changeset" : "1:acb959b7e77b3624a952",
    "created_on" : {
      "timestamp" : "20-Oct-2021 09:44:06",
      "year" : 2021,
      "month" : 9,
      "day_of_month" : 20,
      "hour" : 9,
      "minute" : 44,
      "second" : 6,
      "millisecond" : 441,
      "ms" : 1634737446441,
      "iso_8601" : "2021-10-20T09:44:06-04:00"
    },
    "created_by" : "admin",
    "created_by_principal_id" : "2a7c6669601b1ba4c958",
    "created_by_principal_domain_id" : "default",
    "modified_on" : {
      "timestamp" : "20-Oct-2021 09:44:06",
      "year" : 2021,
      "month" : 9,
      "day_of_month" : 20,
      "hour" : 9,
      "minute" : 44,
      "second" : 6,
      "millisecond" : 460,
      "ms" : 1634737446460,
      "iso_8601" : "2021-10-20T09:44:06-04:00"
    },
    "modified_by" : "admin",
    "modified_by_principal_id" : "2a7c6669601b1ba4c958",
    "modified_by_principal_domain_id" : "default",
    "edited_on" : {
      "timestamp" : "20-Oct-2021 09:44:06",
      "year" : 2021,
      "month" : 9,
      "day_of_month" : 20,
      "hour" : 9,
      "minute" : 44,
      "second" : 6,
      "millisecond" : 460,
      "ms" : 1634737446460,
      "iso_8601" : "2021-10-20T09:44:06-04:00"
    },
    "edited_by" : "admin",
    "edited_by_principal_id" : "2a7c6669601b1ba4c958",
    "edited_by_principal_domain_id" : "default",
    "rev" : 1,
    "branch" : "c05d26b68d5e6c9699cf",
    "_op" : "create"
  },
  "_doc" : "3450cd1725395bf14209",
  "_qname" : "o:3450cd1725395bf14209",
  "_type" : "a:child",
  "directionality" : "DIRECTED",
  "_features" : {
    "f:audit" : { },
    "f:indexable" : { },
    "f:propagates-authorities" : {
      "enabled" : true
    },
    "f:non-cyclic" : { },
    "f:knowledge-sharing" : {
      "enabled" : true
    }
  },
  "source_type" : "n:root",
  "source" : "821c40ab613d9b5bcbbc656b62229301",
  "target_type" : "n:node",
  "target" : "4af3bbfbafdddc7a17a3"
}