{
  "teamableObjectTypeId" : "stack",
  "teamableObjectId" : "0a7fc8e20274200ad031",
  "key" : "project-appusers-team",
  "groupId" : "5ab11839592eab77dc5d",
  "groupDomainId" : "6ab076a8ff638e45ee3f",
  "roleKeys" : [ "collaborator" ],
  "title" : "project-appusers-team",
  "description" : "Project Application Users Team",
  "_system" : {
    "created_on" : {
      "timestamp" : "24-Aug-2022 16:08:27",
      "year" : 2022,
      "month" : 7,
      "day_of_month" : 24,
      "hour" : 16,
      "minute" : 8,
      "second" : 27,
      "millisecond" : 51,
      "ms" : 1661357307051,
      "iso_8601" : "2022-08-24T16:08:27Z"
    },
    "created_by" : "admin",
    "created_by_principal_id" : "fda4fc3b0ff3e7838fbe",
    "created_by_principal_domain_id" : "default",
    "modified_on" : {
      "timestamp" : "24-Aug-2022 16:08:27",
      "year" : 2022,
      "month" : 7,
      "day_of_month" : 24,
      "hour" : 16,
      "minute" : 8,
      "second" : 27,
      "millisecond" : 51,
      "ms" : 1661357307051,
      "iso_8601" : "2022-08-24T16:08:27Z"
    },
    "modified_by" : "admin",
    "modified_by_principal_id" : "fda4fc3b0ff3e7838fbe",
    "modified_by_principal_domain_id" : "default",
    "edited_on" : {
      "timestamp" : "24-Aug-2022 16:08:27",
      "year" : 2022,
      "month" : 7,
      "day_of_month" : 24,
      "hour" : 16,
      "minute" : 8,
      "second" : 27,
      "millisecond" : 51,
      "ms" : 1661357307051,
      "iso_8601" : "2022-08-24T16:08:27Z"
    },
    "edited_by" : "admin",
    "edited_by_principal_id" : "fda4fc3b0ff3e7838fbe",
    "edited_by_principal_domain_id" : "default"
  },
  "_doc" : "cd18cb0f097b1d3317ae"
}