{
  "_type" : "n:email_template",
  "_system" : {
    "deleted" : false,
    "changeset" : "7:cdb8a4ac22f2feeabf0b",
    "created_on" : {
      "timestamp" : "14-Feb-2019 15:32:44",
      "year" : 2019,
      "month" : 1,
      "day_of_month" : 14,
      "hour" : 15,
      "minute" : 32,
      "second" : 44,
      "millisecond" : 641,
      "ms" : 1550158364641,
      "iso_8601" : "2019-02-14T15:32:44Z"
    },
    "created_by" : "admin",
    "created_by_principal_id" : "5bab281f1cb2047f12ba",
    "created_by_principal_domain_id" : "default",
    "modified_on" : {
      "timestamp" : "14-Feb-2019 15:32:44",
      "year" : 2019,
      "month" : 1,
      "day_of_month" : 14,
      "hour" : 15,
      "minute" : 32,
      "second" : 44,
      "millisecond" : 789,
      "ms" : 1550158364789,
      "iso_8601" : "2019-02-14T15:32:44Z"
    },
    "modified_by" : "admin",
    "modified_by_principal_id" : "5bab281f1cb2047f12ba",
    "modified_by_principal_domain_id" : "default",
    "edited_on" : {
      "timestamp" : "14-Feb-2019 15:32:44",
      "year" : 2019,
      "month" : 1,
      "day_of_month" : 14,
      "hour" : 15,
      "minute" : 32,
      "second" : 44,
      "millisecond" : 789,
      "ms" : 1550158364789,
      "iso_8601" : "2019-02-14T15:32:44Z"
    },
    "edited_by" : "admin",
    "edited_by_principal_id" : "5bab281f1cb2047f12ba",
    "edited_by_principal_domain_id" : "default",
    "attachments" : {
      "default" : {
        "contentType" : "application/freemarker",
        "length" : 442,
        "objectId" : "attachment_d9e60a226106865ee26f_53ed78ad08c5b66bafe6",
        "filename" : "default"
      }
    }
  },
  "_doc" : "d9e60a226106865ee26f",
  "_qname" : "o:d9e60a226106865ee26f",
  "_features" : {
    "f:audit" : { },
    "f:titled" : { },
    "f:filename" : {
      "filename" : "Invite_User_-_Confirmation_Email_Template"
    },
    "f:geolocation" : { },
    "f:indexable" : { }
  },
  "title" : "Invite User - Confirmation Email Template"
}