{
  "_system" : {
    "deleted" : false,
    "changeset" : "32:610da6643c5905d03316",
    "created_on" : {
      "timestamp" : "14-Feb-2019 15:32:59",
      "year" : 2019,
      "month" : 1,
      "day_of_month" : 14,
      "hour" : 15,
      "minute" : 32,
      "second" : 59,
      "millisecond" : 372,
      "ms" : 1550158379372,
      "iso_8601" : "2019-02-14T15:32:59Z"
    },
    "created_by" : "admin",
    "created_by_principal_id" : "5bab281f1cb2047f12ba",
    "created_by_principal_domain_id" : "default",
    "modified_on" : {
      "timestamp" : "14-Feb-2019 15:32:59",
      "year" : 2019,
      "month" : 1,
      "day_of_month" : 14,
      "hour" : 15,
      "minute" : 32,
      "second" : 59,
      "millisecond" : 459,
      "ms" : 1550158379459,
      "iso_8601" : "2019-02-14T15:32:59Z"
    },
    "modified_by" : "admin",
    "modified_by_principal_id" : "5bab281f1cb2047f12ba",
    "modified_by_principal_domain_id" : "default",
    "edited_on" : {
      "timestamp" : "14-Feb-2019 15:32:59",
      "year" : 2019,
      "month" : 1,
      "day_of_month" : 14,
      "hour" : 15,
      "minute" : 32,
      "second" : 59,
      "millisecond" : 459,
      "ms" : 1550158379459,
      "iso_8601" : "2019-02-14T15:32:59Z"
    },
    "edited_by" : "admin",
    "edited_by_principal_id" : "5bab281f1cb2047f12ba",
    "edited_by_principal_domain_id" : "default"
  },
  "_doc" : "981db2d3b1e4dbd3c053",
  "_qname" : "o:981db2d3b1e4dbd3c053",
  "_type" : "a:child",
  "directionality" : "DIRECTED",
  "_features" : {
    "f:audit" : { },
    "f:indexable" : { },
    "f:propagates-authorities" : {
      "enabled" : true
    },
    "f:non-cyclic" : { },
    "f:knowledge-sharing" : {
      "enabled" : true
    }
  },
  "source_type" : "n:node",
  "source" : "11506f7bf6c5857736c2",
  "target_type" : "catalog:product-review",
  "target" : "103fae94e2b041ab29b4"
}