{
  "principal-id" : "74004ce2e8561e763ac4",
  "principal-domain" : "default",
  "principal-name" : "admin",
  "_system" : {
    "deleted" : false,
    "changeset" : "0:root",
    "created_on" : {
      "timestamp" : "19-Apr-2019 20:09:27",
      "year" : 2019,
      "month" : 3,
      "day_of_month" : 19,
      "hour" : 20,
      "minute" : 9,
      "second" : 27,
      "millisecond" : 922,
      "ms" : 1555704567922,
      "iso_8601" : "2019-04-19T20:09:27Z"
    },
    "created_by" : "admin",
    "created_by_principal_id" : "74004ce2e8561e763ac4",
    "created_by_principal_domain_id" : "default",
    "modified_on" : {
      "timestamp" : "19-Apr-2019 20:09:28",
      "year" : 2019,
      "month" : 3,
      "day_of_month" : 19,
      "hour" : 20,
      "minute" : 9,
      "second" : 28,
      "millisecond" : 95,
      "ms" : 1555704568095,
      "iso_8601" : "2019-04-19T20:09:28Z"
    },
    "modified_by" : "admin",
    "modified_by_principal_id" : "74004ce2e8561e763ac4",
    "modified_by_principal_domain_id" : "default",
    "edited_on" : {
      "timestamp" : "19-Apr-2019 20:09:28",
      "year" : 2019,
      "month" : 3,
      "day_of_month" : 19,
      "hour" : 20,
      "minute" : 9,
      "second" : 28,
      "millisecond" : 95,
      "ms" : 1555704568095,
      "iso_8601" : "2019-04-19T20:09:28Z"
    },
    "edited_by" : "admin",
    "edited_by_principal_id" : "74004ce2e8561e763ac4",
    "edited_by_principal_domain_id" : "default"
  },
  "_doc" : "26c61a10cc0bf5507cb8",
  "_qname" : "o:26c61a10cc0bf5507cb8",
  "_type" : "n:person",
  "_features" : {
    "f:audit" : { },
    "f:titled" : { },
    "f:filename" : {
      "filename" : "26c61a10cc0bf5507cb8"
    },
    "f:geolocation" : { },
    "f:indexable" : { }
  }
}