{
  "_doc" : "821c40ab613d9b5bcbbc656b6222933b",
  "_qname" : "f:dublincore",
  "_type" : "d:feature",
  "type" : "object",
  "title" : "Dublin Core",
  "description" : "Extracts properties from a document and applies Dublin Core metadata to a node",
  "systemBootstrapped" : true,
  "properties" : {
    "dublincore" : {
      "type" : "object",
      "title" : "Dublin Core Properties",
      "properties" : {
        "title" : {
          "type" : "string",
          "title" : "Title"
        },
        "creator" : {
          "type" : "string",
          "title" : "Creator"
        },
        "subject" : {
          "type" : "string",
          "title" : "Subject"
        },
        "description" : {
          "type" : "string",
          "title" : "Description"
        },
        "publisher" : {
          "type" : "string",
          "title" : "Publisher"
        },
        "other_contributor" : {
          "type" : "string",
          "title" : "Other Contributor"
        },
        "date" : {
          "type" : "string",
          "title" : "Date"
        },
        "type" : {
          "type" : "string",
          "title" : "Type"
        },
        "format" : {
          "type" : "string",
          "title" : "Format"
        },
        "identifier" : {
          "type" : "string",
          "title" : "Identifier"
        },
        "language" : {
          "type" : "string",
          "title" : "Language"
        },
        "relation" : {
          "type" : "string",
          "title" : "Relation"
        },
        "coverage" : {
          "type" : "string",
          "title" : "Coverage"
        },
        "rights_management" : {
          "type" : "string",
          "title" : "Rights Management"
        }
      }
    }
  },
  "mandatoryFeatures" : {
    "f:extractable" : { }
  },
  "_system" : {
    "deleted" : false,
    "changeset" : "0:root",
    "created_on" : {
      "timestamp" : "14-Feb-2019 15:32:41",
      "year" : 2019,
      "month" : 1,
      "day_of_month" : 14,
      "hour" : 15,
      "minute" : 32,
      "second" : 41,
      "millisecond" : 910,
      "ms" : 1550158361910,
      "iso_8601" : "2019-02-14T15:32:41Z"
    },
    "created_by" : "admin",
    "created_by_principal_id" : "5bab281f1cb2047f12ba",
    "created_by_principal_domain_id" : "default",
    "modified_on" : {
      "timestamp" : "14-Feb-2019 15:32:42",
      "year" : 2019,
      "month" : 1,
      "day_of_month" : 14,
      "hour" : 15,
      "minute" : 32,
      "second" : 42,
      "millisecond" : 44,
      "ms" : 1550158362044,
      "iso_8601" : "2019-02-14T15:32:42Z"
    },
    "modified_by" : "admin",
    "modified_by_principal_id" : "5bab281f1cb2047f12ba",
    "modified_by_principal_domain_id" : "default",
    "edited_on" : {
      "timestamp" : "14-Feb-2019 15:32:42",
      "year" : 2019,
      "month" : 1,
      "day_of_month" : 14,
      "hour" : 15,
      "minute" : 32,
      "second" : 42,
      "millisecond" : 44,
      "ms" : 1550158362044,
      "iso_8601" : "2019-02-14T15:32:42Z"
    },
    "edited_by" : "admin",
    "edited_by_principal_id" : "5bab281f1cb2047f12ba",
    "edited_by_principal_domain_id" : "default"
  }
}