{
  "_system" : {
    "deleted" : false,
    "changeset" : "5:f8e6fc68d750e1c4a44d",
    "created_on" : {
      "timestamp" : "19-Nov-2021 17:36:31",
      "year" : 2021,
      "month" : 10,
      "day_of_month" : 19,
      "hour" : 17,
      "minute" : 36,
      "second" : 31,
      "millisecond" : 769,
      "ms" : 1637361391769,
      "iso_8601" : "2021-11-19T17:36:31-05:00"
    },
    "created_by" : "admin",
    "created_by_principal_id" : "e319a2cd626b671ba7f7",
    "created_by_principal_domain_id" : "default",
    "modified_on" : {
      "timestamp" : "19-Nov-2021 17:36:31",
      "year" : 2021,
      "month" : 10,
      "day_of_month" : 19,
      "hour" : 17,
      "minute" : 36,
      "second" : 31,
      "millisecond" : 787,
      "ms" : 1637361391787,
      "iso_8601" : "2021-11-19T17:36:31-05:00"
    },
    "modified_by" : "admin",
    "modified_by_principal_id" : "e319a2cd626b671ba7f7",
    "modified_by_principal_domain_id" : "default",
    "edited_on" : {
      "timestamp" : "19-Nov-2021 17:36:31",
      "year" : 2021,
      "month" : 10,
      "day_of_month" : 19,
      "hour" : 17,
      "minute" : 36,
      "second" : 31,
      "millisecond" : 787,
      "ms" : 1637361391787,
      "iso_8601" : "2021-11-19T17:36:31-05:00"
    },
    "edited_by" : "admin",
    "edited_by_principal_id" : "e319a2cd626b671ba7f7",
    "edited_by_principal_domain_id" : "default",
    "rev" : 5,
    "branch" : "187193302a18db2eb328",
    "_op" : "create"
  },
  "_doc" : "029f61c79a93f46bcb0b",
  "_qname" : "o:029f61c79a93f46bcb0b",
  "_type" : "n:node",
  "_features" : {
    "f:audit" : { },
    "f:titled" : { },
    "f:filename" : {
      "filename" : "Templates"
    },
    "f:geolocation" : { },
    "f:indexable" : { },
    "f:container" : { }
  },
  "title" : "Templates"
}