{
  "_doc" : "4:d27b3477ecf17b2a0836",
  "_system" : {
    "created_on" : {
      "timestamp" : "14-Feb-2019 15:32:44",
      "year" : 2019,
      "month" : 1,
      "day_of_month" : 14,
      "hour" : 15,
      "minute" : 32,
      "second" : 44,
      "millisecond" : 180,
      "ms" : 1550158364180,
      "iso_8601" : "2019-02-14T15:32:44Z"
    },
    "created_by" : "admin",
    "created_by_principal_id" : "5bab281f1cb2047f12ba",
    "created_by_principal_domain_id" : "default",
    "modified_on" : {
      "timestamp" : "14-Feb-2019 15:32:44",
      "year" : 2019,
      "month" : 1,
      "day_of_month" : 14,
      "hour" : 15,
      "minute" : 32,
      "second" : 44,
      "millisecond" : 394,
      "ms" : 1550158364394,
      "iso_8601" : "2019-02-14T15:32:44Z"
    },
    "modified_by" : "admin",
    "modified_by_principal_id" : "5bab281f1cb2047f12ba",
    "modified_by_principal_domain_id" : "default",
    "edited_on" : {
      "timestamp" : "14-Feb-2019 15:32:44",
      "year" : 2019,
      "month" : 1,
      "day_of_month" : 14,
      "hour" : 15,
      "minute" : 32,
      "second" : 44,
      "millisecond" : 394,
      "ms" : 1550158364394,
      "iso_8601" : "2019-02-14T15:32:44Z"
    },
    "edited_by" : "admin",
    "edited_by_principal_id" : "5bab281f1cb2047f12ba",
    "edited_by_principal_domain_id" : "default"
  },
  "revision" : 4,
  "active" : true,
  "parents" : [ "3:a4abab8f18baa1b98cde" ],
  "branch" : "4a11b3490f5cf2a8a2b7"
}