{
  "_system" : {
    "deleted" : false,
    "changeset" : "10:e96a9cbe95304087d4ca",
    "created_on" : {
      "timestamp" : "19-Nov-2021 22:41:16",
      "year" : 2021,
      "month" : 10,
      "day_of_month" : 19,
      "hour" : 22,
      "minute" : 41,
      "second" : 16,
      "millisecond" : 942,
      "ms" : 1637379676942,
      "iso_8601" : "2021-11-19T22:41:16-05:00"
    },
    "created_by" : "admin",
    "created_by_principal_id" : "e319a2cd626b671ba7f7",
    "created_by_principal_domain_id" : "default",
    "modified_on" : {
      "timestamp" : "19-Nov-2021 22:41:17",
      "year" : 2021,
      "month" : 10,
      "day_of_month" : 19,
      "hour" : 22,
      "minute" : 41,
      "second" : 17,
      "millisecond" : 23,
      "ms" : 1637379677023,
      "iso_8601" : "2021-11-19T22:41:17-05:00"
    },
    "modified_by" : "admin",
    "modified_by_principal_id" : "e319a2cd626b671ba7f7",
    "modified_by_principal_domain_id" : "default",
    "edited_on" : {
      "timestamp" : "19-Nov-2021 22:41:17",
      "year" : 2021,
      "month" : 10,
      "day_of_month" : 19,
      "hour" : 22,
      "minute" : 41,
      "second" : 17,
      "millisecond" : 23,
      "ms" : 1637379677023,
      "iso_8601" : "2021-11-19T22:41:17-05:00"
    },
    "edited_by" : "admin",
    "edited_by_principal_id" : "e319a2cd626b671ba7f7",
    "edited_by_principal_domain_id" : "default",
    "rev" : 10,
    "branch" : "d13c41461bea0e1eaef1",
    "_op" : "create"
  },
  "_doc" : "0d998945df0082f901c9",
  "_qname" : "o:0d998945df0082f901c9",
  "_type" : "a:has_role",
  "directionality" : "DIRECTED",
  "_features" : {
    "f:audit" : { },
    "f:indexable" : { }
  },
  "source_type" : "n:person",
  "source" : "52be78595026b16c038a",
  "target_type" : "n:person",
  "target" : "52be78595026b16c038a",
  "role-key" : "owner"
}