{
  "_doc" : "22:9751551d3ca4f194b478",
  "_system" : {
    "created_on" : {
      "timestamp" : "20-Oct-2021 14:37:38",
      "year" : 2021,
      "month" : 9,
      "day_of_month" : 20,
      "hour" : 14,
      "minute" : 37,
      "second" : 38,
      "millisecond" : 631,
      "ms" : 1634755058631,
      "iso_8601" : "2021-10-20T14:37:38-04:00"
    },
    "created_by" : "admin",
    "created_by_principal_id" : "b4d6c22caee99692904d",
    "created_by_principal_domain_id" : "default",
    "modified_on" : {
      "timestamp" : "20-Oct-2021 14:37:38",
      "year" : 2021,
      "month" : 9,
      "day_of_month" : 20,
      "hour" : 14,
      "minute" : 37,
      "second" : 38,
      "millisecond" : 663,
      "ms" : 1634755058663,
      "iso_8601" : "2021-10-20T14:37:38-04:00"
    },
    "modified_by" : "admin",
    "modified_by_principal_id" : "b4d6c22caee99692904d",
    "modified_by_principal_domain_id" : "default",
    "edited_on" : {
      "timestamp" : "20-Oct-2021 14:37:38",
      "year" : 2021,
      "month" : 9,
      "day_of_month" : 20,
      "hour" : 14,
      "minute" : 37,
      "second" : 38,
      "millisecond" : 663,
      "ms" : 1634755058663,
      "iso_8601" : "2021-10-20T14:37:38-04:00"
    },
    "edited_by" : "admin",
    "edited_by_principal_id" : "b4d6c22caee99692904d",
    "edited_by_principal_domain_id" : "default"
  },
  "revision" : 22,
  "active" : true,
  "parents" : [ "21:c9d150e9666a3e8b01a3" ],
  "branch" : "4375d1eb9094255abf40"
}