{
  "principalDomainId" : "7cb8f6f571bdb2f41cd3",
  "principalId" : "90c0642fd518b370b279",
  "clientId" : "bf40d280-1d28-4f9f-a5b8-8dc07422f595",
  "key" : "b38a16c2-900b-471e-a2fb-9935b1e27c3c",
  "secret" : "S/dmTMCwF+farsf79I14dB6AvCigZQ6hhmSBOPb6Arx5FAdZguhvugsfdwpA+QDIQ2v9yf2pj/fEri4MhBAt1/SqZIly7GSqsfoB5RWvZkU=",
  "enabled" : true,
  "_system" : {
    "created_on" : {
      "timestamp" : "17-Nov-2021 09:27:40",
      "year" : 2021,
      "month" : 10,
      "day_of_month" : 17,
      "hour" : 9,
      "minute" : 27,
      "second" : 40,
      "millisecond" : 771,
      "ms" : 1637159260771,
      "iso_8601" : "2021-11-17T09:27:40-05:00"
    },
    "created_by" : "admin",
    "created_by_principal_id" : "4dbc7eeadc99359ba687",
    "created_by_principal_domain_id" : "default",
    "modified_on" : {
      "timestamp" : "17-Nov-2021 09:27:40",
      "year" : 2021,
      "month" : 10,
      "day_of_month" : 17,
      "hour" : 9,
      "minute" : 27,
      "second" : 40,
      "millisecond" : 778,
      "ms" : 1637159260778,
      "iso_8601" : "2021-11-17T09:27:40-05:00"
    },
    "modified_by" : "admin",
    "modified_by_principal_id" : "4dbc7eeadc99359ba687",
    "modified_by_principal_domain_id" : "default",
    "edited_on" : {
      "timestamp" : "17-Nov-2021 09:27:40",
      "year" : 2021,
      "month" : 10,
      "day_of_month" : 17,
      "hour" : 9,
      "minute" : 27,
      "second" : 40,
      "millisecond" : 778,
      "ms" : 1637159260778,
      "iso_8601" : "2021-11-17T09:27:40-05:00"
    },
    "edited_by" : "admin",
    "edited_by_principal_id" : "4dbc7eeadc99359ba687",
    "edited_by_principal_domain_id" : "default"
  },
  "_doc" : "479756cecacb7757c2a3",
  "applicationId" : "8b4b066c95cb7a4a9114",
  "applicationDeploymentManaged" : true
}