{
  "_doc" : "68:8d10a9b39569ac020654",
  "_system" : {
    "created_on" : {
      "timestamp" : "14-Feb-2019 15:33:10",
      "year" : 2019,
      "month" : 1,
      "day_of_month" : 14,
      "hour" : 15,
      "minute" : 33,
      "second" : 10,
      "millisecond" : 497,
      "ms" : 1550158390497,
      "iso_8601" : "2019-02-14T15:33:10Z"
    },
    "created_by" : "admin",
    "created_by_principal_id" : "5bab281f1cb2047f12ba",
    "created_by_principal_domain_id" : "default",
    "modified_on" : {
      "timestamp" : "14-Feb-2019 15:33:10",
      "year" : 2019,
      "month" : 1,
      "day_of_month" : 14,
      "hour" : 15,
      "minute" : 33,
      "second" : 10,
      "millisecond" : 948,
      "ms" : 1550158390948,
      "iso_8601" : "2019-02-14T15:33:10Z"
    },
    "modified_by" : "admin",
    "modified_by_principal_id" : "5bab281f1cb2047f12ba",
    "modified_by_principal_domain_id" : "default",
    "edited_on" : {
      "timestamp" : "14-Feb-2019 15:33:10",
      "year" : 2019,
      "month" : 1,
      "day_of_month" : 14,
      "hour" : 15,
      "minute" : 33,
      "second" : 10,
      "millisecond" : 948,
      "ms" : 1550158390948,
      "iso_8601" : "2019-02-14T15:33:10Z"
    },
    "edited_by" : "admin",
    "edited_by_principal_id" : "5bab281f1cb2047f12ba",
    "edited_by_principal_domain_id" : "default"
  },
  "revision" : 68,
  "active" : true,
  "parents" : [ "67:ec4a1cd28b8295b1fd07" ],
  "branch" : "4a11b3490f5cf2a8a2b7"
}