{
  "name" : "team_stack_bf423d3b68217f5306b7_project-appusers-team",
  "type" : "GROUP",
  "_system" : {
    "created_on" : {
      "timestamp" : "06-Aug-2020 13:25:31",
      "year" : 2020,
      "month" : 7,
      "day_of_month" : 6,
      "hour" : 13,
      "minute" : 25,
      "second" : 31,
      "millisecond" : 16,
      "ms" : 1596720331016,
      "iso_8601" : "2020-08-06T13:25:31Z"
    },
    "created_by" : "admin",
    "created_by_principal_id" : "bb39303eba0c35a3d2da",
    "created_by_principal_domain_id" : "default",
    "modified_on" : {
      "timestamp" : "06-Aug-2020 13:25:31",
      "year" : 2020,
      "month" : 7,
      "day_of_month" : 6,
      "hour" : 13,
      "minute" : 25,
      "second" : 31,
      "millisecond" : 156,
      "ms" : 1596720331156,
      "iso_8601" : "2020-08-06T13:25:31Z"
    },
    "modified_by" : "admin",
    "modified_by_principal_id" : "bb39303eba0c35a3d2da",
    "modified_by_principal_domain_id" : "default",
    "edited_on" : {
      "timestamp" : "06-Aug-2020 13:25:31",
      "year" : 2020,
      "month" : 7,
      "day_of_month" : 6,
      "hour" : 13,
      "minute" : 25,
      "second" : 31,
      "millisecond" : 156,
      "ms" : 1596720331156,
      "iso_8601" : "2020-08-06T13:25:31Z"
    },
    "edited_by" : "admin",
    "edited_by_principal_id" : "bb39303eba0c35a3d2da",
    "edited_by_principal_domain_id" : "default"
  },
  "_doc" : "b46195155f738204c567",
  "title" : "Group for project-appusers-team",
  "teamGroup" : true,
  "teamableTypeId" : "stack",
  "teamableId" : "bf423d3b68217f5306b7",
  "teamKey" : "project-appusers-team"
}