{
  "_doc" : "70:6e7bf9c63689f791757b",
  "_system" : {
    "created_on" : {
      "timestamp" : "14-Feb-2019 15:33:11",
      "year" : 2019,
      "month" : 1,
      "day_of_month" : 14,
      "hour" : 15,
      "minute" : 33,
      "second" : 11,
      "millisecond" : 602,
      "ms" : 1550158391602,
      "iso_8601" : "2019-02-14T15:33:11Z"
    },
    "created_by" : "admin",
    "created_by_principal_id" : "5bab281f1cb2047f12ba",
    "created_by_principal_domain_id" : "default",
    "modified_on" : {
      "timestamp" : "14-Feb-2019 15:33:11",
      "year" : 2019,
      "month" : 1,
      "day_of_month" : 14,
      "hour" : 15,
      "minute" : 33,
      "second" : 11,
      "millisecond" : 969,
      "ms" : 1550158391969,
      "iso_8601" : "2019-02-14T15:33:11Z"
    },
    "modified_by" : "admin",
    "modified_by_principal_id" : "5bab281f1cb2047f12ba",
    "modified_by_principal_domain_id" : "default",
    "edited_on" : {
      "timestamp" : "14-Feb-2019 15:33:11",
      "year" : 2019,
      "month" : 1,
      "day_of_month" : 14,
      "hour" : 15,
      "minute" : 33,
      "second" : 11,
      "millisecond" : 969,
      "ms" : 1550158391969,
      "iso_8601" : "2019-02-14T15:33:11Z"
    },
    "edited_by" : "admin",
    "edited_by_principal_id" : "5bab281f1cb2047f12ba",
    "edited_by_principal_domain_id" : "default"
  },
  "revision" : 70,
  "active" : true,
  "parents" : [ "69:76a55280199215d4457e" ],
  "branch" : "4a11b3490f5cf2a8a2b7"
}