{
  "_type" : "wcm:page",
  "_qname" : "catalog:page-home",
  "title" : "Catalog - Home",
  "uris" : [ "/catalog/index.html" ],
  "template" : "/templates/catalog.html",
  "_doc" : "de927edf528ac5c27d0e",
  "_system" : {
    "deleted" : false,
    "changeset" : "16:b3f498b7063e875aa04f",
    "created_on" : {
      "timestamp" : "14-Feb-2019 15:32:48",
      "year" : 2019,
      "month" : 1,
      "day_of_month" : 14,
      "hour" : 15,
      "minute" : 32,
      "second" : 48,
      "millisecond" : 991,
      "ms" : 1550158368991,
      "iso_8601" : "2019-02-14T15:32:48Z"
    },
    "created_by" : "admin",
    "created_by_principal_id" : "5bab281f1cb2047f12ba",
    "created_by_principal_domain_id" : "default",
    "modified_on" : {
      "timestamp" : "14-Feb-2019 15:32:49",
      "year" : 2019,
      "month" : 1,
      "day_of_month" : 14,
      "hour" : 15,
      "minute" : 32,
      "second" : 49,
      "millisecond" : 19,
      "ms" : 1550158369019,
      "iso_8601" : "2019-02-14T15:32:49Z"
    },
    "modified_by" : "admin",
    "modified_by_principal_id" : "5bab281f1cb2047f12ba",
    "modified_by_principal_domain_id" : "default",
    "edited_on" : {
      "timestamp" : "14-Feb-2019 15:32:49",
      "year" : 2019,
      "month" : 1,
      "day_of_month" : 14,
      "hour" : 15,
      "minute" : 32,
      "second" : 49,
      "millisecond" : 19,
      "ms" : 1550158369019,
      "iso_8601" : "2019-02-14T15:32:49Z"
    },
    "edited_by" : "admin",
    "edited_by_principal_id" : "5bab281f1cb2047f12ba",
    "edited_by_principal_domain_id" : "default"
  },
  "_features" : {
    "f:audit" : { },
    "f:titled" : { },
    "f:filename" : {
      "filename" : "Catalog_-_Home"
    },
    "f:geolocation" : { },
    "f:indexable" : { }
  }
}