{
  "permissioned" : "1677ffc4e33a815d61c0",
  "principal" : "41a76707fd3ad437d0e9",
  "authority" : "connector",
  "domain" : "default",
  "_system" : {
    "created_on" : {
      "timestamp" : "20-Oct-2021 09:44:03",
      "year" : 2021,
      "month" : 9,
      "day_of_month" : 20,
      "hour" : 9,
      "minute" : 44,
      "second" : 3,
      "millisecond" : 871,
      "ms" : 1634737443871,
      "iso_8601" : "2021-10-20T09:44:03-04:00"
    },
    "created_by" : "admin",
    "created_by_principal_id" : "2a7c6669601b1ba4c958",
    "created_by_principal_domain_id" : "default",
    "modified_on" : {
      "timestamp" : "20-Oct-2021 09:44:03",
      "year" : 2021,
      "month" : 9,
      "day_of_month" : 20,
      "hour" : 9,
      "minute" : 44,
      "second" : 3,
      "millisecond" : 871,
      "ms" : 1634737443871,
      "iso_8601" : "2021-10-20T09:44:03-04:00"
    },
    "modified_by" : "admin",
    "modified_by_principal_id" : "2a7c6669601b1ba4c958",
    "modified_by_principal_domain_id" : "default",
    "edited_on" : {
      "timestamp" : "20-Oct-2021 09:44:03",
      "year" : 2021,
      "month" : 9,
      "day_of_month" : 20,
      "hour" : 9,
      "minute" : 44,
      "second" : 3,
      "millisecond" : 871,
      "ms" : 1634737443871,
      "iso_8601" : "2021-10-20T09:44:03-04:00"
    },
    "edited_by" : "admin",
    "edited_by_principal_id" : "2a7c6669601b1ba4c958",
    "edited_by_principal_domain_id" : "default"
  },
  "_doc" : "1e62da97870204621bc8"
}