{
  "type" : "CREATE",
  "timestamp" : {
    "timestamp" : "24-Aug-2022 16:09:39",
    "year" : 2022,
    "month" : 7,
    "day_of_month" : 24,
    "hour" : 16,
    "minute" : 9,
    "second" : 39,
    "millisecond" : 561,
    "ms" : 1661357379561,
    "iso_8601" : "2022-08-24T16:09:39Z"
  },
  "userDomainId" : "default",
  "userId" : "fda4fc3b0ff3e7838fbe",
  "userTitle" : "admin",
  "userName" : "admin",
  "objectDatastoreTypeId" : "repository",
  "objectDatastoreId" : "be7d4afe10e21f420374",
  "objectDatastoreTitle" : "Sample Project 'content' repository",
  "objectId" : "b2d068630f9cb417366e",
  "objectTypeId" : "association",
  "objectTitle" : "b2d068630f9cb417366e",
  "stackId" : "0a7fc8e20274200ad031",
  "projectId" : "bf7b27842892908c8ade",
  "projectTitle" : "Sample Project",
  "_system" : {
    "created_on" : {
      "timestamp" : "24-Aug-2022 16:09:39",
      "year" : 2022,
      "month" : 7,
      "day_of_month" : 24,
      "hour" : 16,
      "minute" : 9,
      "second" : 39,
      "millisecond" : 566,
      "ms" : 1661357379566,
      "iso_8601" : "2022-08-24T16:09:39Z"
    },
    "created_by" : "admin",
    "created_by_principal_id" : "fda4fc3b0ff3e7838fbe",
    "created_by_principal_domain_id" : "default",
    "modified_on" : {
      "timestamp" : "24-Aug-2022 16:09:39",
      "year" : 2022,
      "month" : 7,
      "day_of_month" : 24,
      "hour" : 16,
      "minute" : 9,
      "second" : 39,
      "millisecond" : 566,
      "ms" : 1661357379566,
      "iso_8601" : "2022-08-24T16:09:39Z"
    },
    "modified_by" : "admin",
    "modified_by_principal_id" : "fda4fc3b0ff3e7838fbe",
    "modified_by_principal_domain_id" : "default",
    "edited_on" : {
      "timestamp" : "24-Aug-2022 16:09:39",
      "year" : 2022,
      "month" : 7,
      "day_of_month" : 24,
      "hour" : 16,
      "minute" : 9,
      "second" : 39,
      "millisecond" : 566,
      "ms" : 1661357379566,
      "iso_8601" : "2022-08-24T16:09:39Z"
    },
    "edited_by" : "admin",
    "edited_by_principal_id" : "fda4fc3b0ff3e7838fbe",
    "edited_by_principal_domain_id" : "default"
  },
  "_doc" : "e539269a7b98c44b39ec"
}