{
  "_doc" : "3:4d683ddfe3de05ebef81",
  "_system" : {
    "created_on" : {
      "timestamp" : "21-Jan-2021 16:22:15",
      "year" : 2021,
      "month" : 0,
      "day_of_month" : 21,
      "hour" : 16,
      "minute" : 22,
      "second" : 15,
      "millisecond" : 534,
      "ms" : 1611264135534,
      "iso_8601" : "2021-01-21T16:22:15-05:00"
    },
    "created_by" : "admin",
    "created_by_principal_id" : "8df8c30d1c2f95496937",
    "created_by_principal_domain_id" : "default",
    "modified_on" : {
      "timestamp" : "21-Jan-2021 16:22:15",
      "year" : 2021,
      "month" : 0,
      "day_of_month" : 21,
      "hour" : 16,
      "minute" : 22,
      "second" : 15,
      "millisecond" : 882,
      "ms" : 1611264135882,
      "iso_8601" : "2021-01-21T16:22:15-05:00"
    },
    "modified_by" : "admin",
    "modified_by_principal_id" : "8df8c30d1c2f95496937",
    "modified_by_principal_domain_id" : "default",
    "edited_on" : {
      "timestamp" : "21-Jan-2021 16:22:15",
      "year" : 2021,
      "month" : 0,
      "day_of_month" : 21,
      "hour" : 16,
      "minute" : 22,
      "second" : 15,
      "millisecond" : 882,
      "ms" : 1611264135882,
      "iso_8601" : "2021-01-21T16:22:15-05:00"
    },
    "edited_by" : "admin",
    "edited_by_principal_id" : "8df8c30d1c2f95496937",
    "edited_by_principal_domain_id" : "default"
  },
  "revision" : 3,
  "active" : true,
  "parents" : [ "2:1bbdc09b80131a215d8a" ],
  "branch" : "3d4e3a21a7c02c55017c"
}