{
  "_doc" : "17:cd6a2a8812c58654c94e",
  "_system" : {
    "created_on" : {
      "timestamp" : "15-Nov-2021 14:54:04",
      "year" : 2021,
      "month" : 10,
      "day_of_month" : 15,
      "hour" : 14,
      "minute" : 54,
      "second" : 4,
      "millisecond" : 298,
      "ms" : 1637006044298,
      "iso_8601" : "2021-11-15T14:54:04-05:00"
    },
    "created_by" : "admin",
    "created_by_principal_id" : "b9ed9753748864134424",
    "created_by_principal_domain_id" : "default",
    "modified_on" : {
      "timestamp" : "15-Nov-2021 14:54:04",
      "year" : 2021,
      "month" : 10,
      "day_of_month" : 15,
      "hour" : 14,
      "minute" : 54,
      "second" : 4,
      "millisecond" : 337,
      "ms" : 1637006044337,
      "iso_8601" : "2021-11-15T14:54:04-05:00"
    },
    "modified_by" : "admin",
    "modified_by_principal_id" : "b9ed9753748864134424",
    "modified_by_principal_domain_id" : "default",
    "edited_on" : {
      "timestamp" : "15-Nov-2021 14:54:04",
      "year" : 2021,
      "month" : 10,
      "day_of_month" : 15,
      "hour" : 14,
      "minute" : 54,
      "second" : 4,
      "millisecond" : 337,
      "ms" : 1637006044337,
      "iso_8601" : "2021-11-15T14:54:04-05:00"
    },
    "edited_by" : "admin",
    "edited_by_principal_id" : "b9ed9753748864134424",
    "edited_by_principal_domain_id" : "default"
  },
  "revision" : 17,
  "active" : true,
  "parents" : [ "16:e1ac27bb1ad802aa87c1" ],
  "branch" : "cdcfc25b8b052c9d2586"
}