{
  "_doc" : "3:237e491fdcf3d00ef25e",
  "_system" : {
    "created_on" : {
      "timestamp" : "26-Nov-2021 22:42:32",
      "year" : 2021,
      "month" : 10,
      "day_of_month" : 26,
      "hour" : 22,
      "minute" : 42,
      "second" : 32,
      "millisecond" : 540,
      "ms" : 1637984552540,
      "iso_8601" : "2021-11-26T22:42:32-05:00"
    },
    "created_by" : "admin",
    "created_by_principal_id" : "5bef34d1ea45b9e98ee7",
    "created_by_principal_domain_id" : "default",
    "modified_on" : {
      "timestamp" : "26-Nov-2021 22:42:32",
      "year" : 2021,
      "month" : 10,
      "day_of_month" : 26,
      "hour" : 22,
      "minute" : 42,
      "second" : 32,
      "millisecond" : 810,
      "ms" : 1637984552810,
      "iso_8601" : "2021-11-26T22:42:32-05:00"
    },
    "modified_by" : "admin",
    "modified_by_principal_id" : "5bef34d1ea45b9e98ee7",
    "modified_by_principal_domain_id" : "default",
    "edited_on" : {
      "timestamp" : "26-Nov-2021 22:42:32",
      "year" : 2021,
      "month" : 10,
      "day_of_month" : 26,
      "hour" : 22,
      "minute" : 42,
      "second" : 32,
      "millisecond" : 810,
      "ms" : 1637984552810,
      "iso_8601" : "2021-11-26T22:42:32-05:00"
    },
    "edited_by" : "admin",
    "edited_by_principal_id" : "5bef34d1ea45b9e98ee7",
    "edited_by_principal_domain_id" : "default"
  },
  "revision" : 3,
  "active" : true,
  "parents" : [ "2:f930feafb0cd1f39c335" ],
  "branch" : "9bc800c8fc0417d3210c"
}