{
  "_system" : {
    "deleted" : false,
    "changeset" : "28:ca877f9b5e75e35dc3ad",
    "created_on" : {
      "timestamp" : "07-Mar-2023 09:39:37",
      "year" : 2023,
      "month" : 2,
      "day_of_month" : 7,
      "hour" : 9,
      "minute" : 39,
      "second" : 37,
      "millisecond" : 541,
      "ms" : 1678199977541,
      "iso_8601" : "2023-03-07T09:39:37-05:00"
    },
    "created_by" : "admin",
    "created_by_principal_id" : "046cf0d415feaf45bcf2",
    "created_by_principal_domain_id" : "default",
    "modified_on" : {
      "timestamp" : "07-Mar-2023 09:39:37",
      "year" : 2023,
      "month" : 2,
      "day_of_month" : 7,
      "hour" : 9,
      "minute" : 39,
      "second" : 37,
      "millisecond" : 548,
      "ms" : 1678199977548,
      "iso_8601" : "2023-03-07T09:39:37-05:00"
    },
    "modified_by" : "admin",
    "modified_by_principal_id" : "046cf0d415feaf45bcf2",
    "modified_by_principal_domain_id" : "default",
    "edited_on" : {
      "timestamp" : "07-Mar-2023 09:39:37",
      "year" : 2023,
      "month" : 2,
      "day_of_month" : 7,
      "hour" : 9,
      "minute" : 39,
      "second" : 37,
      "millisecond" : 548,
      "ms" : 1678199977548,
      "iso_8601" : "2023-03-07T09:39:37-05:00"
    },
    "edited_by" : "admin",
    "edited_by_principal_id" : "046cf0d415feaf45bcf2",
    "rev" : 28,
    "branch" : "660838eae4eeba015a76",
    "_op" : "create",
    "edited_by_principal_domain_id" : "default"
  },
  "_doc" : "cc627c8a0508a680e1ed",
  "_qname" : "o:cc627c8a0508a680e1ed",
  "_type" : "a:has_tag",
  "directionality" : "DIRECTED",
  "_features" : {
    "f:audit" : { },
    "f:indexable" : { }
  },
  "source_type" : "store:book",
  "source" : "afdcbb72790e42f89f2a",
  "target_type" : "n:tag",
  "target" : "1f58be72f50493f32332"
}