{
  "type" : "UPDATE",
  "timestamp" : {
    "timestamp" : "24-Aug-2022 16:08:39",
    "year" : 2022,
    "month" : 7,
    "day_of_month" : 24,
    "hour" : 16,
    "minute" : 8,
    "second" : 39,
    "millisecond" : 543,
    "ms" : 1661357319543,
    "iso_8601" : "2022-08-24T16:08:39Z"
  },
  "userDomainId" : "default",
  "userId" : "fda4fc3b0ff3e7838fbe",
  "userTitle" : "admin",
  "userName" : "admin",
  "objectDatastoreTypeId" : "repository",
  "objectDatastoreId" : "be7d4afe10e21f420374",
  "objectDatastoreTitle" : "Sample Project 'content' repository",
  "objectId" : "7a5e5955f49c20a9b312",
  "objectTypeId" : "branch",
  "objectTitle" : "master",
  "stackId" : "0a7fc8e20274200ad031",
  "projectId" : "bf7b27842892908c8ade",
  "projectTitle" : "Sample Project",
  "_system" : {
    "created_on" : {
      "timestamp" : "24-Aug-2022 16:08:39",
      "year" : 2022,
      "month" : 7,
      "day_of_month" : 24,
      "hour" : 16,
      "minute" : 8,
      "second" : 39,
      "millisecond" : 545,
      "ms" : 1661357319545,
      "iso_8601" : "2022-08-24T16:08:39Z"
    },
    "created_by" : "admin",
    "created_by_principal_id" : "fda4fc3b0ff3e7838fbe",
    "created_by_principal_domain_id" : "default",
    "modified_on" : {
      "timestamp" : "24-Aug-2022 16:08:39",
      "year" : 2022,
      "month" : 7,
      "day_of_month" : 24,
      "hour" : 16,
      "minute" : 8,
      "second" : 39,
      "millisecond" : 545,
      "ms" : 1661357319545,
      "iso_8601" : "2022-08-24T16:08:39Z"
    },
    "modified_by" : "admin",
    "modified_by_principal_id" : "fda4fc3b0ff3e7838fbe",
    "modified_by_principal_domain_id" : "default",
    "edited_on" : {
      "timestamp" : "24-Aug-2022 16:08:39",
      "year" : 2022,
      "month" : 7,
      "day_of_month" : 24,
      "hour" : 16,
      "minute" : 8,
      "second" : 39,
      "millisecond" : 545,
      "ms" : 1661357319545,
      "iso_8601" : "2022-08-24T16:08:39Z"
    },
    "edited_by" : "admin",
    "edited_by_principal_id" : "fda4fc3b0ff3e7838fbe",
    "edited_by_principal_domain_id" : "default"
  },
  "_doc" : "37d44b9f05e3a0688e14"
}