{
  "_doc" : "16:5e0e9c634bf42a9b2ee5",
  "_system" : {
    "created_on" : {
      "timestamp" : "07-Mar-2023 09:39:22",
      "year" : 2023,
      "month" : 2,
      "day_of_month" : 7,
      "hour" : 9,
      "minute" : 39,
      "second" : 22,
      "millisecond" : 251,
      "ms" : 1678199962251,
      "iso_8601" : "2023-03-07T09:39:22-05:00"
    },
    "created_by" : "admin",
    "created_by_principal_id" : "046cf0d415feaf45bcf2",
    "created_by_principal_domain_id" : "default",
    "modified_on" : {
      "timestamp" : "07-Mar-2023 09:39:22",
      "year" : 2023,
      "month" : 2,
      "day_of_month" : 7,
      "hour" : 9,
      "minute" : 39,
      "second" : 22,
      "millisecond" : 261,
      "ms" : 1678199962261,
      "iso_8601" : "2023-03-07T09:39:22-05:00"
    },
    "modified_by" : "admin",
    "modified_by_principal_id" : "046cf0d415feaf45bcf2",
    "modified_by_principal_domain_id" : "default",
    "edited_on" : {
      "timestamp" : "07-Mar-2023 09:39:22",
      "year" : 2023,
      "month" : 2,
      "day_of_month" : 7,
      "hour" : 9,
      "minute" : 39,
      "second" : 22,
      "millisecond" : 261,
      "ms" : 1678199962261,
      "iso_8601" : "2023-03-07T09:39:22-05:00"
    },
    "edited_by" : "admin",
    "edited_by_principal_id" : "046cf0d415feaf45bcf2",
    "edited_by_principal_domain_id" : "default"
  },
  "revision" : 16,
  "active" : true,
  "parents" : [ "15:7c1d003426a188657440" ],
  "branch" : "660838eae4eeba015a76"
}