{
  "_features" : {
    "f:relator" : {
      "propertyHolder" : "source",
      "propertyPath" : "/recommendations[1]",
      "active" : true
    },
    "f:audit" : { },
    "f:indexable" : { }
  },
  "source" : "c55defdaed094b89b90d",
  "source_type" : "store:book",
  "target" : "be63ffb7cb604f9b8f5e",
  "target_type" : "store:book",
  "directionality" : "DIRECTED",
  "_system" : {
    "deleted" : false,
    "created_on" : {
      "timestamp" : "31-Aug-2022 15:26:18",
      "year" : 2022,
      "month" : 7,
      "day_of_month" : 31,
      "hour" : 15,
      "minute" : 26,
      "second" : 18,
      "millisecond" : 248,
      "ms" : 1661959578248,
      "iso_8601" : "2022-08-31T15:26:18Z"
    },
    "created_by" : "admin",
    "created_by_principal_id" : "2f873756d87a4ad1befc",
    "created_by_principal_domain_id" : "default",
    "modified_on" : {
      "timestamp" : "31-Aug-2022 15:26:19",
      "year" : 2022,
      "month" : 7,
      "day_of_month" : 31,
      "hour" : 15,
      "minute" : 26,
      "second" : 19,
      "millisecond" : 920,
      "ms" : 1661959579920,
      "iso_8601" : "2022-08-31T15:26:19Z"
    },
    "modified_by" : "admin",
    "modified_by_principal_id" : "2f873756d87a4ad1befc",
    "modified_by_principal_domain_id" : "default",
    "edited_on" : {
      "timestamp" : "31-Aug-2022 15:26:19",
      "year" : 2022,
      "month" : 7,
      "day_of_month" : 31,
      "hour" : 15,
      "minute" : 26,
      "second" : 19,
      "millisecond" : 920,
      "ms" : 1661959579920,
      "iso_8601" : "2022-08-31T15:26:19Z"
    },
    "edited_by" : "admin",
    "edited_by_principal_id" : "2f873756d87a4ad1befc",
    "rev" : 26,
    "branch" : "88810405bb84bac72aab",
    "_op" : "update",
    "previousChangeset" : "26:448530dd6c4ba1eb665e",
    "changeset" : "26:448530dd6c4ba1eb665e",
    "edited_by_principal_domain_id" : "default"
  },
  "_doc" : "697e3cea4af74ce3b34c",
  "_qname" : "o:697e3cea4af74ce3b34c",
  "_type" : "store:suggests"
}