{
  "principalDomainId" : "c2191ebbeceef79a7e54",
  "principalId" : "cc5cb75985cbb1c2da2e",
  "clientId" : "00e04682-11e3-4044-a939-2e3d8a8da75c",
  "key" : "ae1201b3-83c7-43ad-b878-f0473f9c1020",
  "secret" : "cXD2G95rrSU+i6L37de7PNG7+4ws+vnpQqqt9Wr9Wz9U2z4m8yOIGUguh710DdnSFZdv44SUXLoyp4Cc5frOHizMY/lOmoN7w88alv2Gb08=",
  "enabled" : true,
  "_system" : {
    "created_on" : {
      "timestamp" : "19-Nov-2021 22:41:04",
      "year" : 2021,
      "month" : 10,
      "day_of_month" : 19,
      "hour" : 22,
      "minute" : 41,
      "second" : 4,
      "millisecond" : 254,
      "ms" : 1637379664254,
      "iso_8601" : "2021-11-19T22:41:04-05:00"
    },
    "created_by" : "admin",
    "created_by_principal_id" : "e319a2cd626b671ba7f7",
    "created_by_principal_domain_id" : "default",
    "modified_on" : {
      "timestamp" : "19-Nov-2021 22:41:04",
      "year" : 2021,
      "month" : 10,
      "day_of_month" : 19,
      "hour" : 22,
      "minute" : 41,
      "second" : 4,
      "millisecond" : 261,
      "ms" : 1637379664261,
      "iso_8601" : "2021-11-19T22:41:04-05:00"
    },
    "modified_by" : "admin",
    "modified_by_principal_id" : "e319a2cd626b671ba7f7",
    "modified_by_principal_domain_id" : "default",
    "edited_on" : {
      "timestamp" : "19-Nov-2021 22:41:04",
      "year" : 2021,
      "month" : 10,
      "day_of_month" : 19,
      "hour" : 22,
      "minute" : 41,
      "second" : 4,
      "millisecond" : 261,
      "ms" : 1637379664261,
      "iso_8601" : "2021-11-19T22:41:04-05:00"
    },
    "edited_by" : "admin",
    "edited_by_principal_id" : "e319a2cd626b671ba7f7",
    "edited_by_principal_domain_id" : "default"
  },
  "_doc" : "ea40b79d6a0cce297a69",
  "applicationId" : "018c93aeeef7b0b9d2c2",
  "applicationDeploymentManaged" : true
}