{
  "_doc" : "10:0c0116ba33be697c93eb",
  "_system" : {
    "created_on" : {
      "timestamp" : "14-Feb-2019 15:32:47",
      "year" : 2019,
      "month" : 1,
      "day_of_month" : 14,
      "hour" : 15,
      "minute" : 32,
      "second" : 47,
      "millisecond" : 6,
      "ms" : 1550158367006,
      "iso_8601" : "2019-02-14T15:32:47Z"
    },
    "created_by" : "admin",
    "created_by_principal_id" : "5bab281f1cb2047f12ba",
    "created_by_principal_domain_id" : "default",
    "modified_on" : {
      "timestamp" : "14-Feb-2019 15:32:47",
      "year" : 2019,
      "month" : 1,
      "day_of_month" : 14,
      "hour" : 15,
      "minute" : 32,
      "second" : 47,
      "millisecond" : 157,
      "ms" : 1550158367157,
      "iso_8601" : "2019-02-14T15:32:47Z"
    },
    "modified_by" : "admin",
    "modified_by_principal_id" : "5bab281f1cb2047f12ba",
    "modified_by_principal_domain_id" : "default",
    "edited_on" : {
      "timestamp" : "14-Feb-2019 15:32:47",
      "year" : 2019,
      "month" : 1,
      "day_of_month" : 14,
      "hour" : 15,
      "minute" : 32,
      "second" : 47,
      "millisecond" : 157,
      "ms" : 1550158367157,
      "iso_8601" : "2019-02-14T15:32:47Z"
    },
    "edited_by" : "admin",
    "edited_by_principal_id" : "5bab281f1cb2047f12ba",
    "edited_by_principal_domain_id" : "default"
  },
  "revision" : 10,
  "active" : true,
  "parents" : [ "9:11970c9e61c04461d271" ],
  "branch" : "4a11b3490f5cf2a8a2b7"
}