{
  "_doc" : "34:e7ffa2810a4bf228956b",
  "_system" : {
    "created_on" : {
      "timestamp" : "26-Nov-2021 22:42:56",
      "year" : 2021,
      "month" : 10,
      "day_of_month" : 26,
      "hour" : 22,
      "minute" : 42,
      "second" : 56,
      "millisecond" : 375,
      "ms" : 1637984576375,
      "iso_8601" : "2021-11-26T22:42:56-05:00"
    },
    "created_by" : "admin",
    "created_by_principal_id" : "5bef34d1ea45b9e98ee7",
    "created_by_principal_domain_id" : "default",
    "modified_on" : {
      "timestamp" : "26-Nov-2021 22:42:56",
      "year" : 2021,
      "month" : 10,
      "day_of_month" : 26,
      "hour" : 22,
      "minute" : 42,
      "second" : 56,
      "millisecond" : 418,
      "ms" : 1637984576418,
      "iso_8601" : "2021-11-26T22:42:56-05:00"
    },
    "modified_by" : "admin",
    "modified_by_principal_id" : "5bef34d1ea45b9e98ee7",
    "modified_by_principal_domain_id" : "default",
    "edited_on" : {
      "timestamp" : "26-Nov-2021 22:42:56",
      "year" : 2021,
      "month" : 10,
      "day_of_month" : 26,
      "hour" : 22,
      "minute" : 42,
      "second" : 56,
      "millisecond" : 418,
      "ms" : 1637984576418,
      "iso_8601" : "2021-11-26T22:42:56-05:00"
    },
    "edited_by" : "admin",
    "edited_by_principal_id" : "5bef34d1ea45b9e98ee7",
    "edited_by_principal_domain_id" : "default"
  },
  "revision" : 34,
  "active" : true,
  "parents" : [ "33:ddbb75d31ede46c35830" ],
  "branch" : "9bc800c8fc0417d3210c"
}