{
  "_features" : {
    "f:relator" : {
      "propertyHolder" : "source",
      "propertyPath" : "/recommendations[0]",
      "active" : true
    },
    "f:audit" : { },
    "f:indexable" : { }
  },
  "source" : "b3f541fa30e5440698e0",
  "source_type" : "store:book",
  "target" : "1f573cc3eab148c99e83",
  "target_type" : "store:book",
  "directionality" : "DIRECTED",
  "_system" : {
    "deleted" : false,
    "changeset" : "10:cdb756ee01abaa305621",
    "created_on" : {
      "timestamp" : "21-Jan-2021 16:22:30",
      "year" : 2021,
      "month" : 0,
      "day_of_month" : 21,
      "hour" : 16,
      "minute" : 22,
      "second" : 30,
      "millisecond" : 191,
      "ms" : 1611264150191,
      "iso_8601" : "2021-01-21T16:22:30-05:00"
    },
    "created_by" : "system",
    "created_by_principal_id" : "system",
    "created_by_principal_domain_id" : null,
    "modified_on" : {
      "timestamp" : "21-Jan-2021 16:22:30",
      "year" : 2021,
      "month" : 0,
      "day_of_month" : 21,
      "hour" : 16,
      "minute" : 22,
      "second" : 30,
      "millisecond" : 701,
      "ms" : 1611264150701,
      "iso_8601" : "2021-01-21T16:22:30-05:00"
    },
    "modified_by" : "system",
    "modified_by_principal_id" : "system",
    "modified_by_principal_domain_id" : null,
    "edited_on" : {
      "timestamp" : "21-Jan-2021 16:22:30",
      "year" : 2021,
      "month" : 0,
      "day_of_month" : 21,
      "hour" : 16,
      "minute" : 22,
      "second" : 30,
      "millisecond" : 191,
      "ms" : 1611264150191,
      "iso_8601" : "2021-01-21T16:22:30-05:00"
    },
    "edited_by" : "system",
    "edited_by_principal_id" : "system",
    "edited_by_principal_domain_id" : null,
    "rev" : 10,
    "branch" : "3d4e3a21a7c02c55017c",
    "_op" : "create"
  },
  "_doc" : "56c1803aba072676e92b",
  "_qname" : "o:56c1803aba072676e92b",
  "_type" : "store:suggests"
}