{
  "tag" : "hamlet",
  "title" : "hamlet",
  "_system" : {
    "deleted" : false,
    "changeset" : "41:82ccf68ebc0eda0c80c6",
    "created_on" : {
      "timestamp" : "05-Aug-2021 15:37:17",
      "year" : 2021,
      "month" : 7,
      "day_of_month" : 5,
      "hour" : 15,
      "minute" : 37,
      "second" : 17,
      "millisecond" : 479,
      "ms" : 1628177837479,
      "iso_8601" : "2021-08-05T15:37:17Z"
    },
    "created_by" : "system",
    "created_by_principal_id" : "system",
    "modified_on" : {
      "timestamp" : "05-Aug-2021 15:37:17",
      "year" : 2021,
      "month" : 7,
      "day_of_month" : 5,
      "hour" : 15,
      "minute" : 37,
      "second" : 17,
      "millisecond" : 557,
      "ms" : 1628177837557,
      "iso_8601" : "2021-08-05T15:37:17Z"
    },
    "modified_by" : "system",
    "modified_by_principal_id" : "system",
    "edited_on" : {
      "timestamp" : "05-Aug-2021 15:37:17",
      "year" : 2021,
      "month" : 7,
      "day_of_month" : 5,
      "hour" : 15,
      "minute" : 37,
      "second" : 17,
      "millisecond" : 479,
      "ms" : 1628177837479,
      "iso_8601" : "2021-08-05T15:37:17Z"
    },
    "edited_by" : "system",
    "edited_by_principal_id" : "system",
    "rev" : 41,
    "branch" : "23fafbfbb544c803da8d",
    "_op" : "create"
  },
  "_doc" : "d7151cf95d4b6f54ca88",
  "_qname" : "o:d7151cf95d4b6f54ca88",
  "_type" : "n:tag",
  "_features" : {
    "f:audit" : { },
    "f:titled" : { },
    "f:filename" : {
      "filename" : "hamlet"
    },
    "f:geolocation" : { },
    "f:indexable" : { }
  }
}