{
  "title" : "Publish",
  "handlers" : {
    "START" : [ {
      "type" : "editorial.start"
    } ]
  },
  "nodes" : {
    "start" : {
      "type" : "start",
      "transitions" : {
        "start" : "publish"
      }
    },
    "publish" : {
      "type" : "external",
      "title" : "Publish",
      "transitions" : {
        "next" : "published"
      },
      "handlers" : {
        "ENTER" : [ {
          "type" : "publishing.publish"
        } ]
      }
    },
    "published" : {
      "type" : "passthru",
      "title" : "Published",
      "transitions" : {
        "next" : "end"
      }
    },
    "end" : {
      "type" : "end",
      "handlers" : {
        "ENTER" : [ {
          "type" : "editorial.end"
        } ]
      }
    }
  },
  "id" : "publish",
  "version" : 1,
  "_system" : {
    "created_on" : {
      "timestamp" : "21-Jan-2021 16:16:48",
      "year" : 2021,
      "month" : 0,
      "day_of_month" : 21,
      "hour" : 16,
      "minute" : 16,
      "second" : 48,
      "millisecond" : 903,
      "ms" : 1611263808903,
      "iso_8601" : "2021-01-21T16:16:48-05:00"
    },
    "created_by" : "system",
    "created_by_principal_id" : "system",
    "created_by_principal_domain_id" : null,
    "modified_on" : {
      "timestamp" : "21-Jan-2021 16:16:48",
      "year" : 2021,
      "month" : 0,
      "day_of_month" : 21,
      "hour" : 16,
      "minute" : 16,
      "second" : 48,
      "millisecond" : 910,
      "ms" : 1611263808910,
      "iso_8601" : "2021-01-21T16:16:48-05:00"
    },
    "modified_by" : "system",
    "modified_by_principal_id" : "system",
    "modified_by_principal_domain_id" : null,
    "edited_on" : {
      "timestamp" : "21-Jan-2021 16:16:48",
      "year" : 2021,
      "month" : 0,
      "day_of_month" : 21,
      "hour" : 16,
      "minute" : 16,
      "second" : 48,
      "millisecond" : 903,
      "ms" : 1611263808903,
      "iso_8601" : "2021-01-21T16:16:48-05:00"
    },
    "edited_by" : "system",
    "edited_by_principal_id" : "system",
    "edited_by_principal_domain_id" : null
  },
  "_doc" : "c9f4490a7b7a793e77dd",
  "deployed" : true,
  "head" : true
}