{
  "_doc" : "92:b51640d0ee2a6a025dc9",
  "_system" : {
    "created_on" : {
      "timestamp" : "14-Feb-2019 15:33:17",
      "year" : 2019,
      "month" : 1,
      "day_of_month" : 14,
      "hour" : 15,
      "minute" : 33,
      "second" : 17,
      "millisecond" : 229,
      "ms" : 1550158397229,
      "iso_8601" : "2019-02-14T15:33:17Z"
    },
    "created_by" : "admin",
    "created_by_principal_id" : "5bab281f1cb2047f12ba",
    "created_by_principal_domain_id" : "default",
    "modified_on" : {
      "timestamp" : "14-Feb-2019 15:33:17",
      "year" : 2019,
      "month" : 1,
      "day_of_month" : 14,
      "hour" : 15,
      "minute" : 33,
      "second" : 17,
      "millisecond" : 341,
      "ms" : 1550158397341,
      "iso_8601" : "2019-02-14T15:33:17Z"
    },
    "modified_by" : "admin",
    "modified_by_principal_id" : "5bab281f1cb2047f12ba",
    "modified_by_principal_domain_id" : "default",
    "edited_on" : {
      "timestamp" : "14-Feb-2019 15:33:17",
      "year" : 2019,
      "month" : 1,
      "day_of_month" : 14,
      "hour" : 15,
      "minute" : 33,
      "second" : 17,
      "millisecond" : 341,
      "ms" : 1550158397341,
      "iso_8601" : "2019-02-14T15:33:17Z"
    },
    "edited_by" : "admin",
    "edited_by_principal_id" : "5bab281f1cb2047f12ba",
    "edited_by_principal_domain_id" : "default"
  },
  "revision" : 92,
  "active" : true,
  "parents" : [ "91:a7fddc43beeb375ad84c" ],
  "branch" : "4a11b3490f5cf2a8a2b7"
}