{
  "_doc" : "105:66c0d9679b8accc9ff17",
  "_system" : {
    "created_on" : {
      "timestamp" : "14-Feb-2019 15:33:21",
      "year" : 2019,
      "month" : 1,
      "day_of_month" : 14,
      "hour" : 15,
      "minute" : 33,
      "second" : 21,
      "millisecond" : 407,
      "ms" : 1550158401407,
      "iso_8601" : "2019-02-14T15:33:21Z"
    },
    "created_by" : "system",
    "created_by_principal_id" : "system",
    "created_by_principal_domain_id" : null,
    "modified_on" : {
      "timestamp" : "14-Feb-2019 15:33:21",
      "year" : 2019,
      "month" : 1,
      "day_of_month" : 14,
      "hour" : 15,
      "minute" : 33,
      "second" : 21,
      "millisecond" : 526,
      "ms" : 1550158401526,
      "iso_8601" : "2019-02-14T15:33:21Z"
    },
    "modified_by" : "system",
    "modified_by_principal_id" : "system",
    "modified_by_principal_domain_id" : null,
    "edited_on" : {
      "timestamp" : "14-Feb-2019 15:33:21",
      "year" : 2019,
      "month" : 1,
      "day_of_month" : 14,
      "hour" : 15,
      "minute" : 33,
      "second" : 21,
      "millisecond" : 407,
      "ms" : 1550158401407,
      "iso_8601" : "2019-02-14T15:33:21Z"
    },
    "edited_by" : "system",
    "edited_by_principal_id" : "system",
    "edited_by_principal_domain_id" : null
  },
  "revision" : 105,
  "active" : true,
  "parents" : [ "104:d3b56f1583ea26e14efe" ],
  "branch" : "4a11b3490f5cf2a8a2b7"
}