{
  "_system" : {
    "deleted" : false,
    "changeset" : "0:root",
    "modified_on" : {
      "timestamp" : "19-Apr-2019 20:08:35",
      "year" : 2019,
      "month" : 3,
      "day_of_month" : 19,
      "hour" : 20,
      "minute" : 8,
      "second" : 35,
      "millisecond" : 701,
      "ms" : 1555704515701,
      "iso_8601" : "2019-04-19T20:08:35Z"
    },
    "modified_by" : "admin",
    "modified_by_principal_id" : "74004ce2e8561e763ac4",
    "modified_by_principal_domain_id" : "default",
    "edited_on" : {
      "timestamp" : "19-Apr-2019 20:08:35",
      "year" : 2019,
      "month" : 3,
      "day_of_month" : 19,
      "hour" : 20,
      "minute" : 8,
      "second" : 35,
      "millisecond" : 701,
      "ms" : 1555704515701,
      "iso_8601" : "2019-04-19T20:08:35Z"
    },
    "edited_by" : "admin",
    "edited_by_principal_id" : "74004ce2e8561e763ac4",
    "edited_by_principal_domain_id" : "default",
    "created_on" : {
      "timestamp" : "19-Apr-2019 20:08:35",
      "year" : 2019,
      "month" : 3,
      "day_of_month" : 19,
      "hour" : 20,
      "minute" : 8,
      "second" : 35,
      "millisecond" : 701,
      "ms" : 1555704515701,
      "iso_8601" : "2019-04-19T20:08:35Z"
    },
    "created_by" : "admin",
    "created_by_principal_id" : "74004ce2e8561e763ac4",
    "created_by_principal_domain_id" : "default"
  },
  "_qname" : "o:605022802472bc7ce287",
  "_type" : "n:node",
  "_features" : {
    "f:audit" : { },
    "f:titled" : { },
    "f:filename" : {
      "filename" : "Cities"
    },
    "f:geolocation" : { },
    "f:indexable" : { },
    "f:container" : { }
  },
  "title" : "Cities",
  "_doc" : "605022802472bc7ce287"
}