{
  "ownerRegistrarId" : "fcab90a9e95355c5d64f",
  "ownerTenantId" : "1363f1fade8982d970c2",
  "antivirusEnabled" : false,
  "sessionTimeout" : 3600000,
  "authenticationMaxAttempts" : 3,
  "authenticationResetTimeout" : 900000,
  "datastoreId" : "3736c920729d6b4060f8",
  "datastoreTypeId" : "platform",
  "enableAuditing" : false,
  "enableAuthorities" : true,
  "dataSize" : 0,
  "storageSize" : 0,
  "fsSize" : 0,
  "objectcount" : 0,
  "_system" : {
    "created_on" : {
      "timestamp" : "23-Nov-2021 13:38:25",
      "year" : 2021,
      "month" : 10,
      "day_of_month" : 23,
      "hour" : 13,
      "minute" : 38,
      "second" : 25,
      "millisecond" : 298,
      "ms" : 1637692705298,
      "iso_8601" : "2021-11-23T13:38:25-05:00"
    },
    "created_by" : "system",
    "created_by_principal_id" : "system",
    "modified_on" : {
      "timestamp" : "23-Nov-2021 13:38:29",
      "year" : 2021,
      "month" : 10,
      "day_of_month" : 23,
      "hour" : 13,
      "minute" : 38,
      "second" : 29,
      "millisecond" : 935,
      "ms" : 1637692709935,
      "iso_8601" : "2021-11-23T13:38:29-05:00"
    },
    "modified_by" : "system",
    "modified_by_principal_id" : "system",
    "edited_on" : {
      "timestamp" : "23-Nov-2021 13:38:25",
      "year" : 2021,
      "month" : 10,
      "day_of_month" : 23,
      "hour" : 13,
      "minute" : 38,
      "second" : 25,
      "millisecond" : 298,
      "ms" : 1637692705298,
      "iso_8601" : "2021-11-23T13:38:25-05:00"
    },
    "edited_by" : "system",
    "edited_by_principal_id" : "system",
    "patch_version" : "1.0.0-SNAPSHOT"
  },
  "_doc" : "eb07703d7f351d46abfe",
  "statisticsDate" : {
    "timestamp" : "31-Dec-1969 19:00:00",
    "year" : 1969,
    "month" : 11,
    "day_of_month" : 31,
    "hour" : 19,
    "minute" : 0,
    "second" : 0,
    "millisecond" : 1,
    "ms" : 1,
    "iso_8601" : "1969-12-31T19:00:00-05:00"
  },
  "flags" : { },
  "statisticsDirty" : true
}