{
  "_doc" : "25:7cb4ef67a1dd31ef4bef",
  "_system" : {
    "created_on" : {
      "timestamp" : "14-Feb-2019 15:32:54",
      "year" : 2019,
      "month" : 1,
      "day_of_month" : 14,
      "hour" : 15,
      "minute" : 32,
      "second" : 54,
      "millisecond" : 737,
      "ms" : 1550158374737,
      "iso_8601" : "2019-02-14T15:32:54Z"
    },
    "created_by" : "admin",
    "created_by_principal_id" : "5bab281f1cb2047f12ba",
    "created_by_principal_domain_id" : "default",
    "modified_on" : {
      "timestamp" : "14-Feb-2019 15:32:55",
      "year" : 2019,
      "month" : 1,
      "day_of_month" : 14,
      "hour" : 15,
      "minute" : 32,
      "second" : 55,
      "millisecond" : 645,
      "ms" : 1550158375645,
      "iso_8601" : "2019-02-14T15:32:55Z"
    },
    "modified_by" : "admin",
    "modified_by_principal_id" : "5bab281f1cb2047f12ba",
    "modified_by_principal_domain_id" : "default",
    "edited_on" : {
      "timestamp" : "14-Feb-2019 15:32:55",
      "year" : 2019,
      "month" : 1,
      "day_of_month" : 14,
      "hour" : 15,
      "minute" : 32,
      "second" : 55,
      "millisecond" : 645,
      "ms" : 1550158375645,
      "iso_8601" : "2019-02-14T15:32:55Z"
    },
    "edited_by" : "admin",
    "edited_by_principal_id" : "5bab281f1cb2047f12ba",
    "edited_by_principal_domain_id" : "default"
  },
  "revision" : 25,
  "active" : true,
  "parents" : [ "24:fcb4d6be4879e07c6ee6" ],
  "branch" : "4a11b3490f5cf2a8a2b7"
}