{
  "_system" : {
    "deleted" : false,
    "changeset" : "5:f0210a2b88ae40e2e985",
    "created_on" : {
      "timestamp" : "31-Aug-2022 15:26:02",
      "year" : 2022,
      "month" : 7,
      "day_of_month" : 31,
      "hour" : 15,
      "minute" : 26,
      "second" : 2,
      "millisecond" : 96,
      "ms" : 1661959562096,
      "iso_8601" : "2022-08-31T15:26:02Z"
    },
    "created_by" : "admin",
    "created_by_principal_id" : "2f873756d87a4ad1befc",
    "created_by_principal_domain_id" : "default",
    "modified_on" : {
      "timestamp" : "31-Aug-2022 15:26:02",
      "year" : 2022,
      "month" : 7,
      "day_of_month" : 31,
      "hour" : 15,
      "minute" : 26,
      "second" : 2,
      "millisecond" : 114,
      "ms" : 1661959562114,
      "iso_8601" : "2022-08-31T15:26:02Z"
    },
    "modified_by" : "admin",
    "modified_by_principal_id" : "2f873756d87a4ad1befc",
    "modified_by_principal_domain_id" : "default",
    "edited_on" : {
      "timestamp" : "31-Aug-2022 15:26:02",
      "year" : 2022,
      "month" : 7,
      "day_of_month" : 31,
      "hour" : 15,
      "minute" : 26,
      "second" : 2,
      "millisecond" : 114,
      "ms" : 1661959562114,
      "iso_8601" : "2022-08-31T15:26:02Z"
    },
    "edited_by" : "admin",
    "edited_by_principal_id" : "2f873756d87a4ad1befc",
    "rev" : 5,
    "branch" : "88810405bb84bac72aab",
    "_op" : "create",
    "edited_by_principal_domain_id" : "default"
  },
  "_doc" : "0bb6ebfe6ac31b336624",
  "_qname" : "o:0bb6ebfe6ac31b336624",
  "_type" : "n:node",
  "_features" : {
    "f:audit" : { },
    "f:titled" : { },
    "f:filename" : {
      "filename" : "Email"
    },
    "f:geolocation" : { },
    "f:indexable" : { },
    "f:container" : { }
  },
  "title" : "Email"
}