{
  "tag" : "romance",
  "title" : "romance",
  "_system" : {
    "deleted" : false,
    "changeset" : "23:922faadc3d87c4e94f19",
    "created_on" : {
      "timestamp" : "05-Aug-2021 15:37:14",
      "year" : 2021,
      "month" : 7,
      "day_of_month" : 5,
      "hour" : 15,
      "minute" : 37,
      "second" : 14,
      "millisecond" : 158,
      "ms" : 1628177834158,
      "iso_8601" : "2021-08-05T15:37:14Z"
    },
    "created_by" : "system",
    "created_by_principal_id" : "system",
    "modified_on" : {
      "timestamp" : "05-Aug-2021 15:37:14",
      "year" : 2021,
      "month" : 7,
      "day_of_month" : 5,
      "hour" : 15,
      "minute" : 37,
      "second" : 14,
      "millisecond" : 273,
      "ms" : 1628177834273,
      "iso_8601" : "2021-08-05T15:37:14Z"
    },
    "modified_by" : "system",
    "modified_by_principal_id" : "system",
    "edited_on" : {
      "timestamp" : "05-Aug-2021 15:37:14",
      "year" : 2021,
      "month" : 7,
      "day_of_month" : 5,
      "hour" : 15,
      "minute" : 37,
      "second" : 14,
      "millisecond" : 158,
      "ms" : 1628177834158,
      "iso_8601" : "2021-08-05T15:37:14Z"
    },
    "edited_by" : "system",
    "edited_by_principal_id" : "system",
    "rev" : 23,
    "branch" : "23fafbfbb544c803da8d",
    "_op" : "create"
  },
  "_doc" : "76e1fa7155426813151d",
  "_qname" : "o:76e1fa7155426813151d",
  "_type" : "n:tag",
  "_features" : {
    "f:audit" : { },
    "f:titled" : { },
    "f:filename" : {
      "filename" : "romance"
    },
    "f:geolocation" : { },
    "f:indexable" : { }
  }
}