{
  "_system" : {
    "deleted" : false,
    "changeset" : "37:c78370035424a9f12c52",
    "created_on" : {
      "timestamp" : "14-Feb-2019 15:33:02",
      "year" : 2019,
      "month" : 1,
      "day_of_month" : 14,
      "hour" : 15,
      "minute" : 33,
      "second" : 2,
      "millisecond" : 107,
      "ms" : 1550158382107,
      "iso_8601" : "2019-02-14T15:33:02Z"
    },
    "created_by" : "admin",
    "created_by_principal_id" : "5bab281f1cb2047f12ba",
    "created_by_principal_domain_id" : "default",
    "modified_on" : {
      "timestamp" : "14-Feb-2019 15:33:02",
      "year" : 2019,
      "month" : 1,
      "day_of_month" : 14,
      "hour" : 15,
      "minute" : 33,
      "second" : 2,
      "millisecond" : 154,
      "ms" : 1550158382154,
      "iso_8601" : "2019-02-14T15:33:02Z"
    },
    "modified_by" : "admin",
    "modified_by_principal_id" : "5bab281f1cb2047f12ba",
    "modified_by_principal_domain_id" : "default",
    "edited_on" : {
      "timestamp" : "14-Feb-2019 15:33:02",
      "year" : 2019,
      "month" : 1,
      "day_of_month" : 14,
      "hour" : 15,
      "minute" : 33,
      "second" : 2,
      "millisecond" : 154,
      "ms" : 1550158382154,
      "iso_8601" : "2019-02-14T15:33:02Z"
    },
    "edited_by" : "admin",
    "edited_by_principal_id" : "5bab281f1cb2047f12ba",
    "edited_by_principal_domain_id" : "default"
  },
  "_doc" : "6cb1508e6bf358436712",
  "_qname" : "o:6cb1508e6bf358436712",
  "_type" : "a:child",
  "directionality" : "DIRECTED",
  "_features" : {
    "f:audit" : { },
    "f:indexable" : { },
    "f:propagates-authorities" : {
      "enabled" : true
    },
    "f:non-cyclic" : { },
    "f:knowledge-sharing" : {
      "enabled" : true
    }
  },
  "source_type" : "n:node",
  "source" : "f71c04d94119bf7d0c95",
  "target_type" : "catalog:product",
  "target" : "1c4cc5cc26772fa8ba92"
}