{
  "tag" : "pride",
  "title" : "pride",
  "_system" : {
    "deleted" : false,
    "changeset" : "9:faca6153b5bcb859c835",
    "created_on" : {
      "timestamp" : "20-Oct-2021 09:34:13",
      "year" : 2021,
      "month" : 9,
      "day_of_month" : 20,
      "hour" : 9,
      "minute" : 34,
      "second" : 13,
      "millisecond" : 4,
      "ms" : 1634736853004,
      "iso_8601" : "2021-10-20T09:34:13-04:00"
    },
    "created_by" : "admin",
    "created_by_principal_id" : "2a7c6669601b1ba4c958",
    "created_by_principal_domain_id" : "default",
    "modified_on" : {
      "timestamp" : "20-Oct-2021 09:34:13",
      "year" : 2021,
      "month" : 9,
      "day_of_month" : 20,
      "hour" : 9,
      "minute" : 34,
      "second" : 13,
      "millisecond" : 18,
      "ms" : 1634736853018,
      "iso_8601" : "2021-10-20T09:34:13-04:00"
    },
    "modified_by" : "admin",
    "modified_by_principal_id" : "2a7c6669601b1ba4c958",
    "modified_by_principal_domain_id" : "default",
    "edited_on" : {
      "timestamp" : "20-Oct-2021 09:34:13",
      "year" : 2021,
      "month" : 9,
      "day_of_month" : 20,
      "hour" : 9,
      "minute" : 34,
      "second" : 13,
      "millisecond" : 18,
      "ms" : 1634736853018,
      "iso_8601" : "2021-10-20T09:34:13-04:00"
    },
    "edited_by" : "admin",
    "edited_by_principal_id" : "2a7c6669601b1ba4c958",
    "edited_by_principal_domain_id" : "default",
    "rev" : 9,
    "branch" : "1ad06a3e9160fdc88c85",
    "_op" : "create"
  },
  "_doc" : "0e329214a65b707374f8",
  "_qname" : "o:0e329214a65b707374f8",
  "_type" : "n:tag",
  "_features" : {
    "f:audit" : { },
    "f:titled" : { },
    "f:filename" : {
      "filename" : "pride"
    },
    "f:geolocation" : { },
    "f:indexable" : { }
  }
}