{
  "_system" : {
    "deleted" : false,
    "changeset" : "4:6239d94f357721bf0261",
    "created_on" : {
      "timestamp" : "20-Oct-2021 14:37:19",
      "year" : 2021,
      "month" : 9,
      "day_of_month" : 20,
      "hour" : 14,
      "minute" : 37,
      "second" : 19,
      "millisecond" : 753,
      "ms" : 1634755039753,
      "iso_8601" : "2021-10-20T14:37:19-04:00"
    },
    "created_by" : "admin",
    "created_by_principal_id" : "b4d6c22caee99692904d",
    "created_by_principal_domain_id" : "default",
    "modified_on" : {
      "timestamp" : "20-Oct-2021 14:37:19",
      "year" : 2021,
      "month" : 9,
      "day_of_month" : 20,
      "hour" : 14,
      "minute" : 37,
      "second" : 19,
      "millisecond" : 914,
      "ms" : 1634755039914,
      "iso_8601" : "2021-10-20T14:37:19-04:00"
    },
    "modified_by" : "admin",
    "modified_by_principal_id" : "b4d6c22caee99692904d",
    "modified_by_principal_domain_id" : "default",
    "edited_on" : {
      "timestamp" : "20-Oct-2021 14:37:19",
      "year" : 2021,
      "month" : 9,
      "day_of_month" : 20,
      "hour" : 14,
      "minute" : 37,
      "second" : 19,
      "millisecond" : 914,
      "ms" : 1634755039914,
      "iso_8601" : "2021-10-20T14:37:19-04:00"
    },
    "edited_by" : "admin",
    "edited_by_principal_id" : "b4d6c22caee99692904d",
    "edited_by_principal_domain_id" : "default",
    "rev" : 4,
    "branch" : "4375d1eb9094255abf40",
    "_op" : "create",
    "attachments" : {
      "default" : {
        "contentType" : "image/png",
        "length" : 6080,
        "objectId" : "attachment_3cd75884a395cf784257_83e1f7d4c26241ba7be4",
        "filename" : "default"
      }
    }
  },
  "_doc" : "3cd75884a395cf784257",
  "_qname" : "o:3cd75884a395cf784257",
  "_type" : "n:node",
  "_features" : {
    "f:audit" : { },
    "f:titled" : { },
    "f:filename" : {
      "filename" : "logo.png"
    },
    "f:geolocation" : { },
    "f:indexable" : { }
  },
  "title" : "logo.png"
}