{
  "_features" : {
    "f:relator" : {
      "propertyHolder" : "source",
      "propertyPath" : "/recommendations[1]",
      "active" : true
    },
    "f:audit" : { },
    "f:indexable" : { }
  },
  "source" : "c3617a1779a34f86b78c",
  "source_type" : "store:book",
  "target" : "4699b610cad042d18520",
  "target_type" : "store:book",
  "directionality" : "DIRECTED",
  "_system" : {
    "deleted" : false,
    "changeset" : "34:f28a657d18d9b87dab69",
    "created_on" : {
      "timestamp" : "20-Oct-2021 00:03:40",
      "year" : 2021,
      "month" : 9,
      "day_of_month" : 20,
      "hour" : 0,
      "minute" : 3,
      "second" : 40,
      "millisecond" : 819,
      "ms" : 1634702620819,
      "iso_8601" : "2021-10-20T00:03:40-04:00"
    },
    "created_by" : "admin",
    "created_by_principal_id" : "2a7c6669601b1ba4c958",
    "created_by_principal_domain_id" : "default",
    "modified_on" : {
      "timestamp" : "20-Oct-2021 00:03:40",
      "year" : 2021,
      "month" : 9,
      "day_of_month" : 20,
      "hour" : 0,
      "minute" : 3,
      "second" : 40,
      "millisecond" : 907,
      "ms" : 1634702620907,
      "iso_8601" : "2021-10-20T00:03:40-04:00"
    },
    "modified_by" : "admin",
    "modified_by_principal_id" : "2a7c6669601b1ba4c958",
    "modified_by_principal_domain_id" : "default",
    "edited_on" : {
      "timestamp" : "20-Oct-2021 00:03:40",
      "year" : 2021,
      "month" : 9,
      "day_of_month" : 20,
      "hour" : 0,
      "minute" : 3,
      "second" : 40,
      "millisecond" : 907,
      "ms" : 1634702620907,
      "iso_8601" : "2021-10-20T00:03:40-04:00"
    },
    "edited_by" : "admin",
    "edited_by_principal_id" : "2a7c6669601b1ba4c958",
    "edited_by_principal_domain_id" : "default",
    "rev" : 34,
    "branch" : "a73f26b4127e018473e1",
    "_op" : "create"
  },
  "_doc" : "808888cca334ac6f7e96",
  "_qname" : "o:808888cca334ac6f7e96",
  "_type" : "store:suggests"
}