{
  "_type" : "wcm:page",
  "_qname" : "catalog:page-product",
  "title" : "Catalog - Product",
  "uris" : [ "/catalog/product.html" ],
  "template" : "/templates/product.html",
  "_doc" : "ece7e37dc0c7c4d7406a",
  "_system" : {
    "deleted" : false,
    "changeset" : "17:07f8f108e58f0b00894a",
    "created_on" : {
      "timestamp" : "14-Feb-2019 15:32:49",
      "year" : 2019,
      "month" : 1,
      "day_of_month" : 14,
      "hour" : 15,
      "minute" : 32,
      "second" : 49,
      "millisecond" : 339,
      "ms" : 1550158369339,
      "iso_8601" : "2019-02-14T15:32:49Z"
    },
    "created_by" : "admin",
    "created_by_principal_id" : "5bab281f1cb2047f12ba",
    "created_by_principal_domain_id" : "default",
    "modified_on" : {
      "timestamp" : "14-Feb-2019 15:32:49",
      "year" : 2019,
      "month" : 1,
      "day_of_month" : 14,
      "hour" : 15,
      "minute" : 32,
      "second" : 49,
      "millisecond" : 389,
      "ms" : 1550158369389,
      "iso_8601" : "2019-02-14T15:32:49Z"
    },
    "modified_by" : "admin",
    "modified_by_principal_id" : "5bab281f1cb2047f12ba",
    "modified_by_principal_domain_id" : "default",
    "edited_on" : {
      "timestamp" : "14-Feb-2019 15:32:49",
      "year" : 2019,
      "month" : 1,
      "day_of_month" : 14,
      "hour" : 15,
      "minute" : 32,
      "second" : 49,
      "millisecond" : 389,
      "ms" : 1550158369389,
      "iso_8601" : "2019-02-14T15:32:49Z"
    },
    "edited_by" : "admin",
    "edited_by_principal_id" : "5bab281f1cb2047f12ba",
    "edited_by_principal_domain_id" : "default"
  },
  "_features" : {
    "f:audit" : { },
    "f:titled" : { },
    "f:filename" : {
      "filename" : "Catalog_-_Product"
    },
    "f:geolocation" : { },
    "f:indexable" : { }
  }
}