{
  "_system" : {
    "deleted" : false,
    "changeset" : "5:20a02f8e0aaae7bd6618",
    "created_on" : {
      "timestamp" : "21-Jan-2021 16:22:16",
      "year" : 2021,
      "month" : 0,
      "day_of_month" : 21,
      "hour" : 16,
      "minute" : 22,
      "second" : 16,
      "millisecond" : 917,
      "ms" : 1611264136917,
      "iso_8601" : "2021-01-21T16:22:16-05:00"
    },
    "created_by" : "admin",
    "created_by_principal_id" : "8df8c30d1c2f95496937",
    "created_by_principal_domain_id" : "default",
    "modified_on" : {
      "timestamp" : "21-Jan-2021 16:22:16",
      "year" : 2021,
      "month" : 0,
      "day_of_month" : 21,
      "hour" : 16,
      "minute" : 22,
      "second" : 16,
      "millisecond" : 927,
      "ms" : 1611264136927,
      "iso_8601" : "2021-01-21T16:22:16-05:00"
    },
    "modified_by" : "admin",
    "modified_by_principal_id" : "8df8c30d1c2f95496937",
    "modified_by_principal_domain_id" : "default",
    "edited_on" : {
      "timestamp" : "21-Jan-2021 16:22:16",
      "year" : 2021,
      "month" : 0,
      "day_of_month" : 21,
      "hour" : 16,
      "minute" : 22,
      "second" : 16,
      "millisecond" : 927,
      "ms" : 1611264136927,
      "iso_8601" : "2021-01-21T16:22:16-05:00"
    },
    "edited_by" : "admin",
    "edited_by_principal_id" : "8df8c30d1c2f95496937",
    "edited_by_principal_domain_id" : "default",
    "rev" : 5,
    "branch" : "3d4e3a21a7c02c55017c",
    "_op" : "create"
  },
  "_doc" : "8773a5cc27529e64f35b",
  "_qname" : "o:8773a5cc27529e64f35b",
  "_type" : "n:node",
  "_features" : {
    "f:audit" : { },
    "f:titled" : { },
    "f:filename" : {
      "filename" : "Templates"
    },
    "f:geolocation" : { },
    "f:indexable" : { },
    "f:container" : { }
  },
  "title" : "Templates"
}