{
  "stackId" : "6931bd635578ad329684",
  "key" : "principals",
  "datastoreTypeId" : "domain",
  "datastoreId" : "8fb7a14d6bbd49c5b7d7",
  "_system" : {
    "created_on" : {
      "timestamp" : "30-Nov-2018 13:12:46",
      "year" : 2018,
      "month" : 10,
      "day_of_month" : 30,
      "hour" : 13,
      "minute" : 12,
      "second" : 46,
      "millisecond" : 4,
      "ms" : 1543601566004,
      "iso_8601" : "2018-11-30T13:12:46-05:00"
    },
    "created_by" : "admin",
    "created_by_principal_id" : "b21109a86c218d02306f",
    "created_by_principal_domain_id" : "default",
    "modified_on" : {
      "timestamp" : "30-Nov-2018 13:12:46",
      "year" : 2018,
      "month" : 10,
      "day_of_month" : 30,
      "hour" : 13,
      "minute" : 12,
      "second" : 46,
      "millisecond" : 4,
      "ms" : 1543601566004,
      "iso_8601" : "2018-11-30T13:12:46-05:00"
    },
    "modified_by" : "admin",
    "modified_by_principal_id" : "b21109a86c218d02306f",
    "modified_by_principal_domain_id" : "default",
    "edited_on" : {
      "timestamp" : "30-Nov-2018 13:12:46",
      "year" : 2018,
      "month" : 10,
      "day_of_month" : 30,
      "hour" : 13,
      "minute" : 12,
      "second" : 46,
      "millisecond" : 4,
      "ms" : 1543601566004,
      "iso_8601" : "2018-11-30T13:12:46-05:00"
    },
    "edited_by" : "admin",
    "edited_by_principal_id" : "b21109a86c218d02306f",
    "edited_by_principal_domain_id" : "default"
  },
  "_doc" : "9438592dea5c02e9d1b1"
}