{
  "_doc" : "821c40ab613d9b5bcbbc656b62229314",
  "_qname" : "a:has_lock",
  "_type" : "d:association",
  "_parent" : "a:linked",
  "type" : "object",
  "title" : "Has Lock",
  "description" : "A relationship identifying that a source person has claimed a editing lock over a target node",
  "systemBootstrapped" : true,
  "_system" : {
    "deleted" : false,
    "changeset" : "0:root",
    "created_on" : {
      "timestamp" : "15-Nov-2021 14:53:43",
      "year" : 2021,
      "month" : 10,
      "day_of_month" : 15,
      "hour" : 14,
      "minute" : 53,
      "second" : 43,
      "millisecond" : 126,
      "ms" : 1637006023126,
      "iso_8601" : "2021-11-15T14:53:43-05:00"
    },
    "created_by" : "admin",
    "created_by_principal_id" : "b9ed9753748864134424",
    "created_by_principal_domain_id" : "default",
    "modified_on" : {
      "timestamp" : "15-Nov-2021 14:53:43",
      "year" : 2021,
      "month" : 10,
      "day_of_month" : 15,
      "hour" : 14,
      "minute" : 53,
      "second" : 43,
      "millisecond" : 177,
      "ms" : 1637006023177,
      "iso_8601" : "2021-11-15T14:53:43-05:00"
    },
    "modified_by" : "admin",
    "modified_by_principal_id" : "b9ed9753748864134424",
    "modified_by_principal_domain_id" : "default",
    "edited_on" : {
      "timestamp" : "15-Nov-2021 14:53:43",
      "year" : 2021,
      "month" : 10,
      "day_of_month" : 15,
      "hour" : 14,
      "minute" : 53,
      "second" : 43,
      "millisecond" : 177,
      "ms" : 1637006023177,
      "iso_8601" : "2021-11-15T14:53:43-05:00"
    },
    "edited_by" : "admin",
    "edited_by_principal_id" : "b9ed9753748864134424",
    "edited_by_principal_domain_id" : "default",
    "rev" : 0,
    "branch" : "cdcfc25b8b052c9d2586",
    "_op" : "create"
  },
  "$schema" : "http://json-schema.org/draft-04/schema#"
}