{
  "_system" : {
    "deleted" : false,
    "changeset" : "35:6288d127d0be863e299a",
    "created_on" : {
      "timestamp" : "05-Aug-2021 15:37:16",
      "year" : 2021,
      "month" : 7,
      "day_of_month" : 5,
      "hour" : 15,
      "minute" : 37,
      "second" : 16,
      "millisecond" : 234,
      "ms" : 1628177836234,
      "iso_8601" : "2021-08-05T15:37:16Z"
    },
    "created_by" : "system",
    "created_by_principal_id" : "system",
    "modified_on" : {
      "timestamp" : "05-Aug-2021 15:37:16",
      "year" : 2021,
      "month" : 7,
      "day_of_month" : 5,
      "hour" : 15,
      "minute" : 37,
      "second" : 16,
      "millisecond" : 274,
      "ms" : 1628177836274,
      "iso_8601" : "2021-08-05T15:37:16Z"
    },
    "modified_by" : "system",
    "modified_by_principal_id" : "system",
    "edited_on" : {
      "timestamp" : "05-Aug-2021 15:37:16",
      "year" : 2021,
      "month" : 7,
      "day_of_month" : 5,
      "hour" : 15,
      "minute" : 37,
      "second" : 16,
      "millisecond" : 234,
      "ms" : 1628177836234,
      "iso_8601" : "2021-08-05T15:37:16Z"
    },
    "edited_by" : "system",
    "edited_by_principal_id" : "system",
    "rev" : 35,
    "branch" : "23fafbfbb544c803da8d",
    "_op" : "create"
  },
  "_doc" : "c16ef58531367390904d",
  "_qname" : "o:c16ef58531367390904d",
  "_type" : "a:has_tag",
  "directionality" : "DIRECTED",
  "_features" : {
    "f:audit" : { },
    "f:indexable" : { }
  },
  "source_type" : "store:book",
  "source" : "3e8cd53490a94c278f79",
  "target_type" : "n:tag",
  "target" : "ab6a8ab696393d12341c"
}