{
  "_doc" : "124:091dcb7038c2a3e0ba17",
  "_system" : {
    "created_on" : {
      "timestamp" : "14-Feb-2019 15:33:31",
      "year" : 2019,
      "month" : 1,
      "day_of_month" : 14,
      "hour" : 15,
      "minute" : 33,
      "second" : 31,
      "millisecond" : 483,
      "ms" : 1550158411483,
      "iso_8601" : "2019-02-14T15:33:31Z"
    },
    "created_by" : "admin",
    "created_by_principal_id" : "5bab281f1cb2047f12ba",
    "created_by_principal_domain_id" : "default",
    "modified_on" : {
      "timestamp" : "14-Feb-2019 15:33:32",
      "year" : 2019,
      "month" : 1,
      "day_of_month" : 14,
      "hour" : 15,
      "minute" : 33,
      "second" : 32,
      "millisecond" : 315,
      "ms" : 1550158412315,
      "iso_8601" : "2019-02-14T15:33:32Z"
    },
    "modified_by" : "admin",
    "modified_by_principal_id" : "5bab281f1cb2047f12ba",
    "modified_by_principal_domain_id" : "default",
    "edited_on" : {
      "timestamp" : "14-Feb-2019 15:33:32",
      "year" : 2019,
      "month" : 1,
      "day_of_month" : 14,
      "hour" : 15,
      "minute" : 33,
      "second" : 32,
      "millisecond" : 315,
      "ms" : 1550158412315,
      "iso_8601" : "2019-02-14T15:33:32Z"
    },
    "edited_by" : "admin",
    "edited_by_principal_id" : "5bab281f1cb2047f12ba",
    "edited_by_principal_domain_id" : "default"
  },
  "revision" : 124,
  "active" : true,
  "parents" : [ "123:68ad5052be711319ed47" ],
  "branch" : "4a11b3490f5cf2a8a2b7"
}