{
  "title" : "Ernest Hemingway",
  "firstName" : "Ernest",
  "lastName" : "Hemingway",
  "slug" : "ernest-hemingway",
  "_system" : {
    "deleted" : false,
    "changeset" : "23:a956ae44f77b866369f9",
    "created_on" : {
      "timestamp" : "19-Nov-2021 17:36:40",
      "year" : 2021,
      "month" : 10,
      "day_of_month" : 19,
      "hour" : 17,
      "minute" : 36,
      "second" : 40,
      "millisecond" : 46,
      "ms" : 1637361400046,
      "iso_8601" : "2021-11-19T17:36:40-05:00"
    },
    "created_by" : "admin",
    "created_by_principal_id" : "e319a2cd626b671ba7f7",
    "created_by_principal_domain_id" : "default",
    "modified_on" : {
      "timestamp" : "19-Nov-2021 17:36:52",
      "year" : 2021,
      "month" : 10,
      "day_of_month" : 19,
      "hour" : 17,
      "minute" : 36,
      "second" : 52,
      "millisecond" : 25,
      "ms" : 1637361412025,
      "iso_8601" : "2021-11-19T17:36:52-05:00"
    },
    "modified_by" : "admin",
    "modified_by_principal_id" : "e319a2cd626b671ba7f7",
    "modified_by_principal_domain_id" : "default",
    "edited_on" : {
      "timestamp" : "19-Nov-2021 17:36:52",
      "year" : 2021,
      "month" : 10,
      "day_of_month" : 19,
      "hour" : 17,
      "minute" : 36,
      "second" : 52,
      "millisecond" : 25,
      "ms" : 1637361412025,
      "iso_8601" : "2021-11-19T17:36:52-05:00"
    },
    "edited_by" : "admin",
    "edited_by_principal_id" : "e319a2cd626b671ba7f7",
    "edited_by_principal_domain_id" : "default",
    "rev" : 23,
    "attachments" : {
      "default" : {
        "contentType" : "image/jpeg",
        "length" : 22116,
        "objectId" : "attachment_a36aed7fc1a8445fb617_046f4e08789ce4ce66ff",
        "filename" : "default.jpg"
      }
    },
    "previousChangeset" : "22:a793cbe38d0902436151",
    "branch" : "187193302a18db2eb328",
    "_op" : "update"
  },
  "_doc" : "a36aed7fc1a8445fb617",
  "_qname" : "o:a36aed7fc1a8445fb617",
  "_features" : {
    "f:filename" : {
      "filename" : "Ernest_Hemingway"
    },
    "f:audit" : { },
    "f:titled" : { },
    "f:geolocation" : { },
    "f:indexable" : { },
    "f:deployment-config" : {
      "default" : {
        "mappings" : [ {
          "type" : "object-to-file",
          "config" : {
            "filepath" : "/store/authors/{{object.slug}}.json"
          }
        }, {
          "type" : "attachment-to-file",
          "config" : {
            "attachmentId" : "*",
            "filepath" : "/store/authors/{{object.slug}}.{{attachment.ext}}"
          }
        } ]
      }
    },
    "f:publishable" : {
      "state" : "approved"
    }
  },
  "_type" : "store:author"
}