{
  "key" : "08b79fa2-dbdd-48db-9041-bf4c56f164c9",
  "secret" : "TbPNavs/lQ4xtjFtbku+ug6XDWq3wZtAdWWVELMOx/yMKm6zjiXkF7e/xoGX6ob5eg/NSUninZ77RgYAGojnih9hF5b0ehoGU0GDrChCx7U=",
  "_system" : {
    "created_on" : {
      "timestamp" : "07-Dec-2021 18:01:41",
      "year" : 2021,
      "month" : 11,
      "day_of_month" : 7,
      "hour" : 18,
      "minute" : 1,
      "second" : 41,
      "millisecond" : 733,
      "ms" : 1638900101733,
      "iso_8601" : "2021-12-07T18:01:41Z"
    },
    "created_by" : "admin",
    "created_by_principal_id" : "9a36db8c2529d3cf7b7b",
    "created_by_principal_domain_id" : "default",
    "modified_on" : {
      "timestamp" : "07-Dec-2021 18:01:41",
      "year" : 2021,
      "month" : 11,
      "day_of_month" : 7,
      "hour" : 18,
      "minute" : 1,
      "second" : 41,
      "millisecond" : 759,
      "ms" : 1638900101759,
      "iso_8601" : "2021-12-07T18:01:41Z"
    },
    "modified_by" : "admin",
    "modified_by_principal_id" : "9a36db8c2529d3cf7b7b",
    "modified_by_principal_domain_id" : "default",
    "edited_on" : {
      "timestamp" : "07-Dec-2021 18:01:41",
      "year" : 2021,
      "month" : 11,
      "day_of_month" : 7,
      "hour" : 18,
      "minute" : 1,
      "second" : 41,
      "millisecond" : 759,
      "ms" : 1638900101759,
      "iso_8601" : "2021-12-07T18:01:41Z"
    },
    "edited_by" : "admin",
    "edited_by_principal_id" : "9a36db8c2529d3cf7b7b",
    "edited_by_principal_domain_id" : "default"
  },
  "_doc" : "23c7b218f2f4d209f44b",
  "authorizedGrantTypes" : [ "authorization_code", "password", "refresh_token" ],
  "scope" : [ "api" ],
  "autoApproveScopes" : [ ],
  "enabled" : true,
  "allowGuestLogin" : true,
  "applicationId" : "6d2bead7f8eeaa0ddfc7",
  "applicationDeploymentManaged" : true
}