{
  "_type" : "catalog:product",
  "title" : "Strawberry Shortcake",
  "sku" : "Strawberry Shortcake SKU",
  "headline" : "What A Treat!",
  "summary" : "A dense sweet pound cake filled with a whole strawberry and topped with a whip cream frosting.  Your own mini strawberry shortcake cupcakes!",
  "body" : "What better way to celebrate than with strawberry shortcake cupcakes? With a cakey cupcake base loaded with fresh strawberries and an oh-so-creamy strawberry buttercream, you’ll have all the joys of a strawberry shortcake in neat little cupcake package.",
  "price" : 2.29,
  "categories" : [ "strawberry" ],
  "_doc" : "e946709c50c49b162473",
  "_system" : {
    "deleted" : false,
    "changeset" : "36:18dba073c6b6edb587f6",
    "created_on" : {
      "timestamp" : "14-Feb-2019 15:33:01",
      "year" : 2019,
      "month" : 1,
      "day_of_month" : 14,
      "hour" : 15,
      "minute" : 33,
      "second" : 1,
      "millisecond" : 536,
      "ms" : 1550158381536,
      "iso_8601" : "2019-02-14T15:33:01Z"
    },
    "created_by" : "admin",
    "created_by_principal_id" : "5bab281f1cb2047f12ba",
    "created_by_principal_domain_id" : "default",
    "modified_on" : {
      "timestamp" : "14-Feb-2019 15:33:01",
      "year" : 2019,
      "month" : 1,
      "day_of_month" : 14,
      "hour" : 15,
      "minute" : 33,
      "second" : 1,
      "millisecond" : 560,
      "ms" : 1550158381560,
      "iso_8601" : "2019-02-14T15:33:01Z"
    },
    "modified_by" : "admin",
    "modified_by_principal_id" : "5bab281f1cb2047f12ba",
    "modified_by_principal_domain_id" : "default",
    "edited_on" : {
      "timestamp" : "14-Feb-2019 15:33:01",
      "year" : 2019,
      "month" : 1,
      "day_of_month" : 14,
      "hour" : 15,
      "minute" : 33,
      "second" : 1,
      "millisecond" : 560,
      "ms" : 1550158381560,
      "iso_8601" : "2019-02-14T15:33:01Z"
    },
    "edited_by" : "admin",
    "edited_by_principal_id" : "5bab281f1cb2047f12ba",
    "edited_by_principal_domain_id" : "default"
  },
  "_qname" : "o:e946709c50c49b162473",
  "_features" : {
    "f:audit" : { },
    "f:titled" : { },
    "f:filename" : {
      "filename" : "Strawberry_Shortcake"
    },
    "f:geolocation" : { },
    "f:indexable" : { }
  }
}