{
  "teamableObjectTypeId" : "stack",
  "teamableObjectId" : "16f64e2a2467c5eed4f9",
  "key" : "appusers-018c93aeeef7b0b9d2c2",
  "groupId" : "e42396cb1b381d210716",
  "groupDomainId" : "6c72a17e416b6a1391fa",
  "roleKeys" : [ "collaborator" ],
  "title" : "Application Users for Application: 018c93aeeef7b0b9d2c2",
  "description" : "",
  "_system" : {
    "created_on" : {
      "timestamp" : "19-Nov-2021 22:41:04",
      "year" : 2021,
      "month" : 10,
      "day_of_month" : 19,
      "hour" : 22,
      "minute" : 41,
      "second" : 4,
      "millisecond" : 414,
      "ms" : 1637379664414,
      "iso_8601" : "2021-11-19T22:41:04-05:00"
    },
    "created_by" : "admin",
    "created_by_principal_id" : "e319a2cd626b671ba7f7",
    "created_by_principal_domain_id" : "default",
    "modified_on" : {
      "timestamp" : "19-Nov-2021 22:41:04",
      "year" : 2021,
      "month" : 10,
      "day_of_month" : 19,
      "hour" : 22,
      "minute" : 41,
      "second" : 4,
      "millisecond" : 423,
      "ms" : 1637379664423,
      "iso_8601" : "2021-11-19T22:41:04-05:00"
    },
    "modified_by" : "admin",
    "modified_by_principal_id" : "e319a2cd626b671ba7f7",
    "modified_by_principal_domain_id" : "default",
    "edited_on" : {
      "timestamp" : "19-Nov-2021 22:41:04",
      "year" : 2021,
      "month" : 10,
      "day_of_month" : 19,
      "hour" : 22,
      "minute" : 41,
      "second" : 4,
      "millisecond" : 423,
      "ms" : 1637379664423,
      "iso_8601" : "2021-11-19T22:41:04-05:00"
    },
    "edited_by" : "admin",
    "edited_by_principal_id" : "e319a2cd626b671ba7f7",
    "edited_by_principal_domain_id" : "default"
  },
  "_doc" : "6bd036182d8a23de881f"
}