{
  "_system" : {
    "deleted" : false,
    "changeset" : "12:78068e758e51bf5d3a4b",
    "created_on" : {
      "timestamp" : "26-Nov-2021 22:42:48",
      "year" : 2021,
      "month" : 10,
      "day_of_month" : 26,
      "hour" : 22,
      "minute" : 42,
      "second" : 48,
      "millisecond" : 399,
      "ms" : 1637984568399,
      "iso_8601" : "2021-11-26T22:42:48-05:00"
    },
    "created_by" : "admin",
    "created_by_principal_id" : "5bef34d1ea45b9e98ee7",
    "created_by_principal_domain_id" : "default",
    "modified_on" : {
      "timestamp" : "26-Nov-2021 22:42:48",
      "year" : 2021,
      "month" : 10,
      "day_of_month" : 26,
      "hour" : 22,
      "minute" : 42,
      "second" : 48,
      "millisecond" : 460,
      "ms" : 1637984568460,
      "iso_8601" : "2021-11-26T22:42:48-05:00"
    },
    "modified_by" : "admin",
    "modified_by_principal_id" : "5bef34d1ea45b9e98ee7",
    "modified_by_principal_domain_id" : "default",
    "edited_on" : {
      "timestamp" : "26-Nov-2021 22:42:48",
      "year" : 2021,
      "month" : 10,
      "day_of_month" : 26,
      "hour" : 22,
      "minute" : 42,
      "second" : 48,
      "millisecond" : 460,
      "ms" : 1637984568460,
      "iso_8601" : "2021-11-26T22:42:48-05:00"
    },
    "edited_by" : "admin",
    "edited_by_principal_id" : "5bef34d1ea45b9e98ee7",
    "edited_by_principal_domain_id" : "default",
    "rev" : 12,
    "branch" : "9bc800c8fc0417d3210c",
    "_op" : "create"
  },
  "_doc" : "40091e83852ef5749dcb",
  "_qname" : "o:40091e83852ef5749dcb",
  "_type" : "a:has_role",
  "directionality" : "DIRECTED",
  "_features" : {
    "f:audit" : { },
    "f:indexable" : { }
  },
  "source_type" : "n:person",
  "source" : "756e7ab4f9ea5d48e2a2",
  "target_type" : "n:person",
  "target" : "756e7ab4f9ea5d48e2a2",
  "role-key" : "owner"
}