{
  "type" : "UPDATE",
  "timestamp" : {
    "timestamp" : "07-Dec-2021 18:02:23",
    "year" : 2021,
    "month" : 11,
    "day_of_month" : 7,
    "hour" : 18,
    "minute" : 2,
    "second" : 23,
    "millisecond" : 188,
    "ms" : 1638900143188,
    "iso_8601" : "2021-12-07T18:02:23Z"
  },
  "userDomainId" : "default",
  "userId" : "9a36db8c2529d3cf7b7b",
  "userTitle" : "admin",
  "userName" : "admin",
  "objectDatastoreTypeId" : "repository",
  "objectDatastoreId" : "f94809da6b272fb71091",
  "objectDatastoreTitle" : "Sample Project 'content' repository",
  "objectId" : "a63fcbeac14574af8c7c",
  "objectTypeId" : "node",
  "objectTitle" : "Romeo and Juliet",
  "stackId" : "7bb366f549b7530ad72b",
  "projectId" : "7fb79119a8212211b304",
  "projectTitle" : "Sample Project",
  "_system" : {
    "created_on" : {
      "timestamp" : "07-Dec-2021 18:02:23",
      "year" : 2021,
      "month" : 11,
      "day_of_month" : 7,
      "hour" : 18,
      "minute" : 2,
      "second" : 23,
      "millisecond" : 190,
      "ms" : 1638900143190,
      "iso_8601" : "2021-12-07T18:02:23Z"
    },
    "created_by" : "admin",
    "created_by_principal_id" : "9a36db8c2529d3cf7b7b",
    "created_by_principal_domain_id" : "default",
    "modified_on" : {
      "timestamp" : "07-Dec-2021 18:02:23",
      "year" : 2021,
      "month" : 11,
      "day_of_month" : 7,
      "hour" : 18,
      "minute" : 2,
      "second" : 23,
      "millisecond" : 190,
      "ms" : 1638900143190,
      "iso_8601" : "2021-12-07T18:02:23Z"
    },
    "modified_by" : "admin",
    "modified_by_principal_id" : "9a36db8c2529d3cf7b7b",
    "modified_by_principal_domain_id" : "default",
    "edited_on" : {
      "timestamp" : "07-Dec-2021 18:02:23",
      "year" : 2021,
      "month" : 11,
      "day_of_month" : 7,
      "hour" : 18,
      "minute" : 2,
      "second" : 23,
      "millisecond" : 190,
      "ms" : 1638900143190,
      "iso_8601" : "2021-12-07T18:02:23Z"
    },
    "edited_by" : "admin",
    "edited_by_principal_id" : "9a36db8c2529d3cf7b7b",
    "edited_by_principal_domain_id" : "default"
  },
  "_doc" : "df2b9338779425209528"
}