{
  "_system" : {
    "deleted" : false,
    "changeset" : "34:cb3c2281b699aa095977",
    "created_on" : {
      "timestamp" : "14-Feb-2019 15:33:00",
      "year" : 2019,
      "month" : 1,
      "day_of_month" : 14,
      "hour" : 15,
      "minute" : 33,
      "second" : 0,
      "millisecond" : 439,
      "ms" : 1550158380439,
      "iso_8601" : "2019-02-14T15:33:00Z"
    },
    "created_by" : "admin",
    "created_by_principal_id" : "5bab281f1cb2047f12ba",
    "created_by_principal_domain_id" : "default",
    "modified_on" : {
      "timestamp" : "14-Feb-2019 15:33:00",
      "year" : 2019,
      "month" : 1,
      "day_of_month" : 14,
      "hour" : 15,
      "minute" : 33,
      "second" : 0,
      "millisecond" : 470,
      "ms" : 1550158380470,
      "iso_8601" : "2019-02-14T15:33:00Z"
    },
    "modified_by" : "admin",
    "modified_by_principal_id" : "5bab281f1cb2047f12ba",
    "modified_by_principal_domain_id" : "default",
    "edited_on" : {
      "timestamp" : "14-Feb-2019 15:33:00",
      "year" : 2019,
      "month" : 1,
      "day_of_month" : 14,
      "hour" : 15,
      "minute" : 33,
      "second" : 0,
      "millisecond" : 470,
      "ms" : 1550158380470,
      "iso_8601" : "2019-02-14T15:33:00Z"
    },
    "edited_by" : "admin",
    "edited_by_principal_id" : "5bab281f1cb2047f12ba",
    "edited_by_principal_domain_id" : "default"
  },
  "_doc" : "f71c04d94119bf7d0c95",
  "_qname" : "o:f71c04d94119bf7d0c95",
  "_type" : "n:node",
  "_features" : {
    "f:audit" : { },
    "f:titled" : { },
    "f:filename" : {
      "filename" : "Products"
    },
    "f:geolocation" : { },
    "f:indexable" : { },
    "f:container" : { }
  },
  "title" : "Products"
}