{
  "_features" : {
    "f:relator" : {
      "propertyHolder" : "source",
      "propertyPath" : "/author",
      "active" : true
    },
    "f:audit" : { },
    "f:indexable" : { }
  },
  "source" : "228add961db04b6aba26",
  "source_type" : "store:book",
  "target" : "ec05e254d7f548d19092",
  "target_type" : "store:author",
  "directionality" : "DIRECTED",
  "_system" : {
    "deleted" : false,
    "changeset" : "33:ddbb75d31ede46c35830",
    "created_on" : {
      "timestamp" : "26-Nov-2021 22:42:55",
      "year" : 2021,
      "month" : 10,
      "day_of_month" : 26,
      "hour" : 22,
      "minute" : 42,
      "second" : 55,
      "millisecond" : 905,
      "ms" : 1637984575905,
      "iso_8601" : "2021-11-26T22:42:55-05:00"
    },
    "created_by" : "admin",
    "created_by_principal_id" : "5bef34d1ea45b9e98ee7",
    "created_by_principal_domain_id" : "default",
    "modified_on" : {
      "timestamp" : "26-Nov-2021 22:42:55",
      "year" : 2021,
      "month" : 10,
      "day_of_month" : 26,
      "hour" : 22,
      "minute" : 42,
      "second" : 55,
      "millisecond" : 965,
      "ms" : 1637984575965,
      "iso_8601" : "2021-11-26T22:42:55-05:00"
    },
    "modified_by" : "admin",
    "modified_by_principal_id" : "5bef34d1ea45b9e98ee7",
    "modified_by_principal_domain_id" : "default",
    "edited_on" : {
      "timestamp" : "26-Nov-2021 22:42:55",
      "year" : 2021,
      "month" : 10,
      "day_of_month" : 26,
      "hour" : 22,
      "minute" : 42,
      "second" : 55,
      "millisecond" : 965,
      "ms" : 1637984575965,
      "iso_8601" : "2021-11-26T22:42:55-05:00"
    },
    "edited_by" : "admin",
    "edited_by_principal_id" : "5bef34d1ea45b9e98ee7",
    "edited_by_principal_domain_id" : "default",
    "rev" : 33,
    "branch" : "9bc800c8fc0417d3210c",
    "_op" : "create"
  },
  "_doc" : "4cb05cc150b8b8ec2a35",
  "_qname" : "o:4cb05cc150b8b8ec2a35",
  "_type" : "store:authored-by"
}