{
  "type" : "UPDATE",
  "timestamp" : {
    "timestamp" : "27-Oct-2021 15:39:12",
    "year" : 2021,
    "month" : 9,
    "day_of_month" : 27,
    "hour" : 15,
    "minute" : 39,
    "second" : 12,
    "millisecond" : 217,
    "ms" : 1635349152217,
    "iso_8601" : "2021-10-27T15:39:12Z"
  },
  "userDomainId" : "default",
  "userId" : "ed403cd3ae171ad7caf0",
  "userTitle" : "admin",
  "userName" : "admin",
  "objectDatastoreTypeId" : "repository",
  "objectDatastoreId" : "a8db999c5898f0b5d950",
  "objectDatastoreTitle" : "Sample Project 'content' repository",
  "objectId" : "ef34a71b06ebb82ba95a",
  "objectTypeId" : "branch",
  "objectTitle" : "master",
  "stackId" : "60d86c9f942917d841ff",
  "projectId" : "99607efb08eb40e18532",
  "projectTitle" : "Sample Project",
  "_system" : {
    "created_on" : {
      "timestamp" : "27-Oct-2021 15:39:12",
      "year" : 2021,
      "month" : 9,
      "day_of_month" : 27,
      "hour" : 15,
      "minute" : 39,
      "second" : 12,
      "millisecond" : 219,
      "ms" : 1635349152219,
      "iso_8601" : "2021-10-27T15:39:12Z"
    },
    "created_by" : "admin",
    "created_by_principal_id" : "ed403cd3ae171ad7caf0",
    "created_by_principal_domain_id" : "default",
    "modified_on" : {
      "timestamp" : "27-Oct-2021 15:39:12",
      "year" : 2021,
      "month" : 9,
      "day_of_month" : 27,
      "hour" : 15,
      "minute" : 39,
      "second" : 12,
      "millisecond" : 219,
      "ms" : 1635349152219,
      "iso_8601" : "2021-10-27T15:39:12Z"
    },
    "modified_by" : "admin",
    "modified_by_principal_id" : "ed403cd3ae171ad7caf0",
    "modified_by_principal_domain_id" : "default",
    "edited_on" : {
      "timestamp" : "27-Oct-2021 15:39:12",
      "year" : 2021,
      "month" : 9,
      "day_of_month" : 27,
      "hour" : 15,
      "minute" : 39,
      "second" : 12,
      "millisecond" : 219,
      "ms" : 1635349152219,
      "iso_8601" : "2021-10-27T15:39:12Z"
    },
    "edited_by" : "admin",
    "edited_by_principal_id" : "ed403cd3ae171ad7caf0",
    "edited_by_principal_domain_id" : "default"
  },
  "_doc" : "a80d291ff95362d7f607"
}