{
  "_system" : {
    "deleted" : false,
    "changeset" : "8:1ff321850a6a9935624f",
    "created_on" : {
      "timestamp" : "15-Nov-2021 14:53:47",
      "year" : 2021,
      "month" : 10,
      "day_of_month" : 15,
      "hour" : 14,
      "minute" : 53,
      "second" : 47,
      "millisecond" : 297,
      "ms" : 1637006027297,
      "iso_8601" : "2021-11-15T14:53:47-05:00"
    },
    "created_by" : "admin",
    "created_by_principal_id" : "b9ed9753748864134424",
    "created_by_principal_domain_id" : "default",
    "modified_on" : {
      "timestamp" : "15-Nov-2021 14:53:47",
      "year" : 2021,
      "month" : 10,
      "day_of_month" : 15,
      "hour" : 14,
      "minute" : 53,
      "second" : 47,
      "millisecond" : 321,
      "ms" : 1637006027321,
      "iso_8601" : "2021-11-15T14:53:47-05:00"
    },
    "modified_by" : "admin",
    "modified_by_principal_id" : "b9ed9753748864134424",
    "modified_by_principal_domain_id" : "default",
    "edited_on" : {
      "timestamp" : "15-Nov-2021 14:53:47",
      "year" : 2021,
      "month" : 10,
      "day_of_month" : 15,
      "hour" : 14,
      "minute" : 53,
      "second" : 47,
      "millisecond" : 321,
      "ms" : 1637006027321,
      "iso_8601" : "2021-11-15T14:53:47-05:00"
    },
    "edited_by" : "admin",
    "edited_by_principal_id" : "b9ed9753748864134424",
    "edited_by_principal_domain_id" : "default",
    "rev" : 8,
    "branch" : "cdcfc25b8b052c9d2586",
    "_op" : "create"
  },
  "_doc" : "55ab1a407162ec5f1b1d",
  "_qname" : "o:55ab1a407162ec5f1b1d",
  "_type" : "a:child",
  "directionality" : "DIRECTED",
  "_features" : {
    "f:audit" : { },
    "f:indexable" : { },
    "f:propagates-authorities" : {
      "enabled" : true
    },
    "f:non-cyclic" : { },
    "f:knowledge-sharing" : {
      "enabled" : true
    }
  },
  "source_type" : "n:node",
  "source" : "50848bd557bba8be47a1",
  "target_type" : "n:email_template",
  "target" : "4facbd94ca3b89753e9d"
}