{
  "type" : "CREATE",
  "timestamp" : {
    "timestamp" : "07-Dec-2021 18:01:46",
    "year" : 2021,
    "month" : 11,
    "day_of_month" : 7,
    "hour" : 18,
    "minute" : 1,
    "second" : 46,
    "millisecond" : 207,
    "ms" : 1638900106207,
    "iso_8601" : "2021-12-07T18:01:46Z"
  },
  "userDomainId" : "default",
  "userId" : "9a36db8c2529d3cf7b7b",
  "userTitle" : "admin",
  "userName" : "admin",
  "objectDatastoreTypeId" : "repository",
  "objectDatastoreId" : "f94809da6b272fb71091",
  "objectDatastoreTitle" : "Sample Project 'content' repository",
  "objectId" : "505dfd7751cd66e6aa77",
  "objectTypeId" : "association",
  "objectTitle" : "505dfd7751cd66e6aa77",
  "stackId" : "7bb366f549b7530ad72b",
  "projectId" : "7fb79119a8212211b304",
  "projectTitle" : "Sample Project",
  "_system" : {
    "created_on" : {
      "timestamp" : "07-Dec-2021 18:01:46",
      "year" : 2021,
      "month" : 11,
      "day_of_month" : 7,
      "hour" : 18,
      "minute" : 1,
      "second" : 46,
      "millisecond" : 210,
      "ms" : 1638900106210,
      "iso_8601" : "2021-12-07T18:01:46Z"
    },
    "created_by" : "admin",
    "created_by_principal_id" : "9a36db8c2529d3cf7b7b",
    "created_by_principal_domain_id" : "default",
    "modified_on" : {
      "timestamp" : "07-Dec-2021 18:01:46",
      "year" : 2021,
      "month" : 11,
      "day_of_month" : 7,
      "hour" : 18,
      "minute" : 1,
      "second" : 46,
      "millisecond" : 210,
      "ms" : 1638900106210,
      "iso_8601" : "2021-12-07T18:01:46Z"
    },
    "modified_by" : "admin",
    "modified_by_principal_id" : "9a36db8c2529d3cf7b7b",
    "modified_by_principal_domain_id" : "default",
    "edited_on" : {
      "timestamp" : "07-Dec-2021 18:01:46",
      "year" : 2021,
      "month" : 11,
      "day_of_month" : 7,
      "hour" : 18,
      "minute" : 1,
      "second" : 46,
      "millisecond" : 210,
      "ms" : 1638900106210,
      "iso_8601" : "2021-12-07T18:01:46Z"
    },
    "edited_by" : "admin",
    "edited_by_principal_id" : "9a36db8c2529d3cf7b7b",
    "edited_by_principal_domain_id" : "default"
  },
  "_doc" : "92e40c1bd9b1ac699026"
}