{
  "type" : "CREATE",
  "timestamp" : {
    "timestamp" : "30-Nov-2018 13:12:47",
    "year" : 2018,
    "month" : 10,
    "day_of_month" : 30,
    "hour" : 13,
    "minute" : 12,
    "second" : 47,
    "millisecond" : 253,
    "ms" : 1543601567253,
    "iso_8601" : "2018-11-30T13:12:47-05:00"
  },
  "userDomainId" : "default",
  "userId" : "b21109a86c218d02306f",
  "userTitle" : "admin",
  "userName" : "admin",
  "objectDatastoreTypeId" : "application",
  "objectDatastoreId" : "633ed6cf1733de643c77",
  "objectDatastoreTitle" : "Sample Web Application",
  "objectId" : "9608924d7455ffa11cb5",
  "objectTypeId" : "team",
  "objectTitle" : "Owners",
  "_system" : {
    "created_on" : {
      "timestamp" : "30-Nov-2018 13:12:47",
      "year" : 2018,
      "month" : 10,
      "day_of_month" : 30,
      "hour" : 13,
      "minute" : 12,
      "second" : 47,
      "millisecond" : 255,
      "ms" : 1543601567255,
      "iso_8601" : "2018-11-30T13:12:47-05:00"
    },
    "created_by" : "admin",
    "created_by_principal_id" : "b21109a86c218d02306f",
    "created_by_principal_domain_id" : "default",
    "modified_on" : {
      "timestamp" : "30-Nov-2018 13:12:47",
      "year" : 2018,
      "month" : 10,
      "day_of_month" : 30,
      "hour" : 13,
      "minute" : 12,
      "second" : 47,
      "millisecond" : 255,
      "ms" : 1543601567255,
      "iso_8601" : "2018-11-30T13:12:47-05:00"
    },
    "modified_by" : "admin",
    "modified_by_principal_id" : "b21109a86c218d02306f",
    "modified_by_principal_domain_id" : "default",
    "edited_on" : {
      "timestamp" : "30-Nov-2018 13:12:47",
      "year" : 2018,
      "month" : 10,
      "day_of_month" : 30,
      "hour" : 13,
      "minute" : 12,
      "second" : 47,
      "millisecond" : 255,
      "ms" : 1543601567255,
      "iso_8601" : "2018-11-30T13:12:47-05:00"
    },
    "edited_by" : "admin",
    "edited_by_principal_id" : "b21109a86c218d02306f",
    "edited_by_principal_domain_id" : "default"
  },
  "_doc" : "f8ea6dba794084340887"
}