{
  "_system" : {
    "deleted" : false,
    "changeset" : "27:e732e50b3dd98f44d1aa",
    "created_on" : {
      "timestamp" : "31-Aug-2022 15:26:22",
      "year" : 2022,
      "month" : 7,
      "day_of_month" : 31,
      "hour" : 15,
      "minute" : 26,
      "second" : 22,
      "millisecond" : 33,
      "ms" : 1661959582033,
      "iso_8601" : "2022-08-31T15:26:22Z"
    },
    "created_by" : "admin",
    "created_by_principal_id" : "2f873756d87a4ad1befc",
    "created_by_principal_domain_id" : "default",
    "modified_on" : {
      "timestamp" : "31-Aug-2022 15:26:22",
      "year" : 2022,
      "month" : 7,
      "day_of_month" : 31,
      "hour" : 15,
      "minute" : 26,
      "second" : 22,
      "millisecond" : 108,
      "ms" : 1661959582108,
      "iso_8601" : "2022-08-31T15:26:22Z"
    },
    "modified_by" : "admin",
    "modified_by_principal_id" : "2f873756d87a4ad1befc",
    "modified_by_principal_domain_id" : "default",
    "edited_on" : {
      "timestamp" : "31-Aug-2022 15:26:22",
      "year" : 2022,
      "month" : 7,
      "day_of_month" : 31,
      "hour" : 15,
      "minute" : 26,
      "second" : 22,
      "millisecond" : 108,
      "ms" : 1661959582108,
      "iso_8601" : "2022-08-31T15:26:22Z"
    },
    "edited_by" : "admin",
    "edited_by_principal_id" : "2f873756d87a4ad1befc",
    "rev" : 27,
    "branch" : "88810405bb84bac72aab",
    "_op" : "create",
    "edited_by_principal_domain_id" : "default"
  },
  "_doc" : "e66c1007fe0feff23866",
  "_qname" : "o:e66c1007fe0feff23866",
  "_type" : "a:linked",
  "directionality" : "DIRECTED",
  "_features" : {
    "f:audit" : { },
    "f:indexable" : { }
  },
  "source_type" : "n:node",
  "source" : "821c40ab613d9b5bcbbc656b62229303",
  "target_type" : "n:person",
  "target" : "351deb3d13a5b7edb774"
}