{
  "teamableObjectTypeId" : "repository",
  "teamableObjectId" : "1594ad3f2db8bf255d64",
  "key" : "owners",
  "groupId" : "ce3c3589f0ef6e529fc7",
  "groupDomainId" : "8a11739a997caa7f8dac",
  "roleKeys" : [ "owner" ],
  "title" : "Owners",
  "description" : "Owners Team",
  "_system" : {
    "created_on" : {
      "timestamp" : "20-Oct-2021 09:33:59",
      "year" : 2021,
      "month" : 9,
      "day_of_month" : 20,
      "hour" : 9,
      "minute" : 33,
      "second" : 59,
      "millisecond" : 234,
      "ms" : 1634736839234,
      "iso_8601" : "2021-10-20T09:33:59-04:00"
    },
    "created_by" : "admin",
    "created_by_principal_id" : "2a7c6669601b1ba4c958",
    "created_by_principal_domain_id" : "default",
    "modified_on" : {
      "timestamp" : "20-Oct-2021 09:33:59",
      "year" : 2021,
      "month" : 9,
      "day_of_month" : 20,
      "hour" : 9,
      "minute" : 33,
      "second" : 59,
      "millisecond" : 234,
      "ms" : 1634736839234,
      "iso_8601" : "2021-10-20T09:33:59-04:00"
    },
    "modified_by" : "admin",
    "modified_by_principal_id" : "2a7c6669601b1ba4c958",
    "modified_by_principal_domain_id" : "default",
    "edited_on" : {
      "timestamp" : "20-Oct-2021 09:33:59",
      "year" : 2021,
      "month" : 9,
      "day_of_month" : 20,
      "hour" : 9,
      "minute" : 33,
      "second" : 59,
      "millisecond" : 234,
      "ms" : 1634736839234,
      "iso_8601" : "2021-10-20T09:33:59-04:00"
    },
    "edited_by" : "admin",
    "edited_by_principal_id" : "2a7c6669601b1ba4c958",
    "edited_by_principal_domain_id" : "default"
  },
  "_doc" : "16c7e3a439fcf84edfb1"
}