{
  "_system" : {
    "deleted" : false,
    "changeset" : "2:4fa73e1df6b58de1468f",
    "created_on" : {
      "timestamp" : "20-Oct-2021 00:03:16",
      "year" : 2021,
      "month" : 9,
      "day_of_month" : 20,
      "hour" : 0,
      "minute" : 3,
      "second" : 16,
      "millisecond" : 258,
      "ms" : 1634702596258,
      "iso_8601" : "2021-10-20T00:03:16-04:00"
    },
    "created_by" : "admin",
    "created_by_principal_id" : "2a7c6669601b1ba4c958",
    "created_by_principal_domain_id" : "default",
    "modified_on" : {
      "timestamp" : "20-Oct-2021 00:03:16",
      "year" : 2021,
      "month" : 9,
      "day_of_month" : 20,
      "hour" : 0,
      "minute" : 3,
      "second" : 16,
      "millisecond" : 288,
      "ms" : 1634702596288,
      "iso_8601" : "2021-10-20T00:03:16-04:00"
    },
    "modified_by" : "admin",
    "modified_by_principal_id" : "2a7c6669601b1ba4c958",
    "modified_by_principal_domain_id" : "default",
    "edited_on" : {
      "timestamp" : "20-Oct-2021 00:03:16",
      "year" : 2021,
      "month" : 9,
      "day_of_month" : 20,
      "hour" : 0,
      "minute" : 3,
      "second" : 16,
      "millisecond" : 288,
      "ms" : 1634702596288,
      "iso_8601" : "2021-10-20T00:03:16-04:00"
    },
    "edited_by" : "admin",
    "edited_by_principal_id" : "2a7c6669601b1ba4c958",
    "edited_by_principal_domain_id" : "default",
    "rev" : 2,
    "branch" : "a73f26b4127e018473e1",
    "_op" : "create"
  },
  "_doc" : "8df753abe2fd98128298",
  "_qname" : "o:8df753abe2fd98128298",
  "_type" : "n:node",
  "_features" : {
    "f:audit" : { },
    "f:titled" : { },
    "f:filename" : {
      "filename" : "Theme"
    },
    "f:geolocation" : { },
    "f:indexable" : { },
    "f:container" : { }
  },
  "title" : "Theme"
}