{
  "_doc" : "6:b5b5f18b7d733e86838a",
  "_system" : {
    "created_on" : {
      "timestamp" : "26-Nov-2021 22:42:33",
      "year" : 2021,
      "month" : 10,
      "day_of_month" : 26,
      "hour" : 22,
      "minute" : 42,
      "second" : 33,
      "millisecond" : 906,
      "ms" : 1637984553906,
      "iso_8601" : "2021-11-26T22:42:33-05:00"
    },
    "created_by" : "admin",
    "created_by_principal_id" : "5bef34d1ea45b9e98ee7",
    "created_by_principal_domain_id" : "default",
    "modified_on" : {
      "timestamp" : "26-Nov-2021 22:42:34",
      "year" : 2021,
      "month" : 10,
      "day_of_month" : 26,
      "hour" : 22,
      "minute" : 42,
      "second" : 34,
      "millisecond" : 21,
      "ms" : 1637984554021,
      "iso_8601" : "2021-11-26T22:42:34-05:00"
    },
    "modified_by" : "admin",
    "modified_by_principal_id" : "5bef34d1ea45b9e98ee7",
    "modified_by_principal_domain_id" : "default",
    "edited_on" : {
      "timestamp" : "26-Nov-2021 22:42:34",
      "year" : 2021,
      "month" : 10,
      "day_of_month" : 26,
      "hour" : 22,
      "minute" : 42,
      "second" : 34,
      "millisecond" : 21,
      "ms" : 1637984554021,
      "iso_8601" : "2021-11-26T22:42:34-05:00"
    },
    "edited_by" : "admin",
    "edited_by_principal_id" : "5bef34d1ea45b9e98ee7",
    "edited_by_principal_domain_id" : "default"
  },
  "revision" : 6,
  "active" : true,
  "parents" : [ "5:65c8d807402860a4e1f8" ],
  "branch" : "9bc800c8fc0417d3210c"
}