{
  "teamableObjectTypeId" : "stack",
  "teamableObjectId" : "7b28f95810a708ce457a",
  "key" : "project-users-team",
  "groupId" : "730b6e1825f758da404c",
  "groupDomainId" : "a0abec8452e4962aced3",
  "roleKeys" : [ ],
  "title" : "Project Users",
  "description" : "Project Users Team",
  "_system" : {
    "created_on" : {
      "timestamp" : "20-Oct-2021 14:37:18",
      "year" : 2021,
      "month" : 9,
      "day_of_month" : 20,
      "hour" : 14,
      "minute" : 37,
      "second" : 18,
      "millisecond" : 331,
      "ms" : 1634755038331,
      "iso_8601" : "2021-10-20T14:37:18-04:00"
    },
    "created_by" : "admin",
    "created_by_principal_id" : "b4d6c22caee99692904d",
    "created_by_principal_domain_id" : "default",
    "modified_on" : {
      "timestamp" : "20-Oct-2021 14:37:18",
      "year" : 2021,
      "month" : 9,
      "day_of_month" : 20,
      "hour" : 14,
      "minute" : 37,
      "second" : 18,
      "millisecond" : 331,
      "ms" : 1634755038331,
      "iso_8601" : "2021-10-20T14:37:18-04:00"
    },
    "modified_by" : "admin",
    "modified_by_principal_id" : "b4d6c22caee99692904d",
    "modified_by_principal_domain_id" : "default",
    "edited_on" : {
      "timestamp" : "20-Oct-2021 14:37:18",
      "year" : 2021,
      "month" : 9,
      "day_of_month" : 20,
      "hour" : 14,
      "minute" : 37,
      "second" : 18,
      "millisecond" : 331,
      "ms" : 1634755038331,
      "iso_8601" : "2021-10-20T14:37:18-04:00"
    },
    "edited_by" : "admin",
    "edited_by_principal_id" : "b4d6c22caee99692904d",
    "edited_by_principal_domain_id" : "default"
  },
  "_doc" : "87af36ddd76fb4ce7ba0"
}