{
  "_doc" : "13:bb9289e83a9ee47a869d",
  "_system" : {
    "created_on" : {
      "timestamp" : "19-Nov-2021 22:41:18",
      "year" : 2021,
      "month" : 10,
      "day_of_month" : 19,
      "hour" : 22,
      "minute" : 41,
      "second" : 18,
      "millisecond" : 745,
      "ms" : 1637379678745,
      "iso_8601" : "2021-11-19T22:41:18-05:00"
    },
    "created_by" : "admin",
    "created_by_principal_id" : "e319a2cd626b671ba7f7",
    "created_by_principal_domain_id" : "default",
    "modified_on" : {
      "timestamp" : "19-Nov-2021 22:41:18",
      "year" : 2021,
      "month" : 10,
      "day_of_month" : 19,
      "hour" : 22,
      "minute" : 41,
      "second" : 18,
      "millisecond" : 784,
      "ms" : 1637379678784,
      "iso_8601" : "2021-11-19T22:41:18-05:00"
    },
    "modified_by" : "admin",
    "modified_by_principal_id" : "e319a2cd626b671ba7f7",
    "modified_by_principal_domain_id" : "default",
    "edited_on" : {
      "timestamp" : "19-Nov-2021 22:41:18",
      "year" : 2021,
      "month" : 10,
      "day_of_month" : 19,
      "hour" : 22,
      "minute" : 41,
      "second" : 18,
      "millisecond" : 784,
      "ms" : 1637379678784,
      "iso_8601" : "2021-11-19T22:41:18-05:00"
    },
    "edited_by" : "admin",
    "edited_by_principal_id" : "e319a2cd626b671ba7f7",
    "edited_by_principal_domain_id" : "default"
  },
  "revision" : 13,
  "active" : true,
  "parents" : [ "12:a535c31b2617bb923e1d" ],
  "branch" : "d13c41461bea0e1eaef1"
}