{
  "_doc" : "6:d2a878887277f8bb0830",
  "_system" : {
    "created_on" : {
      "timestamp" : "07-Mar-2023 09:39:17",
      "year" : 2023,
      "month" : 2,
      "day_of_month" : 7,
      "hour" : 9,
      "minute" : 39,
      "second" : 17,
      "millisecond" : 621,
      "ms" : 1678199957621,
      "iso_8601" : "2023-03-07T09:39:17-05:00"
    },
    "created_by" : "admin",
    "created_by_principal_id" : "046cf0d415feaf45bcf2",
    "created_by_principal_domain_id" : "default",
    "modified_on" : {
      "timestamp" : "07-Mar-2023 09:39:17",
      "year" : 2023,
      "month" : 2,
      "day_of_month" : 7,
      "hour" : 9,
      "minute" : 39,
      "second" : 17,
      "millisecond" : 692,
      "ms" : 1678199957692,
      "iso_8601" : "2023-03-07T09:39:17-05:00"
    },
    "modified_by" : "admin",
    "modified_by_principal_id" : "046cf0d415feaf45bcf2",
    "modified_by_principal_domain_id" : "default",
    "edited_on" : {
      "timestamp" : "07-Mar-2023 09:39:17",
      "year" : 2023,
      "month" : 2,
      "day_of_month" : 7,
      "hour" : 9,
      "minute" : 39,
      "second" : 17,
      "millisecond" : 692,
      "ms" : 1678199957692,
      "iso_8601" : "2023-03-07T09:39:17-05:00"
    },
    "edited_by" : "admin",
    "edited_by_principal_id" : "046cf0d415feaf45bcf2",
    "edited_by_principal_domain_id" : "default"
  },
  "revision" : 6,
  "active" : true,
  "parents" : [ "5:426688e535fbb294c329" ],
  "branch" : "660838eae4eeba015a76"
}