{
  "_doc" : "7a5e5955f49c20a9b312",
  "root" : "0:root",
  "tip" : "158:f36e85677991c391e1a0",
  "title" : "master",
  "type" : "MASTER",
  "_system" : {
    "created_on" : {
      "timestamp" : "24-Aug-2022 16:08:16",
      "year" : 2022,
      "month" : 7,
      "day_of_month" : 24,
      "hour" : 16,
      "minute" : 8,
      "second" : 16,
      "millisecond" : 805,
      "ms" : 1661357296805,
      "iso_8601" : "2022-08-24T16:08:16Z"
    },
    "created_by" : "admin",
    "created_by_principal_id" : "fda4fc3b0ff3e7838fbe",
    "created_by_principal_domain_id" : "default",
    "modified_on" : {
      "timestamp" : "24-Aug-2022 16:08:16",
      "year" : 2022,
      "month" : 7,
      "day_of_month" : 24,
      "hour" : 16,
      "minute" : 8,
      "second" : 16,
      "millisecond" : 805,
      "ms" : 1661357296805,
      "iso_8601" : "2022-08-24T16:08:16Z"
    },
    "modified_by" : "admin",
    "modified_by_principal_id" : "fda4fc3b0ff3e7838fbe",
    "modified_by_principal_domain_id" : "default",
    "edited_on" : {
      "timestamp" : "24-Aug-2022 16:08:16",
      "year" : 2022,
      "month" : 7,
      "day_of_month" : 24,
      "hour" : 16,
      "minute" : 8,
      "second" : 16,
      "millisecond" : 805,
      "ms" : 1661357296805,
      "iso_8601" : "2022-08-24T16:08:16Z"
    },
    "edited_by" : "admin",
    "edited_by_principal_id" : "fda4fc3b0ff3e7838fbe",
    "edited_by_principal_domain_id" : "default"
  },
  "archived" : false,
  "snapshot" : false
}