{
  "_doc" : "130:17404b73089a1a5c2538",
  "_system" : {
    "created_on" : {
      "timestamp" : "14-Feb-2019 15:33:33",
      "year" : 2019,
      "month" : 1,
      "day_of_month" : 14,
      "hour" : 15,
      "minute" : 33,
      "second" : 33,
      "millisecond" : 475,
      "ms" : 1550158413475,
      "iso_8601" : "2019-02-14T15:33:33Z"
    },
    "created_by" : "admin",
    "created_by_principal_id" : "5bab281f1cb2047f12ba",
    "created_by_principal_domain_id" : "default",
    "modified_on" : {
      "timestamp" : "14-Feb-2019 15:33:33",
      "year" : 2019,
      "month" : 1,
      "day_of_month" : 14,
      "hour" : 15,
      "minute" : 33,
      "second" : 33,
      "millisecond" : 571,
      "ms" : 1550158413571,
      "iso_8601" : "2019-02-14T15:33:33Z"
    },
    "modified_by" : "admin",
    "modified_by_principal_id" : "5bab281f1cb2047f12ba",
    "modified_by_principal_domain_id" : "default",
    "edited_on" : {
      "timestamp" : "14-Feb-2019 15:33:33",
      "year" : 2019,
      "month" : 1,
      "day_of_month" : 14,
      "hour" : 15,
      "minute" : 33,
      "second" : 33,
      "millisecond" : 571,
      "ms" : 1550158413571,
      "iso_8601" : "2019-02-14T15:33:33Z"
    },
    "edited_by" : "admin",
    "edited_by_principal_id" : "5bab281f1cb2047f12ba",
    "edited_by_principal_domain_id" : "default"
  },
  "revision" : 130,
  "active" : true,
  "parents" : [ "129:264815480c8c37120d2d" ],
  "branch" : "4a11b3490f5cf2a8a2b7"
}