{
  "_doc" : "39:5212b9e6016b7482bf24",
  "_system" : {
    "created_on" : {
      "timestamp" : "19-Nov-2021 22:41:28",
      "year" : 2021,
      "month" : 10,
      "day_of_month" : 19,
      "hour" : 22,
      "minute" : 41,
      "second" : 28,
      "millisecond" : 388,
      "ms" : 1637379688388,
      "iso_8601" : "2021-11-19T22:41:28-05:00"
    },
    "created_by" : "admin",
    "created_by_principal_id" : "e319a2cd626b671ba7f7",
    "created_by_principal_domain_id" : "default",
    "modified_on" : {
      "timestamp" : "19-Nov-2021 22:41:28",
      "year" : 2021,
      "month" : 10,
      "day_of_month" : 19,
      "hour" : 22,
      "minute" : 41,
      "second" : 28,
      "millisecond" : 442,
      "ms" : 1637379688442,
      "iso_8601" : "2021-11-19T22:41:28-05:00"
    },
    "modified_by" : "admin",
    "modified_by_principal_id" : "e319a2cd626b671ba7f7",
    "modified_by_principal_domain_id" : "default",
    "edited_on" : {
      "timestamp" : "19-Nov-2021 22:41:28",
      "year" : 2021,
      "month" : 10,
      "day_of_month" : 19,
      "hour" : 22,
      "minute" : 41,
      "second" : 28,
      "millisecond" : 442,
      "ms" : 1637379688442,
      "iso_8601" : "2021-11-19T22:41:28-05:00"
    },
    "edited_by" : "admin",
    "edited_by_principal_id" : "e319a2cd626b671ba7f7",
    "edited_by_principal_domain_id" : "default"
  },
  "revision" : 39,
  "active" : true,
  "parents" : [ "38:827b15f6e886d8459525" ],
  "branch" : "d13c41461bea0e1eaef1"
}