{
  "title" : "Add Auto Recognize Feature to children of this folder",
  "_system" : {
    "deleted" : false,
    "changeset" : "17:b7489ecd47c2ca4ae2ee",
    "created_on" : {
      "timestamp" : "31-Aug-2022 15:26:04",
      "year" : 2022,
      "month" : 7,
      "day_of_month" : 31,
      "hour" : 15,
      "minute" : 26,
      "second" : 4,
      "millisecond" : 211,
      "ms" : 1661959564211,
      "iso_8601" : "2022-08-31T15:26:04Z"
    },
    "created_by" : "admin",
    "created_by_principal_id" : "2f873756d87a4ad1befc",
    "created_by_principal_domain_id" : "default",
    "modified_on" : {
      "timestamp" : "31-Aug-2022 15:26:04",
      "year" : 2022,
      "month" : 7,
      "day_of_month" : 31,
      "hour" : 15,
      "minute" : 26,
      "second" : 4,
      "millisecond" : 364,
      "ms" : 1661959564364,
      "iso_8601" : "2022-08-31T15:26:04Z"
    },
    "modified_by" : "admin",
    "modified_by_principal_id" : "2f873756d87a4ad1befc",
    "modified_by_principal_domain_id" : "default",
    "edited_on" : {
      "timestamp" : "31-Aug-2022 15:26:04",
      "year" : 2022,
      "month" : 7,
      "day_of_month" : 31,
      "hour" : 15,
      "minute" : 26,
      "second" : 4,
      "millisecond" : 364,
      "ms" : 1661959564364,
      "iso_8601" : "2022-08-31T15:26:04Z"
    },
    "edited_by" : "admin",
    "edited_by_principal_id" : "2f873756d87a4ad1befc",
    "rev" : 17,
    "branch" : "88810405bb84bac72aab",
    "_op" : "update",
    "previousChangeset" : "15:5e23b073f438761033d0",
    "edited_by_principal_domain_id" : "default"
  },
  "_doc" : "162afd882b9999654160",
  "_qname" : "o:162afd882b9999654160",
  "_type" : "n:rule",
  "_features" : {
    "f:behavior" : { },
    "f:audit" : { },
    "f:titled" : { },
    "f:filename" : {
      "filename" : "Add+Auto+Recognize+Feature+to+children+of+this+folder"
    },
    "f:geolocation" : { },
    "f:indexable" : { },
    "f:auto-recognize" : { }
  },
  "actions" : [ {
    "type" : "addFeature",
    "config" : {
      "qname" : "f:auto-recognize",
      "config" : { }
    }
  } ]
}