{
  "deployments" : {
    "default" : {
      "webhost" : "primary",
      "baseURL" : "http://localhost:8080",
      "domain" : "cloudcms.net",
      "clientId" : "cb40aa5ca6a422c8a452",
      "authGrantId" : "ea40b79d6a0cce297a69"
    }
  },
  "template" : { },
  "projectId" : "b5ebb5b746638727070c",
  "title" : "Default Application",
  "platformId" : "98ef3d2f698ca7135109",
  "datastoreId" : "018c93aeeef7b0b9d2c2",
  "datastoreTypeId" : "application",
  "enableAuditing" : false,
  "enableAuthorities" : true,
  "dataSize" : 0,
  "storageSize" : 0,
  "fsSize" : 0,
  "objectcount" : 0,
  "_system" : {
    "created_on" : {
      "timestamp" : "19-Nov-2021 22:41:04",
      "year" : 2021,
      "month" : 10,
      "day_of_month" : 19,
      "hour" : 22,
      "minute" : 41,
      "second" : 4,
      "millisecond" : 12,
      "ms" : 1637379664012,
      "iso_8601" : "2021-11-19T22:41:04-05:00"
    },
    "created_by" : "admin",
    "created_by_principal_id" : "e319a2cd626b671ba7f7",
    "created_by_principal_domain_id" : "default",
    "modified_on" : {
      "timestamp" : "19-Nov-2021 22:41:04",
      "year" : 2021,
      "month" : 10,
      "day_of_month" : 19,
      "hour" : 22,
      "minute" : 41,
      "second" : 4,
      "millisecond" : 266,
      "ms" : 1637379664266,
      "iso_8601" : "2021-11-19T22:41:04-05:00"
    },
    "modified_by" : "admin",
    "modified_by_principal_id" : "e319a2cd626b671ba7f7",
    "modified_by_principal_domain_id" : "default",
    "edited_on" : {
      "timestamp" : "19-Nov-2021 22:41:04",
      "year" : 2021,
      "month" : 10,
      "day_of_month" : 19,
      "hour" : 22,
      "minute" : 41,
      "second" : 4,
      "millisecond" : 266,
      "ms" : 1637379664266,
      "iso_8601" : "2021-11-19T22:41:04-05:00"
    },
    "edited_by" : "admin",
    "edited_by_principal_id" : "e319a2cd626b671ba7f7",
    "edited_by_principal_domain_id" : "default"
  },
  "_doc" : "08af0326d5c9ffb51615",
  "statisticsDate" : {
    "timestamp" : "31-Dec-1969 19:00:00",
    "year" : 1969,
    "month" : 11,
    "day_of_month" : 31,
    "hour" : 19,
    "minute" : 0,
    "second" : 0,
    "millisecond" : 1,
    "ms" : 1,
    "iso_8601" : "1969-12-31T19:00:00-05:00"
  },
  "flags" : { },
  "statisticsDirty" : true,
  "applicationType" : "web"
}