{
  "_doc" : "821c40ab613d9b5bcbbc656b6222933b",
  "_qname" : "f:dublincore",
  "_type" : "d:feature",
  "type" : "object",
  "title" : "Dublin Core",
  "description" : "Extracts properties from a document and applies Dublin Core metadata to a node",
  "systemBootstrapped" : true,
  "properties" : {
    "dublincore" : {
      "type" : "object",
      "title" : "Dublin Core Properties",
      "properties" : {
        "title" : {
          "type" : "string",
          "title" : "Title"
        },
        "creator" : {
          "type" : "string",
          "title" : "Creator"
        },
        "subject" : {
          "type" : "string",
          "title" : "Subject"
        },
        "description" : {
          "type" : "string",
          "title" : "Description"
        },
        "publisher" : {
          "type" : "string",
          "title" : "Publisher"
        },
        "other_contributor" : {
          "type" : "string",
          "title" : "Other Contributor"
        },
        "date" : {
          "type" : "string",
          "title" : "Date"
        },
        "type" : {
          "type" : "string",
          "title" : "Type"
        },
        "format" : {
          "type" : "string",
          "title" : "Format"
        },
        "identifier" : {
          "type" : "string",
          "title" : "Identifier"
        },
        "language" : {
          "type" : "string",
          "title" : "Language"
        },
        "relation" : {
          "type" : "string",
          "title" : "Relation"
        },
        "coverage" : {
          "type" : "string",
          "title" : "Coverage"
        },
        "rights_management" : {
          "type" : "string",
          "title" : "Rights Management"
        }
      }
    }
  },
  "mandatoryFeatures" : {
    "f:extractable" : { }
  },
  "_system" : {
    "deleted" : false,
    "changeset" : "0:root",
    "created_on" : {
      "timestamp" : "07-Mar-2023 09:39:13",
      "year" : 2023,
      "month" : 2,
      "day_of_month" : 7,
      "hour" : 9,
      "minute" : 39,
      "second" : 13,
      "millisecond" : 520,
      "ms" : 1678199953520,
      "iso_8601" : "2023-03-07T09:39:13-05:00"
    },
    "created_by" : "admin",
    "created_by_principal_id" : "046cf0d415feaf45bcf2",
    "created_by_principal_domain_id" : "default",
    "modified_on" : {
      "timestamp" : "07-Mar-2023 09:39:13",
      "year" : 2023,
      "month" : 2,
      "day_of_month" : 7,
      "hour" : 9,
      "minute" : 39,
      "second" : 13,
      "millisecond" : 528,
      "ms" : 1678199953528,
      "iso_8601" : "2023-03-07T09:39:13-05:00"
    },
    "modified_by" : "admin",
    "modified_by_principal_id" : "046cf0d415feaf45bcf2",
    "modified_by_principal_domain_id" : "default",
    "edited_on" : {
      "timestamp" : "07-Mar-2023 09:39:13",
      "year" : 2023,
      "month" : 2,
      "day_of_month" : 7,
      "hour" : 9,
      "minute" : 39,
      "second" : 13,
      "millisecond" : 528,
      "ms" : 1678199953528,
      "iso_8601" : "2023-03-07T09:39:13-05:00"
    },
    "edited_by" : "admin",
    "edited_by_principal_id" : "046cf0d415feaf45bcf2",
    "rev" : 0,
    "branch" : "660838eae4eeba015a76",
    "_op" : "create",
    "edited_by_principal_domain_id" : "default"
  }
}