{
  "_type" : "a:linked",
  "_features" : {
    "f:relator" : {
      "propertyHolder" : "source",
      "propertyPath" : "/recommendations[0]"
    },
    "f:audit" : { },
    "f:indexable" : { }
  },
  "source_type" : "store:book",
  "source" : "6f3ebd4a6ccd46e79abf",
  "target_type" : "store:book",
  "target" : "26d3d2e1686f4f07aac0",
  "directionality" : "DIRECTED",
  "_qname" : "o:93361b676b6e4324a27a",
  "_doc" : "93361b676b6e4324a27a",
  "_system" : {
    "deleted" : true,
    "created_on" : {
      "timestamp" : "21-Jan-2021 16:22:26",
      "year" : 2021,
      "month" : 0,
      "day_of_month" : 21,
      "hour" : 16,
      "minute" : 22,
      "second" : 26,
      "millisecond" : 832,
      "ms" : 1611264146832,
      "iso_8601" : "2021-01-21T16:22:26-05:00"
    },
    "created_by" : "system",
    "created_by_principal_id" : "system",
    "created_by_principal_domain_id" : null,
    "modified_on" : {
      "timestamp" : "21-Jan-2021 16:22:30",
      "year" : 2021,
      "month" : 0,
      "day_of_month" : 21,
      "hour" : 16,
      "minute" : 22,
      "second" : 30,
      "millisecond" : 702,
      "ms" : 1611264150702,
      "iso_8601" : "2021-01-21T16:22:30-05:00"
    },
    "modified_by" : "system",
    "modified_by_principal_id" : "system",
    "modified_by_principal_domain_id" : null,
    "edited_on" : {
      "timestamp" : "21-Jan-2021 16:22:26",
      "year" : 2021,
      "month" : 0,
      "day_of_month" : 21,
      "hour" : 16,
      "minute" : 22,
      "second" : 26,
      "millisecond" : 832,
      "ms" : 1611264146832,
      "iso_8601" : "2021-01-21T16:22:26-05:00"
    },
    "edited_by" : "system",
    "edited_by_principal_id" : "system",
    "edited_by_principal_domain_id" : null,
    "rev" : 10,
    "previousChangeset" : "9:8428e1f2e5072f3dbdfa",
    "changeset" : "10:cdb756ee01abaa305621",
    "branch" : "3d4e3a21a7c02c55017c",
    "_op" : "delete"
  }
}