{
  "_system" : {
    "deleted" : false,
    "changeset" : "4:b4e81c0db241635e7b7f",
    "created_on" : {
      "timestamp" : "21-Jan-2021 16:22:16",
      "year" : 2021,
      "month" : 0,
      "day_of_month" : 21,
      "hour" : 16,
      "minute" : 22,
      "second" : 16,
      "millisecond" : 637,
      "ms" : 1611264136637,
      "iso_8601" : "2021-01-21T16:22:16-05:00"
    },
    "created_by" : "admin",
    "created_by_principal_id" : "8df8c30d1c2f95496937",
    "created_by_principal_domain_id" : "default",
    "modified_on" : {
      "timestamp" : "21-Jan-2021 16:22:16",
      "year" : 2021,
      "month" : 0,
      "day_of_month" : 21,
      "hour" : 16,
      "minute" : 22,
      "second" : 16,
      "millisecond" : 647,
      "ms" : 1611264136647,
      "iso_8601" : "2021-01-21T16:22:16-05:00"
    },
    "modified_by" : "admin",
    "modified_by_principal_id" : "8df8c30d1c2f95496937",
    "modified_by_principal_domain_id" : "default",
    "edited_on" : {
      "timestamp" : "21-Jan-2021 16:22:16",
      "year" : 2021,
      "month" : 0,
      "day_of_month" : 21,
      "hour" : 16,
      "minute" : 22,
      "second" : 16,
      "millisecond" : 647,
      "ms" : 1611264136647,
      "iso_8601" : "2021-01-21T16:22:16-05:00"
    },
    "edited_by" : "admin",
    "edited_by_principal_id" : "8df8c30d1c2f95496937",
    "edited_by_principal_domain_id" : "default",
    "rev" : 4,
    "branch" : "3d4e3a21a7c02c55017c",
    "_op" : "create"
  },
  "_doc" : "346a4d22da3a88522d60",
  "_qname" : "o:346a4d22da3a88522d60",
  "_type" : "a:child",
  "directionality" : "DIRECTED",
  "_features" : {
    "f:audit" : { },
    "f:indexable" : { },
    "f:propagates-authorities" : {
      "enabled" : true
    },
    "f:non-cyclic" : { },
    "f:knowledge-sharing" : {
      "enabled" : true
    }
  },
  "source_type" : "n:node",
  "source" : "9ee6112d2252ab57d2c3",
  "target_type" : "n:node",
  "target" : "0dbe4d3b1218ed17ba86"
}