{
  "_doc" : "39:ca4bbd217504daad5430",
  "_system" : {
    "created_on" : {
      "timestamp" : "19-Nov-2021 17:36:58",
      "year" : 2021,
      "month" : 10,
      "day_of_month" : 19,
      "hour" : 17,
      "minute" : 36,
      "second" : 58,
      "millisecond" : 129,
      "ms" : 1637361418129,
      "iso_8601" : "2021-11-19T17:36:58-05:00"
    },
    "created_by" : "admin",
    "created_by_principal_id" : "e319a2cd626b671ba7f7",
    "created_by_principal_domain_id" : "default",
    "modified_on" : {
      "timestamp" : "19-Nov-2021 17:36:58",
      "year" : 2021,
      "month" : 10,
      "day_of_month" : 19,
      "hour" : 17,
      "minute" : 36,
      "second" : 58,
      "millisecond" : 183,
      "ms" : 1637361418183,
      "iso_8601" : "2021-11-19T17:36:58-05:00"
    },
    "modified_by" : "admin",
    "modified_by_principal_id" : "e319a2cd626b671ba7f7",
    "modified_by_principal_domain_id" : "default",
    "edited_on" : {
      "timestamp" : "19-Nov-2021 17:36:58",
      "year" : 2021,
      "month" : 10,
      "day_of_month" : 19,
      "hour" : 17,
      "minute" : 36,
      "second" : 58,
      "millisecond" : 183,
      "ms" : 1637361418183,
      "iso_8601" : "2021-11-19T17:36:58-05:00"
    },
    "edited_by" : "admin",
    "edited_by_principal_id" : "e319a2cd626b671ba7f7",
    "edited_by_principal_domain_id" : "default"
  },
  "revision" : 39,
  "active" : true,
  "parents" : [ "38:f3aa17c38dd9d8f7be06" ],
  "branch" : "187193302a18db2eb328"
}