{
  "_type" : "catalog:person",
  "title" : "Johnny Carson",
  "name" : "johnny.carson",
  "email" : "johnny.carson@tonightshow.com",
  "firstName" : "Johnny",
  "lastName" : "Carson",
  "about" : "",
  "_doc" : "cec2bcc886c870890b46",
  "_system" : {
    "deleted" : false,
    "changeset" : "24:fcb4d6be4879e07c6ee6",
    "created_on" : {
      "timestamp" : "14-Feb-2019 15:32:54",
      "year" : 2019,
      "month" : 1,
      "day_of_month" : 14,
      "hour" : 15,
      "minute" : 32,
      "second" : 54,
      "millisecond" : 104,
      "ms" : 1550158374104,
      "iso_8601" : "2019-02-14T15:32:54Z"
    },
    "created_by" : "admin",
    "created_by_principal_id" : "5bab281f1cb2047f12ba",
    "created_by_principal_domain_id" : "default",
    "modified_on" : {
      "timestamp" : "14-Feb-2019 15:32:54",
      "year" : 2019,
      "month" : 1,
      "day_of_month" : 14,
      "hour" : 15,
      "minute" : 32,
      "second" : 54,
      "millisecond" : 169,
      "ms" : 1550158374169,
      "iso_8601" : "2019-02-14T15:32:54Z"
    },
    "modified_by" : "admin",
    "modified_by_principal_id" : "5bab281f1cb2047f12ba",
    "modified_by_principal_domain_id" : "default",
    "edited_on" : {
      "timestamp" : "14-Feb-2019 15:32:54",
      "year" : 2019,
      "month" : 1,
      "day_of_month" : 14,
      "hour" : 15,
      "minute" : 32,
      "second" : 54,
      "millisecond" : 169,
      "ms" : 1550158374169,
      "iso_8601" : "2019-02-14T15:32:54Z"
    },
    "edited_by" : "admin",
    "edited_by_principal_id" : "5bab281f1cb2047f12ba",
    "edited_by_principal_domain_id" : "default"
  },
  "_qname" : "o:cec2bcc886c870890b46",
  "_features" : {
    "f:audit" : { },
    "f:titled" : { },
    "f:filename" : {
      "filename" : "Johnny_Carson"
    },
    "f:geolocation" : { },
    "f:indexable" : { }
  }
}