{
  "_doc" : "c1e8be598bd820efc5d0",
  "root" : "159:befdf637fe3fbf92888a",
  "tip" : "161:c32001e6b133c3867c4e",
  "root-branch" : "28e097dae0964804b348",
  "type" : "CUSTOM",
  "_system" : {
    "created_on" : {
      "timestamp" : "07-Dec-2021 18:02:26",
      "year" : 2021,
      "month" : 11,
      "day_of_month" : 7,
      "hour" : 18,
      "minute" : 2,
      "second" : 26,
      "millisecond" : 671,
      "ms" : 1638900146671,
      "iso_8601" : "2021-12-07T18:02:26Z"
    },
    "created_by" : "admin",
    "created_by_principal_id" : "9a36db8c2529d3cf7b7b",
    "created_by_principal_domain_id" : "default",
    "modified_on" : {
      "timestamp" : "07-Dec-2021 18:02:26",
      "year" : 2021,
      "month" : 11,
      "day_of_month" : 7,
      "hour" : 18,
      "minute" : 2,
      "second" : 26,
      "millisecond" : 671,
      "ms" : 1638900146671,
      "iso_8601" : "2021-12-07T18:02:26Z"
    },
    "modified_by" : "admin",
    "modified_by_principal_id" : "9a36db8c2529d3cf7b7b",
    "modified_by_principal_domain_id" : "default",
    "edited_on" : {
      "timestamp" : "07-Dec-2021 18:02:26",
      "year" : 2021,
      "month" : 11,
      "day_of_month" : 7,
      "hour" : 18,
      "minute" : 2,
      "second" : 26,
      "millisecond" : 671,
      "ms" : 1638900146671,
      "iso_8601" : "2021-12-07T18:02:26Z"
    },
    "edited_by" : "admin",
    "edited_by_principal_id" : "9a36db8c2529d3cf7b7b",
    "edited_by_principal_domain_id" : "default"
  },
  "archived" : false,
  "snapshot" : false,
  "title" : "Add Florence, Italy to Guide",
  "workspace" : true,
  "releaseId" : "ae508e10a4071f450925"
}