{
  "_doc" : "33:f3ae6ead26d678d1d2eb",
  "_system" : {
    "created_on" : {
      "timestamp" : "20-Oct-2021 09:34:24",
      "year" : 2021,
      "month" : 9,
      "day_of_month" : 20,
      "hour" : 9,
      "minute" : 34,
      "second" : 24,
      "millisecond" : 348,
      "ms" : 1634736864348,
      "iso_8601" : "2021-10-20T09:34:24-04:00"
    },
    "created_by" : "admin",
    "created_by_principal_id" : "2a7c6669601b1ba4c958",
    "created_by_principal_domain_id" : "default",
    "modified_on" : {
      "timestamp" : "20-Oct-2021 09:34:24",
      "year" : 2021,
      "month" : 9,
      "day_of_month" : 20,
      "hour" : 9,
      "minute" : 34,
      "second" : 24,
      "millisecond" : 380,
      "ms" : 1634736864380,
      "iso_8601" : "2021-10-20T09:34:24-04:00"
    },
    "modified_by" : "admin",
    "modified_by_principal_id" : "2a7c6669601b1ba4c958",
    "modified_by_principal_domain_id" : "default",
    "edited_on" : {
      "timestamp" : "20-Oct-2021 09:34:24",
      "year" : 2021,
      "month" : 9,
      "day_of_month" : 20,
      "hour" : 9,
      "minute" : 34,
      "second" : 24,
      "millisecond" : 380,
      "ms" : 1634736864380,
      "iso_8601" : "2021-10-20T09:34:24-04:00"
    },
    "edited_by" : "admin",
    "edited_by_principal_id" : "2a7c6669601b1ba4c958",
    "edited_by_principal_domain_id" : "default"
  },
  "revision" : 33,
  "active" : true,
  "parents" : [ "32:693303b8b8d41ac68f34" ],
  "branch" : "1ad06a3e9160fdc88c85"
}