{
  "_system" : {
    "deleted" : false,
    "changeset" : "2:0f651e2f613a7ddd7f52",
    "created_on" : {
      "timestamp" : "19-Nov-2021 17:36:30",
      "year" : 2021,
      "month" : 10,
      "day_of_month" : 19,
      "hour" : 17,
      "minute" : 36,
      "second" : 30,
      "millisecond" : 201,
      "ms" : 1637361390201,
      "iso_8601" : "2021-11-19T17:36:30-05:00"
    },
    "created_by" : "admin",
    "created_by_principal_id" : "e319a2cd626b671ba7f7",
    "created_by_principal_domain_id" : "default",
    "modified_on" : {
      "timestamp" : "19-Nov-2021 17:36:30",
      "year" : 2021,
      "month" : 10,
      "day_of_month" : 19,
      "hour" : 17,
      "minute" : 36,
      "second" : 30,
      "millisecond" : 219,
      "ms" : 1637361390219,
      "iso_8601" : "2021-11-19T17:36:30-05:00"
    },
    "modified_by" : "admin",
    "modified_by_principal_id" : "e319a2cd626b671ba7f7",
    "modified_by_principal_domain_id" : "default",
    "edited_on" : {
      "timestamp" : "19-Nov-2021 17:36:30",
      "year" : 2021,
      "month" : 10,
      "day_of_month" : 19,
      "hour" : 17,
      "minute" : 36,
      "second" : 30,
      "millisecond" : 219,
      "ms" : 1637361390219,
      "iso_8601" : "2021-11-19T17:36:30-05:00"
    },
    "edited_by" : "admin",
    "edited_by_principal_id" : "e319a2cd626b671ba7f7",
    "edited_by_principal_domain_id" : "default",
    "rev" : 2,
    "branch" : "187193302a18db2eb328",
    "_op" : "create"
  },
  "_doc" : "8fd9e3f901dc0f5225ab",
  "_qname" : "o:8fd9e3f901dc0f5225ab",
  "_type" : "a:child",
  "directionality" : "DIRECTED",
  "_features" : {
    "f:audit" : { },
    "f:indexable" : { },
    "f:propagates-authorities" : {
      "enabled" : true
    },
    "f:non-cyclic" : { },
    "f:knowledge-sharing" : {
      "enabled" : true
    }
  },
  "source_type" : "n:node",
  "source" : "44594b6b59242d7127ef",
  "target_type" : "n:node",
  "target" : "807516c80bb1d1d334fd"
}