{
  "tag" : "montague",
  "title" : "montague",
  "_system" : {
    "deleted" : false,
    "changeset" : "29:39dd242f2aeb87759e31",
    "created_on" : {
      "timestamp" : "05-Aug-2021 15:37:15",
      "year" : 2021,
      "month" : 7,
      "day_of_month" : 5,
      "hour" : 15,
      "minute" : 37,
      "second" : 15,
      "millisecond" : 89,
      "ms" : 1628177835089,
      "iso_8601" : "2021-08-05T15:37:15Z"
    },
    "created_by" : "system",
    "created_by_principal_id" : "system",
    "modified_on" : {
      "timestamp" : "05-Aug-2021 15:37:15",
      "year" : 2021,
      "month" : 7,
      "day_of_month" : 5,
      "hour" : 15,
      "minute" : 37,
      "second" : 15,
      "millisecond" : 157,
      "ms" : 1628177835157,
      "iso_8601" : "2021-08-05T15:37:15Z"
    },
    "modified_by" : "system",
    "modified_by_principal_id" : "system",
    "edited_on" : {
      "timestamp" : "05-Aug-2021 15:37:15",
      "year" : 2021,
      "month" : 7,
      "day_of_month" : 5,
      "hour" : 15,
      "minute" : 37,
      "second" : 15,
      "millisecond" : 89,
      "ms" : 1628177835089,
      "iso_8601" : "2021-08-05T15:37:15Z"
    },
    "edited_by" : "system",
    "edited_by_principal_id" : "system",
    "rev" : 29,
    "branch" : "23fafbfbb544c803da8d",
    "_op" : "create"
  },
  "_doc" : "dddc3759eb39ab6d1c9b",
  "_qname" : "o:dddc3759eb39ab6d1c9b",
  "_type" : "n:tag",
  "_features" : {
    "f:audit" : { },
    "f:titled" : { },
    "f:filename" : {
      "filename" : "montague"
    },
    "f:geolocation" : { },
    "f:indexable" : { }
  }
}