{
  "_features" : {
    "f:relator" : {
      "propertyHolder" : "source",
      "propertyPath" : "/recommendations[1]",
      "active" : true
    },
    "f:audit" : { },
    "f:indexable" : { }
  },
  "source" : "3663409797984b938a14",
  "source_type" : "store:book",
  "target" : "037dc01b37df49c6b50e",
  "target_type" : "store:book",
  "directionality" : "DIRECTED",
  "_system" : {
    "deleted" : false,
    "changeset" : "25:67e76c7c1c03a0f93ce6",
    "created_on" : {
      "timestamp" : "20-Oct-2021 09:34:20",
      "year" : 2021,
      "month" : 9,
      "day_of_month" : 20,
      "hour" : 9,
      "minute" : 34,
      "second" : 20,
      "millisecond" : 741,
      "ms" : 1634736860741,
      "iso_8601" : "2021-10-20T09:34:20-04:00"
    },
    "created_by" : "admin",
    "created_by_principal_id" : "2a7c6669601b1ba4c958",
    "created_by_principal_domain_id" : "default",
    "modified_on" : {
      "timestamp" : "20-Oct-2021 09:34:20",
      "year" : 2021,
      "month" : 9,
      "day_of_month" : 20,
      "hour" : 9,
      "minute" : 34,
      "second" : 20,
      "millisecond" : 789,
      "ms" : 1634736860789,
      "iso_8601" : "2021-10-20T09:34:20-04:00"
    },
    "modified_by" : "admin",
    "modified_by_principal_id" : "2a7c6669601b1ba4c958",
    "modified_by_principal_domain_id" : "default",
    "edited_on" : {
      "timestamp" : "20-Oct-2021 09:34:20",
      "year" : 2021,
      "month" : 9,
      "day_of_month" : 20,
      "hour" : 9,
      "minute" : 34,
      "second" : 20,
      "millisecond" : 789,
      "ms" : 1634736860789,
      "iso_8601" : "2021-10-20T09:34:20-04:00"
    },
    "edited_by" : "admin",
    "edited_by_principal_id" : "2a7c6669601b1ba4c958",
    "edited_by_principal_domain_id" : "default",
    "rev" : 25,
    "branch" : "1ad06a3e9160fdc88c85",
    "_op" : "create"
  },
  "_doc" : "da5e1910d00b14827c7d",
  "_qname" : "o:da5e1910d00b14827c7d",
  "_type" : "store:suggests"
}