{
  "_type" : "a:has_form",
  "form-key" : "master",
  "_system" : {
    "deleted" : false,
    "changeset" : "51:2149e4f4aced00edeb20",
    "created_on" : {
      "timestamp" : "14-Feb-2019 15:33:04",
      "year" : 2019,
      "month" : 1,
      "day_of_month" : 14,
      "hour" : 15,
      "minute" : 33,
      "second" : 4,
      "millisecond" : 908,
      "ms" : 1550158384908,
      "iso_8601" : "2019-02-14T15:33:04Z"
    },
    "created_by" : "admin",
    "created_by_principal_id" : "5bab281f1cb2047f12ba",
    "created_by_principal_domain_id" : "default",
    "modified_on" : {
      "timestamp" : "14-Feb-2019 15:33:04",
      "year" : 2019,
      "month" : 1,
      "day_of_month" : 14,
      "hour" : 15,
      "minute" : 33,
      "second" : 4,
      "millisecond" : 925,
      "ms" : 1550158384925,
      "iso_8601" : "2019-02-14T15:33:04Z"
    },
    "modified_by" : "admin",
    "modified_by_principal_id" : "5bab281f1cb2047f12ba",
    "modified_by_principal_domain_id" : "default",
    "edited_on" : {
      "timestamp" : "14-Feb-2019 15:33:04",
      "year" : 2019,
      "month" : 1,
      "day_of_month" : 14,
      "hour" : 15,
      "minute" : 33,
      "second" : 4,
      "millisecond" : 925,
      "ms" : 1550158384925,
      "iso_8601" : "2019-02-14T15:33:04Z"
    },
    "edited_by" : "admin",
    "edited_by_principal_id" : "5bab281f1cb2047f12ba",
    "edited_by_principal_domain_id" : "default"
  },
  "_doc" : "9eedaa68067356ece0f5",
  "_qname" : "o:9eedaa68067356ece0f5",
  "directionality" : "DIRECTED",
  "_features" : {
    "f:audit" : { },
    "f:indexable" : { }
  },
  "source_type" : "d:type",
  "source" : "b9add785f876042f66c5",
  "target_type" : "n:form",
  "target" : "40f6d27f5299205e4f93"
}