{
  "_doc" : "114:6c6bc7edb5eb243d10c6",
  "_system" : {
    "created_on" : {
      "timestamp" : "14-Feb-2019 15:33:24",
      "year" : 2019,
      "month" : 1,
      "day_of_month" : 14,
      "hour" : 15,
      "minute" : 33,
      "second" : 24,
      "millisecond" : 374,
      "ms" : 1550158404374,
      "iso_8601" : "2019-02-14T15:33:24Z"
    },
    "created_by" : "admin",
    "created_by_principal_id" : "5bab281f1cb2047f12ba",
    "created_by_principal_domain_id" : "default",
    "modified_on" : {
      "timestamp" : "14-Feb-2019 15:33:24",
      "year" : 2019,
      "month" : 1,
      "day_of_month" : 14,
      "hour" : 15,
      "minute" : 33,
      "second" : 24,
      "millisecond" : 674,
      "ms" : 1550158404674,
      "iso_8601" : "2019-02-14T15:33:24Z"
    },
    "modified_by" : "admin",
    "modified_by_principal_id" : "5bab281f1cb2047f12ba",
    "modified_by_principal_domain_id" : "default",
    "edited_on" : {
      "timestamp" : "14-Feb-2019 15:33:24",
      "year" : 2019,
      "month" : 1,
      "day_of_month" : 14,
      "hour" : 15,
      "minute" : 33,
      "second" : 24,
      "millisecond" : 674,
      "ms" : 1550158404674,
      "iso_8601" : "2019-02-14T15:33:24Z"
    },
    "edited_by" : "admin",
    "edited_by_principal_id" : "5bab281f1cb2047f12ba",
    "edited_by_principal_domain_id" : "default"
  },
  "revision" : 114,
  "active" : true,
  "parents" : [ "113:7ad0e1769103405bfa8f" ],
  "branch" : "4a11b3490f5cf2a8a2b7"
}