{
  "_type" : "catalog:product-review",
  "title" : "Review #31 Strawberry Fantastic!",
  "author" : "george.burns",
  "body" : "Wow! These cupcakes are fantastic! They are rich and buttery but you can’t just eat one! The surprise of the strawberry in the middle is a bonus. Not too sweet either. Will be making for everyone.",
  "rating" : 5,
  "_doc" : "5dc93726d3d187cfdf91",
  "_system" : {
    "deleted" : false,
    "changeset" : "30:b22914c2b3076eb5b6c1",
    "created_on" : {
      "timestamp" : "14-Feb-2019 15:32:58",
      "year" : 2019,
      "month" : 1,
      "day_of_month" : 14,
      "hour" : 15,
      "minute" : 32,
      "second" : 58,
      "millisecond" : 128,
      "ms" : 1550158378128,
      "iso_8601" : "2019-02-14T15:32:58Z"
    },
    "created_by" : "admin",
    "created_by_principal_id" : "5bab281f1cb2047f12ba",
    "created_by_principal_domain_id" : "default",
    "modified_on" : {
      "timestamp" : "14-Feb-2019 15:32:58",
      "year" : 2019,
      "month" : 1,
      "day_of_month" : 14,
      "hour" : 15,
      "minute" : 32,
      "second" : 58,
      "millisecond" : 166,
      "ms" : 1550158378166,
      "iso_8601" : "2019-02-14T15:32:58Z"
    },
    "modified_by" : "admin",
    "modified_by_principal_id" : "5bab281f1cb2047f12ba",
    "modified_by_principal_domain_id" : "default",
    "edited_on" : {
      "timestamp" : "14-Feb-2019 15:32:58",
      "year" : 2019,
      "month" : 1,
      "day_of_month" : 14,
      "hour" : 15,
      "minute" : 32,
      "second" : 58,
      "millisecond" : 166,
      "ms" : 1550158378166,
      "iso_8601" : "2019-02-14T15:32:58Z"
    },
    "edited_by" : "admin",
    "edited_by_principal_id" : "5bab281f1cb2047f12ba",
    "edited_by_principal_domain_id" : "default"
  },
  "_qname" : "o:5dc93726d3d187cfdf91",
  "_features" : {
    "f:audit" : { },
    "f:titled" : { },
    "f:filename" : {
      "filename" : "Review+%2331+Strawberry+Fantastic%21"
    },
    "f:geolocation" : { },
    "f:indexable" : { }
  }
}