{
  "_system" : {
    "deleted" : false,
    "changeset" : "24:20d0c1f1a7cab546fca1",
    "created_on" : {
      "timestamp" : "21-Jan-2021 16:22:31",
      "year" : 2021,
      "month" : 0,
      "day_of_month" : 21,
      "hour" : 16,
      "minute" : 22,
      "second" : 31,
      "millisecond" : 977,
      "ms" : 1611264151977,
      "iso_8601" : "2021-01-21T16:22:31-05:00"
    },
    "created_by" : "system",
    "created_by_principal_id" : "system",
    "created_by_principal_domain_id" : null,
    "modified_on" : {
      "timestamp" : "21-Jan-2021 16:22:31",
      "year" : 2021,
      "month" : 0,
      "day_of_month" : 21,
      "hour" : 16,
      "minute" : 22,
      "second" : 31,
      "millisecond" : 998,
      "ms" : 1611264151998,
      "iso_8601" : "2021-01-21T16:22:31-05:00"
    },
    "modified_by" : "system",
    "modified_by_principal_id" : "system",
    "modified_by_principal_domain_id" : null,
    "edited_on" : {
      "timestamp" : "21-Jan-2021 16:22:31",
      "year" : 2021,
      "month" : 0,
      "day_of_month" : 21,
      "hour" : 16,
      "minute" : 22,
      "second" : 31,
      "millisecond" : 977,
      "ms" : 1611264151977,
      "iso_8601" : "2021-01-21T16:22:31-05:00"
    },
    "edited_by" : "system",
    "edited_by_principal_id" : "system",
    "edited_by_principal_domain_id" : null,
    "rev" : 24,
    "branch" : "3d4e3a21a7c02c55017c",
    "_op" : "create"
  },
  "_doc" : "0c690577083d9824b1f5",
  "_qname" : "o:0c690577083d9824b1f5",
  "_type" : "a:has_tag",
  "directionality" : "DIRECTED",
  "_features" : {
    "f:audit" : { },
    "f:indexable" : { }
  },
  "source_type" : "store:book",
  "source" : "26d3d2e1686f4f07aac0",
  "target_type" : "n:tag",
  "target" : "b5b7af6c430299bf42f9"
}