{
  "_doc" : "32:eb8d067c4c504a7cc266",
  "_system" : {
    "created_on" : {
      "timestamp" : "20-Oct-2021 14:37:42",
      "year" : 2021,
      "month" : 9,
      "day_of_month" : 20,
      "hour" : 14,
      "minute" : 37,
      "second" : 42,
      "millisecond" : 122,
      "ms" : 1634755062122,
      "iso_8601" : "2021-10-20T14:37:42-04:00"
    },
    "created_by" : "admin",
    "created_by_principal_id" : "b4d6c22caee99692904d",
    "created_by_principal_domain_id" : "default",
    "modified_on" : {
      "timestamp" : "20-Oct-2021 14:37:42",
      "year" : 2021,
      "month" : 9,
      "day_of_month" : 20,
      "hour" : 14,
      "minute" : 37,
      "second" : 42,
      "millisecond" : 174,
      "ms" : 1634755062174,
      "iso_8601" : "2021-10-20T14:37:42-04:00"
    },
    "modified_by" : "admin",
    "modified_by_principal_id" : "b4d6c22caee99692904d",
    "modified_by_principal_domain_id" : "default",
    "edited_on" : {
      "timestamp" : "20-Oct-2021 14:37:42",
      "year" : 2021,
      "month" : 9,
      "day_of_month" : 20,
      "hour" : 14,
      "minute" : 37,
      "second" : 42,
      "millisecond" : 174,
      "ms" : 1634755062174,
      "iso_8601" : "2021-10-20T14:37:42-04:00"
    },
    "edited_by" : "admin",
    "edited_by_principal_id" : "b4d6c22caee99692904d",
    "edited_by_principal_domain_id" : "default"
  },
  "revision" : 32,
  "active" : true,
  "parents" : [ "31:918ce05145ec1573e97b" ],
  "branch" : "4375d1eb9094255abf40"
}