{
  "title" : "Pride and Prejudice",
  "description" : "The story of Mrs. Bennet's attempts to marry off her five daughters is one of the best-loved and most enduring classics in English literature.",
  "summary" : "Pride And Prejudice, the story of Mrs. Bennet's attempts to marry off her five daughters is one of the best-loved and most enduring classics in English literature. Excitement fizzes through the Bennet household at Longbourn in Hertfordshire when young, eligible Mr. Charles Bingley rents the fine house nearby. He may have sisters, but he also has male friends, and one of these—the haughty, and even wealthier, Mr. Fitzwilliam Darcy—irks the vivacious Elizabeth Bennet, the second of the Bennet girls. She annoys him. Which is how we know they must one day marry. The romantic clash between the opinionated Elizabeth and Darcy is a splendid rendition of civilized sparring. As the characters dance a delicate quadrille of flirtation and intrigue, Jane Austen's radiantly caustic wit and keen observation sparkle.",
  "author" : {
    "id" : "ab672a765c4045789df5",
    "ref" : "node://60748d9223d1d8b18ea5/fdc5ce9d25c8ae75f09a/4375d1eb9094255abf40/ab672a765c4045789df5",
    "typeQName" : "store:author",
    "title" : "Jane Austen",
    "qname" : "o:ab672a765c4045789df5"
  },
  "recommendations" : [ {
    "id" : "7e20154425244651a587",
    "ref" : "node://60748d9223d1d8b18ea5/fdc5ce9d25c8ae75f09a/4375d1eb9094255abf40/7e20154425244651a587",
    "typeQName" : "store:book",
    "title" : "Romeo and Juliet",
    "qname" : "o:7e20154425244651a587",
    "slug" : "romeo-and-juliet"
  } ],
  "tags" : [ "elizabeth", "darcy", "pride", "prejudice", "jane" ],
  "slug" : "pride-and-prejudice",
  "cover" : {
    "id" : "default",
    "name" : "default.jpg",
    "size" : 76404,
    "contentType" : "image/jpeg"
  },
  "pdf" : {
    "id" : "book_pdf",
    "name" : "book_pdf.pdf",
    "size" : 1427869,
    "contentType" : "application/pdf"
  },
  "_system" : {
    "deleted" : false,
    "changeset" : "27:ee1e9e428f41668cd21a",
    "created_on" : {
      "timestamp" : "20-Oct-2021 14:37:27",
      "year" : 2021,
      "month" : 9,
      "day_of_month" : 20,
      "hour" : 14,
      "minute" : 37,
      "second" : 27,
      "millisecond" : 384,
      "ms" : 1634755047384,
      "iso_8601" : "2021-10-20T14:37:27-04:00"
    },
    "created_by" : "admin",
    "created_by_principal_id" : "b4d6c22caee99692904d",
    "created_by_principal_domain_id" : "default",
    "modified_on" : {
      "timestamp" : "20-Oct-2021 14:37:40",
      "year" : 2021,
      "month" : 9,
      "day_of_month" : 20,
      "hour" : 14,
      "minute" : 37,
      "second" : 40,
      "millisecond" : 278,
      "ms" : 1634755060278,
      "iso_8601" : "2021-10-20T14:37:40-04:00"
    },
    "modified_by" : "admin",
    "modified_by_principal_id" : "b4d6c22caee99692904d",
    "modified_by_principal_domain_id" : "default",
    "edited_on" : {
      "timestamp" : "20-Oct-2021 14:37:40",
      "year" : 2021,
      "month" : 9,
      "day_of_month" : 20,
      "hour" : 14,
      "minute" : 37,
      "second" : 40,
      "millisecond" : 278,
      "ms" : 1634755060278,
      "iso_8601" : "2021-10-20T14:37:40-04:00"
    },
    "edited_by" : "admin",
    "edited_by_principal_id" : "b4d6c22caee99692904d",
    "edited_by_principal_domain_id" : "default",
    "rev" : 27,
    "attachments" : {
      "book_pdf" : {
        "contentType" : "application/pdf",
        "length" : 1427869,
        "objectId" : "attachment_9f2d19b8a74940c3940c_25eef79b87e6bd8cfa6a",
        "filename" : "book_pdf.pdf"
      },
      "default" : {
        "contentType" : "image/jpeg",
        "length" : 76404,
        "objectId" : "attachment_9f2d19b8a74940c3940c_4094c941233edc9c9cd6",
        "filename" : "default.jpg"
      }
    },
    "previousChangeset" : "26:c8df8a4b5676e6811b2a",
    "branch" : "4375d1eb9094255abf40",
    "_op" : "update"
  },
  "_doc" : "9f2d19b8a74940c3940c",
  "_qname" : "o:9f2d19b8a74940c3940c",
  "_features" : {
    "f:filename" : {
      "filename" : "Pride_and_Prejudice"
    },
    "f:audit" : { },
    "f:titled" : { },
    "f:geolocation" : { },
    "f:indexable" : { },
    "f:taggable" : {
      "enabled" : true
    },
    "f:deployment-config" : {
      "default" : {
        "mappings" : [ {
          "type" : "object-to-file",
          "config" : {
            "filepath" : "/store/books/{{object.slug}}.json"
          }
        }, {
          "type" : "attachment-to-file",
          "config" : {
            "attachmentId" : "*",
            "filepath" : "/store/books/{{object.slug}}.{{attachment.ext}}"
          }
        } ]
      }
    },
    "f:publishable" : {
      "state" : "approved"
    }
  },
  "_type" : "store:book"
}