{
  "_system" : {
    "deleted" : false,
    "changeset" : "0:root",
    "modified_on" : {
      "timestamp" : "19-Apr-2019 20:08:37",
      "year" : 2019,
      "month" : 3,
      "day_of_month" : 19,
      "hour" : 20,
      "minute" : 8,
      "second" : 37,
      "millisecond" : 51,
      "ms" : 1555704517051,
      "iso_8601" : "2019-04-19T20:08:37Z"
    },
    "modified_by" : "admin",
    "modified_by_principal_id" : "74004ce2e8561e763ac4",
    "modified_by_principal_domain_id" : "default",
    "edited_on" : {
      "timestamp" : "19-Apr-2019 20:08:37",
      "year" : 2019,
      "month" : 3,
      "day_of_month" : 19,
      "hour" : 20,
      "minute" : 8,
      "second" : 37,
      "millisecond" : 51,
      "ms" : 1555704517051,
      "iso_8601" : "2019-04-19T20:08:37Z"
    },
    "edited_by" : "admin",
    "edited_by_principal_id" : "74004ce2e8561e763ac4",
    "edited_by_principal_domain_id" : "default",
    "created_on" : {
      "timestamp" : "19-Apr-2019 20:08:37",
      "year" : 2019,
      "month" : 3,
      "day_of_month" : 19,
      "hour" : 20,
      "minute" : 8,
      "second" : 37,
      "millisecond" : 51,
      "ms" : 1555704517051,
      "iso_8601" : "2019-04-19T20:08:37Z"
    },
    "created_by" : "admin",
    "created_by_principal_id" : "74004ce2e8561e763ac4",
    "created_by_principal_domain_id" : "default"
  },
  "_qname" : "o:e4d81bba9d57df329c99",
  "_type" : "a:has_role",
  "directionality" : "DIRECTED",
  "_features" : {
    "f:audit" : { },
    "f:indexable" : { }
  },
  "source_type" : "n:person",
  "source" : "30f35428e6a96967f1e5",
  "target_type" : "n:node",
  "target" : "6ac21907ff3a0a6d2a2b",
  "role-key" : "owner",
  "inherited" : true,
  "inheritsFrom" : "f8bb1ff00f9f9f6a4764",
  "_doc" : "e4d81bba9d57df329c99"
}