{
  "permissioned" : "6a93bf1fc0d596f7e37a",
  "principal" : "b13e4ebf13591662bdca",
  "authority" : "connector",
  "domain" : "default",
  "_system" : {
    "created_on" : {
      "timestamp" : "31-Aug-2022 15:25:56",
      "year" : 2022,
      "month" : 7,
      "day_of_month" : 31,
      "hour" : 15,
      "minute" : 25,
      "second" : 56,
      "millisecond" : 932,
      "ms" : 1661959556932,
      "iso_8601" : "2022-08-31T15:25:56Z"
    },
    "created_by" : "admin",
    "created_by_principal_id" : "2f873756d87a4ad1befc",
    "created_by_principal_domain_id" : "default",
    "modified_on" : {
      "timestamp" : "31-Aug-2022 15:25:56",
      "year" : 2022,
      "month" : 7,
      "day_of_month" : 31,
      "hour" : 15,
      "minute" : 25,
      "second" : 56,
      "millisecond" : 932,
      "ms" : 1661959556932,
      "iso_8601" : "2022-08-31T15:25:56Z"
    },
    "modified_by" : "admin",
    "modified_by_principal_id" : "2f873756d87a4ad1befc",
    "modified_by_principal_domain_id" : "default",
    "edited_on" : {
      "timestamp" : "31-Aug-2022 15:25:56",
      "year" : 2022,
      "month" : 7,
      "day_of_month" : 31,
      "hour" : 15,
      "minute" : 25,
      "second" : 56,
      "millisecond" : 932,
      "ms" : 1661959556932,
      "iso_8601" : "2022-08-31T15:25:56Z"
    },
    "edited_by" : "admin",
    "edited_by_principal_id" : "2f873756d87a4ad1befc",
    "edited_by_principal_domain_id" : "default"
  },
  "_doc" : "855d3c4c308c1192a68b"
}