{
  "name" : "appuser-036a5c08d1eb86d9ccfa",
  "type" : "USER",
  "_system" : {
    "created_on" : {
      "timestamp" : "21-Jan-2021 16:22:18",
      "year" : 2021,
      "month" : 0,
      "day_of_month" : 21,
      "hour" : 16,
      "minute" : 22,
      "second" : 18,
      "millisecond" : 349,
      "ms" : 1611264138349,
      "iso_8601" : "2021-01-21T16:22:18-05:00"
    },
    "created_by" : "admin",
    "created_by_principal_id" : "8df8c30d1c2f95496937",
    "created_by_principal_domain_id" : "default",
    "modified_on" : {
      "timestamp" : "21-Jan-2021 16:22:18",
      "year" : 2021,
      "month" : 0,
      "day_of_month" : 21,
      "hour" : 16,
      "minute" : 22,
      "second" : 18,
      "millisecond" : 349,
      "ms" : 1611264138349,
      "iso_8601" : "2021-01-21T16:22:18-05:00"
    },
    "modified_by" : "admin",
    "modified_by_principal_id" : "8df8c30d1c2f95496937",
    "modified_by_principal_domain_id" : "default",
    "edited_on" : {
      "timestamp" : "21-Jan-2021 16:22:18",
      "year" : 2021,
      "month" : 0,
      "day_of_month" : 21,
      "hour" : 16,
      "minute" : 22,
      "second" : 18,
      "millisecond" : 349,
      "ms" : 1611264138349,
      "iso_8601" : "2021-01-21T16:22:18-05:00"
    },
    "edited_by" : "admin",
    "edited_by_principal_id" : "8df8c30d1c2f95496937",
    "edited_by_principal_domain_id" : "default"
  },
  "_doc" : "7f5108de7986bdb91ae3"
}