{
  "_doc" : "1aa694455126a9da6999",
  "root" : "144:745e150f5a6c4691f23e",
  "tip" : "146:8b368d5c5637a8b1b7a8",
  "root-branch" : "4a11b3490f5cf2a8a2b7",
  "type" : "CUSTOM",
  "_system" : {
    "created_on" : {
      "timestamp" : "14-Feb-2019 15:33:39",
      "year" : 2019,
      "month" : 1,
      "day_of_month" : 14,
      "hour" : 15,
      "minute" : 33,
      "second" : 39,
      "millisecond" : 664,
      "ms" : 1550158419664,
      "iso_8601" : "2019-02-14T15:33:39Z"
    },
    "created_by" : "admin",
    "created_by_principal_id" : "5bab281f1cb2047f12ba",
    "created_by_principal_domain_id" : "default",
    "modified_on" : {
      "timestamp" : "14-Feb-2019 15:33:39",
      "year" : 2019,
      "month" : 1,
      "day_of_month" : 14,
      "hour" : 15,
      "minute" : 33,
      "second" : 39,
      "millisecond" : 664,
      "ms" : 1550158419664,
      "iso_8601" : "2019-02-14T15:33:39Z"
    },
    "modified_by" : "admin",
    "modified_by_principal_id" : "5bab281f1cb2047f12ba",
    "modified_by_principal_domain_id" : "default",
    "edited_on" : {
      "timestamp" : "14-Feb-2019 15:33:39",
      "year" : 2019,
      "month" : 1,
      "day_of_month" : 14,
      "hour" : 15,
      "minute" : 33,
      "second" : 39,
      "millisecond" : 664,
      "ms" : 1550158419664,
      "iso_8601" : "2019-02-14T15:33:39Z"
    },
    "edited_by" : "admin",
    "edited_by_principal_id" : "5bab281f1cb2047f12ba",
    "edited_by_principal_domain_id" : "default"
  },
  "archived" : false,
  "snapshot" : false,
  "title" : "Add Florence, Italy to Guide",
  "workspace" : true,
  "releaseId" : "422f8e8418db58b37bbe"
}