{
  "type" : "CREATE",
  "timestamp" : {
    "timestamp" : "27-Oct-2021 15:39:38",
    "year" : 2021,
    "month" : 9,
    "day_of_month" : 27,
    "hour" : 15,
    "minute" : 39,
    "second" : 38,
    "millisecond" : 63,
    "ms" : 1635349178063,
    "iso_8601" : "2021-10-27T15:39:38Z"
  },
  "userDomainId" : "default",
  "userId" : "ed403cd3ae171ad7caf0",
  "userTitle" : "admin",
  "userName" : "admin",
  "objectDatastoreTypeId" : "repository",
  "objectDatastoreId" : "a8db999c5898f0b5d950",
  "objectDatastoreTitle" : "Sample Project 'content' repository",
  "objectId" : "ed0548e8021cf18f6937",
  "objectTypeId" : "node",
  "objectTitle" : "Carl Sagan",
  "stackId" : "60d86c9f942917d841ff",
  "projectId" : "99607efb08eb40e18532",
  "projectTitle" : "Sample Project",
  "_system" : {
    "created_on" : {
      "timestamp" : "27-Oct-2021 15:39:38",
      "year" : 2021,
      "month" : 9,
      "day_of_month" : 27,
      "hour" : 15,
      "minute" : 39,
      "second" : 38,
      "millisecond" : 65,
      "ms" : 1635349178065,
      "iso_8601" : "2021-10-27T15:39:38Z"
    },
    "created_by" : "admin",
    "created_by_principal_id" : "ed403cd3ae171ad7caf0",
    "created_by_principal_domain_id" : "default",
    "modified_on" : {
      "timestamp" : "27-Oct-2021 15:39:38",
      "year" : 2021,
      "month" : 9,
      "day_of_month" : 27,
      "hour" : 15,
      "minute" : 39,
      "second" : 38,
      "millisecond" : 65,
      "ms" : 1635349178065,
      "iso_8601" : "2021-10-27T15:39:38Z"
    },
    "modified_by" : "admin",
    "modified_by_principal_id" : "ed403cd3ae171ad7caf0",
    "modified_by_principal_domain_id" : "default",
    "edited_on" : {
      "timestamp" : "27-Oct-2021 15:39:38",
      "year" : 2021,
      "month" : 9,
      "day_of_month" : 27,
      "hour" : 15,
      "minute" : 39,
      "second" : 38,
      "millisecond" : 65,
      "ms" : 1635349178065,
      "iso_8601" : "2021-10-27T15:39:38Z"
    },
    "edited_by" : "admin",
    "edited_by_principal_id" : "ed403cd3ae171ad7caf0",
    "edited_by_principal_domain_id" : "default"
  },
  "_doc" : "e1f685dfb51aa0ad2b6d"
}