{
  "permissioned" : "b46195155f738204c567",
  "principal" : "2d415128ccec1f02aa71",
  "authority" : "consumer",
  "domain" : "default",
  "_system" : {
    "created_on" : {
      "timestamp" : "06-Aug-2020 13:25:31",
      "year" : 2020,
      "month" : 7,
      "day_of_month" : 6,
      "hour" : 13,
      "minute" : 25,
      "second" : 31,
      "millisecond" : 39,
      "ms" : 1596720331039,
      "iso_8601" : "2020-08-06T13:25:31Z"
    },
    "created_by" : "admin",
    "created_by_principal_id" : "bb39303eba0c35a3d2da",
    "created_by_principal_domain_id" : "default",
    "modified_on" : {
      "timestamp" : "06-Aug-2020 13:25:31",
      "year" : 2020,
      "month" : 7,
      "day_of_month" : 6,
      "hour" : 13,
      "minute" : 25,
      "second" : 31,
      "millisecond" : 39,
      "ms" : 1596720331039,
      "iso_8601" : "2020-08-06T13:25:31Z"
    },
    "modified_by" : "admin",
    "modified_by_principal_id" : "bb39303eba0c35a3d2da",
    "modified_by_principal_domain_id" : "default",
    "edited_on" : {
      "timestamp" : "06-Aug-2020 13:25:31",
      "year" : 2020,
      "month" : 7,
      "day_of_month" : 6,
      "hour" : 13,
      "minute" : 25,
      "second" : 31,
      "millisecond" : 39,
      "ms" : 1596720331039,
      "iso_8601" : "2020-08-06T13:25:31Z"
    },
    "edited_by" : "admin",
    "edited_by_principal_id" : "bb39303eba0c35a3d2da",
    "edited_by_principal_domain_id" : "default"
  },
  "_doc" : "be5b95d86dd1f2f8d909"
}