{
  "_system" : {
    "deleted" : false,
    "changeset" : "10:63949a288febbe42bebb",
    "created_on" : {
      "timestamp" : "07-Mar-2023 09:39:20",
      "year" : 2023,
      "month" : 2,
      "day_of_month" : 7,
      "hour" : 9,
      "minute" : 39,
      "second" : 20,
      "millisecond" : 0,
      "ms" : 1678199960000,
      "iso_8601" : "2023-03-07T09:39:20-05:00"
    },
    "created_by" : "admin",
    "created_by_principal_id" : "046cf0d415feaf45bcf2",
    "created_by_principal_domain_id" : "default",
    "modified_on" : {
      "timestamp" : "07-Mar-2023 09:39:20",
      "year" : 2023,
      "month" : 2,
      "day_of_month" : 7,
      "hour" : 9,
      "minute" : 39,
      "second" : 20,
      "millisecond" : 8,
      "ms" : 1678199960008,
      "iso_8601" : "2023-03-07T09:39:20-05:00"
    },
    "modified_by" : "admin",
    "modified_by_principal_id" : "046cf0d415feaf45bcf2",
    "modified_by_principal_domain_id" : "default",
    "edited_on" : {
      "timestamp" : "07-Mar-2023 09:39:20",
      "year" : 2023,
      "month" : 2,
      "day_of_month" : 7,
      "hour" : 9,
      "minute" : 39,
      "second" : 20,
      "millisecond" : 8,
      "ms" : 1678199960008,
      "iso_8601" : "2023-03-07T09:39:20-05:00"
    },
    "edited_by" : "admin",
    "edited_by_principal_id" : "046cf0d415feaf45bcf2",
    "rev" : 10,
    "branch" : "660838eae4eeba015a76",
    "_op" : "create",
    "edited_by_principal_domain_id" : "default"
  },
  "_doc" : "d153724435e86d5e84b4",
  "_qname" : "o:d153724435e86d5e84b4",
  "_type" : "a:child",
  "directionality" : "DIRECTED",
  "_features" : {
    "f:propagates-authorities" : {
      "enabled" : true
    },
    "f:non-cyclic" : { },
    "f:knowledge-sharing" : {
      "enabled" : true
    },
    "f:audit" : { },
    "f:indexable" : { }
  },
  "source_type" : "n:node",
  "source" : "b937ded1d522931c3ebe",
  "target_type" : "n:email_template",
  "target" : "da414851a641ae633c31"
}