{
  "_doc" : "821c40ab613d9b5bcbbc656b6222933b",
  "_qname" : "f:dublincore",
  "_type" : "d:feature",
  "type" : "object",
  "title" : "Dublin Core",
  "description" : "Extracts properties from a document and applies Dublin Core metadata to a node",
  "systemBootstrapped" : true,
  "properties" : {
    "dublincore" : {
      "type" : "object",
      "title" : "Dublin Core Properties",
      "properties" : {
        "title" : {
          "type" : "string",
          "title" : "Title"
        },
        "creator" : {
          "type" : "string",
          "title" : "Creator"
        },
        "subject" : {
          "type" : "string",
          "title" : "Subject"
        },
        "description" : {
          "type" : "string",
          "title" : "Description"
        },
        "publisher" : {
          "type" : "string",
          "title" : "Publisher"
        },
        "other_contributor" : {
          "type" : "string",
          "title" : "Other Contributor"
        },
        "date" : {
          "type" : "string",
          "title" : "Date"
        },
        "type" : {
          "type" : "string",
          "title" : "Type"
        },
        "format" : {
          "type" : "string",
          "title" : "Format"
        },
        "identifier" : {
          "type" : "string",
          "title" : "Identifier"
        },
        "language" : {
          "type" : "string",
          "title" : "Language"
        },
        "relation" : {
          "type" : "string",
          "title" : "Relation"
        },
        "coverage" : {
          "type" : "string",
          "title" : "Coverage"
        },
        "rights_management" : {
          "type" : "string",
          "title" : "Rights Management"
        }
      }
    }
  },
  "mandatoryFeatures" : {
    "f:extractable" : { }
  },
  "_system" : {
    "deleted" : false,
    "changeset" : "0:root",
    "created_on" : {
      "timestamp" : "20-Oct-2021 09:44:04",
      "year" : 2021,
      "month" : 9,
      "day_of_month" : 20,
      "hour" : 9,
      "minute" : 44,
      "second" : 4,
      "millisecond" : 937,
      "ms" : 1634737444937,
      "iso_8601" : "2021-10-20T09:44:04-04:00"
    },
    "created_by" : "admin",
    "created_by_principal_id" : "2a7c6669601b1ba4c958",
    "created_by_principal_domain_id" : "default",
    "modified_on" : {
      "timestamp" : "20-Oct-2021 09:44:04",
      "year" : 2021,
      "month" : 9,
      "day_of_month" : 20,
      "hour" : 9,
      "minute" : 44,
      "second" : 4,
      "millisecond" : 975,
      "ms" : 1634737444975,
      "iso_8601" : "2021-10-20T09:44:04-04:00"
    },
    "modified_by" : "admin",
    "modified_by_principal_id" : "2a7c6669601b1ba4c958",
    "modified_by_principal_domain_id" : "default",
    "edited_on" : {
      "timestamp" : "20-Oct-2021 09:44:04",
      "year" : 2021,
      "month" : 9,
      "day_of_month" : 20,
      "hour" : 9,
      "minute" : 44,
      "second" : 4,
      "millisecond" : 975,
      "ms" : 1634737444975,
      "iso_8601" : "2021-10-20T09:44:04-04:00"
    },
    "edited_by" : "admin",
    "edited_by_principal_id" : "2a7c6669601b1ba4c958",
    "edited_by_principal_domain_id" : "default",
    "rev" : 0,
    "branch" : "c05d26b68d5e6c9699cf",
    "_op" : "create"
  },
  "$schema" : "http://json-schema.org/draft-04/schema#"
}