{
  "_system" : {
    "deleted" : false,
    "changeset" : "29:af2481f425f570d83772",
    "created_on" : {
      "timestamp" : "14-Feb-2019 15:32:57",
      "year" : 2019,
      "month" : 1,
      "day_of_month" : 14,
      "hour" : 15,
      "minute" : 32,
      "second" : 57,
      "millisecond" : 711,
      "ms" : 1550158377711,
      "iso_8601" : "2019-02-14T15:32:57Z"
    },
    "created_by" : "admin",
    "created_by_principal_id" : "5bab281f1cb2047f12ba",
    "created_by_principal_domain_id" : "default",
    "modified_on" : {
      "timestamp" : "14-Feb-2019 15:32:57",
      "year" : 2019,
      "month" : 1,
      "day_of_month" : 14,
      "hour" : 15,
      "minute" : 32,
      "second" : 57,
      "millisecond" : 762,
      "ms" : 1550158377762,
      "iso_8601" : "2019-02-14T15:32:57Z"
    },
    "modified_by" : "admin",
    "modified_by_principal_id" : "5bab281f1cb2047f12ba",
    "modified_by_principal_domain_id" : "default",
    "edited_on" : {
      "timestamp" : "14-Feb-2019 15:32:57",
      "year" : 2019,
      "month" : 1,
      "day_of_month" : 14,
      "hour" : 15,
      "minute" : 32,
      "second" : 57,
      "millisecond" : 762,
      "ms" : 1550158377762,
      "iso_8601" : "2019-02-14T15:32:57Z"
    },
    "edited_by" : "admin",
    "edited_by_principal_id" : "5bab281f1cb2047f12ba",
    "edited_by_principal_domain_id" : "default"
  },
  "_doc" : "0b353b2c1df1799b67f3",
  "_qname" : "o:0b353b2c1df1799b67f3",
  "_type" : "a:child",
  "directionality" : "DIRECTED",
  "_features" : {
    "f:audit" : { },
    "f:indexable" : { },
    "f:propagates-authorities" : {
      "enabled" : true
    },
    "f:non-cyclic" : { },
    "f:knowledge-sharing" : {
      "enabled" : true
    }
  },
  "source_type" : "n:node",
  "source" : "11506f7bf6c5857736c2",
  "target_type" : "catalog:product-review",
  "target" : "50184e1dcbb72ebe50e0"
}