{
  "ownerRegistrarId" : "18e394ba689301ea00d6",
  "ownerTenantId" : "3023390f9be36ec7dbc2",
  "datastoreId" : "497454044b0555145fd7",
  "datastoreTypeId" : "platform",
  "enableAuditing" : false,
  "enableAuthorities" : true,
  "maxsize" : -1,
  "size" : 0,
  "objectcount" : 0,
  "_system" : {
    "created_on" : {
      "timestamp" : "14-Sep-2020 14:55:50",
      "year" : 2020,
      "month" : 8,
      "day_of_month" : 14,
      "hour" : 14,
      "minute" : 55,
      "second" : 50,
      "millisecond" : 300,
      "ms" : 1600095350300,
      "iso_8601" : "2020-09-14T14:55:50Z"
    },
    "created_by" : "cloudcms",
    "created_by_principal_id" : "84c6cefa4eed09f060ce",
    "created_by_principal_domain_id" : "47854b2d1aa78755d26f",
    "modified_on" : {
      "timestamp" : "27-Oct-2021 15:38:36",
      "year" : 2021,
      "month" : 9,
      "day_of_month" : 27,
      "hour" : 15,
      "minute" : 38,
      "second" : 36,
      "millisecond" : 136,
      "ms" : 1635349116136,
      "iso_8601" : "2021-10-27T15:38:36Z"
    },
    "modified_by" : "admin",
    "modified_by_principal_id" : "ed403cd3ae171ad7caf0",
    "modified_by_principal_domain_id" : "default",
    "edited_on" : {
      "timestamp" : "27-Oct-2021 15:38:36",
      "year" : 2021,
      "month" : 9,
      "day_of_month" : 27,
      "hour" : 15,
      "minute" : 38,
      "second" : 36,
      "millisecond" : 136,
      "ms" : 1635349116136,
      "iso_8601" : "2021-10-27T15:38:36Z"
    },
    "edited_by" : "admin",
    "edited_by_principal_id" : "ed403cd3ae171ad7caf0",
    "edited_by_principal_domain_id" : "default"
  },
  "_doc" : "66a106ec18bf6ff533a0",
  "statisticsDate" : {
    "timestamp" : "01-Jan-1970 00:00:00",
    "year" : 1970,
    "month" : 0,
    "day_of_month" : 1,
    "hour" : 0,
    "minute" : 0,
    "second" : 0,
    "millisecond" : 1,
    "ms" : 1,
    "iso_8601" : "1970-01-01T00:00:00Z"
  },
  "statisticsDirty" : true,
  "antivirusEnabled" : false,
  "sessionTimeout" : 86400000,
  "authenticationMaxAttempts" : 3,
  "authenticationResetTimeout" : 900000,
  "accessTokenValidity" : 86400000,
  "defaultNewMemberUIConfig" : {
    "id" : "e9a9763244db4d4daeaa",
    "ref" : "uiconfig://497454044b0555145fd7/e9a9763244db4d4daeaa",
    "title" : "Project with View Deleted Items"
  }
}