{
  "_doc" : "26:c4c7ecc6718f8d3470c9",
  "_system" : {
    "created_on" : {
      "timestamp" : "07-Mar-2023 09:39:24",
      "year" : 2023,
      "month" : 2,
      "day_of_month" : 7,
      "hour" : 9,
      "minute" : 39,
      "second" : 24,
      "millisecond" : 868,
      "ms" : 1678199964868,
      "iso_8601" : "2023-03-07T09:39:24-05:00"
    },
    "created_by" : "system",
    "created_by_principal_id" : "system",
    "created_by_principal_domain_id" : null,
    "modified_on" : {
      "timestamp" : "07-Mar-2023 09:39:25",
      "year" : 2023,
      "month" : 2,
      "day_of_month" : 7,
      "hour" : 9,
      "minute" : 39,
      "second" : 25,
      "millisecond" : 376,
      "ms" : 1678199965376,
      "iso_8601" : "2023-03-07T09:39:25-05:00"
    },
    "modified_by" : "system",
    "modified_by_principal_id" : "system",
    "modified_by_principal_domain_id" : null,
    "edited_on" : {
      "timestamp" : "07-Mar-2023 09:39:24",
      "year" : 2023,
      "month" : 2,
      "day_of_month" : 7,
      "hour" : 9,
      "minute" : 39,
      "second" : 24,
      "millisecond" : 868,
      "ms" : 1678199964868,
      "iso_8601" : "2023-03-07T09:39:24-05:00"
    },
    "edited_by" : "system",
    "edited_by_principal_id" : "system"
  },
  "revision" : 26,
  "active" : true,
  "parents" : [ "25:2a02968445fd8a992221" ],
  "branch" : "660838eae4eeba015a76"
}