{
  "_system" : {
    "deleted" : false,
    "changeset" : "37:c78370035424a9f12c52",
    "created_on" : {
      "timestamp" : "14-Feb-2019 15:33:02",
      "year" : 2019,
      "month" : 1,
      "day_of_month" : 14,
      "hour" : 15,
      "minute" : 33,
      "second" : 2,
      "millisecond" : 107,
      "ms" : 1550158382107,
      "iso_8601" : "2019-02-14T15:33:02Z"
    },
    "created_by" : "admin",
    "created_by_principal_id" : "5bab281f1cb2047f12ba",
    "created_by_principal_domain_id" : "default",
    "modified_on" : {
      "timestamp" : "14-Feb-2019 15:33:02",
      "year" : 2019,
      "month" : 1,
      "day_of_month" : 14,
      "hour" : 15,
      "minute" : 33,
      "second" : 2,
      "millisecond" : 156,
      "ms" : 1550158382156,
      "iso_8601" : "2019-02-14T15:33:02Z"
    },
    "modified_by" : "admin",
    "modified_by_principal_id" : "5bab281f1cb2047f12ba",
    "modified_by_principal_domain_id" : "default",
    "edited_on" : {
      "timestamp" : "14-Feb-2019 15:33:02",
      "year" : 2019,
      "month" : 1,
      "day_of_month" : 14,
      "hour" : 15,
      "minute" : 33,
      "second" : 2,
      "millisecond" : 156,
      "ms" : 1550158382156,
      "iso_8601" : "2019-02-14T15:33:02Z"
    },
    "edited_by" : "admin",
    "edited_by_principal_id" : "5bab281f1cb2047f12ba",
    "edited_by_principal_domain_id" : "default"
  },
  "_doc" : "6cb50b2efea3664994a1",
  "_qname" : "o:6cb50b2efea3664994a1",
  "_type" : "a:has_role",
  "directionality" : "DIRECTED",
  "_features" : {
    "f:audit" : { },
    "f:indexable" : { }
  },
  "source_type" : "n:person",
  "source" : "fb528b3cc0f4915e1ab5",
  "target_type" : "catalog:product",
  "target" : "1c4cc5cc26772fa8ba92",
  "role-key" : "owner",
  "inherited" : true,
  "inheritsFrom" : "3b7fa074cb11d282e53f"
}