{
  "_doc" : "128:683e85398f67082f7da2",
  "_system" : {
    "created_on" : {
      "timestamp" : "14-Feb-2019 15:33:33",
      "year" : 2019,
      "month" : 1,
      "day_of_month" : 14,
      "hour" : 15,
      "minute" : 33,
      "second" : 33,
      "millisecond" : 95,
      "ms" : 1550158413095,
      "iso_8601" : "2019-02-14T15:33:33Z"
    },
    "created_by" : "admin",
    "created_by_principal_id" : "5bab281f1cb2047f12ba",
    "created_by_principal_domain_id" : "default",
    "modified_on" : {
      "timestamp" : "14-Feb-2019 15:33:33",
      "year" : 2019,
      "month" : 1,
      "day_of_month" : 14,
      "hour" : 15,
      "minute" : 33,
      "second" : 33,
      "millisecond" : 209,
      "ms" : 1550158413209,
      "iso_8601" : "2019-02-14T15:33:33Z"
    },
    "modified_by" : "admin",
    "modified_by_principal_id" : "5bab281f1cb2047f12ba",
    "modified_by_principal_domain_id" : "default",
    "edited_on" : {
      "timestamp" : "14-Feb-2019 15:33:33",
      "year" : 2019,
      "month" : 1,
      "day_of_month" : 14,
      "hour" : 15,
      "minute" : 33,
      "second" : 33,
      "millisecond" : 209,
      "ms" : 1550158413209,
      "iso_8601" : "2019-02-14T15:33:33Z"
    },
    "edited_by" : "admin",
    "edited_by_principal_id" : "5bab281f1cb2047f12ba",
    "edited_by_principal_domain_id" : "default"
  },
  "revision" : 128,
  "active" : true,
  "parents" : [ "127:e38e63509f12647ac138" ],
  "branch" : "4a11b3490f5cf2a8a2b7"
}