{
  "_type" : "store:author",
  "title" : "Ernest Hemingway",
  "firstName" : "Ernest",
  "lastName" : "Hemingway",
  "slug" : "ernest-hemingway",
  "_features" : {
    "f:filename" : {
      "filename" : "Ernest%20Hemingway"
    },
    "f:deployment-config" : {
      "default" : {
        "mappings" : [ {
          "type" : "object-to-file",
          "config" : {
            "filepath" : "/store/authors/{{object.slug}}.json"
          }
        }, {
          "type" : "attachment-to-file",
          "config" : {
            "attachmentId" : "*",
            "filepath" : "/store/authors/{{object.slug}}.{{attachment.ext}}"
          }
        } ]
      }
    },
    "f:audit" : { },
    "f:titled" : { },
    "f:geolocation" : { },
    "f:indexable" : { },
    "f:publishable" : {
      "state" : "approved"
    }
  },
  "_qname" : "o:dc43d1e8a3b245369be3",
  "_doc" : "dc43d1e8a3b245369be3",
  "_system" : {
    "deleted" : false,
    "changeset" : "30:0a2a8c545ea3e4bf7423",
    "created_on" : {
      "timestamp" : "31-Aug-2022 15:26:11",
      "year" : 2022,
      "month" : 7,
      "day_of_month" : 31,
      "hour" : 15,
      "minute" : 26,
      "second" : 11,
      "millisecond" : 899,
      "ms" : 1661959571899,
      "iso_8601" : "2022-08-31T15:26:11Z"
    },
    "created_by" : "admin",
    "created_by_principal_id" : "2f873756d87a4ad1befc",
    "created_by_principal_domain_id" : "default",
    "modified_on" : {
      "timestamp" : "31-Aug-2022 15:26:22",
      "year" : 2022,
      "month" : 7,
      "day_of_month" : 31,
      "hour" : 15,
      "minute" : 26,
      "second" : 22,
      "millisecond" : 564,
      "ms" : 1661959582564,
      "iso_8601" : "2022-08-31T15:26:22Z"
    },
    "modified_by" : "admin",
    "modified_by_principal_id" : "2f873756d87a4ad1befc",
    "modified_by_principal_domain_id" : "default",
    "edited_on" : {
      "timestamp" : "31-Aug-2022 15:26:22",
      "year" : 2022,
      "month" : 7,
      "day_of_month" : 31,
      "hour" : 15,
      "minute" : 26,
      "second" : 22,
      "millisecond" : 564,
      "ms" : 1661959582564,
      "iso_8601" : "2022-08-31T15:26:22Z"
    },
    "edited_by" : "admin",
    "edited_by_principal_id" : "2f873756d87a4ad1befc",
    "rev" : 30,
    "attachments" : {
      "default" : {
        "contentType" : "image/jpeg",
        "length" : 22116,
        "objectId" : "attachment_dc43d1e8a3b245369be3_a061582e092ab272f20b",
        "filename" : "default.jpg",
        "md5" : "1c31ac12a2279cb72578e92d2f5c8b"
      }
    },
    "previousChangeset" : "26:448530dd6c4ba1eb665e",
    "branch" : "88810405bb84bac72aab",
    "_op" : "update",
    "edited_by_principal_domain_id" : "default"
  }
}