{
  "_features" : {
    "f:relator" : {
      "propertyHolder" : "source",
      "propertyPath" : "/recommendations[1]",
      "active" : true
    },
    "f:audit" : { },
    "f:indexable" : { }
  },
  "source" : "037dc01b37df49c6b50e",
  "source_type" : "store:book",
  "target" : "928799a6c26e4d4a9362",
  "target_type" : "store:book",
  "directionality" : "DIRECTED",
  "_system" : {
    "deleted" : false,
    "changeset" : "34:8a66fd952025ea1236d2",
    "created_on" : {
      "timestamp" : "20-Oct-2021 09:34:24",
      "year" : 2021,
      "month" : 9,
      "day_of_month" : 20,
      "hour" : 9,
      "minute" : 34,
      "second" : 24,
      "millisecond" : 598,
      "ms" : 1634736864598,
      "iso_8601" : "2021-10-20T09:34:24-04:00"
    },
    "created_by" : "admin",
    "created_by_principal_id" : "2a7c6669601b1ba4c958",
    "created_by_principal_domain_id" : "default",
    "modified_on" : {
      "timestamp" : "20-Oct-2021 09:34:24",
      "year" : 2021,
      "month" : 9,
      "day_of_month" : 20,
      "hour" : 9,
      "minute" : 34,
      "second" : 24,
      "millisecond" : 667,
      "ms" : 1634736864667,
      "iso_8601" : "2021-10-20T09:34:24-04:00"
    },
    "modified_by" : "admin",
    "modified_by_principal_id" : "2a7c6669601b1ba4c958",
    "modified_by_principal_domain_id" : "default",
    "edited_on" : {
      "timestamp" : "20-Oct-2021 09:34:24",
      "year" : 2021,
      "month" : 9,
      "day_of_month" : 20,
      "hour" : 9,
      "minute" : 34,
      "second" : 24,
      "millisecond" : 667,
      "ms" : 1634736864667,
      "iso_8601" : "2021-10-20T09:34:24-04:00"
    },
    "edited_by" : "admin",
    "edited_by_principal_id" : "2a7c6669601b1ba4c958",
    "edited_by_principal_domain_id" : "default",
    "rev" : 34,
    "branch" : "1ad06a3e9160fdc88c85",
    "_op" : "create"
  },
  "_doc" : "27e77353d1a09e15d669",
  "_qname" : "o:27e77353d1a09e15d669",
  "_type" : "store:suggests"
}