{
  "permissioned" : "c077bc8523a78b89e6a1",
  "principal" : "601c70215c6ee29cdea5",
  "authority" : "consumer",
  "domain" : "default",
  "_system" : {
    "created_on" : {
      "timestamp" : "06-Jul-2022 14:22:16",
      "year" : 2022,
      "month" : 6,
      "day_of_month" : 6,
      "hour" : 14,
      "minute" : 22,
      "second" : 16,
      "millisecond" : 985,
      "ms" : 1657117336985,
      "iso_8601" : "2022-07-06T14:22:16Z"
    },
    "created_by" : "system",
    "created_by_principal_id" : "system",
    "created_by_principal_domain_id" : null,
    "modified_on" : {
      "timestamp" : "06-Jul-2022 14:22:16",
      "year" : 2022,
      "month" : 6,
      "day_of_month" : 6,
      "hour" : 14,
      "minute" : 22,
      "second" : 16,
      "millisecond" : 985,
      "ms" : 1657117336985,
      "iso_8601" : "2022-07-06T14:22:16Z"
    },
    "modified_by" : "system",
    "modified_by_principal_id" : "system",
    "modified_by_principal_domain_id" : null,
    "edited_on" : {
      "timestamp" : "06-Jul-2022 14:22:16",
      "year" : 2022,
      "month" : 6,
      "day_of_month" : 6,
      "hour" : 14,
      "minute" : 22,
      "second" : 16,
      "millisecond" : 985,
      "ms" : 1657117336985,
      "iso_8601" : "2022-07-06T14:22:16Z"
    },
    "edited_by" : "system",
    "edited_by_principal_id" : "system",
    "edited_by_principal_domain_id" : null
  },
  "_doc" : "511f361f0447e260d0a8"
}