{
  "platformId" : "7c44b45c5ae05aec7e45",
  "datastoreId" : "6d2bead7f8eeaa0ddfc7",
  "datastoreTypeId" : "application",
  "enableAuditing" : false,
  "enableAuthorities" : true,
  "maxsize" : -1,
  "size" : 0,
  "objectcount" : 0,
  "_system" : {
    "created_on" : {
      "timestamp" : "07-Dec-2021 18:01:41",
      "year" : 2021,
      "month" : 11,
      "day_of_month" : 7,
      "hour" : 18,
      "minute" : 1,
      "second" : 41,
      "millisecond" : 306,
      "ms" : 1638900101306,
      "iso_8601" : "2021-12-07T18:01:41Z"
    },
    "created_by" : "admin",
    "created_by_principal_id" : "9a36db8c2529d3cf7b7b",
    "created_by_principal_domain_id" : "default",
    "modified_on" : {
      "timestamp" : "07-Dec-2021 18:02:25",
      "year" : 2021,
      "month" : 11,
      "day_of_month" : 7,
      "hour" : 18,
      "minute" : 2,
      "second" : 25,
      "millisecond" : 589,
      "ms" : 1638900145589,
      "iso_8601" : "2021-12-07T18:02:25Z"
    },
    "modified_by" : "admin",
    "modified_by_principal_id" : "9a36db8c2529d3cf7b7b",
    "modified_by_principal_domain_id" : "default",
    "edited_on" : {
      "timestamp" : "07-Dec-2021 18:02:25",
      "year" : 2021,
      "month" : 11,
      "day_of_month" : 7,
      "hour" : 18,
      "minute" : 2,
      "second" : 25,
      "millisecond" : 589,
      "ms" : 1638900145589,
      "iso_8601" : "2021-12-07T18:02:25Z"
    },
    "edited_by" : "admin",
    "edited_by_principal_id" : "9a36db8c2529d3cf7b7b",
    "edited_by_principal_domain_id" : "default"
  },
  "_doc" : "c9f1e0e9850b70860565",
  "statisticsDate" : {
    "timestamp" : "01-Jan-1970 00:00:00",
    "year" : 1970,
    "month" : 0,
    "day_of_month" : 1,
    "hour" : 0,
    "minute" : 0,
    "second" : 0,
    "millisecond" : 1,
    "ms" : 1,
    "iso_8601" : "1970-01-01T00:00:00Z"
  },
  "statisticsDirty" : true,
  "title" : "Sample Web Application",
  "projectId" : "7fb79119a8212211b304",
  "deployments" : {
    "default" : {
      "webhost" : "primary",
      "domain" : "cloudcms.net",
      "baseURL" : "https://api.cloudcms.com",
      "clientId" : "23c7b218f2f4d209f44b",
      "authGrantId" : "4781a08bce54c0dd9921"
    }
  },
  "applicationType" : "web",
  "source" : {
    "type" : "github",
    "uri" : "https://github.com/gitana/sdk.git",
    "path" : "/sample-website"
  }
}