{
  "_system" : {
    "deleted" : false,
    "changeset" : "3:237e491fdcf3d00ef25e",
    "created_on" : {
      "timestamp" : "26-Nov-2021 22:42:32",
      "year" : 2021,
      "month" : 10,
      "day_of_month" : 26,
      "hour" : 22,
      "minute" : 42,
      "second" : 32,
      "millisecond" : 542,
      "ms" : 1637984552542,
      "iso_8601" : "2021-11-26T22:42:32-05:00"
    },
    "created_by" : "admin",
    "created_by_principal_id" : "5bef34d1ea45b9e98ee7",
    "created_by_principal_domain_id" : "default",
    "modified_on" : {
      "timestamp" : "26-Nov-2021 22:42:32",
      "year" : 2021,
      "month" : 10,
      "day_of_month" : 26,
      "hour" : 22,
      "minute" : 42,
      "second" : 32,
      "millisecond" : 710,
      "ms" : 1637984552710,
      "iso_8601" : "2021-11-26T22:42:32-05:00"
    },
    "modified_by" : "admin",
    "modified_by_principal_id" : "5bef34d1ea45b9e98ee7",
    "modified_by_principal_domain_id" : "default",
    "edited_on" : {
      "timestamp" : "26-Nov-2021 22:42:32",
      "year" : 2021,
      "month" : 10,
      "day_of_month" : 26,
      "hour" : 22,
      "minute" : 42,
      "second" : 32,
      "millisecond" : 710,
      "ms" : 1637984552710,
      "iso_8601" : "2021-11-26T22:42:32-05:00"
    },
    "edited_by" : "admin",
    "edited_by_principal_id" : "5bef34d1ea45b9e98ee7",
    "edited_by_principal_domain_id" : "default",
    "rev" : 3,
    "branch" : "9bc800c8fc0417d3210c",
    "_op" : "create",
    "attachments" : {
      "default" : {
        "contentType" : "text/css",
        "length" : 748,
        "objectId" : "attachment_982d824e323732279781_2ac61f639b99bc9503b5",
        "filename" : "default"
      }
    }
  },
  "_doc" : "982d824e323732279781",
  "_qname" : "o:982d824e323732279781",
  "_type" : "n:node",
  "_features" : {
    "f:audit" : { },
    "f:titled" : { },
    "f:filename" : {
      "filename" : "theme.css"
    },
    "f:geolocation" : { },
    "f:indexable" : { }
  },
  "title" : "theme.css"
}