{
  "_type" : "n:node",
  "title" : "Sample Site Guide.pdf",
  "_doc" : "1f0161f1160f3bf0848b",
  "_system" : {
    "deleted" : false,
    "changeset" : "10:0c0116ba33be697c93eb",
    "created_on" : {
      "timestamp" : "14-Feb-2019 15:32:47",
      "year" : 2019,
      "month" : 1,
      "day_of_month" : 14,
      "hour" : 15,
      "minute" : 32,
      "second" : 47,
      "millisecond" : 14,
      "ms" : 1550158367014,
      "iso_8601" : "2019-02-14T15:32:47Z"
    },
    "created_by" : "admin",
    "created_by_principal_id" : "5bab281f1cb2047f12ba",
    "created_by_principal_domain_id" : "default",
    "modified_on" : {
      "timestamp" : "14-Feb-2019 15:32:47",
      "year" : 2019,
      "month" : 1,
      "day_of_month" : 14,
      "hour" : 15,
      "minute" : 32,
      "second" : 47,
      "millisecond" : 36,
      "ms" : 1550158367036,
      "iso_8601" : "2019-02-14T15:32:47Z"
    },
    "modified_by" : "admin",
    "modified_by_principal_id" : "5bab281f1cb2047f12ba",
    "modified_by_principal_domain_id" : "default",
    "edited_on" : {
      "timestamp" : "14-Feb-2019 15:32:47",
      "year" : 2019,
      "month" : 1,
      "day_of_month" : 14,
      "hour" : 15,
      "minute" : 32,
      "second" : 47,
      "millisecond" : 36,
      "ms" : 1550158367036,
      "iso_8601" : "2019-02-14T15:32:47Z"
    },
    "edited_by" : "admin",
    "edited_by_principal_id" : "5bab281f1cb2047f12ba",
    "edited_by_principal_domain_id" : "default"
  },
  "_qname" : "o:1f0161f1160f3bf0848b",
  "_features" : {
    "f:audit" : { },
    "f:titled" : { },
    "f:filename" : {
      "filename" : "Sample_Site_Guide.pdf"
    },
    "f:geolocation" : { },
    "f:indexable" : { }
  }
}