{
  "_system" : {
    "deleted" : false,
    "changeset" : "1:a2556bfd63d6b2157f9b",
    "created_on" : {
      "timestamp" : "19-Nov-2021 22:41:01",
      "year" : 2021,
      "month" : 10,
      "day_of_month" : 19,
      "hour" : 22,
      "minute" : 41,
      "second" : 1,
      "millisecond" : 264,
      "ms" : 1637379661264,
      "iso_8601" : "2021-11-19T22:41:01-05:00"
    },
    "created_by" : "admin",
    "created_by_principal_id" : "e319a2cd626b671ba7f7",
    "created_by_principal_domain_id" : "default",
    "modified_on" : {
      "timestamp" : "19-Nov-2021 22:41:01",
      "year" : 2021,
      "month" : 10,
      "day_of_month" : 19,
      "hour" : 22,
      "minute" : 41,
      "second" : 1,
      "millisecond" : 326,
      "ms" : 1637379661326,
      "iso_8601" : "2021-11-19T22:41:01-05:00"
    },
    "modified_by" : "admin",
    "modified_by_principal_id" : "e319a2cd626b671ba7f7",
    "modified_by_principal_domain_id" : "default",
    "edited_on" : {
      "timestamp" : "19-Nov-2021 22:41:01",
      "year" : 2021,
      "month" : 10,
      "day_of_month" : 19,
      "hour" : 22,
      "minute" : 41,
      "second" : 1,
      "millisecond" : 326,
      "ms" : 1637379661326,
      "iso_8601" : "2021-11-19T22:41:01-05:00"
    },
    "edited_by" : "admin",
    "edited_by_principal_id" : "e319a2cd626b671ba7f7",
    "edited_by_principal_domain_id" : "default",
    "rev" : 1,
    "branch" : "d13c41461bea0e1eaef1",
    "_op" : "create"
  },
  "_doc" : "23e8e69ef208fe5e177a",
  "_qname" : "o:23e8e69ef208fe5e177a",
  "_type" : "n:node",
  "_features" : {
    "f:audit" : { },
    "f:titled" : { },
    "f:filename" : {
      "filename" : "System"
    },
    "f:geolocation" : { },
    "f:indexable" : { },
    "f:container" : { }
  },
  "title" : "System"
}