{
  "_system" : {
    "deleted" : false,
    "changeset" : "6:2ad135be8cfae499dd4b",
    "created_on" : {
      "timestamp" : "05-Aug-2021 15:36:49",
      "year" : 2021,
      "month" : 7,
      "day_of_month" : 5,
      "hour" : 15,
      "minute" : 36,
      "second" : 49,
      "millisecond" : 469,
      "ms" : 1628177809469,
      "iso_8601" : "2021-08-05T15:36:49Z"
    },
    "created_by" : "admin",
    "created_by_principal_id" : "b3236127dacc03f40cd9",
    "created_by_principal_domain_id" : "default",
    "modified_on" : {
      "timestamp" : "05-Aug-2021 15:36:49",
      "year" : 2021,
      "month" : 7,
      "day_of_month" : 5,
      "hour" : 15,
      "minute" : 36,
      "second" : 49,
      "millisecond" : 504,
      "ms" : 1628177809504,
      "iso_8601" : "2021-08-05T15:36:49Z"
    },
    "modified_by" : "admin",
    "modified_by_principal_id" : "b3236127dacc03f40cd9",
    "modified_by_principal_domain_id" : "default",
    "edited_on" : {
      "timestamp" : "05-Aug-2021 15:36:49",
      "year" : 2021,
      "month" : 7,
      "day_of_month" : 5,
      "hour" : 15,
      "minute" : 36,
      "second" : 49,
      "millisecond" : 504,
      "ms" : 1628177809504,
      "iso_8601" : "2021-08-05T15:36:49Z"
    },
    "edited_by" : "admin",
    "edited_by_principal_id" : "b3236127dacc03f40cd9",
    "edited_by_principal_domain_id" : "default",
    "rev" : 6,
    "branch" : "23fafbfbb544c803da8d",
    "_op" : "create"
  },
  "_doc" : "3f1edec8006c5bbe3907",
  "_qname" : "o:3f1edec8006c5bbe3907",
  "_type" : "a:child",
  "directionality" : "DIRECTED",
  "_features" : {
    "f:audit" : { },
    "f:indexable" : { },
    "f:propagates-authorities" : {
      "enabled" : true
    },
    "f:non-cyclic" : { },
    "f:knowledge-sharing" : {
      "enabled" : true
    }
  },
  "source_type" : "n:node",
  "source" : "039d31bb453c9806ed2a",
  "target_type" : "n:node",
  "target" : "38f42ac1c2d84e41077d"
}