{
  "title" : "William Shakespeare",
  "firstName" : "William",
  "lastName" : "Shakespeare",
  "slug" : "william-shakespeare",
  "_system" : {
    "deleted" : false,
    "changeset" : "12:860d8e8c4ddc06f05233",
    "created_on" : {
      "timestamp" : "15-Nov-2021 14:53:54",
      "year" : 2021,
      "month" : 10,
      "day_of_month" : 15,
      "hour" : 14,
      "minute" : 53,
      "second" : 54,
      "millisecond" : 683,
      "ms" : 1637006034683,
      "iso_8601" : "2021-11-15T14:53:54-05:00"
    },
    "created_by" : "admin",
    "created_by_principal_id" : "b9ed9753748864134424",
    "created_by_principal_domain_id" : "default",
    "modified_on" : {
      "timestamp" : "15-Nov-2021 14:54:02",
      "year" : 2021,
      "month" : 10,
      "day_of_month" : 15,
      "hour" : 14,
      "minute" : 54,
      "second" : 2,
      "millisecond" : 599,
      "ms" : 1637006042599,
      "iso_8601" : "2021-11-15T14:54:02-05:00"
    },
    "modified_by" : "admin",
    "modified_by_principal_id" : "b9ed9753748864134424",
    "modified_by_principal_domain_id" : "default",
    "edited_on" : {
      "timestamp" : "15-Nov-2021 14:54:02",
      "year" : 2021,
      "month" : 10,
      "day_of_month" : 15,
      "hour" : 14,
      "minute" : 54,
      "second" : 2,
      "millisecond" : 599,
      "ms" : 1637006042599,
      "iso_8601" : "2021-11-15T14:54:02-05:00"
    },
    "edited_by" : "admin",
    "edited_by_principal_id" : "b9ed9753748864134424",
    "edited_by_principal_domain_id" : "default",
    "rev" : 12,
    "attachments" : {
      "default" : {
        "contentType" : "image/jpeg",
        "length" : 28573,
        "objectId" : "attachment_97307a01414441a9b4b1_8cab35da4709e17cb26a",
        "filename" : "default.jpg"
      }
    },
    "previousChangeset" : "11:4fe8fda2c3f789e09e0a",
    "branch" : "cdcfc25b8b052c9d2586",
    "_op" : "update"
  },
  "_doc" : "97307a01414441a9b4b1",
  "_qname" : "o:97307a01414441a9b4b1",
  "_features" : {
    "f:filename" : {
      "filename" : "William_Shakespeare"
    },
    "f:audit" : { },
    "f:titled" : { },
    "f:geolocation" : { },
    "f:indexable" : { },
    "f:deployment-config" : {
      "default" : {
        "mappings" : [ {
          "type" : "object-to-file",
          "config" : {
            "filepath" : "/store/authors/{{object.slug}}.json"
          }
        }, {
          "type" : "attachment-to-file",
          "config" : {
            "attachmentId" : "*",
            "filepath" : "/store/authors/{{object.slug}}.{{attachment.ext}}"
          }
        } ]
      }
    },
    "f:related" : { },
    "f:publishable" : {
      "state" : "approved"
    }
  },
  "_type" : "store:author"
}