{
  "_system" : {
    "deleted" : false,
    "changeset" : "2:af41b0c2c007207094f2",
    "created_on" : {
      "timestamp" : "17-Nov-2021 09:27:38",
      "year" : 2021,
      "month" : 10,
      "day_of_month" : 17,
      "hour" : 9,
      "minute" : 27,
      "second" : 38,
      "millisecond" : 121,
      "ms" : 1637159258121,
      "iso_8601" : "2021-11-17T09:27:38-05:00"
    },
    "created_by" : "admin",
    "created_by_principal_id" : "4dbc7eeadc99359ba687",
    "created_by_principal_domain_id" : "default",
    "modified_on" : {
      "timestamp" : "17-Nov-2021 09:27:38",
      "year" : 2021,
      "month" : 10,
      "day_of_month" : 17,
      "hour" : 9,
      "minute" : 27,
      "second" : 38,
      "millisecond" : 140,
      "ms" : 1637159258140,
      "iso_8601" : "2021-11-17T09:27:38-05:00"
    },
    "modified_by" : "admin",
    "modified_by_principal_id" : "4dbc7eeadc99359ba687",
    "modified_by_principal_domain_id" : "default",
    "edited_on" : {
      "timestamp" : "17-Nov-2021 09:27:38",
      "year" : 2021,
      "month" : 10,
      "day_of_month" : 17,
      "hour" : 9,
      "minute" : 27,
      "second" : 38,
      "millisecond" : 140,
      "ms" : 1637159258140,
      "iso_8601" : "2021-11-17T09:27:38-05:00"
    },
    "edited_by" : "admin",
    "edited_by_principal_id" : "4dbc7eeadc99359ba687",
    "edited_by_principal_domain_id" : "default",
    "rev" : 2,
    "branch" : "921fd3299d530ef02309",
    "_op" : "create"
  },
  "_doc" : "bc61ae40a5614920b913",
  "_qname" : "o:bc61ae40a5614920b913",
  "_type" : "n:node",
  "_features" : {
    "f:audit" : { },
    "f:titled" : { },
    "f:filename" : {
      "filename" : "Theme"
    },
    "f:geolocation" : { },
    "f:indexable" : { },
    "f:container" : { }
  },
  "title" : "Theme"
}