{
  "teamableObjectTypeId" : "stack",
  "teamableObjectId" : "f2ffa990c303089e5bd5",
  "key" : "owners",
  "groupId" : "e3ad256009c41baf3330",
  "groupDomainId" : "517f3cccd310dd6b487b",
  "roleKeys" : [ ],
  "title" : "Project Owners",
  "description" : "Project Owners Team",
  "_system" : {
    "created_on" : {
      "timestamp" : "07-Mar-2023 09:39:12",
      "year" : 2023,
      "month" : 2,
      "day_of_month" : 7,
      "hour" : 9,
      "minute" : 39,
      "second" : 12,
      "millisecond" : 747,
      "ms" : 1678199952747,
      "iso_8601" : "2023-03-07T09:39:12-05:00"
    },
    "created_by" : "admin",
    "created_by_principal_id" : "046cf0d415feaf45bcf2",
    "created_by_principal_domain_id" : "default",
    "modified_on" : {
      "timestamp" : "07-Mar-2023 09:39:15",
      "year" : 2023,
      "month" : 2,
      "day_of_month" : 7,
      "hour" : 9,
      "minute" : 39,
      "second" : 15,
      "millisecond" : 240,
      "ms" : 1678199955240,
      "iso_8601" : "2023-03-07T09:39:15-05:00"
    },
    "modified_by" : "admin",
    "modified_by_principal_id" : "046cf0d415feaf45bcf2",
    "modified_by_principal_domain_id" : "default",
    "edited_on" : {
      "timestamp" : "07-Mar-2023 09:39:15",
      "year" : 2023,
      "month" : 2,
      "day_of_month" : 7,
      "hour" : 9,
      "minute" : 39,
      "second" : 15,
      "millisecond" : 240,
      "ms" : 1678199955240,
      "iso_8601" : "2023-03-07T09:39:15-05:00"
    },
    "edited_by" : "admin",
    "edited_by_principal_id" : "046cf0d415feaf45bcf2",
    "edited_by_principal_domain_id" : "default"
  },
  "_doc" : "b38cff4895df07ceceee"
}