{
  "_doc" : "24:ccc82e58462935797db3",
  "_system" : {
    "created_on" : {
      "timestamp" : "19-Nov-2021 22:41:23",
      "year" : 2021,
      "month" : 10,
      "day_of_month" : 19,
      "hour" : 22,
      "minute" : 41,
      "second" : 23,
      "millisecond" : 2,
      "ms" : 1637379683002,
      "iso_8601" : "2021-11-19T22:41:23-05:00"
    },
    "created_by" : "admin",
    "created_by_principal_id" : "e319a2cd626b671ba7f7",
    "created_by_principal_domain_id" : "default",
    "modified_on" : {
      "timestamp" : "19-Nov-2021 22:41:23",
      "year" : 2021,
      "month" : 10,
      "day_of_month" : 19,
      "hour" : 22,
      "minute" : 41,
      "second" : 23,
      "millisecond" : 25,
      "ms" : 1637379683025,
      "iso_8601" : "2021-11-19T22:41:23-05:00"
    },
    "modified_by" : "admin",
    "modified_by_principal_id" : "e319a2cd626b671ba7f7",
    "modified_by_principal_domain_id" : "default",
    "edited_on" : {
      "timestamp" : "19-Nov-2021 22:41:23",
      "year" : 2021,
      "month" : 10,
      "day_of_month" : 19,
      "hour" : 22,
      "minute" : 41,
      "second" : 23,
      "millisecond" : 25,
      "ms" : 1637379683025,
      "iso_8601" : "2021-11-19T22:41:23-05:00"
    },
    "edited_by" : "admin",
    "edited_by_principal_id" : "e319a2cd626b671ba7f7",
    "edited_by_principal_domain_id" : "default"
  },
  "revision" : 24,
  "active" : true,
  "parents" : [ "23:88a8dfb42e00c0f41f3f" ],
  "branch" : "d13c41461bea0e1eaef1"
}