{
  "_type" : "catalog:product",
  "title" : "Cookie Monster Cupcake",
  "sku" : "Cookie Monster SKU",
  "headline" : "Who doesn't love the cookie monster?",
  "summary" : "Cookie Monster cupcake! Eating a cookie! Arrrghh its so cute!! ",
  "body" : "These chocolate flavoured Cookie Monster cupcakes will delight your Sesame Street loving pre-schooler. They are perfect to take to school for birthdays or even just to delight your little guests at your next birthday party.",
  "price" : 3.49,
  "categories" : [ "holidays", "birthdays" ],
  "_doc" : "3a0a47bf3c2ed20549bb",
  "_system" : {
    "deleted" : false,
    "changeset" : "61:58df0eb6425db7fcbe9e",
    "created_on" : {
      "timestamp" : "14-Feb-2019 15:33:01",
      "year" : 2019,
      "month" : 1,
      "day_of_month" : 14,
      "hour" : 15,
      "minute" : 33,
      "second" : 1,
      "millisecond" : 76,
      "ms" : 1550158381076,
      "iso_8601" : "2019-02-14T15:33:01Z"
    },
    "created_by" : "admin",
    "created_by_principal_id" : "5bab281f1cb2047f12ba",
    "created_by_principal_domain_id" : "default",
    "modified_on" : {
      "timestamp" : "14-Feb-2019 15:33:07",
      "year" : 2019,
      "month" : 1,
      "day_of_month" : 14,
      "hour" : 15,
      "minute" : 33,
      "second" : 7,
      "millisecond" : 436,
      "ms" : 1550158387436,
      "iso_8601" : "2019-02-14T15:33:07Z"
    },
    "modified_by" : "admin",
    "modified_by_principal_id" : "5bab281f1cb2047f12ba",
    "modified_by_principal_domain_id" : "default",
    "edited_on" : {
      "timestamp" : "14-Feb-2019 15:33:07",
      "year" : 2019,
      "month" : 1,
      "day_of_month" : 14,
      "hour" : 15,
      "minute" : 33,
      "second" : 7,
      "millisecond" : 436,
      "ms" : 1550158387436,
      "iso_8601" : "2019-02-14T15:33:07Z"
    },
    "edited_by" : "admin",
    "edited_by_principal_id" : "5bab281f1cb2047f12ba",
    "edited_by_principal_domain_id" : "default",
    "previousChangeset" : "35:93718751e164a526f4ab",
    "attachments" : {
      "default" : {
        "contentType" : "image/jpeg",
        "length" : 89348,
        "objectId" : "attachment_3a0a47bf3c2ed20549bb_206aadb4a6da9e3e0f26",
        "filename" : "default"
      }
    }
  },
  "_qname" : "o:3a0a47bf3c2ed20549bb",
  "_features" : {
    "f:audit" : { },
    "f:titled" : { },
    "f:filename" : {
      "filename" : "Cookie_Monster_Cupcake"
    },
    "f:geolocation" : { },
    "f:indexable" : { }
  }
}