{
  "_doc" : "33:bedd711b3e6e882a6457",
  "_system" : {
    "created_on" : {
      "timestamp" : "14-Feb-2019 15:32:59",
      "year" : 2019,
      "month" : 1,
      "day_of_month" : 14,
      "hour" : 15,
      "minute" : 32,
      "second" : 59,
      "millisecond" : 851,
      "ms" : 1550158379851,
      "iso_8601" : "2019-02-14T15:32:59Z"
    },
    "created_by" : "admin",
    "created_by_principal_id" : "5bab281f1cb2047f12ba",
    "created_by_principal_domain_id" : "default",
    "modified_on" : {
      "timestamp" : "14-Feb-2019 15:33:00",
      "year" : 2019,
      "month" : 1,
      "day_of_month" : 14,
      "hour" : 15,
      "minute" : 33,
      "second" : 0,
      "millisecond" : 166,
      "ms" : 1550158380166,
      "iso_8601" : "2019-02-14T15:33:00Z"
    },
    "modified_by" : "admin",
    "modified_by_principal_id" : "5bab281f1cb2047f12ba",
    "modified_by_principal_domain_id" : "default",
    "edited_on" : {
      "timestamp" : "14-Feb-2019 15:33:00",
      "year" : 2019,
      "month" : 1,
      "day_of_month" : 14,
      "hour" : 15,
      "minute" : 33,
      "second" : 0,
      "millisecond" : 166,
      "ms" : 1550158380166,
      "iso_8601" : "2019-02-14T15:33:00Z"
    },
    "edited_by" : "admin",
    "edited_by_principal_id" : "5bab281f1cb2047f12ba",
    "edited_by_principal_domain_id" : "default"
  },
  "revision" : 33,
  "active" : true,
  "parents" : [ "32:610da6643c5905d03316" ],
  "branch" : "4a11b3490f5cf2a8a2b7"
}