{
  "_doc" : "7:794d2124c69c3b15831b",
  "_system" : {
    "created_on" : {
      "timestamp" : "15-Nov-2021 14:53:46",
      "year" : 2021,
      "month" : 10,
      "day_of_month" : 15,
      "hour" : 14,
      "minute" : 53,
      "second" : 46,
      "millisecond" : 956,
      "ms" : 1637006026956,
      "iso_8601" : "2021-11-15T14:53:46-05:00"
    },
    "created_by" : "admin",
    "created_by_principal_id" : "b9ed9753748864134424",
    "created_by_principal_domain_id" : "default",
    "modified_on" : {
      "timestamp" : "15-Nov-2021 14:53:47",
      "year" : 2021,
      "month" : 10,
      "day_of_month" : 15,
      "hour" : 14,
      "minute" : 53,
      "second" : 47,
      "millisecond" : 100,
      "ms" : 1637006027100,
      "iso_8601" : "2021-11-15T14:53:47-05:00"
    },
    "modified_by" : "admin",
    "modified_by_principal_id" : "b9ed9753748864134424",
    "modified_by_principal_domain_id" : "default",
    "edited_on" : {
      "timestamp" : "15-Nov-2021 14:53:47",
      "year" : 2021,
      "month" : 10,
      "day_of_month" : 15,
      "hour" : 14,
      "minute" : 53,
      "second" : 47,
      "millisecond" : 100,
      "ms" : 1637006027100,
      "iso_8601" : "2021-11-15T14:53:47-05:00"
    },
    "edited_by" : "admin",
    "edited_by_principal_id" : "b9ed9753748864134424",
    "edited_by_principal_domain_id" : "default"
  },
  "revision" : 7,
  "active" : true,
  "parents" : [ "6:cad44dd1cdf88293dd12" ],
  "branch" : "cdcfc25b8b052c9d2586"
}