{
  "_doc" : "8:61a115a0761d2ce24ed2",
  "_system" : {
    "created_on" : {
      "timestamp" : "07-Mar-2023 09:39:18",
      "year" : 2023,
      "month" : 2,
      "day_of_month" : 7,
      "hour" : 9,
      "minute" : 39,
      "second" : 18,
      "millisecond" : 548,
      "ms" : 1678199958548,
      "iso_8601" : "2023-03-07T09:39:18-05:00"
    },
    "created_by" : "admin",
    "created_by_principal_id" : "046cf0d415feaf45bcf2",
    "created_by_principal_domain_id" : "default",
    "modified_on" : {
      "timestamp" : "07-Mar-2023 09:39:19",
      "year" : 2023,
      "month" : 2,
      "day_of_month" : 7,
      "hour" : 9,
      "minute" : 39,
      "second" : 19,
      "millisecond" : 331,
      "ms" : 1678199959331,
      "iso_8601" : "2023-03-07T09:39:19-05:00"
    },
    "modified_by" : "admin",
    "modified_by_principal_id" : "046cf0d415feaf45bcf2",
    "modified_by_principal_domain_id" : "default",
    "edited_on" : {
      "timestamp" : "07-Mar-2023 09:39:19",
      "year" : 2023,
      "month" : 2,
      "day_of_month" : 7,
      "hour" : 9,
      "minute" : 39,
      "second" : 19,
      "millisecond" : 331,
      "ms" : 1678199959331,
      "iso_8601" : "2023-03-07T09:39:19-05:00"
    },
    "edited_by" : "admin",
    "edited_by_principal_id" : "046cf0d415feaf45bcf2",
    "edited_by_principal_domain_id" : "default"
  },
  "revision" : 8,
  "active" : true,
  "parents" : [ "7:a57ae283b679ac1c449d" ],
  "branch" : "660838eae4eeba015a76"
}