{
  "title" : "Garrison Keillor",
  "firstName" : "Garrison",
  "lastName" : "Keillor",
  "slug" : "garrison-keillor",
  "_system" : {
    "deleted" : false,
    "changeset" : "23:88a8dfb42e00c0f41f3f",
    "created_on" : {
      "timestamp" : "19-Nov-2021 22:41:10",
      "year" : 2021,
      "month" : 10,
      "day_of_month" : 19,
      "hour" : 22,
      "minute" : 41,
      "second" : 10,
      "millisecond" : 184,
      "ms" : 1637379670184,
      "iso_8601" : "2021-11-19T22:41:10-05:00"
    },
    "created_by" : "admin",
    "created_by_principal_id" : "e319a2cd626b671ba7f7",
    "created_by_principal_domain_id" : "default",
    "modified_on" : {
      "timestamp" : "19-Nov-2021 22:41:22",
      "year" : 2021,
      "month" : 10,
      "day_of_month" : 19,
      "hour" : 22,
      "minute" : 41,
      "second" : 22,
      "millisecond" : 758,
      "ms" : 1637379682758,
      "iso_8601" : "2021-11-19T22:41:22-05:00"
    },
    "modified_by" : "admin",
    "modified_by_principal_id" : "e319a2cd626b671ba7f7",
    "modified_by_principal_domain_id" : "default",
    "edited_on" : {
      "timestamp" : "19-Nov-2021 22:41:22",
      "year" : 2021,
      "month" : 10,
      "day_of_month" : 19,
      "hour" : 22,
      "minute" : 41,
      "second" : 22,
      "millisecond" : 758,
      "ms" : 1637379682758,
      "iso_8601" : "2021-11-19T22:41:22-05:00"
    },
    "edited_by" : "admin",
    "edited_by_principal_id" : "e319a2cd626b671ba7f7",
    "edited_by_principal_domain_id" : "default",
    "rev" : 23,
    "attachments" : {
      "default" : {
        "contentType" : "image/jpeg",
        "length" : 157408,
        "objectId" : "attachment_4db45698b4c54178b125_468649c4faf7e2506df1",
        "filename" : "default.jpg"
      }
    },
    "previousChangeset" : "22:d87e2c728c2b60ae5747",
    "branch" : "d13c41461bea0e1eaef1",
    "_op" : "update"
  },
  "_doc" : "4db45698b4c54178b125",
  "_qname" : "o:4db45698b4c54178b125",
  "_features" : {
    "f:filename" : {
      "filename" : "Garrison_Keillor"
    },
    "f:audit" : { },
    "f:titled" : { },
    "f:geolocation" : { },
    "f:indexable" : { },
    "f:deployment-config" : {
      "default" : {
        "mappings" : [ {
          "type" : "object-to-file",
          "config" : {
            "filepath" : "/store/authors/{{object.slug}}.json"
          }
        }, {
          "type" : "attachment-to-file",
          "config" : {
            "attachmentId" : "*",
            "filepath" : "/store/authors/{{object.slug}}.{{attachment.ext}}"
          }
        } ]
      }
    },
    "f:publishable" : {
      "state" : "approved"
    }
  },
  "_type" : "store:author"
}