{
  "tag" : "darcy",
  "title" : "darcy",
  "_system" : {
    "deleted" : false,
    "changeset" : "13:17397cdc988e5914c40c",
    "created_on" : {
      "timestamp" : "21-Jan-2021 16:22:31",
      "year" : 2021,
      "month" : 0,
      "day_of_month" : 21,
      "hour" : 16,
      "minute" : 22,
      "second" : 31,
      "millisecond" : 344,
      "ms" : 1611264151344,
      "iso_8601" : "2021-01-21T16:22:31-05:00"
    },
    "created_by" : "system",
    "created_by_principal_id" : "system",
    "created_by_principal_domain_id" : null,
    "modified_on" : {
      "timestamp" : "21-Jan-2021 16:22:31",
      "year" : 2021,
      "month" : 0,
      "day_of_month" : 21,
      "hour" : 16,
      "minute" : 22,
      "second" : 31,
      "millisecond" : 362,
      "ms" : 1611264151362,
      "iso_8601" : "2021-01-21T16:22:31-05:00"
    },
    "modified_by" : "system",
    "modified_by_principal_id" : "system",
    "modified_by_principal_domain_id" : null,
    "edited_on" : {
      "timestamp" : "21-Jan-2021 16:22:31",
      "year" : 2021,
      "month" : 0,
      "day_of_month" : 21,
      "hour" : 16,
      "minute" : 22,
      "second" : 31,
      "millisecond" : 344,
      "ms" : 1611264151344,
      "iso_8601" : "2021-01-21T16:22:31-05:00"
    },
    "edited_by" : "system",
    "edited_by_principal_id" : "system",
    "edited_by_principal_domain_id" : null,
    "rev" : 13,
    "branch" : "3d4e3a21a7c02c55017c",
    "_op" : "create"
  },
  "_doc" : "6d166226f95e2c7ace2f",
  "_qname" : "o:6d166226f95e2c7ace2f",
  "_type" : "n:tag",
  "_features" : {
    "f:audit" : { },
    "f:titled" : { },
    "f:filename" : {
      "filename" : "darcy"
    },
    "f:geolocation" : { },
    "f:indexable" : { }
  }
}