{
  "type" : "UPDATE",
  "timestamp" : {
    "timestamp" : "28-Sep-2020 15:25:03",
    "year" : 2020,
    "month" : 8,
    "day_of_month" : 28,
    "hour" : 15,
    "minute" : 25,
    "second" : 3,
    "millisecond" : 769,
    "ms" : 1601306703769,
    "iso_8601" : "2020-09-28T15:25:03Z"
  },
  "userDomainId" : "default",
  "userId" : "bb39303eba0c35a3d2da",
  "userTitle" : "admin",
  "userName" : "admin",
  "objectDatastoreTypeId" : "platform",
  "objectDatastoreId" : "28b3e8dfea1ba2c05c57",
  "objectDatastoreTitle" : "Root Platform",
  "objectId" : "498224610e7fececb279",
  "objectTypeId" : "repository",
  "objectTitle" : "498224610e7fececb279",
  "_system" : {
    "created_on" : {
      "timestamp" : "28-Sep-2020 15:25:03",
      "year" : 2020,
      "month" : 8,
      "day_of_month" : 28,
      "hour" : 15,
      "minute" : 25,
      "second" : 3,
      "millisecond" : 770,
      "ms" : 1601306703770,
      "iso_8601" : "2020-09-28T15:25:03Z"
    },
    "created_by" : "admin",
    "created_by_principal_id" : "bb39303eba0c35a3d2da",
    "created_by_principal_domain_id" : "default",
    "modified_on" : {
      "timestamp" : "28-Sep-2020 15:25:03",
      "year" : 2020,
      "month" : 8,
      "day_of_month" : 28,
      "hour" : 15,
      "minute" : 25,
      "second" : 3,
      "millisecond" : 770,
      "ms" : 1601306703770,
      "iso_8601" : "2020-09-28T15:25:03Z"
    },
    "modified_by" : "admin",
    "modified_by_principal_id" : "bb39303eba0c35a3d2da",
    "modified_by_principal_domain_id" : "default",
    "edited_on" : {
      "timestamp" : "28-Sep-2020 15:25:03",
      "year" : 2020,
      "month" : 8,
      "day_of_month" : 28,
      "hour" : 15,
      "minute" : 25,
      "second" : 3,
      "millisecond" : 770,
      "ms" : 1601306703770,
      "iso_8601" : "2020-09-28T15:25:03Z"
    },
    "edited_by" : "admin",
    "edited_by_principal_id" : "bb39303eba0c35a3d2da",
    "edited_by_principal_domain_id" : "default"
  },
  "_doc" : "cebbbbe9334f7c58f282"
}