{
  "_system" : {
    "deleted" : false,
    "changeset" : "49:8e99fc4568d8b364594b",
    "created_on" : {
      "timestamp" : "21-Jan-2021 16:22:33",
      "year" : 2021,
      "month" : 0,
      "day_of_month" : 21,
      "hour" : 16,
      "minute" : 22,
      "second" : 33,
      "millisecond" : 456,
      "ms" : 1611264153456,
      "iso_8601" : "2021-01-21T16:22:33-05:00"
    },
    "created_by" : "system",
    "created_by_principal_id" : "system",
    "created_by_principal_domain_id" : null,
    "modified_on" : {
      "timestamp" : "21-Jan-2021 16:22:33",
      "year" : 2021,
      "month" : 0,
      "day_of_month" : 21,
      "hour" : 16,
      "minute" : 22,
      "second" : 33,
      "millisecond" : 470,
      "ms" : 1611264153470,
      "iso_8601" : "2021-01-21T16:22:33-05:00"
    },
    "modified_by" : "system",
    "modified_by_principal_id" : "system",
    "modified_by_principal_domain_id" : null,
    "edited_on" : {
      "timestamp" : "21-Jan-2021 16:22:33",
      "year" : 2021,
      "month" : 0,
      "day_of_month" : 21,
      "hour" : 16,
      "minute" : 22,
      "second" : 33,
      "millisecond" : 456,
      "ms" : 1611264153456,
      "iso_8601" : "2021-01-21T16:22:33-05:00"
    },
    "edited_by" : "system",
    "edited_by_principal_id" : "system",
    "edited_by_principal_domain_id" : null,
    "rev" : 49,
    "branch" : "3d4e3a21a7c02c55017c",
    "_op" : "create"
  },
  "_doc" : "fb24e0f08381f9077dea",
  "_qname" : "o:fb24e0f08381f9077dea",
  "_type" : "a:has_tag",
  "directionality" : "DIRECTED",
  "_features" : {
    "f:audit" : { },
    "f:indexable" : { }
  },
  "source_type" : "store:book",
  "source" : "b3f541fa30e5440698e0",
  "target_type" : "n:tag",
  "target" : "774a2b3158a365676c03"
}