{
  "_doc" : "53:bde63feb0c7cbf18d654",
  "_system" : {
    "created_on" : {
      "timestamp" : "14-Feb-2019 15:33:05",
      "year" : 2019,
      "month" : 1,
      "day_of_month" : 14,
      "hour" : 15,
      "minute" : 33,
      "second" : 5,
      "millisecond" : 318,
      "ms" : 1550158385318,
      "iso_8601" : "2019-02-14T15:33:05Z"
    },
    "created_by" : "admin",
    "created_by_principal_id" : "5bab281f1cb2047f12ba",
    "created_by_principal_domain_id" : "default",
    "modified_on" : {
      "timestamp" : "14-Feb-2019 15:33:05",
      "year" : 2019,
      "month" : 1,
      "day_of_month" : 14,
      "hour" : 15,
      "minute" : 33,
      "second" : 5,
      "millisecond" : 351,
      "ms" : 1550158385351,
      "iso_8601" : "2019-02-14T15:33:05Z"
    },
    "modified_by" : "admin",
    "modified_by_principal_id" : "5bab281f1cb2047f12ba",
    "modified_by_principal_domain_id" : "default",
    "edited_on" : {
      "timestamp" : "14-Feb-2019 15:33:05",
      "year" : 2019,
      "month" : 1,
      "day_of_month" : 14,
      "hour" : 15,
      "minute" : 33,
      "second" : 5,
      "millisecond" : 351,
      "ms" : 1550158385351,
      "iso_8601" : "2019-02-14T15:33:05Z"
    },
    "edited_by" : "admin",
    "edited_by_principal_id" : "5bab281f1cb2047f12ba",
    "edited_by_principal_domain_id" : "default"
  },
  "revision" : 53,
  "active" : true,
  "parents" : [ "52:abbb05b1770cce7e75a6" ],
  "branch" : "4a11b3490f5cf2a8a2b7"
}