{
  "_features" : {
    "f:relator" : {
      "propertyHolder" : "source",
      "propertyPath" : "/author",
      "active" : true
    },
    "f:audit" : { },
    "f:indexable" : { }
  },
  "source" : "c72d400990434701b92c",
  "source_type" : "store:book",
  "target" : "070cf12413af4eab849f",
  "target_type" : "store:author",
  "directionality" : "DIRECTED",
  "_system" : {
    "deleted" : false,
    "created_on" : {
      "timestamp" : "31-Aug-2022 15:26:17",
      "year" : 2022,
      "month" : 7,
      "day_of_month" : 31,
      "hour" : 15,
      "minute" : 26,
      "second" : 17,
      "millisecond" : 723,
      "ms" : 1661959577723,
      "iso_8601" : "2022-08-31T15:26:17Z"
    },
    "created_by" : "admin",
    "created_by_principal_id" : "2f873756d87a4ad1befc",
    "created_by_principal_domain_id" : "default",
    "modified_on" : {
      "timestamp" : "31-Aug-2022 15:26:19",
      "year" : 2022,
      "month" : 7,
      "day_of_month" : 31,
      "hour" : 15,
      "minute" : 26,
      "second" : 19,
      "millisecond" : 920,
      "ms" : 1661959579920,
      "iso_8601" : "2022-08-31T15:26:19Z"
    },
    "modified_by" : "admin",
    "modified_by_principal_id" : "2f873756d87a4ad1befc",
    "modified_by_principal_domain_id" : "default",
    "edited_on" : {
      "timestamp" : "31-Aug-2022 15:26:19",
      "year" : 2022,
      "month" : 7,
      "day_of_month" : 31,
      "hour" : 15,
      "minute" : 26,
      "second" : 19,
      "millisecond" : 920,
      "ms" : 1661959579920,
      "iso_8601" : "2022-08-31T15:26:19Z"
    },
    "edited_by" : "admin",
    "edited_by_principal_id" : "2f873756d87a4ad1befc",
    "rev" : 26,
    "branch" : "88810405bb84bac72aab",
    "_op" : "update",
    "previousChangeset" : "26:448530dd6c4ba1eb665e",
    "changeset" : "26:448530dd6c4ba1eb665e",
    "edited_by_principal_domain_id" : "default"
  },
  "_doc" : "ca3d45ef74a7e6057521",
  "_qname" : "o:ca3d45ef74a7e6057521",
  "_type" : "store:authored-by"
}