{
  "type" : "CREATE",
  "timestamp" : {
    "timestamp" : "27-Oct-2021 15:38:26",
    "year" : 2021,
    "month" : 9,
    "day_of_month" : 27,
    "hour" : 15,
    "minute" : 38,
    "second" : 26,
    "millisecond" : 810,
    "ms" : 1635349106810,
    "iso_8601" : "2021-10-27T15:38:26Z"
  },
  "userDomainId" : "default",
  "userId" : "ed403cd3ae171ad7caf0",
  "userTitle" : "admin",
  "userName" : "admin",
  "objectDatastoreTypeId" : "repository",
  "objectDatastoreId" : "a8db999c5898f0b5d950",
  "objectDatastoreTitle" : "a8db999c5898f0b5d950",
  "objectId" : "ef34a71b06ebb82ba95a",
  "objectTypeId" : "branch",
  "objectTitle" : "master",
  "_system" : {
    "created_on" : {
      "timestamp" : "27-Oct-2021 15:38:26",
      "year" : 2021,
      "month" : 9,
      "day_of_month" : 27,
      "hour" : 15,
      "minute" : 38,
      "second" : 26,
      "millisecond" : 811,
      "ms" : 1635349106811,
      "iso_8601" : "2021-10-27T15:38:26Z"
    },
    "created_by" : "admin",
    "created_by_principal_id" : "ed403cd3ae171ad7caf0",
    "created_by_principal_domain_id" : "default",
    "modified_on" : {
      "timestamp" : "27-Oct-2021 15:38:26",
      "year" : 2021,
      "month" : 9,
      "day_of_month" : 27,
      "hour" : 15,
      "minute" : 38,
      "second" : 26,
      "millisecond" : 811,
      "ms" : 1635349106811,
      "iso_8601" : "2021-10-27T15:38:26Z"
    },
    "modified_by" : "admin",
    "modified_by_principal_id" : "ed403cd3ae171ad7caf0",
    "modified_by_principal_domain_id" : "default",
    "edited_on" : {
      "timestamp" : "27-Oct-2021 15:38:26",
      "year" : 2021,
      "month" : 9,
      "day_of_month" : 27,
      "hour" : 15,
      "minute" : 38,
      "second" : 26,
      "millisecond" : 811,
      "ms" : 1635349106811,
      "iso_8601" : "2021-10-27T15:38:26Z"
    },
    "edited_by" : "admin",
    "edited_by_principal_id" : "ed403cd3ae171ad7caf0",
    "edited_by_principal_domain_id" : "default"
  },
  "_doc" : "b52354f4ec49062c1aaf"
}