{
  "_doc" : "57:d95576fe778716d7679a",
  "_system" : {
    "created_on" : {
      "timestamp" : "21-Jan-2021 16:22:37",
      "year" : 2021,
      "month" : 0,
      "day_of_month" : 21,
      "hour" : 16,
      "minute" : 22,
      "second" : 37,
      "millisecond" : 226,
      "ms" : 1611264157226,
      "iso_8601" : "2021-01-21T16:22:37-05:00"
    },
    "created_by" : "admin",
    "created_by_principal_id" : "8df8c30d1c2f95496937",
    "created_by_principal_domain_id" : "default",
    "modified_on" : {
      "timestamp" : "21-Jan-2021 16:22:37",
      "year" : 2021,
      "month" : 0,
      "day_of_month" : 21,
      "hour" : 16,
      "minute" : 22,
      "second" : 37,
      "millisecond" : 255,
      "ms" : 1611264157255,
      "iso_8601" : "2021-01-21T16:22:37-05:00"
    },
    "modified_by" : "admin",
    "modified_by_principal_id" : "8df8c30d1c2f95496937",
    "modified_by_principal_domain_id" : "default",
    "edited_on" : {
      "timestamp" : "21-Jan-2021 16:22:37",
      "year" : 2021,
      "month" : 0,
      "day_of_month" : 21,
      "hour" : 16,
      "minute" : 22,
      "second" : 37,
      "millisecond" : 255,
      "ms" : 1611264157255,
      "iso_8601" : "2021-01-21T16:22:37-05:00"
    },
    "edited_by" : "admin",
    "edited_by_principal_id" : "8df8c30d1c2f95496937",
    "edited_by_principal_domain_id" : "default"
  },
  "revision" : 57,
  "active" : true,
  "parents" : [ "56:3ce6e6968b4c96ac972f" ],
  "branch" : "3d4e3a21a7c02c55017c"
}