{
  "locale" : "zh_CN",
  "edition" : "1.0",
  "_system" : {
    "deleted" : false,
    "changeset" : "81:74db609df5fac42a67bd",
    "created_on" : {
      "timestamp" : "14-Feb-2019 15:33:14",
      "year" : 2019,
      "month" : 1,
      "day_of_month" : 14,
      "hour" : 15,
      "minute" : 33,
      "second" : 14,
      "millisecond" : 339,
      "ms" : 1550158394339,
      "iso_8601" : "2019-02-14T15:33:14Z"
    },
    "created_by" : "admin",
    "created_by_principal_id" : "5bab281f1cb2047f12ba",
    "created_by_principal_domain_id" : "default",
    "modified_on" : {
      "timestamp" : "14-Feb-2019 15:33:14",
      "year" : 2019,
      "month" : 1,
      "day_of_month" : 14,
      "hour" : 15,
      "minute" : 33,
      "second" : 14,
      "millisecond" : 360,
      "ms" : 1550158394360,
      "iso_8601" : "2019-02-14T15:33:14Z"
    },
    "modified_by" : "admin",
    "modified_by_principal_id" : "5bab281f1cb2047f12ba",
    "modified_by_principal_domain_id" : "default",
    "edited_on" : {
      "timestamp" : "14-Feb-2019 15:33:14",
      "year" : 2019,
      "month" : 1,
      "day_of_month" : 14,
      "hour" : 15,
      "minute" : 33,
      "second" : 14,
      "millisecond" : 360,
      "ms" : 1550158394360,
      "iso_8601" : "2019-02-14T15:33:14Z"
    },
    "edited_by" : "admin",
    "edited_by_principal_id" : "5bab281f1cb2047f12ba",
    "edited_by_principal_domain_id" : "default"
  },
  "_doc" : "b3e2ca4c56f79436554c",
  "_qname" : "o:b3e2ca4c56f79436554c",
  "_type" : "a:has_translation",
  "directionality" : "DIRECTED",
  "_features" : {
    "f:audit" : { },
    "f:indexable" : { }
  },
  "source_type" : "guide:city",
  "source" : "c3928c824209ffc58748",
  "target_type" : "guide:city",
  "target" : "08b2a79cb657598468e6"
}