{
  "type" : "UPDATE",
  "timestamp" : {
    "timestamp" : "28-Sep-2020 15:25:40",
    "year" : 2020,
    "month" : 8,
    "day_of_month" : 28,
    "hour" : 15,
    "minute" : 25,
    "second" : 40,
    "millisecond" : 520,
    "ms" : 1601306740520,
    "iso_8601" : "2020-09-28T15:25:40Z"
  },
  "userDomainId" : "default",
  "userId" : "bb39303eba0c35a3d2da",
  "userTitle" : "admin",
  "userName" : "admin",
  "objectDatastoreTypeId" : "platform",
  "objectDatastoreId" : "28b3e8dfea1ba2c05c57",
  "objectDatastoreTitle" : "Root Platform",
  "objectId" : "a3545c62812c69d5ec71",
  "objectTypeId" : "application",
  "objectTitle" : "Sample Web Application",
  "stackId" : "f72701f84fe21f3fcb2d",
  "projectId" : "306ea1212729386e883f",
  "projectTitle" : "Sample Project",
  "_system" : {
    "created_on" : {
      "timestamp" : "28-Sep-2020 15:25:40",
      "year" : 2020,
      "month" : 8,
      "day_of_month" : 28,
      "hour" : 15,
      "minute" : 25,
      "second" : 40,
      "millisecond" : 522,
      "ms" : 1601306740522,
      "iso_8601" : "2020-09-28T15:25:40Z"
    },
    "created_by" : "admin",
    "created_by_principal_id" : "bb39303eba0c35a3d2da",
    "created_by_principal_domain_id" : "default",
    "modified_on" : {
      "timestamp" : "28-Sep-2020 15:25:40",
      "year" : 2020,
      "month" : 8,
      "day_of_month" : 28,
      "hour" : 15,
      "minute" : 25,
      "second" : 40,
      "millisecond" : 522,
      "ms" : 1601306740522,
      "iso_8601" : "2020-09-28T15:25:40Z"
    },
    "modified_by" : "admin",
    "modified_by_principal_id" : "bb39303eba0c35a3d2da",
    "modified_by_principal_domain_id" : "default",
    "edited_on" : {
      "timestamp" : "28-Sep-2020 15:25:40",
      "year" : 2020,
      "month" : 8,
      "day_of_month" : 28,
      "hour" : 15,
      "minute" : 25,
      "second" : 40,
      "millisecond" : 522,
      "ms" : 1601306740522,
      "iso_8601" : "2020-09-28T15:25:40Z"
    },
    "edited_by" : "admin",
    "edited_by_principal_id" : "bb39303eba0c35a3d2da",
    "edited_by_principal_domain_id" : "default"
  },
  "_doc" : "932c34adcb9ff2a1b0ed"
}