{
  "_doc" : "11:aad48e24a143af868f04",
  "_system" : {
    "created_on" : {
      "timestamp" : "19-Nov-2021 22:41:17",
      "year" : 2021,
      "month" : 10,
      "day_of_month" : 19,
      "hour" : 22,
      "minute" : 41,
      "second" : 17,
      "millisecond" : 536,
      "ms" : 1637379677536,
      "iso_8601" : "2021-11-19T22:41:17-05:00"
    },
    "created_by" : "admin",
    "created_by_principal_id" : "e319a2cd626b671ba7f7",
    "created_by_principal_domain_id" : "default",
    "modified_on" : {
      "timestamp" : "19-Nov-2021 22:41:17",
      "year" : 2021,
      "month" : 10,
      "day_of_month" : 19,
      "hour" : 22,
      "minute" : 41,
      "second" : 17,
      "millisecond" : 574,
      "ms" : 1637379677574,
      "iso_8601" : "2021-11-19T22:41:17-05:00"
    },
    "modified_by" : "admin",
    "modified_by_principal_id" : "e319a2cd626b671ba7f7",
    "modified_by_principal_domain_id" : "default",
    "edited_on" : {
      "timestamp" : "19-Nov-2021 22:41:17",
      "year" : 2021,
      "month" : 10,
      "day_of_month" : 19,
      "hour" : 22,
      "minute" : 41,
      "second" : 17,
      "millisecond" : 574,
      "ms" : 1637379677574,
      "iso_8601" : "2021-11-19T22:41:17-05:00"
    },
    "edited_by" : "admin",
    "edited_by_principal_id" : "e319a2cd626b671ba7f7",
    "edited_by_principal_domain_id" : "default"
  },
  "revision" : 11,
  "active" : true,
  "parents" : [ "10:e96a9cbe95304087d4ca" ],
  "branch" : "d13c41461bea0e1eaef1"
}