{
  "_type" : "store:author",
  "title" : "William Shakespeare",
  "firstName" : "William",
  "lastName" : "Shakespeare",
  "slug" : "william-shakespeare",
  "_features" : {
    "f:filename" : {
      "filename" : "William%20Shakespeare"
    },
    "f:audit" : { },
    "f:titled" : { },
    "f:geolocation" : { },
    "f:indexable" : { },
    "f:deployment-config" : {
      "default" : {
        "mappings" : [ {
          "type" : "object-to-file",
          "config" : {
            "filepath" : "/store/authors/{{object.slug}}.json"
          }
        }, {
          "type" : "attachment-to-file",
          "config" : {
            "attachmentId" : "*",
            "filepath" : "/store/authors/{{object.slug}}.{{attachment.ext}}"
          }
        } ]
      }
    },
    "f:related" : { },
    "f:publishable" : {
      "state" : "approved"
    }
  },
  "_qname" : "o:ad0ae75fe63842318c8b",
  "_doc" : "ad0ae75fe63842318c8b",
  "_system" : {
    "deleted" : false,
    "changeset" : "55:ab4763d73c26014ef5eb",
    "created_on" : {
      "timestamp" : "05-Aug-2021 15:36:59",
      "year" : 2021,
      "month" : 7,
      "day_of_month" : 5,
      "hour" : 15,
      "minute" : 36,
      "second" : 59,
      "millisecond" : 251,
      "ms" : 1628177819251,
      "iso_8601" : "2021-08-05T15:36:59Z"
    },
    "created_by" : "system",
    "created_by_principal_id" : "system",
    "modified_on" : {
      "timestamp" : "05-Aug-2021 15:37:21",
      "year" : 2021,
      "month" : 7,
      "day_of_month" : 5,
      "hour" : 15,
      "minute" : 37,
      "second" : 21,
      "millisecond" : 495,
      "ms" : 1628177841495,
      "iso_8601" : "2021-08-05T15:37:21Z"
    },
    "modified_by" : "admin",
    "modified_by_principal_id" : "b3236127dacc03f40cd9",
    "edited_on" : {
      "timestamp" : "05-Aug-2021 15:37:21",
      "year" : 2021,
      "month" : 7,
      "day_of_month" : 5,
      "hour" : 15,
      "minute" : 37,
      "second" : 21,
      "millisecond" : 495,
      "ms" : 1628177841495,
      "iso_8601" : "2021-08-05T15:37:21Z"
    },
    "edited_by" : "admin",
    "edited_by_principal_id" : "b3236127dacc03f40cd9",
    "rev" : 55,
    "attachments" : {
      "default" : {
        "contentType" : "image/jpeg",
        "length" : 28573,
        "objectId" : "attachment_ad0ae75fe63842318c8b_ef6de01170b1ac12cd2e",
        "filename" : "default.jpg"
      }
    },
    "previousChangeset" : "10:a4f2e56b001d67f3fad9",
    "modified_by_principal_domain_id" : "default",
    "edited_by_principal_domain_id" : "default",
    "branch" : "23fafbfbb544c803da8d",
    "_op" : "update"
  }
}