{
  "defaultDirectoryId" : "f90bfe9b7197eb06b107",
  "platformId" : "28b3e8dfea1ba2c05c57",
  "datastoreId" : "a02c499c3cc1d2986c4d",
  "datastoreTypeId" : "domain",
  "enableAuditing" : false,
  "enableAuthorities" : true,
  "maxsize" : -1,
  "size" : 0,
  "objectcount" : 0,
  "_system" : {
    "created_on" : {
      "timestamp" : "06-Aug-2020 13:25:30",
      "year" : 2020,
      "month" : 7,
      "day_of_month" : 6,
      "hour" : 13,
      "minute" : 25,
      "second" : 30,
      "millisecond" : 190,
      "ms" : 1596720330190,
      "iso_8601" : "2020-08-06T13:25:30Z"
    },
    "created_by" : "admin",
    "created_by_principal_id" : "bb39303eba0c35a3d2da",
    "created_by_principal_domain_id" : "default",
    "modified_on" : {
      "timestamp" : "06-Aug-2020 13:26:11",
      "year" : 2020,
      "month" : 7,
      "day_of_month" : 6,
      "hour" : 13,
      "minute" : 26,
      "second" : 11,
      "millisecond" : 398,
      "ms" : 1596720371398,
      "iso_8601" : "2020-08-06T13:26:11Z"
    },
    "modified_by" : "admin",
    "modified_by_principal_id" : "bb39303eba0c35a3d2da",
    "modified_by_principal_domain_id" : "default",
    "edited_on" : {
      "timestamp" : "06-Aug-2020 13:26:11",
      "year" : 2020,
      "month" : 7,
      "day_of_month" : 6,
      "hour" : 13,
      "minute" : 26,
      "second" : 11,
      "millisecond" : 398,
      "ms" : 1596720371398,
      "iso_8601" : "2020-08-06T13:26:11Z"
    },
    "edited_by" : "admin",
    "edited_by_principal_id" : "bb39303eba0c35a3d2da",
    "edited_by_principal_domain_id" : "default"
  },
  "_doc" : "788d9fc35c27778dbb8b",
  "statisticsDate" : {
    "timestamp" : "01-Jan-1970 00:00:00",
    "year" : 1970,
    "month" : 0,
    "day_of_month" : 1,
    "hour" : 0,
    "minute" : 0,
    "second" : 0,
    "millisecond" : 1,
    "ms" : 1,
    "iso_8601" : "1970-01-01T00:00:00Z"
  },
  "statisticsDirty" : true,
  "title" : "Sample Project 'principals' domain"
}