{
  "type" : "UPDATE",
  "timestamp" : {
    "timestamp" : "06-Aug-2020 13:25:30",
    "year" : 2020,
    "month" : 7,
    "day_of_month" : 6,
    "hour" : 13,
    "minute" : 25,
    "second" : 30,
    "millisecond" : 369,
    "ms" : 1596720330369,
    "iso_8601" : "2020-08-06T13:25:30Z"
  },
  "userDomainId" : "default",
  "userId" : "bb39303eba0c35a3d2da",
  "userTitle" : "admin",
  "userName" : "admin",
  "objectDatastoreTypeId" : "platform",
  "objectDatastoreId" : "28b3e8dfea1ba2c05c57",
  "objectDatastoreTitle" : "Root Platform",
  "objectId" : "a02c499c3cc1d2986c4d",
  "objectTypeId" : "domain",
  "objectTitle" : "a02c499c3cc1d2986c4d",
  "_system" : {
    "created_on" : {
      "timestamp" : "06-Aug-2020 13:25:30",
      "year" : 2020,
      "month" : 7,
      "day_of_month" : 6,
      "hour" : 13,
      "minute" : 25,
      "second" : 30,
      "millisecond" : 370,
      "ms" : 1596720330370,
      "iso_8601" : "2020-08-06T13:25:30Z"
    },
    "created_by" : "admin",
    "created_by_principal_id" : "bb39303eba0c35a3d2da",
    "created_by_principal_domain_id" : "default",
    "modified_on" : {
      "timestamp" : "06-Aug-2020 13:25:30",
      "year" : 2020,
      "month" : 7,
      "day_of_month" : 6,
      "hour" : 13,
      "minute" : 25,
      "second" : 30,
      "millisecond" : 370,
      "ms" : 1596720330370,
      "iso_8601" : "2020-08-06T13:25:30Z"
    },
    "modified_by" : "admin",
    "modified_by_principal_id" : "bb39303eba0c35a3d2da",
    "modified_by_principal_domain_id" : "default",
    "edited_on" : {
      "timestamp" : "06-Aug-2020 13:25:30",
      "year" : 2020,
      "month" : 7,
      "day_of_month" : 6,
      "hour" : 13,
      "minute" : 25,
      "second" : 30,
      "millisecond" : 370,
      "ms" : 1596720330370,
      "iso_8601" : "2020-08-06T13:25:30Z"
    },
    "edited_by" : "admin",
    "edited_by_principal_id" : "bb39303eba0c35a3d2da",
    "edited_by_principal_domain_id" : "default"
  },
  "_doc" : "0eb983b40d5cb88f36c7"
}