{
  "_doc" : "39:25c6cf319dc78736f3b7",
  "_system" : {
    "created_on" : {
      "timestamp" : "20-Oct-2021 09:44:34",
      "year" : 2021,
      "month" : 9,
      "day_of_month" : 20,
      "hour" : 9,
      "minute" : 44,
      "second" : 34,
      "millisecond" : 632,
      "ms" : 1634737474632,
      "iso_8601" : "2021-10-20T09:44:34-04:00"
    },
    "created_by" : "admin",
    "created_by_principal_id" : "2a7c6669601b1ba4c958",
    "created_by_principal_domain_id" : "default",
    "modified_on" : {
      "timestamp" : "20-Oct-2021 09:44:34",
      "year" : 2021,
      "month" : 9,
      "day_of_month" : 20,
      "hour" : 9,
      "minute" : 44,
      "second" : 34,
      "millisecond" : 676,
      "ms" : 1634737474676,
      "iso_8601" : "2021-10-20T09:44:34-04:00"
    },
    "modified_by" : "admin",
    "modified_by_principal_id" : "2a7c6669601b1ba4c958",
    "modified_by_principal_domain_id" : "default",
    "edited_on" : {
      "timestamp" : "20-Oct-2021 09:44:34",
      "year" : 2021,
      "month" : 9,
      "day_of_month" : 20,
      "hour" : 9,
      "minute" : 44,
      "second" : 34,
      "millisecond" : 676,
      "ms" : 1634737474676,
      "iso_8601" : "2021-10-20T09:44:34-04:00"
    },
    "edited_by" : "admin",
    "edited_by_principal_id" : "2a7c6669601b1ba4c958",
    "edited_by_principal_domain_id" : "default"
  },
  "revision" : 39,
  "active" : true,
  "parents" : [ "38:5a7de4535038b85c61b9" ],
  "branch" : "c05d26b68d5e6c9699cf"
}