{
  "_system" : {
    "deleted" : false,
    "changeset" : "30:b22914c2b3076eb5b6c1",
    "created_on" : {
      "timestamp" : "14-Feb-2019 15:32:58",
      "year" : 2019,
      "month" : 1,
      "day_of_month" : 14,
      "hour" : 15,
      "minute" : 32,
      "second" : 58,
      "millisecond" : 247,
      "ms" : 1550158378247,
      "iso_8601" : "2019-02-14T15:32:58Z"
    },
    "created_by" : "admin",
    "created_by_principal_id" : "5bab281f1cb2047f12ba",
    "created_by_principal_domain_id" : "default",
    "modified_on" : {
      "timestamp" : "14-Feb-2019 15:32:58",
      "year" : 2019,
      "month" : 1,
      "day_of_month" : 14,
      "hour" : 15,
      "minute" : 32,
      "second" : 58,
      "millisecond" : 319,
      "ms" : 1550158378319,
      "iso_8601" : "2019-02-14T15:32:58Z"
    },
    "modified_by" : "admin",
    "modified_by_principal_id" : "5bab281f1cb2047f12ba",
    "modified_by_principal_domain_id" : "default",
    "edited_on" : {
      "timestamp" : "14-Feb-2019 15:32:58",
      "year" : 2019,
      "month" : 1,
      "day_of_month" : 14,
      "hour" : 15,
      "minute" : 32,
      "second" : 58,
      "millisecond" : 319,
      "ms" : 1550158378319,
      "iso_8601" : "2019-02-14T15:32:58Z"
    },
    "edited_by" : "admin",
    "edited_by_principal_id" : "5bab281f1cb2047f12ba",
    "edited_by_principal_domain_id" : "default"
  },
  "_doc" : "c1310f62b26bcc0266ce",
  "_qname" : "o:c1310f62b26bcc0266ce",
  "_type" : "a:has_role",
  "directionality" : "DIRECTED",
  "_features" : {
    "f:audit" : { },
    "f:indexable" : { }
  },
  "source_type" : "n:person",
  "source" : "fb528b3cc0f4915e1ab5",
  "target_type" : "catalog:product-review",
  "target" : "5dc93726d3d187cfdf91",
  "role-key" : "owner",
  "inherited" : true,
  "inheritsFrom" : "bb62c4b3b1f8d514ae21"
}