{
  "_doc" : "5:df1a8a41163e54619217",
  "_system" : {
    "created_on" : {
      "timestamp" : "05-Aug-2021 15:36:49",
      "year" : 2021,
      "month" : 7,
      "day_of_month" : 5,
      "hour" : 15,
      "minute" : 36,
      "second" : 49,
      "millisecond" : 47,
      "ms" : 1628177809047,
      "iso_8601" : "2021-08-05T15:36:49Z"
    },
    "created_by" : "admin",
    "created_by_principal_id" : "b3236127dacc03f40cd9",
    "created_by_principal_domain_id" : "default",
    "modified_on" : {
      "timestamp" : "05-Aug-2021 15:36:49",
      "year" : 2021,
      "month" : 7,
      "day_of_month" : 5,
      "hour" : 15,
      "minute" : 36,
      "second" : 49,
      "millisecond" : 356,
      "ms" : 1628177809356,
      "iso_8601" : "2021-08-05T15:36:49Z"
    },
    "modified_by" : "admin",
    "modified_by_principal_id" : "b3236127dacc03f40cd9",
    "modified_by_principal_domain_id" : "default",
    "edited_on" : {
      "timestamp" : "05-Aug-2021 15:36:49",
      "year" : 2021,
      "month" : 7,
      "day_of_month" : 5,
      "hour" : 15,
      "minute" : 36,
      "second" : 49,
      "millisecond" : 356,
      "ms" : 1628177809356,
      "iso_8601" : "2021-08-05T15:36:49Z"
    },
    "edited_by" : "admin",
    "edited_by_principal_id" : "b3236127dacc03f40cd9",
    "edited_by_principal_domain_id" : "default"
  },
  "revision" : 5,
  "active" : true,
  "parents" : [ "4:58d55b0739042aed18ef" ],
  "branch" : "23fafbfbb544c803da8d"
}