{
  "_type" : "n:node",
  "title" : "Books",
  "_features" : {
    "f:container" : { },
    "f:audit" : { },
    "f:titled" : { },
    "f:filename" : {
      "filename" : "Books"
    },
    "f:geolocation" : { },
    "f:indexable" : { },
    "f:knowledge-recipient" : {
      "properties" : [ "category" ],
      "enabled" : true
    }
  },
  "_system" : {
    "deleted" : false,
    "changeset" : "0:root",
    "modified_on" : {
      "timestamp" : "19-Apr-2019 20:08:36",
      "year" : 2019,
      "month" : 3,
      "day_of_month" : 19,
      "hour" : 20,
      "minute" : 8,
      "second" : 36,
      "millisecond" : 761,
      "ms" : 1555704516761,
      "iso_8601" : "2019-04-19T20:08:36Z"
    },
    "modified_by" : "admin",
    "modified_by_principal_id" : "74004ce2e8561e763ac4",
    "modified_by_principal_domain_id" : "default",
    "edited_on" : {
      "timestamp" : "19-Apr-2019 20:08:36",
      "year" : 2019,
      "month" : 3,
      "day_of_month" : 19,
      "hour" : 20,
      "minute" : 8,
      "second" : 36,
      "millisecond" : 761,
      "ms" : 1555704516761,
      "iso_8601" : "2019-04-19T20:08:36Z"
    },
    "edited_by" : "admin",
    "edited_by_principal_id" : "74004ce2e8561e763ac4",
    "edited_by_principal_domain_id" : "default",
    "created_on" : {
      "timestamp" : "19-Apr-2019 20:08:36",
      "year" : 2019,
      "month" : 3,
      "day_of_month" : 19,
      "hour" : 20,
      "minute" : 8,
      "second" : 36,
      "millisecond" : 761,
      "ms" : 1555704516761,
      "iso_8601" : "2019-04-19T20:08:36Z"
    },
    "created_by" : "admin",
    "created_by_principal_id" : "74004ce2e8561e763ac4",
    "created_by_principal_domain_id" : "default"
  },
  "_qname" : "o:cc0732313f1e9771b1a7",
  "category" : "business",
  "_doc" : "cc0732313f1e9771b1a7"
}