{
  "_doc" : "32:507b44c2ea0fd52e8007",
  "_system" : {
    "created_on" : {
      "timestamp" : "05-Aug-2021 15:37:15",
      "year" : 2021,
      "month" : 7,
      "day_of_month" : 5,
      "hour" : 15,
      "minute" : 37,
      "second" : 15,
      "millisecond" : 588,
      "ms" : 1628177835588,
      "iso_8601" : "2021-08-05T15:37:15Z"
    },
    "created_by" : "system",
    "created_by_principal_id" : "system",
    "created_by_principal_domain_id" : null,
    "modified_on" : {
      "timestamp" : "05-Aug-2021 15:37:15",
      "year" : 2021,
      "month" : 7,
      "day_of_month" : 5,
      "hour" : 15,
      "minute" : 37,
      "second" : 15,
      "millisecond" : 724,
      "ms" : 1628177835724,
      "iso_8601" : "2021-08-05T15:37:15Z"
    },
    "modified_by" : "system",
    "modified_by_principal_id" : "system",
    "modified_by_principal_domain_id" : null,
    "edited_on" : {
      "timestamp" : "05-Aug-2021 15:37:15",
      "year" : 2021,
      "month" : 7,
      "day_of_month" : 5,
      "hour" : 15,
      "minute" : 37,
      "second" : 15,
      "millisecond" : 588,
      "ms" : 1628177835588,
      "iso_8601" : "2021-08-05T15:37:15Z"
    },
    "edited_by" : "system",
    "edited_by_principal_id" : "system",
    "edited_by_principal_domain_id" : null
  },
  "revision" : 32,
  "active" : true,
  "parents" : [ "31:ec29b026af05f428ce5f" ],
  "branch" : "23fafbfbb544c803da8d"
}