{
  "_type" : "n:node",
  "_features" : {
    "f:container" : {
      "enabled" : true
    },
    "f:filename" : {
      "filename" : "Store"
    }
  },
  "title" : "Store",
  "_qname" : "o:eaad979293d04d2dbcc3",
  "_doc" : "eaad979293d04d2dbcc3",
  "_system" : {
    "deleted" : false,
    "changeset" : "26:448530dd6c4ba1eb665e",
    "created_on" : {
      "timestamp" : "31-Aug-2022 15:26:11",
      "year" : 2022,
      "month" : 7,
      "day_of_month" : 31,
      "hour" : 15,
      "minute" : 26,
      "second" : 11,
      "millisecond" : 899,
      "ms" : 1661959571899,
      "iso_8601" : "2022-08-31T15:26:11Z"
    },
    "created_by" : "admin",
    "created_by_principal_id" : "2f873756d87a4ad1befc",
    "created_by_principal_domain_id" : "default",
    "modified_on" : {
      "timestamp" : "31-Aug-2022 15:26:13",
      "year" : 2022,
      "month" : 7,
      "day_of_month" : 31,
      "hour" : 15,
      "minute" : 26,
      "second" : 13,
      "millisecond" : 314,
      "ms" : 1661959573314,
      "iso_8601" : "2022-08-31T15:26:13Z"
    },
    "modified_by" : "admin",
    "modified_by_principal_id" : "2f873756d87a4ad1befc",
    "modified_by_principal_domain_id" : "default",
    "edited_on" : {
      "timestamp" : "31-Aug-2022 15:26:13",
      "year" : 2022,
      "month" : 7,
      "day_of_month" : 31,
      "hour" : 15,
      "minute" : 26,
      "second" : 13,
      "millisecond" : 314,
      "ms" : 1661959573314,
      "iso_8601" : "2022-08-31T15:26:13Z"
    },
    "edited_by" : "admin",
    "edited_by_principal_id" : "2f873756d87a4ad1befc",
    "rev" : 26,
    "branch" : "88810405bb84bac72aab",
    "_op" : "create",
    "edited_by_principal_domain_id" : "default"
  }
}