{
  "_system" : {
    "deleted" : false,
    "changeset" : "69:76a55280199215d4457e",
    "created_on" : {
      "timestamp" : "14-Feb-2019 15:33:11",
      "year" : 2019,
      "month" : 1,
      "day_of_month" : 14,
      "hour" : 15,
      "minute" : 33,
      "second" : 11,
      "millisecond" : 214,
      "ms" : 1550158391214,
      "iso_8601" : "2019-02-14T15:33:11Z"
    },
    "created_by" : "admin",
    "created_by_principal_id" : "5bab281f1cb2047f12ba",
    "created_by_principal_domain_id" : "default",
    "modified_on" : {
      "timestamp" : "14-Feb-2019 15:33:11",
      "year" : 2019,
      "month" : 1,
      "day_of_month" : 14,
      "hour" : 15,
      "minute" : 33,
      "second" : 11,
      "millisecond" : 270,
      "ms" : 1550158391270,
      "iso_8601" : "2019-02-14T15:33:11Z"
    },
    "modified_by" : "admin",
    "modified_by_principal_id" : "5bab281f1cb2047f12ba",
    "modified_by_principal_domain_id" : "default",
    "edited_on" : {
      "timestamp" : "14-Feb-2019 15:33:11",
      "year" : 2019,
      "month" : 1,
      "day_of_month" : 14,
      "hour" : 15,
      "minute" : 33,
      "second" : 11,
      "millisecond" : 270,
      "ms" : 1550158391270,
      "iso_8601" : "2019-02-14T15:33:11Z"
    },
    "edited_by" : "admin",
    "edited_by_principal_id" : "5bab281f1cb2047f12ba",
    "edited_by_principal_domain_id" : "default"
  },
  "_doc" : "cdb7468c8fecad3c2dd1",
  "_qname" : "o:cdb7468c8fecad3c2dd1",
  "_type" : "a:child",
  "directionality" : "DIRECTED",
  "_features" : {
    "f:audit" : { },
    "f:indexable" : { },
    "f:propagates-authorities" : {
      "enabled" : true
    },
    "f:non-cyclic" : { },
    "f:knowledge-sharing" : {
      "enabled" : true
    }
  },
  "source_type" : "n:node",
  "source" : "b1c6704babedde83a218",
  "target_type" : "guide:city",
  "target" : "3e66fce1607837e4af3c"
}