{
  "_doc" : "54:dc05e432d7616ae982db",
  "_system" : {
    "created_on" : {
      "timestamp" : "31-Aug-2022 15:26:25",
      "year" : 2022,
      "month" : 7,
      "day_of_month" : 31,
      "hour" : 15,
      "minute" : 26,
      "second" : 25,
      "millisecond" : 997,
      "ms" : 1661959585997,
      "iso_8601" : "2022-08-31T15:26:25Z"
    },
    "created_by" : "admin",
    "created_by_principal_id" : "2f873756d87a4ad1befc",
    "created_by_principal_domain_id" : "default",
    "modified_on" : {
      "timestamp" : "31-Aug-2022 15:26:26",
      "year" : 2022,
      "month" : 7,
      "day_of_month" : 31,
      "hour" : 15,
      "minute" : 26,
      "second" : 26,
      "millisecond" : 66,
      "ms" : 1661959586066,
      "iso_8601" : "2022-08-31T15:26:26Z"
    },
    "modified_by" : "admin",
    "modified_by_principal_id" : "2f873756d87a4ad1befc",
    "modified_by_principal_domain_id" : "default",
    "edited_on" : {
      "timestamp" : "31-Aug-2022 15:26:26",
      "year" : 2022,
      "month" : 7,
      "day_of_month" : 31,
      "hour" : 15,
      "minute" : 26,
      "second" : 26,
      "millisecond" : 66,
      "ms" : 1661959586066,
      "iso_8601" : "2022-08-31T15:26:26Z"
    },
    "edited_by" : "admin",
    "edited_by_principal_id" : "2f873756d87a4ad1befc",
    "edited_by_principal_domain_id" : "default"
  },
  "revision" : 54,
  "active" : true,
  "parents" : [ "53:da5e0e17b27fc5bca1a7" ],
  "branch" : "88810405bb84bac72aab"
}