{
  "_features" : {
    "f:relator" : {
      "propertyHolder" : "source",
      "propertyPath" : "/author",
      "active" : true
    },
    "f:audit" : { },
    "f:indexable" : { }
  },
  "source" : "aa59d1d740924870bdc4",
  "source_type" : "store:book",
  "target" : "3177f3b9a9ef49aca3b6",
  "target_type" : "store:author",
  "directionality" : "DIRECTED",
  "_system" : {
    "deleted" : false,
    "changeset" : "31:5c7335ecc974e903b34d",
    "created_on" : {
      "timestamp" : "20-Oct-2021 09:34:23",
      "year" : 2021,
      "month" : 9,
      "day_of_month" : 20,
      "hour" : 9,
      "minute" : 34,
      "second" : 23,
      "millisecond" : 497,
      "ms" : 1634736863497,
      "iso_8601" : "2021-10-20T09:34:23-04:00"
    },
    "created_by" : "admin",
    "created_by_principal_id" : "2a7c6669601b1ba4c958",
    "created_by_principal_domain_id" : "default",
    "modified_on" : {
      "timestamp" : "20-Oct-2021 09:34:23",
      "year" : 2021,
      "month" : 9,
      "day_of_month" : 20,
      "hour" : 9,
      "minute" : 34,
      "second" : 23,
      "millisecond" : 539,
      "ms" : 1634736863539,
      "iso_8601" : "2021-10-20T09:34:23-04:00"
    },
    "modified_by" : "admin",
    "modified_by_principal_id" : "2a7c6669601b1ba4c958",
    "modified_by_principal_domain_id" : "default",
    "edited_on" : {
      "timestamp" : "20-Oct-2021 09:34:23",
      "year" : 2021,
      "month" : 9,
      "day_of_month" : 20,
      "hour" : 9,
      "minute" : 34,
      "second" : 23,
      "millisecond" : 539,
      "ms" : 1634736863539,
      "iso_8601" : "2021-10-20T09:34:23-04:00"
    },
    "edited_by" : "admin",
    "edited_by_principal_id" : "2a7c6669601b1ba4c958",
    "edited_by_principal_domain_id" : "default",
    "rev" : 31,
    "branch" : "1ad06a3e9160fdc88c85",
    "_op" : "create"
  },
  "_doc" : "0ab40e453e1f4645fc50",
  "_qname" : "o:0ab40e453e1f4645fc50",
  "_type" : "store:authored-by"
}