{
  "_doc" : "0:root",
  "_system" : {
    "created_on" : {
      "timestamp" : "20-Oct-2021 00:03:14",
      "year" : 2021,
      "month" : 9,
      "day_of_month" : 20,
      "hour" : 0,
      "minute" : 3,
      "second" : 14,
      "millisecond" : 748,
      "ms" : 1634702594748,
      "iso_8601" : "2021-10-20T00:03:14-04:00"
    },
    "created_by" : "admin",
    "created_by_principal_id" : "2a7c6669601b1ba4c958",
    "created_by_principal_domain_id" : "default",
    "modified_on" : {
      "timestamp" : "20-Oct-2021 00:03:14",
      "year" : 2021,
      "month" : 9,
      "day_of_month" : 20,
      "hour" : 0,
      "minute" : 3,
      "second" : 14,
      "millisecond" : 965,
      "ms" : 1634702594965,
      "iso_8601" : "2021-10-20T00:03:14-04:00"
    },
    "modified_by" : "admin",
    "modified_by_principal_id" : "2a7c6669601b1ba4c958",
    "modified_by_principal_domain_id" : "default",
    "edited_on" : {
      "timestamp" : "20-Oct-2021 00:03:14",
      "year" : 2021,
      "month" : 9,
      "day_of_month" : 20,
      "hour" : 0,
      "minute" : 3,
      "second" : 14,
      "millisecond" : 965,
      "ms" : 1634702594965,
      "iso_8601" : "2021-10-20T00:03:14-04:00"
    },
    "edited_by" : "admin",
    "edited_by_principal_id" : "2a7c6669601b1ba4c958",
    "edited_by_principal_domain_id" : "default"
  },
  "revision" : 0,
  "active" : true,
  "branch" : "a73f26b4127e018473e1"
}