{
  "_system" : {
    "deleted" : false,
    "changeset" : "68:8d10a9b39569ac020654",
    "created_on" : {
      "timestamp" : "14-Feb-2019 15:33:10",
      "year" : 2019,
      "month" : 1,
      "day_of_month" : 14,
      "hour" : 15,
      "minute" : 33,
      "second" : 10,
      "millisecond" : 640,
      "ms" : 1550158390640,
      "iso_8601" : "2019-02-14T15:33:10Z"
    },
    "created_by" : "admin",
    "created_by_principal_id" : "5bab281f1cb2047f12ba",
    "created_by_principal_domain_id" : "default",
    "modified_on" : {
      "timestamp" : "14-Feb-2019 15:33:10",
      "year" : 2019,
      "month" : 1,
      "day_of_month" : 14,
      "hour" : 15,
      "minute" : 33,
      "second" : 10,
      "millisecond" : 745,
      "ms" : 1550158390745,
      "iso_8601" : "2019-02-14T15:33:10Z"
    },
    "modified_by" : "admin",
    "modified_by_principal_id" : "5bab281f1cb2047f12ba",
    "modified_by_principal_domain_id" : "default",
    "edited_on" : {
      "timestamp" : "14-Feb-2019 15:33:10",
      "year" : 2019,
      "month" : 1,
      "day_of_month" : 14,
      "hour" : 15,
      "minute" : 33,
      "second" : 10,
      "millisecond" : 745,
      "ms" : 1550158390745,
      "iso_8601" : "2019-02-14T15:33:10Z"
    },
    "edited_by" : "admin",
    "edited_by_principal_id" : "5bab281f1cb2047f12ba",
    "edited_by_principal_domain_id" : "default"
  },
  "_doc" : "b7e1e82a78c9b676b06f",
  "_qname" : "o:b7e1e82a78c9b676b06f",
  "_type" : "a:has_role",
  "directionality" : "DIRECTED",
  "_features" : {
    "f:audit" : { },
    "f:indexable" : { }
  },
  "source_type" : "n:person",
  "source" : "fb528b3cc0f4915e1ab5",
  "target_type" : "guide:city",
  "target" : "40b6d4bf101e202786c9",
  "role-key" : "owner",
  "inherited" : true,
  "inheritsFrom" : "27293ea6cc3a4eeeb721"
}