{
  "projectId" : "d26d121c60ab6c0c525b",
  "conditions" : [ {
    "type" : "and",
    "config" : {
      "conditions" : [ {
        "type" : "branch",
        "config" : {
          "id" : "c05d26b68d5e6c9699cf"
        }
      }, {
        "type" : "state",
        "config" : {
          "state" : "approved"
        }
      } ]
    }
  } ],
  "config" : {
    "strategyId" : "d94e7f99bae25fb089e1",
    "realtime" : false
  },
  "_system" : {
    "created_on" : {
      "timestamp" : "20-Oct-2021 09:44:24",
      "year" : 2021,
      "month" : 9,
      "day_of_month" : 20,
      "hour" : 9,
      "minute" : 44,
      "second" : 24,
      "millisecond" : 844,
      "ms" : 1634737464844,
      "iso_8601" : "2021-10-20T09:44:24-04:00"
    },
    "created_by" : "admin",
    "created_by_principal_id" : "2a7c6669601b1ba4c958",
    "created_by_principal_domain_id" : "default",
    "modified_on" : {
      "timestamp" : "20-Oct-2021 09:44:24",
      "year" : 2021,
      "month" : 9,
      "day_of_month" : 20,
      "hour" : 9,
      "minute" : 44,
      "second" : 24,
      "millisecond" : 844,
      "ms" : 1634737464844,
      "iso_8601" : "2021-10-20T09:44:24-04:00"
    },
    "modified_by" : "admin",
    "modified_by_principal_id" : "2a7c6669601b1ba4c958",
    "modified_by_principal_domain_id" : "default",
    "edited_on" : {
      "timestamp" : "20-Oct-2021 09:44:24",
      "year" : 2021,
      "month" : 9,
      "day_of_month" : 20,
      "hour" : 9,
      "minute" : 44,
      "second" : 24,
      "millisecond" : 844,
      "ms" : 1634737464844,
      "iso_8601" : "2021-10-20T09:44:24-04:00"
    },
    "edited_by" : "admin",
    "edited_by_principal_id" : "2a7c6669601b1ba4c958",
    "edited_by_principal_domain_id" : "default"
  },
  "_doc" : "4ecf386112bed41a77e9"
}