{
  "tag" : "prejudice",
  "title" : "prejudice",
  "_system" : {
    "deleted" : false,
    "changeset" : "9:2a39461291a06adf94e1",
    "created_on" : {
      "timestamp" : "17-Nov-2021 09:27:51",
      "year" : 2021,
      "month" : 10,
      "day_of_month" : 17,
      "hour" : 9,
      "minute" : 27,
      "second" : 51,
      "millisecond" : 183,
      "ms" : 1637159271183,
      "iso_8601" : "2021-11-17T09:27:51-05:00"
    },
    "created_by" : "admin",
    "created_by_principal_id" : "4dbc7eeadc99359ba687",
    "created_by_principal_domain_id" : "default",
    "modified_on" : {
      "timestamp" : "17-Nov-2021 09:27:51",
      "year" : 2021,
      "month" : 10,
      "day_of_month" : 17,
      "hour" : 9,
      "minute" : 27,
      "second" : 51,
      "millisecond" : 214,
      "ms" : 1637159271214,
      "iso_8601" : "2021-11-17T09:27:51-05:00"
    },
    "modified_by" : "admin",
    "modified_by_principal_id" : "4dbc7eeadc99359ba687",
    "modified_by_principal_domain_id" : "default",
    "edited_on" : {
      "timestamp" : "17-Nov-2021 09:27:51",
      "year" : 2021,
      "month" : 10,
      "day_of_month" : 17,
      "hour" : 9,
      "minute" : 27,
      "second" : 51,
      "millisecond" : 214,
      "ms" : 1637159271214,
      "iso_8601" : "2021-11-17T09:27:51-05:00"
    },
    "edited_by" : "admin",
    "edited_by_principal_id" : "4dbc7eeadc99359ba687",
    "edited_by_principal_domain_id" : "default",
    "rev" : 9,
    "branch" : "921fd3299d530ef02309",
    "_op" : "create"
  },
  "_doc" : "69487e3fa7c21dd5b6a2",
  "_qname" : "o:69487e3fa7c21dd5b6a2",
  "_type" : "n:tag",
  "_features" : {
    "f:audit" : { },
    "f:titled" : { },
    "f:filename" : {
      "filename" : "prejudice"
    },
    "f:geolocation" : { },
    "f:indexable" : { }
  }
}