{
  "_system" : {
    "deleted" : false,
    "changeset" : "2:435fa411a4a815d883fe",
    "created_on" : {
      "timestamp" : "05-Aug-2021 15:36:47",
      "year" : 2021,
      "month" : 7,
      "day_of_month" : 5,
      "hour" : 15,
      "minute" : 36,
      "second" : 47,
      "millisecond" : 444,
      "ms" : 1628177807444,
      "iso_8601" : "2021-08-05T15:36:47Z"
    },
    "created_by" : "admin",
    "created_by_principal_id" : "b3236127dacc03f40cd9",
    "created_by_principal_domain_id" : "default",
    "modified_on" : {
      "timestamp" : "05-Aug-2021 15:36:47",
      "year" : 2021,
      "month" : 7,
      "day_of_month" : 5,
      "hour" : 15,
      "minute" : 36,
      "second" : 47,
      "millisecond" : 495,
      "ms" : 1628177807495,
      "iso_8601" : "2021-08-05T15:36:47Z"
    },
    "modified_by" : "admin",
    "modified_by_principal_id" : "b3236127dacc03f40cd9",
    "modified_by_principal_domain_id" : "default",
    "edited_on" : {
      "timestamp" : "05-Aug-2021 15:36:47",
      "year" : 2021,
      "month" : 7,
      "day_of_month" : 5,
      "hour" : 15,
      "minute" : 36,
      "second" : 47,
      "millisecond" : 495,
      "ms" : 1628177807495,
      "iso_8601" : "2021-08-05T15:36:47Z"
    },
    "edited_by" : "admin",
    "edited_by_principal_id" : "b3236127dacc03f40cd9",
    "edited_by_principal_domain_id" : "default",
    "rev" : 2,
    "branch" : "23fafbfbb544c803da8d",
    "_op" : "create"
  },
  "_doc" : "1f75f134ddaf8c9f61be",
  "_qname" : "o:1f75f134ddaf8c9f61be",
  "_type" : "a:child",
  "directionality" : "DIRECTED",
  "_features" : {
    "f:audit" : { },
    "f:indexable" : { },
    "f:propagates-authorities" : {
      "enabled" : true
    },
    "f:non-cyclic" : { },
    "f:knowledge-sharing" : {
      "enabled" : true
    }
  },
  "source_type" : "n:node",
  "source" : "a216759b75a5c48fbe22",
  "target_type" : "n:node",
  "target" : "2a9815d4704c5e49d108"
}