{
  "platformId" : "98ef3d2f698ca7135109",
  "datastoreId" : "1d046b839a355b2a0c9b",
  "datastoreTypeId" : "repository",
  "enableAuditing" : true,
  "enableAuthorities" : true,
  "dataSize" : 0,
  "storageSize" : 0,
  "fsSize" : 0,
  "objectcount" : 0,
  "_system" : {
    "created_on" : {
      "timestamp" : "19-Nov-2021 22:40:59",
      "year" : 2021,
      "month" : 10,
      "day_of_month" : 19,
      "hour" : 22,
      "minute" : 40,
      "second" : 59,
      "millisecond" : 132,
      "ms" : 1637379659132,
      "iso_8601" : "2021-11-19T22:40:59-05:00"
    },
    "created_by" : "admin",
    "created_by_principal_id" : "e319a2cd626b671ba7f7",
    "created_by_principal_domain_id" : "default",
    "modified_on" : {
      "timestamp" : "19-Nov-2021 22:41:28",
      "year" : 2021,
      "month" : 10,
      "day_of_month" : 19,
      "hour" : 22,
      "minute" : 41,
      "second" : 28,
      "millisecond" : 804,
      "ms" : 1637379688804,
      "iso_8601" : "2021-11-19T22:41:28-05:00"
    },
    "modified_by" : "admin",
    "modified_by_principal_id" : "e319a2cd626b671ba7f7",
    "modified_by_principal_domain_id" : "default",
    "edited_on" : {
      "timestamp" : "19-Nov-2021 22:41:28",
      "year" : 2021,
      "month" : 10,
      "day_of_month" : 19,
      "hour" : 22,
      "minute" : 41,
      "second" : 28,
      "millisecond" : 804,
      "ms" : 1637379688804,
      "iso_8601" : "2021-11-19T22:41:28-05:00"
    },
    "edited_by" : "admin",
    "edited_by_principal_id" : "e319a2cd626b671ba7f7",
    "edited_by_principal_domain_id" : "default"
  },
  "_doc" : "6893e81ca1c88630002f",
  "statisticsDate" : {
    "timestamp" : "31-Dec-1969 19:00:00",
    "year" : 1969,
    "month" : 11,
    "day_of_month" : 31,
    "hour" : 19,
    "minute" : 0,
    "second" : 0,
    "millisecond" : 1,
    "ms" : 1,
    "iso_8601" : "1969-12-31T19:00:00-05:00"
  },
  "flags" : { },
  "statisticsDirty" : true,
  "enableStrictRelators" : true,
  "filefolder" : {
    "forceUriEncoding" : true
  },
  "title" : "b5ebb5b746638727070c 'content' repository",
  "branches" : {
    "blockMaster" : true
  }
}