{
  "_system" : {
    "deleted" : false,
    "changeset" : "20:902ce5ca017500e22ef5",
    "created_on" : {
      "timestamp" : "14-Feb-2019 15:32:51",
      "year" : 2019,
      "month" : 1,
      "day_of_month" : 14,
      "hour" : 15,
      "minute" : 32,
      "second" : 51,
      "millisecond" : 434,
      "ms" : 1550158371434,
      "iso_8601" : "2019-02-14T15:32:51Z"
    },
    "created_by" : "admin",
    "created_by_principal_id" : "5bab281f1cb2047f12ba",
    "created_by_principal_domain_id" : "default",
    "modified_on" : {
      "timestamp" : "14-Feb-2019 15:32:51",
      "year" : 2019,
      "month" : 1,
      "day_of_month" : 14,
      "hour" : 15,
      "minute" : 32,
      "second" : 51,
      "millisecond" : 491,
      "ms" : 1550158371491,
      "iso_8601" : "2019-02-14T15:32:51Z"
    },
    "modified_by" : "admin",
    "modified_by_principal_id" : "5bab281f1cb2047f12ba",
    "modified_by_principal_domain_id" : "default",
    "edited_on" : {
      "timestamp" : "14-Feb-2019 15:32:51",
      "year" : 2019,
      "month" : 1,
      "day_of_month" : 14,
      "hour" : 15,
      "minute" : 32,
      "second" : 51,
      "millisecond" : 491,
      "ms" : 1550158371491,
      "iso_8601" : "2019-02-14T15:32:51Z"
    },
    "edited_by" : "admin",
    "edited_by_principal_id" : "5bab281f1cb2047f12ba",
    "edited_by_principal_domain_id" : "default"
  },
  "_doc" : "0ef3a88009a2e1a1f444",
  "_qname" : "o:0ef3a88009a2e1a1f444",
  "_type" : "a:has_role",
  "directionality" : "DIRECTED",
  "_features" : {
    "f:audit" : { },
    "f:indexable" : { }
  },
  "source_type" : "n:person",
  "source" : "fb528b3cc0f4915e1ab5",
  "target_type" : "catalog:person",
  "target" : "3400845b90a81a5012ec",
  "role-key" : "owner"
}