{
  "_type" : "n:node",
  "_features" : {
    "f:container" : {
      "enabled" : true
    },
    "f:filename" : {
      "filename" : "Store"
    }
  },
  "title" : "Store",
  "_qname" : "o:9ba30459819c4414b32c",
  "_doc" : "9ba30459819c4414b32c",
  "_system" : {
    "deleted" : false,
    "changeset" : "9:eaebea8e1a345198b940",
    "created_on" : {
      "timestamp" : "20-Oct-2021 00:03:25",
      "year" : 2021,
      "month" : 9,
      "day_of_month" : 20,
      "hour" : 0,
      "minute" : 3,
      "second" : 25,
      "millisecond" : 598,
      "ms" : 1634702605598,
      "iso_8601" : "2021-10-20T00:03:25-04:00"
    },
    "created_by" : "admin",
    "created_by_principal_id" : "2a7c6669601b1ba4c958",
    "created_by_principal_domain_id" : "default",
    "modified_on" : {
      "timestamp" : "20-Oct-2021 00:03:27",
      "year" : 2021,
      "month" : 9,
      "day_of_month" : 20,
      "hour" : 0,
      "minute" : 3,
      "second" : 27,
      "millisecond" : 125,
      "ms" : 1634702607125,
      "iso_8601" : "2021-10-20T00:03:27-04:00"
    },
    "modified_by" : "admin",
    "modified_by_principal_id" : "2a7c6669601b1ba4c958",
    "modified_by_principal_domain_id" : "default",
    "edited_on" : {
      "timestamp" : "20-Oct-2021 00:03:27",
      "year" : 2021,
      "month" : 9,
      "day_of_month" : 20,
      "hour" : 0,
      "minute" : 3,
      "second" : 27,
      "millisecond" : 125,
      "ms" : 1634702607125,
      "iso_8601" : "2021-10-20T00:03:27-04:00"
    },
    "edited_by" : "admin",
    "edited_by_principal_id" : "2a7c6669601b1ba4c958",
    "edited_by_principal_domain_id" : "default",
    "rev" : 9,
    "branch" : "a73f26b4127e018473e1",
    "_op" : "create"
  }
}