{
  "_system" : {
    "created_on" : {
      "timestamp" : "24-Aug-2022 16:08:13",
      "year" : 2022,
      "month" : 7,
      "day_of_month" : 24,
      "hour" : 16,
      "minute" : 8,
      "second" : 13,
      "millisecond" : 728,
      "ms" : 1661357293728,
      "iso_8601" : "2022-08-24T16:08:13Z"
    },
    "created_by" : "admin",
    "created_by_principal_id" : "fda4fc3b0ff3e7838fbe",
    "created_by_principal_domain_id" : "default",
    "modified_on" : {
      "timestamp" : "24-Aug-2022 16:10:07",
      "year" : 2022,
      "month" : 7,
      "day_of_month" : 24,
      "hour" : 16,
      "minute" : 10,
      "second" : 7,
      "millisecond" : 261,
      "ms" : 1661357407261,
      "iso_8601" : "2022-08-24T16:10:07Z"
    },
    "modified_by" : "admin",
    "modified_by_principal_id" : "fda4fc3b0ff3e7838fbe",
    "modified_by_principal_domain_id" : "default",
    "edited_on" : {
      "timestamp" : "24-Aug-2022 16:10:07",
      "year" : 2022,
      "month" : 7,
      "day_of_month" : 24,
      "hour" : 16,
      "minute" : 10,
      "second" : 7,
      "millisecond" : 261,
      "ms" : 1661357407261,
      "iso_8601" : "2022-08-24T16:10:07Z"
    },
    "edited_by" : "admin",
    "edited_by_principal_id" : "fda4fc3b0ff3e7838fbe",
    "edited_by_principal_domain_id" : "default"
  },
  "_doc" : "0a7fc8e20274200ad031",
  "title" : "Sample Project Stack"
}