{
  "platformId" : "4f1b3d609f298befd197",
  "enableStrictRelators" : true,
  "datastoreId" : "8379ffcf5ae7cf0ac49b",
  "datastoreTypeId" : "repository",
  "enableAuditing" : true,
  "enableAuthorities" : true,
  "maxsize" : -1,
  "size" : 0,
  "objectcount" : 0,
  "_system" : {
    "created_on" : {
      "timestamp" : "30-Nov-2018 13:12:45",
      "year" : 2018,
      "month" : 10,
      "day_of_month" : 30,
      "hour" : 13,
      "minute" : 12,
      "second" : 45,
      "millisecond" : 34,
      "ms" : 1543601565034,
      "iso_8601" : "2018-11-30T13:12:45-05:00"
    },
    "created_by" : "admin",
    "created_by_principal_id" : "b21109a86c218d02306f",
    "created_by_principal_domain_id" : "default",
    "modified_on" : {
      "timestamp" : "30-Nov-2018 13:13:15",
      "year" : 2018,
      "month" : 10,
      "day_of_month" : 30,
      "hour" : 13,
      "minute" : 13,
      "second" : 15,
      "millisecond" : 753,
      "ms" : 1543601595753,
      "iso_8601" : "2018-11-30T13:13:15-05:00"
    },
    "modified_by" : "admin",
    "modified_by_principal_id" : "b21109a86c218d02306f",
    "modified_by_principal_domain_id" : "default",
    "edited_on" : {
      "timestamp" : "30-Nov-2018 13:13:15",
      "year" : 2018,
      "month" : 10,
      "day_of_month" : 30,
      "hour" : 13,
      "minute" : 13,
      "second" : 15,
      "millisecond" : 753,
      "ms" : 1543601595753,
      "iso_8601" : "2018-11-30T13:13:15-05:00"
    },
    "edited_by" : "admin",
    "edited_by_principal_id" : "b21109a86c218d02306f",
    "edited_by_principal_domain_id" : "default"
  },
  "_doc" : "6f99dcc19d648f5d84c5",
  "statisticsDate" : {
    "timestamp" : "31-Dec-1969 19:00:00",
    "year" : 1969,
    "month" : 11,
    "day_of_month" : 31,
    "hour" : 19,
    "minute" : 0,
    "second" : 0,
    "millisecond" : 1,
    "ms" : 1,
    "iso_8601" : "1969-12-31T19:00:00-05:00"
  },
  "statisticsDirty" : true,
  "title" : "Sample Project 'content' repository"
}