{
  "_type" : "store:author",
  "title" : "Garrison Keillor",
  "firstName" : "Garrison",
  "lastName" : "Keillor",
  "slug" : "garrison-keillor",
  "_features" : {
    "f:filename" : {
      "filename" : "Garrison%20Keillor"
    },
    "f:audit" : { },
    "f:titled" : { },
    "f:geolocation" : { },
    "f:indexable" : { },
    "f:deployment-config" : {
      "default" : {
        "mappings" : [ {
          "type" : "object-to-file",
          "config" : {
            "filepath" : "/store/authors/{{object.slug}}.json"
          }
        }, {
          "type" : "attachment-to-file",
          "config" : {
            "attachmentId" : "*",
            "filepath" : "/store/authors/{{object.slug}}.{{attachment.ext}}"
          }
        } ]
      }
    }
  },
  "_qname" : "o:754a0c8e515241edb6bd",
  "_doc" : "754a0c8e515241edb6bd",
  "_system" : {
    "deleted" : false,
    "changeset" : "9:ebf402a49734b4eebe14",
    "created_on" : {
      "timestamp" : "05-Aug-2021 15:36:59",
      "year" : 2021,
      "month" : 7,
      "day_of_month" : 5,
      "hour" : 15,
      "minute" : 36,
      "second" : 59,
      "millisecond" : 251,
      "ms" : 1628177819251,
      "iso_8601" : "2021-08-05T15:36:59Z"
    },
    "created_by" : "system",
    "created_by_principal_id" : "system",
    "modified_on" : {
      "timestamp" : "05-Aug-2021 15:37:02",
      "year" : 2021,
      "month" : 7,
      "day_of_month" : 5,
      "hour" : 15,
      "minute" : 37,
      "second" : 2,
      "millisecond" : 916,
      "ms" : 1628177822916,
      "iso_8601" : "2021-08-05T15:37:02Z"
    },
    "modified_by" : "system",
    "modified_by_principal_id" : "system",
    "edited_on" : {
      "timestamp" : "05-Aug-2021 15:36:59",
      "year" : 2021,
      "month" : 7,
      "day_of_month" : 5,
      "hour" : 15,
      "minute" : 36,
      "second" : 59,
      "millisecond" : 251,
      "ms" : 1628177819251,
      "iso_8601" : "2021-08-05T15:36:59Z"
    },
    "edited_by" : "system",
    "edited_by_principal_id" : "system",
    "rev" : 9,
    "attachments" : {
      "default" : {
        "contentType" : "image/jpeg",
        "length" : 157408,
        "objectId" : "attachment_754a0c8e515241edb6bd_3f3a9d9e7282a4cab573",
        "filename" : "default.jpg"
      }
    }
  }
}