{
  "_system" : {
    "deleted" : false,
    "changeset" : "13:1761546dc0284c4525c6",
    "created_on" : {
      "timestamp" : "31-Aug-2022 15:26:03",
      "year" : 2022,
      "month" : 7,
      "day_of_month" : 31,
      "hour" : 15,
      "minute" : 26,
      "second" : 3,
      "millisecond" : 852,
      "ms" : 1661959563852,
      "iso_8601" : "2022-08-31T15:26:03Z"
    },
    "created_by" : "admin",
    "created_by_principal_id" : "2f873756d87a4ad1befc",
    "created_by_principal_domain_id" : "default",
    "modified_on" : {
      "timestamp" : "31-Aug-2022 15:26:03",
      "year" : 2022,
      "month" : 7,
      "day_of_month" : 31,
      "hour" : 15,
      "minute" : 26,
      "second" : 3,
      "millisecond" : 866,
      "ms" : 1661959563866,
      "iso_8601" : "2022-08-31T15:26:03Z"
    },
    "modified_by" : "admin",
    "modified_by_principal_id" : "2f873756d87a4ad1befc",
    "modified_by_principal_domain_id" : "default",
    "edited_on" : {
      "timestamp" : "31-Aug-2022 15:26:03",
      "year" : 2022,
      "month" : 7,
      "day_of_month" : 31,
      "hour" : 15,
      "minute" : 26,
      "second" : 3,
      "millisecond" : 866,
      "ms" : 1661959563866,
      "iso_8601" : "2022-08-31T15:26:03Z"
    },
    "edited_by" : "admin",
    "edited_by_principal_id" : "2f873756d87a4ad1befc",
    "rev" : 13,
    "branch" : "88810405bb84bac72aab",
    "_op" : "create",
    "edited_by_principal_domain_id" : "default"
  },
  "_doc" : "a9bf92bc89f42c43cb67",
  "_qname" : "o:a9bf92bc89f42c43cb67",
  "_type" : "a:child",
  "directionality" : "DIRECTED",
  "_features" : {
    "f:propagates-authorities" : {
      "enabled" : true
    },
    "f:non-cyclic" : { },
    "f:knowledge-sharing" : {
      "enabled" : true
    },
    "f:audit" : { },
    "f:indexable" : { }
  },
  "source_type" : "n:node",
  "source" : "0bb6ebfe6ac31b336624",
  "target_type" : "n:email_template",
  "target" : "bfe29c88dd987c71f23f"
}