{
  "_doc" : "10:9772c3a332313ef5960b",
  "_system" : {
    "created_on" : {
      "timestamp" : "31-Aug-2022 15:26:03",
      "year" : 2022,
      "month" : 7,
      "day_of_month" : 31,
      "hour" : 15,
      "minute" : 26,
      "second" : 3,
      "millisecond" : 76,
      "ms" : 1661959563076,
      "iso_8601" : "2022-08-31T15:26:03Z"
    },
    "created_by" : "admin",
    "created_by_principal_id" : "2f873756d87a4ad1befc",
    "created_by_principal_domain_id" : "default",
    "modified_on" : {
      "timestamp" : "31-Aug-2022 15:26:03",
      "year" : 2022,
      "month" : 7,
      "day_of_month" : 31,
      "hour" : 15,
      "minute" : 26,
      "second" : 3,
      "millisecond" : 308,
      "ms" : 1661959563308,
      "iso_8601" : "2022-08-31T15:26:03Z"
    },
    "modified_by" : "admin",
    "modified_by_principal_id" : "2f873756d87a4ad1befc",
    "modified_by_principal_domain_id" : "default",
    "edited_on" : {
      "timestamp" : "31-Aug-2022 15:26:03",
      "year" : 2022,
      "month" : 7,
      "day_of_month" : 31,
      "hour" : 15,
      "minute" : 26,
      "second" : 3,
      "millisecond" : 308,
      "ms" : 1661959563308,
      "iso_8601" : "2022-08-31T15:26:03Z"
    },
    "edited_by" : "admin",
    "edited_by_principal_id" : "2f873756d87a4ad1befc",
    "edited_by_principal_domain_id" : "default"
  },
  "revision" : 10,
  "active" : true,
  "parents" : [ "9:d4f523a6483091f4be47" ],
  "branch" : "88810405bb84bac72aab"
}