{
  "_type" : "catalog:person",
  "title" : "Dean Martin",
  "name" : "dean.martin",
  "email" : "dean.martin@celebrityroast.com",
  "firstName" : "Dean",
  "lastName" : "Martin",
  "about" : "",
  "_system" : {
    "deleted" : false,
    "changeset" : "0:root",
    "modified_on" : {
      "timestamp" : "19-Apr-2019 20:08:35",
      "year" : 2019,
      "month" : 3,
      "day_of_month" : 19,
      "hour" : 20,
      "minute" : 8,
      "second" : 35,
      "millisecond" : 466,
      "ms" : 1555704515466,
      "iso_8601" : "2019-04-19T20:08:35Z"
    },
    "modified_by" : "admin",
    "modified_by_principal_id" : "74004ce2e8561e763ac4",
    "modified_by_principal_domain_id" : "default",
    "edited_on" : {
      "timestamp" : "19-Apr-2019 20:08:35",
      "year" : 2019,
      "month" : 3,
      "day_of_month" : 19,
      "hour" : 20,
      "minute" : 8,
      "second" : 35,
      "millisecond" : 466,
      "ms" : 1555704515466,
      "iso_8601" : "2019-04-19T20:08:35Z"
    },
    "edited_by" : "admin",
    "edited_by_principal_id" : "74004ce2e8561e763ac4",
    "edited_by_principal_domain_id" : "default",
    "attachments" : {
      "default" : {
        "contentType" : "image/jpeg",
        "length" : 80429,
        "objectId" : "attachment_2b9552fa5ccd9a5bd687_80c24699c7753ee4bf8f",
        "filename" : "default.jpg"
      }
    },
    "created_on" : {
      "timestamp" : "19-Apr-2019 20:08:35",
      "year" : 2019,
      "month" : 3,
      "day_of_month" : 19,
      "hour" : 20,
      "minute" : 8,
      "second" : 35,
      "millisecond" : 466,
      "ms" : 1555704515466,
      "iso_8601" : "2019-04-19T20:08:35Z"
    },
    "created_by" : "admin",
    "created_by_principal_id" : "74004ce2e8561e763ac4",
    "created_by_principal_domain_id" : "default"
  },
  "_qname" : "o:2b9552fa5ccd9a5bd687",
  "_features" : {
    "f:audit" : { },
    "f:titled" : { },
    "f:filename" : {
      "filename" : "Dean_Martin"
    },
    "f:geolocation" : { },
    "f:indexable" : { }
  },
  "_doc" : "2b9552fa5ccd9a5bd687"
}