{
  "_type" : "catalog:product-review",
  "title" : "Review #23 Monstorous",
  "author" : "joan.rivers",
  "body" : "The cake part was incredibly stale and lacked any flavor. It was like eating styrofoam. The icing was WAY too sweet (and I love sweet usually) with an odd taste. To top off the complete disappointment, the cupcakes made myself and my friends sick. ",
  "rating" : 1,
  "_system" : {
    "deleted" : false,
    "changeset" : "0:root",
    "modified_on" : {
      "timestamp" : "19-Apr-2019 20:08:34",
      "year" : 2019,
      "month" : 3,
      "day_of_month" : 19,
      "hour" : 20,
      "minute" : 8,
      "second" : 34,
      "millisecond" : 646,
      "ms" : 1555704514646,
      "iso_8601" : "2019-04-19T20:08:34Z"
    },
    "modified_by" : "admin",
    "modified_by_principal_id" : "74004ce2e8561e763ac4",
    "modified_by_principal_domain_id" : "default",
    "edited_on" : {
      "timestamp" : "19-Apr-2019 20:08:34",
      "year" : 2019,
      "month" : 3,
      "day_of_month" : 19,
      "hour" : 20,
      "minute" : 8,
      "second" : 34,
      "millisecond" : 646,
      "ms" : 1555704514646,
      "iso_8601" : "2019-04-19T20:08:34Z"
    },
    "edited_by" : "admin",
    "edited_by_principal_id" : "74004ce2e8561e763ac4",
    "edited_by_principal_domain_id" : "default",
    "created_on" : {
      "timestamp" : "19-Apr-2019 20:08:34",
      "year" : 2019,
      "month" : 3,
      "day_of_month" : 19,
      "hour" : 20,
      "minute" : 8,
      "second" : 34,
      "millisecond" : 646,
      "ms" : 1555704514646,
      "iso_8601" : "2019-04-19T20:08:34Z"
    },
    "created_by" : "admin",
    "created_by_principal_id" : "74004ce2e8561e763ac4",
    "created_by_principal_domain_id" : "default"
  },
  "_qname" : "o:5cefc0270c8907cb4ea2",
  "_features" : {
    "f:audit" : { },
    "f:titled" : { },
    "f:filename" : {
      "filename" : "Review+%2323+Monstorous"
    },
    "f:geolocation" : { },
    "f:indexable" : { }
  },
  "_doc" : "5cefc0270c8907cb4ea2"
}