{
  "_features" : {
    "f:relator" : {
      "propertyHolder" : "source",
      "propertyPath" : "/recommendations[1]",
      "active" : true
    },
    "f:audit" : { },
    "f:indexable" : { }
  },
  "source" : "c55defdaed094b89b90d",
  "source_type" : "store:book",
  "target" : "be63ffb7cb604f9b8f5e",
  "target_type" : "store:book",
  "directionality" : "DIRECTED",
  "_system" : {
    "deleted" : false,
    "changeset" : "51:24aa89d3932b0453616f",
    "created_on" : {
      "timestamp" : "31-Aug-2022 15:26:25",
      "year" : 2022,
      "month" : 7,
      "day_of_month" : 31,
      "hour" : 15,
      "minute" : 26,
      "second" : 25,
      "millisecond" : 498,
      "ms" : 1661959585498,
      "iso_8601" : "2022-08-31T15:26:25Z"
    },
    "created_by" : "admin",
    "created_by_principal_id" : "2f873756d87a4ad1befc",
    "created_by_principal_domain_id" : "default",
    "modified_on" : {
      "timestamp" : "31-Aug-2022 15:26:25",
      "year" : 2022,
      "month" : 7,
      "day_of_month" : 31,
      "hour" : 15,
      "minute" : 26,
      "second" : 25,
      "millisecond" : 552,
      "ms" : 1661959585552,
      "iso_8601" : "2022-08-31T15:26:25Z"
    },
    "modified_by" : "admin",
    "modified_by_principal_id" : "2f873756d87a4ad1befc",
    "modified_by_principal_domain_id" : "default",
    "edited_on" : {
      "timestamp" : "31-Aug-2022 15:26:25",
      "year" : 2022,
      "month" : 7,
      "day_of_month" : 31,
      "hour" : 15,
      "minute" : 26,
      "second" : 25,
      "millisecond" : 552,
      "ms" : 1661959585552,
      "iso_8601" : "2022-08-31T15:26:25Z"
    },
    "edited_by" : "admin",
    "edited_by_principal_id" : "2f873756d87a4ad1befc",
    "rev" : 51,
    "branch" : "88810405bb84bac72aab",
    "_op" : "create",
    "edited_by_principal_domain_id" : "default"
  },
  "_doc" : "4047c7d39a7aeec41c60",
  "_qname" : "o:4047c7d39a7aeec41c60",
  "_type" : "store:suggests"
}