{
  "name" : "team_stack_0798cc01477f08623c21_project-users-team",
  "type" : "GROUP",
  "_system" : {
    "created_on" : {
      "timestamp" : "21-Jan-2021 16:22:14",
      "year" : 2021,
      "month" : 0,
      "day_of_month" : 21,
      "hour" : 16,
      "minute" : 22,
      "second" : 14,
      "millisecond" : 885,
      "ms" : 1611264134885,
      "iso_8601" : "2021-01-21T16:22:14-05:00"
    },
    "created_by" : "admin",
    "created_by_principal_id" : "8df8c30d1c2f95496937",
    "created_by_principal_domain_id" : "default",
    "modified_on" : {
      "timestamp" : "21-Jan-2021 16:22:14",
      "year" : 2021,
      "month" : 0,
      "day_of_month" : 21,
      "hour" : 16,
      "minute" : 22,
      "second" : 14,
      "millisecond" : 918,
      "ms" : 1611264134918,
      "iso_8601" : "2021-01-21T16:22:14-05:00"
    },
    "modified_by" : "admin",
    "modified_by_principal_id" : "8df8c30d1c2f95496937",
    "modified_by_principal_domain_id" : "default",
    "edited_on" : {
      "timestamp" : "21-Jan-2021 16:22:14",
      "year" : 2021,
      "month" : 0,
      "day_of_month" : 21,
      "hour" : 16,
      "minute" : 22,
      "second" : 14,
      "millisecond" : 918,
      "ms" : 1611264134918,
      "iso_8601" : "2021-01-21T16:22:14-05:00"
    },
    "edited_by" : "admin",
    "edited_by_principal_id" : "8df8c30d1c2f95496937",
    "edited_by_principal_domain_id" : "default"
  },
  "_doc" : "029638d0da5616d21ddd",
  "title" : "Group for Project Users",
  "teamGroup" : true,
  "teamableTypeId" : "stack",
  "teamableId" : "0798cc01477f08623c21",
  "teamKey" : "project-users-team"
}