{
  "_features" : {
    "f:relator" : {
      "propertyHolder" : "source",
      "propertyPath" : "/recommendations[0]",
      "active" : true
    },
    "f:audit" : { },
    "f:indexable" : { }
  },
  "source" : "b06d9f9ce02845af9b81",
  "source_type" : "store:book",
  "target" : "b132edbe508241dbbdbd",
  "target_type" : "store:book",
  "directionality" : "DIRECTED",
  "_system" : {
    "deleted" : false,
    "changeset" : "31:902f6a4bd0f13c0882d4",
    "created_on" : {
      "timestamp" : "19-Nov-2021 17:36:55",
      "year" : 2021,
      "month" : 10,
      "day_of_month" : 19,
      "hour" : 17,
      "minute" : 36,
      "second" : 55,
      "millisecond" : 91,
      "ms" : 1637361415091,
      "iso_8601" : "2021-11-19T17:36:55-05:00"
    },
    "created_by" : "admin",
    "created_by_principal_id" : "e319a2cd626b671ba7f7",
    "created_by_principal_domain_id" : "default",
    "modified_on" : {
      "timestamp" : "19-Nov-2021 17:36:55",
      "year" : 2021,
      "month" : 10,
      "day_of_month" : 19,
      "hour" : 17,
      "minute" : 36,
      "second" : 55,
      "millisecond" : 165,
      "ms" : 1637361415165,
      "iso_8601" : "2021-11-19T17:36:55-05:00"
    },
    "modified_by" : "admin",
    "modified_by_principal_id" : "e319a2cd626b671ba7f7",
    "modified_by_principal_domain_id" : "default",
    "edited_on" : {
      "timestamp" : "19-Nov-2021 17:36:55",
      "year" : 2021,
      "month" : 10,
      "day_of_month" : 19,
      "hour" : 17,
      "minute" : 36,
      "second" : 55,
      "millisecond" : 165,
      "ms" : 1637361415165,
      "iso_8601" : "2021-11-19T17:36:55-05:00"
    },
    "edited_by" : "admin",
    "edited_by_principal_id" : "e319a2cd626b671ba7f7",
    "edited_by_principal_domain_id" : "default",
    "rev" : 31,
    "branch" : "187193302a18db2eb328",
    "_op" : "create"
  },
  "_doc" : "432593b358a368123051",
  "_qname" : "o:432593b358a368123051",
  "_type" : "store:suggests"
}