{
  "stackId" : "2a6f21129e6ef2503f16",
  "key" : "e47cee318b4962467986",
  "datastoreTypeId" : "application",
  "datastoreId" : "e47cee318b4962467986",
  "_system" : {
    "created_on" : {
      "timestamp" : "31-Aug-2022 15:26:06",
      "year" : 2022,
      "month" : 7,
      "day_of_month" : 31,
      "hour" : 15,
      "minute" : 26,
      "second" : 6,
      "millisecond" : 25,
      "ms" : 1661959566025,
      "iso_8601" : "2022-08-31T15:26:06Z"
    },
    "created_by" : "admin",
    "created_by_principal_id" : "2f873756d87a4ad1befc",
    "created_by_principal_domain_id" : "default",
    "modified_on" : {
      "timestamp" : "31-Aug-2022 15:26:06",
      "year" : 2022,
      "month" : 7,
      "day_of_month" : 31,
      "hour" : 15,
      "minute" : 26,
      "second" : 6,
      "millisecond" : 25,
      "ms" : 1661959566025,
      "iso_8601" : "2022-08-31T15:26:06Z"
    },
    "modified_by" : "admin",
    "modified_by_principal_id" : "2f873756d87a4ad1befc",
    "modified_by_principal_domain_id" : "default",
    "edited_on" : {
      "timestamp" : "31-Aug-2022 15:26:06",
      "year" : 2022,
      "month" : 7,
      "day_of_month" : 31,
      "hour" : 15,
      "minute" : 26,
      "second" : 6,
      "millisecond" : 25,
      "ms" : 1661959566025,
      "iso_8601" : "2022-08-31T15:26:06Z"
    },
    "edited_by" : "admin",
    "edited_by_principal_id" : "2f873756d87a4ad1befc",
    "edited_by_principal_domain_id" : "default"
  },
  "_doc" : "479a6eb03fb62045de8a"
}