{
  "_system" : {
    "deleted" : false,
    "changeset" : "22:2c0f390328ddd91c2861",
    "created_on" : {
      "timestamp" : "05-Aug-2021 15:37:14",
      "year" : 2021,
      "month" : 7,
      "day_of_month" : 5,
      "hour" : 15,
      "minute" : 37,
      "second" : 14,
      "millisecond" : 21,
      "ms" : 1628177834021,
      "iso_8601" : "2021-08-05T15:37:14Z"
    },
    "created_by" : "system",
    "created_by_principal_id" : "system",
    "modified_on" : {
      "timestamp" : "05-Aug-2021 15:37:14",
      "year" : 2021,
      "month" : 7,
      "day_of_month" : 5,
      "hour" : 15,
      "minute" : 37,
      "second" : 14,
      "millisecond" : 79,
      "ms" : 1628177834079,
      "iso_8601" : "2021-08-05T15:37:14Z"
    },
    "modified_by" : "system",
    "modified_by_principal_id" : "system",
    "edited_on" : {
      "timestamp" : "05-Aug-2021 15:37:14",
      "year" : 2021,
      "month" : 7,
      "day_of_month" : 5,
      "hour" : 15,
      "minute" : 37,
      "second" : 14,
      "millisecond" : 21,
      "ms" : 1628177834021,
      "iso_8601" : "2021-08-05T15:37:14Z"
    },
    "edited_by" : "system",
    "edited_by_principal_id" : "system",
    "rev" : 22,
    "branch" : "23fafbfbb544c803da8d",
    "_op" : "create"
  },
  "_doc" : "d974c7e3b1d67529afaa",
  "_qname" : "o:d974c7e3b1d67529afaa",
  "_type" : "a:has_tag",
  "directionality" : "DIRECTED",
  "_features" : {
    "f:audit" : { },
    "f:indexable" : { }
  },
  "source_type" : "store:book",
  "source" : "e31bf4dd3e984793b71b",
  "target_type" : "n:tag",
  "target" : "dcc52ec3446bfdf0e841"
}