{
  "key" : "f9575f70-3997-422c-8b67-30bad09d6088",
  "secret" : "aAhaJW5Ep5buyqjVqm2sEC6rFwDJGq7W+O4+IiwpdqDNhOPfFCd4L7lzBu6kltflK4yQzuWzntlgyiuv1Rq01PiR9D4o7WDPO6bx5zUllqk=",
  "_system" : {
    "created_on" : {
      "timestamp" : "05-Aug-2021 15:36:52",
      "year" : 2021,
      "month" : 7,
      "day_of_month" : 5,
      "hour" : 15,
      "minute" : 36,
      "second" : 52,
      "millisecond" : 312,
      "ms" : 1628177812312,
      "iso_8601" : "2021-08-05T15:36:52Z"
    },
    "created_by" : "admin",
    "created_by_principal_id" : "b3236127dacc03f40cd9",
    "created_by_principal_domain_id" : "default",
    "modified_on" : {
      "timestamp" : "05-Aug-2021 15:36:52",
      "year" : 2021,
      "month" : 7,
      "day_of_month" : 5,
      "hour" : 15,
      "minute" : 36,
      "second" : 52,
      "millisecond" : 331,
      "ms" : 1628177812331,
      "iso_8601" : "2021-08-05T15:36:52Z"
    },
    "modified_by" : "admin",
    "modified_by_principal_id" : "b3236127dacc03f40cd9",
    "modified_by_principal_domain_id" : "default",
    "edited_on" : {
      "timestamp" : "05-Aug-2021 15:36:52",
      "year" : 2021,
      "month" : 7,
      "day_of_month" : 5,
      "hour" : 15,
      "minute" : 36,
      "second" : 52,
      "millisecond" : 331,
      "ms" : 1628177812331,
      "iso_8601" : "2021-08-05T15:36:52Z"
    },
    "edited_by" : "admin",
    "edited_by_principal_id" : "b3236127dacc03f40cd9",
    "edited_by_principal_domain_id" : "default"
  },
  "_doc" : "e35009e3fd1558f4f786",
  "authorizedGrantTypes" : [ "authorization_code", "password", "refresh_token" ],
  "scope" : [ "api" ],
  "autoApproveScopes" : [ ],
  "enabled" : true,
  "allowGuestLogin" : true,
  "applicationId" : "a341d52a32e3044a9d17",
  "applicationDeploymentManaged" : true
}