{
  "_features" : {
    "f:relator" : {
      "propertyHolder" : "source",
      "propertyPath" : "/recommendations[0]",
      "active" : true
    },
    "f:audit" : { },
    "f:indexable" : { }
  },
  "source" : "6cf15486d6fc4790951a",
  "source_type" : "store:book",
  "target" : "8fc427047e394e2d9a6b",
  "target_type" : "store:book",
  "directionality" : "DIRECTED",
  "_system" : {
    "deleted" : false,
    "changeset" : "31:25d04d43611d8ef4b62d",
    "created_on" : {
      "timestamp" : "15-Nov-2021 14:54:08",
      "year" : 2021,
      "month" : 10,
      "day_of_month" : 15,
      "hour" : 14,
      "minute" : 54,
      "second" : 8,
      "millisecond" : 943,
      "ms" : 1637006048943,
      "iso_8601" : "2021-11-15T14:54:08-05:00"
    },
    "created_by" : "admin",
    "created_by_principal_id" : "b9ed9753748864134424",
    "created_by_principal_domain_id" : "default",
    "modified_on" : {
      "timestamp" : "15-Nov-2021 14:54:08",
      "year" : 2021,
      "month" : 10,
      "day_of_month" : 15,
      "hour" : 14,
      "minute" : 54,
      "second" : 8,
      "millisecond" : 999,
      "ms" : 1637006048999,
      "iso_8601" : "2021-11-15T14:54:08-05:00"
    },
    "modified_by" : "admin",
    "modified_by_principal_id" : "b9ed9753748864134424",
    "modified_by_principal_domain_id" : "default",
    "edited_on" : {
      "timestamp" : "15-Nov-2021 14:54:08",
      "year" : 2021,
      "month" : 10,
      "day_of_month" : 15,
      "hour" : 14,
      "minute" : 54,
      "second" : 8,
      "millisecond" : 999,
      "ms" : 1637006048999,
      "iso_8601" : "2021-11-15T14:54:08-05:00"
    },
    "edited_by" : "admin",
    "edited_by_principal_id" : "b9ed9753748864134424",
    "edited_by_principal_domain_id" : "default",
    "rev" : 31,
    "branch" : "cdcfc25b8b052c9d2586",
    "_op" : "create"
  },
  "_doc" : "58b799b487beadcb98ef",
  "_qname" : "o:58b799b487beadcb98ef",
  "_type" : "store:suggests"
}