{
  "_doc" : "109:f159fe322c1b8ecd80f8",
  "_system" : {
    "created_on" : {
      "timestamp" : "14-Feb-2019 15:33:22",
      "year" : 2019,
      "month" : 1,
      "day_of_month" : 14,
      "hour" : 15,
      "minute" : 33,
      "second" : 22,
      "millisecond" : 508,
      "ms" : 1550158402508,
      "iso_8601" : "2019-02-14T15:33:22Z"
    },
    "created_by" : "system",
    "created_by_principal_id" : "system",
    "created_by_principal_domain_id" : null,
    "modified_on" : {
      "timestamp" : "14-Feb-2019 15:33:22",
      "year" : 2019,
      "month" : 1,
      "day_of_month" : 14,
      "hour" : 15,
      "minute" : 33,
      "second" : 22,
      "millisecond" : 628,
      "ms" : 1550158402628,
      "iso_8601" : "2019-02-14T15:33:22Z"
    },
    "modified_by" : "system",
    "modified_by_principal_id" : "system",
    "modified_by_principal_domain_id" : null,
    "edited_on" : {
      "timestamp" : "14-Feb-2019 15:33:22",
      "year" : 2019,
      "month" : 1,
      "day_of_month" : 14,
      "hour" : 15,
      "minute" : 33,
      "second" : 22,
      "millisecond" : 508,
      "ms" : 1550158402508,
      "iso_8601" : "2019-02-14T15:33:22Z"
    },
    "edited_by" : "system",
    "edited_by_principal_id" : "system",
    "edited_by_principal_domain_id" : null
  },
  "revision" : 109,
  "active" : true,
  "parents" : [ "108:df7ef5ce61679d1db576" ],
  "branch" : "4a11b3490f5cf2a8a2b7"
}