{
  "_system" : {
    "deleted" : false,
    "changeset" : "5:426688e535fbb294c329",
    "created_on" : {
      "timestamp" : "07-Mar-2023 09:39:17",
      "year" : 2023,
      "month" : 2,
      "day_of_month" : 7,
      "hour" : 9,
      "minute" : 39,
      "second" : 17,
      "millisecond" : 565,
      "ms" : 1678199957565,
      "iso_8601" : "2023-03-07T09:39:17-05:00"
    },
    "created_by" : "admin",
    "created_by_principal_id" : "046cf0d415feaf45bcf2",
    "created_by_principal_domain_id" : "default",
    "modified_on" : {
      "timestamp" : "07-Mar-2023 09:39:17",
      "year" : 2023,
      "month" : 2,
      "day_of_month" : 7,
      "hour" : 9,
      "minute" : 39,
      "second" : 17,
      "millisecond" : 574,
      "ms" : 1678199957574,
      "iso_8601" : "2023-03-07T09:39:17-05:00"
    },
    "modified_by" : "admin",
    "modified_by_principal_id" : "046cf0d415feaf45bcf2",
    "modified_by_principal_domain_id" : "default",
    "edited_on" : {
      "timestamp" : "07-Mar-2023 09:39:17",
      "year" : 2023,
      "month" : 2,
      "day_of_month" : 7,
      "hour" : 9,
      "minute" : 39,
      "second" : 17,
      "millisecond" : 574,
      "ms" : 1678199957574,
      "iso_8601" : "2023-03-07T09:39:17-05:00"
    },
    "edited_by" : "admin",
    "edited_by_principal_id" : "046cf0d415feaf45bcf2",
    "rev" : 5,
    "branch" : "660838eae4eeba015a76",
    "_op" : "create",
    "edited_by_principal_domain_id" : "default"
  },
  "_doc" : "08bb0c3a50bbf832ec96",
  "_qname" : "o:08bb0c3a50bbf832ec96",
  "_type" : "a:child",
  "directionality" : "DIRECTED",
  "_features" : {
    "f:propagates-authorities" : {
      "enabled" : true
    },
    "f:non-cyclic" : { },
    "f:knowledge-sharing" : {
      "enabled" : true
    },
    "f:audit" : { },
    "f:indexable" : { }
  },
  "source_type" : "n:node",
  "source" : "4f17d39e3ae5f2f29227",
  "target_type" : "n:node",
  "target" : "b937ded1d522931c3ebe"
}