{
  "_doc" : "135:d05c6fbbd1a7c5b50396",
  "_system" : {
    "created_on" : {
      "timestamp" : "14-Feb-2019 15:33:34",
      "year" : 2019,
      "month" : 1,
      "day_of_month" : 14,
      "hour" : 15,
      "minute" : 33,
      "second" : 34,
      "millisecond" : 937,
      "ms" : 1550158414937,
      "iso_8601" : "2019-02-14T15:33:34Z"
    },
    "created_by" : "admin",
    "created_by_principal_id" : "5bab281f1cb2047f12ba",
    "created_by_principal_domain_id" : "default",
    "modified_on" : {
      "timestamp" : "14-Feb-2019 15:33:35",
      "year" : 2019,
      "month" : 1,
      "day_of_month" : 14,
      "hour" : 15,
      "minute" : 33,
      "second" : 35,
      "millisecond" : 92,
      "ms" : 1550158415092,
      "iso_8601" : "2019-02-14T15:33:35Z"
    },
    "modified_by" : "admin",
    "modified_by_principal_id" : "5bab281f1cb2047f12ba",
    "modified_by_principal_domain_id" : "default",
    "edited_on" : {
      "timestamp" : "14-Feb-2019 15:33:35",
      "year" : 2019,
      "month" : 1,
      "day_of_month" : 14,
      "hour" : 15,
      "minute" : 33,
      "second" : 35,
      "millisecond" : 92,
      "ms" : 1550158415092,
      "iso_8601" : "2019-02-14T15:33:35Z"
    },
    "edited_by" : "admin",
    "edited_by_principal_id" : "5bab281f1cb2047f12ba",
    "edited_by_principal_domain_id" : "default"
  },
  "revision" : 135,
  "active" : true,
  "parents" : [ "134:3225f2ea981922cc71a5" ],
  "branch" : "4a11b3490f5cf2a8a2b7"
}