{
  "permissioned" : "9967a6e5710323257e35",
  "principal" : "9967a6e5710323257e35",
  "authority" : "owner",
  "domain" : "3fd8dfc869f76e1d9b11",
  "_system" : {
    "created_on" : {
      "timestamp" : "24-Aug-2022 16:08:33",
      "year" : 2022,
      "month" : 7,
      "day_of_month" : 24,
      "hour" : 16,
      "minute" : 8,
      "second" : 33,
      "millisecond" : 242,
      "ms" : 1661357313242,
      "iso_8601" : "2022-08-24T16:08:33Z"
    },
    "created_by" : "admin",
    "created_by_principal_id" : "fda4fc3b0ff3e7838fbe",
    "created_by_principal_domain_id" : "default",
    "modified_on" : {
      "timestamp" : "24-Aug-2022 16:08:33",
      "year" : 2022,
      "month" : 7,
      "day_of_month" : 24,
      "hour" : 16,
      "minute" : 8,
      "second" : 33,
      "millisecond" : 242,
      "ms" : 1661357313242,
      "iso_8601" : "2022-08-24T16:08:33Z"
    },
    "modified_by" : "admin",
    "modified_by_principal_id" : "fda4fc3b0ff3e7838fbe",
    "modified_by_principal_domain_id" : "default",
    "edited_on" : {
      "timestamp" : "24-Aug-2022 16:08:33",
      "year" : 2022,
      "month" : 7,
      "day_of_month" : 24,
      "hour" : 16,
      "minute" : 8,
      "second" : 33,
      "millisecond" : 242,
      "ms" : 1661357313242,
      "iso_8601" : "2022-08-24T16:08:33Z"
    },
    "edited_by" : "admin",
    "edited_by_principal_id" : "fda4fc3b0ff3e7838fbe",
    "edited_by_principal_domain_id" : "default"
  },
  "_doc" : "4f1f07511f54987e99f1"
}