{
  "_system" : {
    "created_on" : {
      "timestamp" : "07-Mar-2023 09:39:12",
      "year" : 2023,
      "month" : 2,
      "day_of_month" : 7,
      "hour" : 9,
      "minute" : 39,
      "second" : 12,
      "millisecond" : 727,
      "ms" : 1678199952727,
      "iso_8601" : "2023-03-07T09:39:12-05:00"
    },
    "created_by" : "admin",
    "created_by_principal_id" : "046cf0d415feaf45bcf2",
    "created_by_principal_domain_id" : "default",
    "modified_on" : {
      "timestamp" : "07-Mar-2023 09:40:02",
      "year" : 2023,
      "month" : 2,
      "day_of_month" : 7,
      "hour" : 9,
      "minute" : 40,
      "second" : 2,
      "millisecond" : 314,
      "ms" : 1678200002314,
      "iso_8601" : "2023-03-07T09:40:02-05:00"
    },
    "modified_by" : "admin",
    "modified_by_principal_id" : "046cf0d415feaf45bcf2",
    "modified_by_principal_domain_id" : "default",
    "edited_on" : {
      "timestamp" : "07-Mar-2023 09:40:02",
      "year" : 2023,
      "month" : 2,
      "day_of_month" : 7,
      "hour" : 9,
      "minute" : 40,
      "second" : 2,
      "millisecond" : 314,
      "ms" : 1678200002314,
      "iso_8601" : "2023-03-07T09:40:02-05:00"
    },
    "edited_by" : "admin",
    "edited_by_principal_id" : "046cf0d415feaf45bcf2",
    "edited_by_principal_domain_id" : "default"
  },
  "_doc" : "f2ffa990c303089e5bd5",
  "title" : "Sample Project Stack"
}