{
  "_type" : "guide:city",
  "_parentFolderPath" : "/Samples/Guide/Cities",
  "title" : "波士顿",
  "description" : "马萨诸塞州波士顿，美国",
  "state" : "MA",
  "author" : "Billy Beantown",
  "headline" : "一个美好的居住地",
  "summary" : "波士顿于1630年首次作为一个城镇建成，并于1822年成为一座城市，是美国最古老的城市之一，拥有丰富的经济和社会历史。由最初的家庭社区最终演变成一个社会和政治变革的中心。波士顿从此成为新英格兰的经济和文化中心。",
  "body" : "波士顿是美国马萨诸塞州的首府和最大城市。波士顿也是萨福克郡的县城。作为新英格兰最大的城市，波士顿占地48平方英里（124平方公里），2014年人口估计为645,966，是美国第24大城市。这座城市是大都市区的主要支柱，被称为大波士顿，拥有450万人口，是该国第十大都市区。大波士顿作为一个通勤地区拥有760万人口，使其成为美国第六大联合统计区。波士顿是美国最古老的城市之一，于1630年由来自英格兰的清教徒殖民者在Shawmut半岛建立。这是美国革命的几个关键事件的场景，如波士顿大屠杀，波士顿茶党，邦克山战役和波士顿围城。美国独立于英国后，该市继续成为重要的港口和制造业中心，也是教育和文化中心。通过土地复垦和市政兼并，波士顿已经扩展到原来的半岛之外。其丰富的历史有助于吸引许多游客，仅法纳尔大厅吸引了超过2000万游客。波士顿的许多“第一”包括美国的第一所公立学校，波士顿拉丁学校（1635年）和第一个地铁系统（1897年）。该地区的许多学院和大学使波士顿成为国际高等教育和医学中心，由于各种原因，该市被认为是世界创新领导者。波士顿的经济基础还包括金融，专业和商业服务以及政府活动。尽管这座城市是美国生活成本最高的城市之一，它在世界宜居性排名中依然居高不下。",
  "highlights" : [ "在芬威公园看红袜队棒球比赛", "探索剑桥的哈佛和中央广场", "在北端享用美味的意大利美食", "在Brookline的Coolidge Corner精品店购物", "在Faneuil Hall享用各式食品" ],
  "testimonials" : [ {
    "text" : "我喜欢这个地方，它真的让我有宾至如归的感觉，这是一个很棒的地方",
    "author" : "John Jacobs"
  }, {
    "text" : "波士顿是我超爱的类型",
    "author" : "Sam Adams"
  } ],
  "loc" : {
    "latitude" : 42.3584308,
    "longitude" : -71.0597732
  },
  "_system" : {
    "deleted" : false,
    "changeset" : "0:root",
    "modified_on" : {
      "timestamp" : "19-Apr-2019 20:08:36",
      "year" : 2019,
      "month" : 3,
      "day_of_month" : 19,
      "hour" : 20,
      "minute" : 8,
      "second" : 36,
      "millisecond" : 243,
      "ms" : 1555704516243,
      "iso_8601" : "2019-04-19T20:08:36Z"
    },
    "modified_by" : "admin",
    "modified_by_principal_id" : "74004ce2e8561e763ac4",
    "modified_by_principal_domain_id" : "default",
    "edited_on" : {
      "timestamp" : "19-Apr-2019 20:08:36",
      "year" : 2019,
      "month" : 3,
      "day_of_month" : 19,
      "hour" : 20,
      "minute" : 8,
      "second" : 36,
      "millisecond" : 243,
      "ms" : 1555704516243,
      "iso_8601" : "2019-04-19T20:08:36Z"
    },
    "edited_by" : "admin",
    "edited_by_principal_id" : "74004ce2e8561e763ac4",
    "edited_by_principal_domain_id" : "default",
    "created_on" : {
      "timestamp" : "19-Apr-2019 20:08:36",
      "year" : 2019,
      "month" : 3,
      "day_of_month" : 19,
      "hour" : 20,
      "minute" : 8,
      "second" : 36,
      "millisecond" : 243,
      "ms" : 1555704516243,
      "iso_8601" : "2019-04-19T20:08:36Z"
    },
    "created_by" : "admin",
    "created_by_principal_id" : "74004ce2e8561e763ac4",
    "created_by_principal_domain_id" : "default"
  },
  "_qname" : "o:a8275b12f6925a287339",
  "_features" : {
    "f:audit" : { },
    "f:titled" : { },
    "f:filename" : {
      "filename" : "Boston"
    },
    "f:geolocation" : { },
    "f:indexable" : { },
    "f:translation" : {
      "master-node-id" : "a49c8d4def211b0d4d75",
      "edition" : "1.0",
      "locale" : "zh_CN"
    },
    "f:locale" : {
      "locale" : "zh_CN"
    }
  },
  "_doc" : "a8275b12f6925a287339"
}