{
  "_doc" : "121:73ba3858ab9170df896c",
  "_system" : {
    "created_on" : {
      "timestamp" : "14-Feb-2019 15:33:29",
      "year" : 2019,
      "month" : 1,
      "day_of_month" : 14,
      "hour" : 15,
      "minute" : 33,
      "second" : 29,
      "millisecond" : 554,
      "ms" : 1550158409554,
      "iso_8601" : "2019-02-14T15:33:29Z"
    },
    "created_by" : "system",
    "created_by_principal_id" : "system",
    "created_by_principal_domain_id" : null,
    "modified_on" : {
      "timestamp" : "14-Feb-2019 15:33:29",
      "year" : 2019,
      "month" : 1,
      "day_of_month" : 14,
      "hour" : 15,
      "minute" : 33,
      "second" : 29,
      "millisecond" : 687,
      "ms" : 1550158409687,
      "iso_8601" : "2019-02-14T15:33:29Z"
    },
    "modified_by" : "system",
    "modified_by_principal_id" : "system",
    "modified_by_principal_domain_id" : null,
    "edited_on" : {
      "timestamp" : "14-Feb-2019 15:33:29",
      "year" : 2019,
      "month" : 1,
      "day_of_month" : 14,
      "hour" : 15,
      "minute" : 33,
      "second" : 29,
      "millisecond" : 554,
      "ms" : 1550158409554,
      "iso_8601" : "2019-02-14T15:33:29Z"
    },
    "edited_by" : "system",
    "edited_by_principal_id" : "system",
    "edited_by_principal_domain_id" : null
  },
  "revision" : 121,
  "active" : true,
  "parents" : [ "120:d0bfc5747cb189d4d777" ],
  "branch" : "4a11b3490f5cf2a8a2b7"
}