{
  "_doc" : "4:5a4fb82e7918665f843b",
  "_system" : {
    "created_on" : {
      "timestamp" : "19-Nov-2021 22:41:02",
      "year" : 2021,
      "month" : 10,
      "day_of_month" : 19,
      "hour" : 22,
      "minute" : 41,
      "second" : 2,
      "millisecond" : 635,
      "ms" : 1637379662635,
      "iso_8601" : "2021-11-19T22:41:02-05:00"
    },
    "created_by" : "admin",
    "created_by_principal_id" : "e319a2cd626b671ba7f7",
    "created_by_principal_domain_id" : "default",
    "modified_on" : {
      "timestamp" : "19-Nov-2021 22:41:02",
      "year" : 2021,
      "month" : 10,
      "day_of_month" : 19,
      "hour" : 22,
      "minute" : 41,
      "second" : 2,
      "millisecond" : 801,
      "ms" : 1637379662801,
      "iso_8601" : "2021-11-19T22:41:02-05:00"
    },
    "modified_by" : "admin",
    "modified_by_principal_id" : "e319a2cd626b671ba7f7",
    "modified_by_principal_domain_id" : "default",
    "edited_on" : {
      "timestamp" : "19-Nov-2021 22:41:02",
      "year" : 2021,
      "month" : 10,
      "day_of_month" : 19,
      "hour" : 22,
      "minute" : 41,
      "second" : 2,
      "millisecond" : 801,
      "ms" : 1637379662801,
      "iso_8601" : "2021-11-19T22:41:02-05:00"
    },
    "edited_by" : "admin",
    "edited_by_principal_id" : "e319a2cd626b671ba7f7",
    "edited_by_principal_domain_id" : "default"
  },
  "revision" : 4,
  "active" : true,
  "parents" : [ "3:d7fabb20462009c31a65" ],
  "branch" : "d13c41461bea0e1eaef1"
}