{
  "_doc" : "13:fe90a3c5e98ad917ad27",
  "_system" : {
    "created_on" : {
      "timestamp" : "05-Aug-2021 15:37:11",
      "year" : 2021,
      "month" : 7,
      "day_of_month" : 5,
      "hour" : 15,
      "minute" : 37,
      "second" : 11,
      "millisecond" : 912,
      "ms" : 1628177831912,
      "iso_8601" : "2021-08-05T15:37:11Z"
    },
    "created_by" : "system",
    "created_by_principal_id" : "system",
    "created_by_principal_domain_id" : null,
    "modified_on" : {
      "timestamp" : "05-Aug-2021 15:37:12",
      "year" : 2021,
      "month" : 7,
      "day_of_month" : 5,
      "hour" : 15,
      "minute" : 37,
      "second" : 12,
      "millisecond" : 16,
      "ms" : 1628177832016,
      "iso_8601" : "2021-08-05T15:37:12Z"
    },
    "modified_by" : "system",
    "modified_by_principal_id" : "system",
    "modified_by_principal_domain_id" : null,
    "edited_on" : {
      "timestamp" : "05-Aug-2021 15:37:11",
      "year" : 2021,
      "month" : 7,
      "day_of_month" : 5,
      "hour" : 15,
      "minute" : 37,
      "second" : 11,
      "millisecond" : 912,
      "ms" : 1628177831912,
      "iso_8601" : "2021-08-05T15:37:11Z"
    },
    "edited_by" : "system",
    "edited_by_principal_id" : "system",
    "edited_by_principal_domain_id" : null
  },
  "revision" : 13,
  "active" : true,
  "parents" : [ "12:cb4d95fc21b8f7b505b8" ],
  "branch" : "23fafbfbb544c803da8d"
}