{
  "stackId" : "a2ef58c9a6f55b19411a",
  "key" : "content",
  "datastoreTypeId" : "repository",
  "datastoreId" : "00d8631af6cbfaf58edf",
  "_system" : {
    "created_on" : {
      "timestamp" : "26-Nov-2021 22:42:31",
      "year" : 2021,
      "month" : 10,
      "day_of_month" : 26,
      "hour" : 22,
      "minute" : 42,
      "second" : 31,
      "millisecond" : 521,
      "ms" : 1637984551521,
      "iso_8601" : "2021-11-26T22:42:31-05:00"
    },
    "created_by" : "admin",
    "created_by_principal_id" : "5bef34d1ea45b9e98ee7",
    "created_by_principal_domain_id" : "default",
    "modified_on" : {
      "timestamp" : "26-Nov-2021 22:42:31",
      "year" : 2021,
      "month" : 10,
      "day_of_month" : 26,
      "hour" : 22,
      "minute" : 42,
      "second" : 31,
      "millisecond" : 521,
      "ms" : 1637984551521,
      "iso_8601" : "2021-11-26T22:42:31-05:00"
    },
    "modified_by" : "admin",
    "modified_by_principal_id" : "5bef34d1ea45b9e98ee7",
    "modified_by_principal_domain_id" : "default",
    "edited_on" : {
      "timestamp" : "26-Nov-2021 22:42:31",
      "year" : 2021,
      "month" : 10,
      "day_of_month" : 26,
      "hour" : 22,
      "minute" : 42,
      "second" : 31,
      "millisecond" : 521,
      "ms" : 1637984551521,
      "iso_8601" : "2021-11-26T22:42:31-05:00"
    },
    "edited_by" : "admin",
    "edited_by_principal_id" : "5bef34d1ea45b9e98ee7",
    "edited_by_principal_domain_id" : "default"
  },
  "_doc" : "d735cc05880da39706df"
}