{
  "_doc" : "97:002a0f1338ceff528169",
  "_system" : {
    "created_on" : {
      "timestamp" : "14-Feb-2019 15:33:19",
      "year" : 2019,
      "month" : 1,
      "day_of_month" : 14,
      "hour" : 15,
      "minute" : 33,
      "second" : 19,
      "millisecond" : 340,
      "ms" : 1550158399340,
      "iso_8601" : "2019-02-14T15:33:19Z"
    },
    "created_by" : "system",
    "created_by_principal_id" : "system",
    "created_by_principal_domain_id" : null,
    "modified_on" : {
      "timestamp" : "14-Feb-2019 15:33:19",
      "year" : 2019,
      "month" : 1,
      "day_of_month" : 14,
      "hour" : 15,
      "minute" : 33,
      "second" : 19,
      "millisecond" : 455,
      "ms" : 1550158399455,
      "iso_8601" : "2019-02-14T15:33:19Z"
    },
    "modified_by" : "system",
    "modified_by_principal_id" : "system",
    "modified_by_principal_domain_id" : null,
    "edited_on" : {
      "timestamp" : "14-Feb-2019 15:33:19",
      "year" : 2019,
      "month" : 1,
      "day_of_month" : 14,
      "hour" : 15,
      "minute" : 33,
      "second" : 19,
      "millisecond" : 340,
      "ms" : 1550158399340,
      "iso_8601" : "2019-02-14T15:33:19Z"
    },
    "edited_by" : "system",
    "edited_by_principal_id" : "system",
    "edited_by_principal_domain_id" : null
  },
  "revision" : 97,
  "active" : true,
  "parents" : [ "96:f3649e6a5eb026f292db" ],
  "branch" : "4a11b3490f5cf2a8a2b7"
}