{
  "teamableObjectTypeId" : "application",
  "teamableObjectId" : "88871519ddabbc436a0e",
  "key" : "owners",
  "groupId" : "a3931f116c06b175be21",
  "groupDomainId" : "8a11739a997caa7f8dac",
  "roleKeys" : [ "owner" ],
  "title" : "Owners",
  "description" : "Owners Team",
  "_system" : {
    "created_on" : {
      "timestamp" : "20-Oct-2021 09:34:04",
      "year" : 2021,
      "month" : 9,
      "day_of_month" : 20,
      "hour" : 9,
      "minute" : 34,
      "second" : 4,
      "millisecond" : 652,
      "ms" : 1634736844652,
      "iso_8601" : "2021-10-20T09:34:04-04:00"
    },
    "created_by" : "admin",
    "created_by_principal_id" : "2a7c6669601b1ba4c958",
    "created_by_principal_domain_id" : "default",
    "modified_on" : {
      "timestamp" : "20-Oct-2021 09:34:04",
      "year" : 2021,
      "month" : 9,
      "day_of_month" : 20,
      "hour" : 9,
      "minute" : 34,
      "second" : 4,
      "millisecond" : 652,
      "ms" : 1634736844652,
      "iso_8601" : "2021-10-20T09:34:04-04:00"
    },
    "modified_by" : "admin",
    "modified_by_principal_id" : "2a7c6669601b1ba4c958",
    "modified_by_principal_domain_id" : "default",
    "edited_on" : {
      "timestamp" : "20-Oct-2021 09:34:04",
      "year" : 2021,
      "month" : 9,
      "day_of_month" : 20,
      "hour" : 9,
      "minute" : 34,
      "second" : 4,
      "millisecond" : 652,
      "ms" : 1634736844652,
      "iso_8601" : "2021-10-20T09:34:04-04:00"
    },
    "edited_by" : "admin",
    "edited_by_principal_id" : "2a7c6669601b1ba4c958",
    "edited_by_principal_domain_id" : "default"
  },
  "_doc" : "8f3a1a2ec2900a68b925"
}