{
  "_doc" : "39:d00b66f29974af3e5f4b",
  "_system" : {
    "created_on" : {
      "timestamp" : "17-Nov-2021 09:28:11",
      "year" : 2021,
      "month" : 10,
      "day_of_month" : 17,
      "hour" : 9,
      "minute" : 28,
      "second" : 11,
      "millisecond" : 966,
      "ms" : 1637159291966,
      "iso_8601" : "2021-11-17T09:28:11-05:00"
    },
    "created_by" : "admin",
    "created_by_principal_id" : "4dbc7eeadc99359ba687",
    "created_by_principal_domain_id" : "default",
    "modified_on" : {
      "timestamp" : "17-Nov-2021 09:28:12",
      "year" : 2021,
      "month" : 10,
      "day_of_month" : 17,
      "hour" : 9,
      "minute" : 28,
      "second" : 12,
      "millisecond" : 113,
      "ms" : 1637159292113,
      "iso_8601" : "2021-11-17T09:28:12-05:00"
    },
    "modified_by" : "admin",
    "modified_by_principal_id" : "4dbc7eeadc99359ba687",
    "modified_by_principal_domain_id" : "default",
    "edited_on" : {
      "timestamp" : "17-Nov-2021 09:28:12",
      "year" : 2021,
      "month" : 10,
      "day_of_month" : 17,
      "hour" : 9,
      "minute" : 28,
      "second" : 12,
      "millisecond" : 113,
      "ms" : 1637159292113,
      "iso_8601" : "2021-11-17T09:28:12-05:00"
    },
    "edited_by" : "admin",
    "edited_by_principal_id" : "4dbc7eeadc99359ba687",
    "edited_by_principal_domain_id" : "default"
  },
  "revision" : 39,
  "active" : true,
  "parents" : [ "38:abd235dec1a70523c2c1" ],
  "branch" : "921fd3299d530ef02309"
}