{
  "_system" : {
    "deleted" : false,
    "changeset" : "25:7cb4ef67a1dd31ef4bef",
    "created_on" : {
      "timestamp" : "14-Feb-2019 15:32:55",
      "year" : 2019,
      "month" : 1,
      "day_of_month" : 14,
      "hour" : 15,
      "minute" : 32,
      "second" : 55,
      "millisecond" : 310,
      "ms" : 1550158375310,
      "iso_8601" : "2019-02-14T15:32:55Z"
    },
    "created_by" : "admin",
    "created_by_principal_id" : "5bab281f1cb2047f12ba",
    "created_by_principal_domain_id" : "default",
    "modified_on" : {
      "timestamp" : "14-Feb-2019 15:32:55",
      "year" : 2019,
      "month" : 1,
      "day_of_month" : 14,
      "hour" : 15,
      "minute" : 32,
      "second" : 55,
      "millisecond" : 410,
      "ms" : 1550158375410,
      "iso_8601" : "2019-02-14T15:32:55Z"
    },
    "modified_by" : "admin",
    "modified_by_principal_id" : "5bab281f1cb2047f12ba",
    "modified_by_principal_domain_id" : "default",
    "edited_on" : {
      "timestamp" : "14-Feb-2019 15:32:55",
      "year" : 2019,
      "month" : 1,
      "day_of_month" : 14,
      "hour" : 15,
      "minute" : 32,
      "second" : 55,
      "millisecond" : 410,
      "ms" : 1550158375410,
      "iso_8601" : "2019-02-14T15:32:55Z"
    },
    "edited_by" : "admin",
    "edited_by_principal_id" : "5bab281f1cb2047f12ba",
    "edited_by_principal_domain_id" : "default"
  },
  "_doc" : "43a06ff059eae86c90ea",
  "_qname" : "o:43a06ff059eae86c90ea",
  "_type" : "a:has_role",
  "directionality" : "DIRECTED",
  "_features" : {
    "f:audit" : { },
    "f:indexable" : { }
  },
  "source_type" : "n:person",
  "source" : "fb528b3cc0f4915e1ab5",
  "target_type" : "catalog:product-review",
  "target" : "2e7656f3344619a0b639",
  "role-key" : "owner",
  "inherited" : true,
  "inheritsFrom" : "bb62c4b3b1f8d514ae21"
}