{
  "_type" : "n:node",
  "_qname" : "r:users",
  "type" : "object",
  "title" : "Users",
  "description" : "Users",
  "_features" : {
    "f:container" : { },
    "f:audit" : { },
    "f:titled" : { },
    "f:filename" : { },
    "f:geolocation" : { },
    "f:indexable" : { }
  },
  "systemBootstrapped" : true,
  "_system" : {
    "deleted" : false,
    "changeset" : "0:root",
    "modified_on" : {
      "timestamp" : "19-Apr-2019 20:08:33",
      "year" : 2019,
      "month" : 3,
      "day_of_month" : 19,
      "hour" : 20,
      "minute" : 8,
      "second" : 33,
      "millisecond" : 222,
      "ms" : 1555704513222,
      "iso_8601" : "2019-04-19T20:08:33Z"
    },
    "modified_by" : "admin",
    "modified_by_principal_id" : "74004ce2e8561e763ac4",
    "modified_by_principal_domain_id" : "default",
    "edited_on" : {
      "timestamp" : "19-Apr-2019 20:08:33",
      "year" : 2019,
      "month" : 3,
      "day_of_month" : 19,
      "hour" : 20,
      "minute" : 8,
      "second" : 33,
      "millisecond" : 222,
      "ms" : 1555704513222,
      "iso_8601" : "2019-04-19T20:08:33Z"
    },
    "edited_by" : "admin",
    "edited_by_principal_id" : "74004ce2e8561e763ac4",
    "edited_by_principal_domain_id" : "default",
    "created_on" : {
      "timestamp" : "19-Apr-2019 20:08:33",
      "year" : 2019,
      "month" : 3,
      "day_of_month" : 19,
      "hour" : 20,
      "minute" : 8,
      "second" : 33,
      "millisecond" : 222,
      "ms" : 1555704513222,
      "iso_8601" : "2019-04-19T20:08:33Z"
    },
    "created_by" : "admin",
    "created_by_principal_id" : "74004ce2e8561e763ac4",
    "created_by_principal_domain_id" : "default"
  },
  "_doc" : "821c40ab613d9b5bcbbc656b62229303"
}