{
  "_doc" : "821c40ab613d9b5bcbbc656b62229336",
  "_qname" : "a:list_item",
  "_type" : "d:association",
  "_parent" : "a:owned",
  "type" : "object",
  "title" : "List Item",
  "description" : "A relationship identifying that a source node has a list item defined on the target node",
  "properties" : { },
  "mandatoryFeatures" : {
    "f:propagates-authorities" : {
      "enabled" : true
    }
  },
  "systemBootstrapped" : true,
  "_system" : {
    "deleted" : false,
    "changeset" : "0:root",
    "created_on" : {
      "timestamp" : "19-Nov-2021 17:36:28",
      "year" : 2021,
      "month" : 10,
      "day_of_month" : 19,
      "hour" : 17,
      "minute" : 36,
      "second" : 28,
      "millisecond" : 196,
      "ms" : 1637361388196,
      "iso_8601" : "2021-11-19T17:36:28-05:00"
    },
    "created_by" : "admin",
    "created_by_principal_id" : "e319a2cd626b671ba7f7",
    "created_by_principal_domain_id" : "default",
    "modified_on" : {
      "timestamp" : "19-Nov-2021 17:36:28",
      "year" : 2021,
      "month" : 10,
      "day_of_month" : 19,
      "hour" : 17,
      "minute" : 36,
      "second" : 28,
      "millisecond" : 226,
      "ms" : 1637361388226,
      "iso_8601" : "2021-11-19T17:36:28-05:00"
    },
    "modified_by" : "admin",
    "modified_by_principal_id" : "e319a2cd626b671ba7f7",
    "modified_by_principal_domain_id" : "default",
    "edited_on" : {
      "timestamp" : "19-Nov-2021 17:36:28",
      "year" : 2021,
      "month" : 10,
      "day_of_month" : 19,
      "hour" : 17,
      "minute" : 36,
      "second" : 28,
      "millisecond" : 226,
      "ms" : 1637361388226,
      "iso_8601" : "2021-11-19T17:36:28-05:00"
    },
    "edited_by" : "admin",
    "edited_by_principal_id" : "e319a2cd626b671ba7f7",
    "edited_by_principal_domain_id" : "default",
    "rev" : 0,
    "branch" : "187193302a18db2eb328",
    "_op" : "create"
  },
  "$schema" : "http://json-schema.org/draft-04/schema#"
}