{
  "title" : "Book",
  "_qname" : "store:book",
  "_type" : "d:type",
  "type" : "object",
  "properties" : {
    "title" : {
      "type" : "string"
    },
    "description" : {
      "type" : "string"
    },
    "summary" : {
      "type" : "string"
    },
    "author" : {
      "type" : "object",
      "_relator" : {
        "associationType" : "store:authored-by",
        "nodeType" : "store:author"
      }
    },
    "recommendations" : {
      "type" : "array",
      "items" : {
        "type" : "object"
      },
      "_relator" : {
        "associationType" : "store:suggests",
        "nodeType" : "store:book",
        "mappings" : [ {
          "from" : "target",
          "fromProperty" : "slug",
          "toProperty" : "./slug"
        } ]
      }
    },
    "tags" : {
      "type" : "array",
      "items" : {
        "type" : "string"
      }
    },
    "slug" : {
      "type" : "string"
    },
    "cover" : {
      "type" : "object",
      "_attachment" : {
        "id" : "default"
      }
    },
    "pdf" : {
      "type" : "object",
      "_attachment" : {
        "id" : "book_pdf"
      }
    }
  },
  "mandatoryFeatures" : {
    "f:taggable" : {
      "enabled" : true
    },
    "f:deployment-config" : {
      "default" : {
        "mappings" : [ {
          "type" : "object-to-file",
          "config" : {
            "filepath" : "/store/books/{{object.slug}}.json"
          }
        }, {
          "type" : "attachment-to-file",
          "config" : {
            "attachmentId" : "*",
            "filepath" : "/store/books/{{object.slug}}.{{attachment.ext}}"
          }
        } ]
      }
    },
    "f:embeddable" : {
      "enabled" : true
    }
  },
  "_parent" : "n:node",
  "_doc" : "d6ee08bd7f9b4948b028",
  "_system" : {
    "deleted" : false,
    "changeset" : "28:ca877f9b5e75e35dc3ad",
    "created_on" : {
      "timestamp" : "07-Mar-2023 09:39:35",
      "year" : 2023,
      "month" : 2,
      "day_of_month" : 7,
      "hour" : 9,
      "minute" : 39,
      "second" : 35,
      "millisecond" : 144,
      "ms" : 1678199975144,
      "iso_8601" : "2023-03-07T09:39:35-05:00"
    },
    "created_by" : "admin",
    "created_by_principal_id" : "046cf0d415feaf45bcf2",
    "created_by_principal_domain_id" : "default",
    "modified_on" : {
      "timestamp" : "07-Mar-2023 09:39:36",
      "year" : 2023,
      "month" : 2,
      "day_of_month" : 7,
      "hour" : 9,
      "minute" : 39,
      "second" : 36,
      "millisecond" : 146,
      "ms" : 1678199976146,
      "iso_8601" : "2023-03-07T09:39:36-05:00"
    },
    "modified_by" : "admin",
    "modified_by_principal_id" : "046cf0d415feaf45bcf2",
    "modified_by_principal_domain_id" : "default",
    "edited_on" : {
      "timestamp" : "07-Mar-2023 09:39:36",
      "year" : 2023,
      "month" : 2,
      "day_of_month" : 7,
      "hour" : 9,
      "minute" : 39,
      "second" : 36,
      "millisecond" : 146,
      "ms" : 1678199976146,
      "iso_8601" : "2023-03-07T09:39:36-05:00"
    },
    "edited_by" : "admin",
    "edited_by_principal_id" : "046cf0d415feaf45bcf2",
    "rev" : 28,
    "branch" : "660838eae4eeba015a76",
    "_op" : "create",
    "edited_by_principal_domain_id" : "default"
  }
}