{
  "type" : "UPDATE",
  "timestamp" : {
    "timestamp" : "06-Aug-2020 13:25:35",
    "year" : 2020,
    "month" : 7,
    "day_of_month" : 6,
    "hour" : 13,
    "minute" : 25,
    "second" : 35,
    "millisecond" : 885,
    "ms" : 1596720335885,
    "iso_8601" : "2020-08-06T13:25:35Z"
  },
  "userDomainId" : "default",
  "userId" : "bb39303eba0c35a3d2da",
  "userTitle" : "admin",
  "userName" : "admin",
  "objectDatastoreTypeId" : "repository",
  "objectDatastoreId" : "79744a15485f5518f804",
  "objectDatastoreTitle" : "Sample Project 'content' repository",
  "objectId" : "58d4779a3994a01be97f",
  "objectTypeId" : "branch",
  "objectTitle" : "master",
  "stackId" : "bf423d3b68217f5306b7",
  "projectId" : "6953224c8c18e66f4e1c",
  "projectTitle" : "Sample Project",
  "_system" : {
    "created_on" : {
      "timestamp" : "06-Aug-2020 13:25:35",
      "year" : 2020,
      "month" : 7,
      "day_of_month" : 6,
      "hour" : 13,
      "minute" : 25,
      "second" : 35,
      "millisecond" : 886,
      "ms" : 1596720335886,
      "iso_8601" : "2020-08-06T13:25:35Z"
    },
    "created_by" : "admin",
    "created_by_principal_id" : "bb39303eba0c35a3d2da",
    "created_by_principal_domain_id" : "default",
    "modified_on" : {
      "timestamp" : "06-Aug-2020 13:25:35",
      "year" : 2020,
      "month" : 7,
      "day_of_month" : 6,
      "hour" : 13,
      "minute" : 25,
      "second" : 35,
      "millisecond" : 886,
      "ms" : 1596720335886,
      "iso_8601" : "2020-08-06T13:25:35Z"
    },
    "modified_by" : "admin",
    "modified_by_principal_id" : "bb39303eba0c35a3d2da",
    "modified_by_principal_domain_id" : "default",
    "edited_on" : {
      "timestamp" : "06-Aug-2020 13:25:35",
      "year" : 2020,
      "month" : 7,
      "day_of_month" : 6,
      "hour" : 13,
      "minute" : 25,
      "second" : 35,
      "millisecond" : 886,
      "ms" : 1596720335886,
      "iso_8601" : "2020-08-06T13:25:35Z"
    },
    "edited_by" : "admin",
    "edited_by_principal_id" : "bb39303eba0c35a3d2da",
    "edited_by_principal_domain_id" : "default"
  },
  "_doc" : "a5b625a968cc5d095844"
}