{
  "teamableObjectTypeId" : "stack",
  "teamableObjectId" : "f2ffa990c303089e5bd5",
  "key" : "appusers-170721a2b50e804624c5",
  "groupId" : "cb4792b09d42b71e3856",
  "groupDomainId" : "517f3cccd310dd6b487b",
  "roleKeys" : [ "collaborator" ],
  "title" : "Application Users for Application: 170721a2b50e804624c5",
  "description" : "",
  "_system" : {
    "created_on" : {
      "timestamp" : "07-Mar-2023 09:39:23",
      "year" : 2023,
      "month" : 2,
      "day_of_month" : 7,
      "hour" : 9,
      "minute" : 39,
      "second" : 23,
      "millisecond" : 813,
      "ms" : 1678199963813,
      "iso_8601" : "2023-03-07T09:39:23-05:00"
    },
    "created_by" : "admin",
    "created_by_principal_id" : "046cf0d415feaf45bcf2",
    "created_by_principal_domain_id" : "default",
    "modified_on" : {
      "timestamp" : "07-Mar-2023 09:39:23",
      "year" : 2023,
      "month" : 2,
      "day_of_month" : 7,
      "hour" : 9,
      "minute" : 39,
      "second" : 23,
      "millisecond" : 820,
      "ms" : 1678199963820,
      "iso_8601" : "2023-03-07T09:39:23-05:00"
    },
    "modified_by" : "admin",
    "modified_by_principal_id" : "046cf0d415feaf45bcf2",
    "modified_by_principal_domain_id" : "default",
    "edited_on" : {
      "timestamp" : "07-Mar-2023 09:39:23",
      "year" : 2023,
      "month" : 2,
      "day_of_month" : 7,
      "hour" : 9,
      "minute" : 39,
      "second" : 23,
      "millisecond" : 820,
      "ms" : 1678199963820,
      "iso_8601" : "2023-03-07T09:39:23-05:00"
    },
    "edited_by" : "admin",
    "edited_by_principal_id" : "046cf0d415feaf45bcf2",
    "edited_by_principal_domain_id" : "default"
  },
  "_doc" : "e13603834bbc92693027"
}