{
  "deployments" : {
    "default" : {
      "webhost" : "primary",
      "baseURL" : "http://api",
      "domain" : "mycompany.net",
      "clientId" : "e35009e3fd1558f4f786",
      "authGrantId" : "b28a337a92fb156fbd7f"
    }
  },
  "template" : { },
  "projectId" : "6f9bb31684df5ca359e7",
  "title" : "Default Application",
  "platformId" : "03b3245a488ba707f7a4",
  "datastoreId" : "a341d52a32e3044a9d17",
  "datastoreTypeId" : "application",
  "enableAuditing" : false,
  "enableAuthorities" : true,
  "dataSize" : 0,
  "storageSize" : 0,
  "fsSize" : 0,
  "objectcount" : 0,
  "_system" : {
    "created_on" : {
      "timestamp" : "05-Aug-2021 15:36:51",
      "year" : 2021,
      "month" : 7,
      "day_of_month" : 5,
      "hour" : 15,
      "minute" : 36,
      "second" : 51,
      "millisecond" : 893,
      "ms" : 1628177811893,
      "iso_8601" : "2021-08-05T15:36:51Z"
    },
    "created_by" : "admin",
    "created_by_principal_id" : "b3236127dacc03f40cd9",
    "created_by_principal_domain_id" : "default",
    "modified_on" : {
      "timestamp" : "05-Aug-2021 15:36:52",
      "year" : 2021,
      "month" : 7,
      "day_of_month" : 5,
      "hour" : 15,
      "minute" : 36,
      "second" : 52,
      "millisecond" : 399,
      "ms" : 1628177812399,
      "iso_8601" : "2021-08-05T15:36:52Z"
    },
    "modified_by" : "admin",
    "modified_by_principal_id" : "b3236127dacc03f40cd9",
    "modified_by_principal_domain_id" : "default",
    "edited_on" : {
      "timestamp" : "05-Aug-2021 15:36:52",
      "year" : 2021,
      "month" : 7,
      "day_of_month" : 5,
      "hour" : 15,
      "minute" : 36,
      "second" : 52,
      "millisecond" : 399,
      "ms" : 1628177812399,
      "iso_8601" : "2021-08-05T15:36:52Z"
    },
    "edited_by" : "admin",
    "edited_by_principal_id" : "b3236127dacc03f40cd9",
    "edited_by_principal_domain_id" : "default"
  },
  "_doc" : "aa96bd86ec2519d37b99",
  "statisticsDate" : {
    "timestamp" : "01-Jan-1970 00:00:00",
    "year" : 1970,
    "month" : 0,
    "day_of_month" : 1,
    "hour" : 0,
    "minute" : 0,
    "second" : 0,
    "millisecond" : 1,
    "ms" : 1,
    "iso_8601" : "1970-01-01T00:00:00Z"
  },
  "flags" : { },
  "statisticsDirty" : true,
  "applicationType" : "web"
}