{
  "_features" : {
    "f:relator" : {
      "propertyHolder" : "source",
      "propertyPath" : "/recommendations[0]",
      "active" : true
    },
    "f:audit" : { },
    "f:indexable" : { }
  },
  "source" : "3ea3f951ec524d328f8d",
  "source_type" : "store:book",
  "target" : "eb64b07c82994ca481b0",
  "target_type" : "store:book",
  "directionality" : "DIRECTED",
  "_system" : {
    "deleted" : false,
    "changeset" : "28:c8d0b865de6bb9c24601",
    "created_on" : {
      "timestamp" : "20-Oct-2021 09:44:30",
      "year" : 2021,
      "month" : 9,
      "day_of_month" : 20,
      "hour" : 9,
      "minute" : 44,
      "second" : 30,
      "millisecond" : 710,
      "ms" : 1634737470710,
      "iso_8601" : "2021-10-20T09:44:30-04:00"
    },
    "created_by" : "admin",
    "created_by_principal_id" : "2a7c6669601b1ba4c958",
    "created_by_principal_domain_id" : "default",
    "modified_on" : {
      "timestamp" : "20-Oct-2021 09:44:30",
      "year" : 2021,
      "month" : 9,
      "day_of_month" : 20,
      "hour" : 9,
      "minute" : 44,
      "second" : 30,
      "millisecond" : 774,
      "ms" : 1634737470774,
      "iso_8601" : "2021-10-20T09:44:30-04:00"
    },
    "modified_by" : "admin",
    "modified_by_principal_id" : "2a7c6669601b1ba4c958",
    "modified_by_principal_domain_id" : "default",
    "edited_on" : {
      "timestamp" : "20-Oct-2021 09:44:30",
      "year" : 2021,
      "month" : 9,
      "day_of_month" : 20,
      "hour" : 9,
      "minute" : 44,
      "second" : 30,
      "millisecond" : 774,
      "ms" : 1634737470774,
      "iso_8601" : "2021-10-20T09:44:30-04:00"
    },
    "edited_by" : "admin",
    "edited_by_principal_id" : "2a7c6669601b1ba4c958",
    "edited_by_principal_domain_id" : "default",
    "rev" : 28,
    "branch" : "c05d26b68d5e6c9699cf",
    "_op" : "create"
  },
  "_doc" : "000f23027d138c30fa3f",
  "_qname" : "o:000f23027d138c30fa3f",
  "_type" : "store:suggests"
}