{
  "_doc" : "10:a4f2e56b001d67f3fad9",
  "_system" : {
    "created_on" : {
      "timestamp" : "05-Aug-2021 15:37:08",
      "year" : 2021,
      "month" : 7,
      "day_of_month" : 5,
      "hour" : 15,
      "minute" : 37,
      "second" : 8,
      "millisecond" : 954,
      "ms" : 1628177828954,
      "iso_8601" : "2021-08-05T15:37:08Z"
    },
    "created_by" : "system",
    "created_by_principal_id" : "system",
    "created_by_principal_domain_id" : null,
    "modified_on" : {
      "timestamp" : "05-Aug-2021 15:37:10",
      "year" : 2021,
      "month" : 7,
      "day_of_month" : 5,
      "hour" : 15,
      "minute" : 37,
      "second" : 10,
      "millisecond" : 936,
      "ms" : 1628177830936,
      "iso_8601" : "2021-08-05T15:37:10Z"
    },
    "modified_by" : "system",
    "modified_by_principal_id" : "system",
    "modified_by_principal_domain_id" : null,
    "edited_on" : {
      "timestamp" : "05-Aug-2021 15:37:08",
      "year" : 2021,
      "month" : 7,
      "day_of_month" : 5,
      "hour" : 15,
      "minute" : 37,
      "second" : 8,
      "millisecond" : 954,
      "ms" : 1628177828954,
      "iso_8601" : "2021-08-05T15:37:08Z"
    },
    "edited_by" : "system",
    "edited_by_principal_id" : "system",
    "edited_by_principal_domain_id" : null
  },
  "revision" : 10,
  "active" : true,
  "parents" : [ "9:ebf402a49734b4eebe14" ],
  "branch" : "23fafbfbb544c803da8d"
}