{
  "_doc" : "85:d4d7192a4a711a82a52f",
  "_system" : {
    "created_on" : {
      "timestamp" : "14-Feb-2019 15:33:15",
      "year" : 2019,
      "month" : 1,
      "day_of_month" : 14,
      "hour" : 15,
      "minute" : 33,
      "second" : 15,
      "millisecond" : 409,
      "ms" : 1550158395409,
      "iso_8601" : "2019-02-14T15:33:15Z"
    },
    "created_by" : "admin",
    "created_by_principal_id" : "5bab281f1cb2047f12ba",
    "created_by_principal_domain_id" : "default",
    "modified_on" : {
      "timestamp" : "14-Feb-2019 15:33:15",
      "year" : 2019,
      "month" : 1,
      "day_of_month" : 14,
      "hour" : 15,
      "minute" : 33,
      "second" : 15,
      "millisecond" : 522,
      "ms" : 1550158395522,
      "iso_8601" : "2019-02-14T15:33:15Z"
    },
    "modified_by" : "admin",
    "modified_by_principal_id" : "5bab281f1cb2047f12ba",
    "modified_by_principal_domain_id" : "default",
    "edited_on" : {
      "timestamp" : "14-Feb-2019 15:33:15",
      "year" : 2019,
      "month" : 1,
      "day_of_month" : 14,
      "hour" : 15,
      "minute" : 33,
      "second" : 15,
      "millisecond" : 522,
      "ms" : 1550158395522,
      "iso_8601" : "2019-02-14T15:33:15Z"
    },
    "edited_by" : "admin",
    "edited_by_principal_id" : "5bab281f1cb2047f12ba",
    "edited_by_principal_domain_id" : "default"
  },
  "revision" : 85,
  "active" : true,
  "parents" : [ "84:ffcd18211c5f70121dc0" ],
  "branch" : "4a11b3490f5cf2a8a2b7"
}