{
  "type" : "CREATE",
  "timestamp" : {
    "timestamp" : "24-Aug-2022 16:08:23",
    "year" : 2022,
    "month" : 7,
    "day_of_month" : 24,
    "hour" : 16,
    "minute" : 8,
    "second" : 23,
    "millisecond" : 415,
    "ms" : 1661357303415,
    "iso_8601" : "2022-08-24T16:08:23Z"
  },
  "userDomainId" : "default",
  "userId" : "fda4fc3b0ff3e7838fbe",
  "userTitle" : "admin",
  "userName" : "admin",
  "objectDatastoreTypeId" : "platform",
  "objectDatastoreId" : "976d0d81e5ef6071f051",
  "objectDatastoreTitle" : "Root Platform",
  "objectId" : "be7d4afe10e21f420374",
  "objectTypeId" : "repository",
  "objectTitle" : "be7d4afe10e21f420374",
  "_system" : {
    "created_on" : {
      "timestamp" : "24-Aug-2022 16:08:23",
      "year" : 2022,
      "month" : 7,
      "day_of_month" : 24,
      "hour" : 16,
      "minute" : 8,
      "second" : 23,
      "millisecond" : 416,
      "ms" : 1661357303416,
      "iso_8601" : "2022-08-24T16:08:23Z"
    },
    "created_by" : "admin",
    "created_by_principal_id" : "fda4fc3b0ff3e7838fbe",
    "created_by_principal_domain_id" : "default",
    "modified_on" : {
      "timestamp" : "24-Aug-2022 16:08:23",
      "year" : 2022,
      "month" : 7,
      "day_of_month" : 24,
      "hour" : 16,
      "minute" : 8,
      "second" : 23,
      "millisecond" : 416,
      "ms" : 1661357303416,
      "iso_8601" : "2022-08-24T16:08:23Z"
    },
    "modified_by" : "admin",
    "modified_by_principal_id" : "fda4fc3b0ff3e7838fbe",
    "modified_by_principal_domain_id" : "default",
    "edited_on" : {
      "timestamp" : "24-Aug-2022 16:08:23",
      "year" : 2022,
      "month" : 7,
      "day_of_month" : 24,
      "hour" : 16,
      "minute" : 8,
      "second" : 23,
      "millisecond" : 416,
      "ms" : 1661357303416,
      "iso_8601" : "2022-08-24T16:08:23Z"
    },
    "edited_by" : "admin",
    "edited_by_principal_id" : "fda4fc3b0ff3e7838fbe",
    "edited_by_principal_domain_id" : "default"
  },
  "_doc" : "94a967efade138d20c76"
}