{
  "key" : "ccbcf4a7-b456-4122-8455-f221ee68722e",
  "secret" : "sq3XknoitdTOmTYJxrOZLVVYcYjgyn4bV0zAhSORSA9XHkjN2IFmeVH3cALwrvDbVJBZePwNPmDtmnV1ST6v668ee/Lk5s6UKzQ95D3sFSk=",
  "_system" : {
    "created_on" : {
      "timestamp" : "24-Aug-2022 16:08:33",
      "year" : 2022,
      "month" : 7,
      "day_of_month" : 24,
      "hour" : 16,
      "minute" : 8,
      "second" : 33,
      "millisecond" : 319,
      "ms" : 1661357313319,
      "iso_8601" : "2022-08-24T16:08:33Z"
    },
    "created_by" : "admin",
    "created_by_principal_id" : "fda4fc3b0ff3e7838fbe",
    "created_by_principal_domain_id" : "default",
    "modified_on" : {
      "timestamp" : "24-Aug-2022 16:08:33",
      "year" : 2022,
      "month" : 7,
      "day_of_month" : 24,
      "hour" : 16,
      "minute" : 8,
      "second" : 33,
      "millisecond" : 339,
      "ms" : 1661357313339,
      "iso_8601" : "2022-08-24T16:08:33Z"
    },
    "modified_by" : "admin",
    "modified_by_principal_id" : "fda4fc3b0ff3e7838fbe",
    "modified_by_principal_domain_id" : "default",
    "edited_on" : {
      "timestamp" : "24-Aug-2022 16:08:33",
      "year" : 2022,
      "month" : 7,
      "day_of_month" : 24,
      "hour" : 16,
      "minute" : 8,
      "second" : 33,
      "millisecond" : 339,
      "ms" : 1661357313339,
      "iso_8601" : "2022-08-24T16:08:33Z"
    },
    "edited_by" : "admin",
    "edited_by_principal_id" : "fda4fc3b0ff3e7838fbe",
    "edited_by_principal_domain_id" : "default"
  },
  "_doc" : "36c0ce5707e674a1d10f",
  "authorizedGrantTypes" : [ "authorization_code", "password", "refresh_token" ],
  "scope" : [ "api" ],
  "autoApproveScopes" : [ ],
  "enabled" : true,
  "allowGuestLogin" : true,
  "applicationId" : "f8b2464f47ce34b6b3f3",
  "applicationDeploymentManaged" : true
}