{
  "permissioned" : "35121ffd560a9b3a36f0",
  "principal" : "2b4d7bbdd2c3f8c507d0",
  "authority" : "connector",
  "domain" : "default",
  "_system" : {
    "created_on" : {
      "timestamp" : "19-Nov-2021 17:36:27",
      "year" : 2021,
      "month" : 10,
      "day_of_month" : 19,
      "hour" : 17,
      "minute" : 36,
      "second" : 27,
      "millisecond" : 420,
      "ms" : 1637361387420,
      "iso_8601" : "2021-11-19T17:36:27-05:00"
    },
    "created_by" : "admin",
    "created_by_principal_id" : "e319a2cd626b671ba7f7",
    "created_by_principal_domain_id" : "default",
    "modified_on" : {
      "timestamp" : "19-Nov-2021 17:36:27",
      "year" : 2021,
      "month" : 10,
      "day_of_month" : 19,
      "hour" : 17,
      "minute" : 36,
      "second" : 27,
      "millisecond" : 420,
      "ms" : 1637361387420,
      "iso_8601" : "2021-11-19T17:36:27-05:00"
    },
    "modified_by" : "admin",
    "modified_by_principal_id" : "e319a2cd626b671ba7f7",
    "modified_by_principal_domain_id" : "default",
    "edited_on" : {
      "timestamp" : "19-Nov-2021 17:36:27",
      "year" : 2021,
      "month" : 10,
      "day_of_month" : 19,
      "hour" : 17,
      "minute" : 36,
      "second" : 27,
      "millisecond" : 420,
      "ms" : 1637361387420,
      "iso_8601" : "2021-11-19T17:36:27-05:00"
    },
    "edited_by" : "admin",
    "edited_by_principal_id" : "e319a2cd626b671ba7f7",
    "edited_by_principal_domain_id" : "default"
  },
  "_doc" : "e84bd3ad5e491e70636b"
}