{
  "_type" : "store:book",
  "title" : "Romeo and Juliet",
  "description" : "A tragic play written early in the career of William Shakespeare about two teenage 'star-cross'd lovers' whose untimely deaths ultimately unite their feuding households.",
  "summary" : "Romeo and Juliet is a tragic play written early in the career of William Shakespeare about two teenage 'star-cross'd lovers' whose untimely deaths ultimately unite their feuding households. It was among Shakespeare's most popular plays during his lifetime and, along with Hamlet, is one of his most frequently performed plays. Today, the title characters are regarded as archetypal 'young lovers'.",
  "author" : {
    "id" : "ec05e254d7f548d19092",
    "ref" : "node://3736c920729d6b4060f8/00d8631af6cbfaf58edf/9bc800c8fc0417d3210c/ec05e254d7f548d19092",
    "typeQName" : "store:author",
    "title" : "William Shakespeare",
    "qname" : "o:ec05e254d7f548d19092"
  },
  "recommendations" : [ {
    "id" : "34dc1cc2c6a84608a512",
    "ref" : "node://3736c920729d6b4060f8/00d8631af6cbfaf58edf/9bc800c8fc0417d3210c/34dc1cc2c6a84608a512",
    "typeQName" : "store:book",
    "title" : "Macbeth",
    "qname" : "o:34dc1cc2c6a84608a512",
    "slug" : "macbeth"
  }, {
    "id" : "62b5a8c4932643ea9616",
    "ref" : "node://3736c920729d6b4060f8/00d8631af6cbfaf58edf/9bc800c8fc0417d3210c/62b5a8c4932643ea9616",
    "typeQName" : "store:book",
    "title" : "Taming of the Shrew",
    "qname" : "o:62b5a8c4932643ea9616",
    "slug" : "taming-of-the-shrew"
  } ],
  "tags" : [ "romeo", "romance", "juliet", "tragedy", "montague", "shakespeare" ],
  "slug" : "romeo-and-juliet",
  "_features" : {
    "f:filename" : {
      "filename" : "Romeo_and_Juliet"
    },
    "f:related" : { },
    "f:audit" : { },
    "f:titled" : { },
    "f:geolocation" : { },
    "f:indexable" : { },
    "f:taggable" : {
      "enabled" : true
    },
    "f:deployment-config" : {
      "default" : {
        "mappings" : [ {
          "type" : "object-to-file",
          "config" : {
            "filepath" : "/store/books/{{object.slug}}.json"
          }
        }, {
          "type" : "attachment-to-file",
          "config" : {
            "attachmentId" : "*",
            "filepath" : "/store/books/{{object.slug}}.{{attachment.ext}}"
          }
        } ]
      }
    },
    "f:publishable" : {
      "state" : "approved"
    }
  },
  "_qname" : "o:522430c0d22a46719106",
  "_doc" : "522430c0d22a46719106",
  "_system" : {
    "deleted" : false,
    "changeset" : "36:de6de7d897f8cc538cf5",
    "created_on" : {
      "timestamp" : "26-Nov-2021 22:42:41",
      "year" : 2021,
      "month" : 10,
      "day_of_month" : 26,
      "hour" : 22,
      "minute" : 42,
      "second" : 41,
      "millisecond" : 503,
      "ms" : 1637984561503,
      "iso_8601" : "2021-11-26T22:42:41-05:00"
    },
    "created_by" : "admin",
    "created_by_principal_id" : "5bef34d1ea45b9e98ee7",
    "created_by_principal_domain_id" : "default",
    "modified_on" : {
      "timestamp" : "26-Nov-2021 22:42:58",
      "year" : 2021,
      "month" : 10,
      "day_of_month" : 26,
      "hour" : 22,
      "minute" : 42,
      "second" : 58,
      "millisecond" : 118,
      "ms" : 1637984578118,
      "iso_8601" : "2021-11-26T22:42:58-05:00"
    },
    "modified_by" : "admin",
    "modified_by_principal_id" : "5bef34d1ea45b9e98ee7",
    "modified_by_principal_domain_id" : "default",
    "edited_on" : {
      "timestamp" : "26-Nov-2021 22:42:58",
      "year" : 2021,
      "month" : 10,
      "day_of_month" : 26,
      "hour" : 22,
      "minute" : 42,
      "second" : 58,
      "millisecond" : 118,
      "ms" : 1637984578118,
      "iso_8601" : "2021-11-26T22:42:58-05:00"
    },
    "edited_by" : "admin",
    "edited_by_principal_id" : "5bef34d1ea45b9e98ee7",
    "edited_by_principal_domain_id" : "default",
    "rev" : 36,
    "attachments" : {
      "book_pdf" : {
        "contentType" : "application/pdf",
        "length" : 260062,
        "objectId" : "attachment_522430c0d22a46719106_fc822844ba95be4cef07",
        "filename" : "book_pdf.pdf"
      },
      "default" : {
        "contentType" : "image/jpeg",
        "length" : 60545,
        "objectId" : "attachment_522430c0d22a46719106_b5e594b92a6c7f6331f7",
        "filename" : "default.jpg"
      }
    },
    "previousChangeset" : "11:aaa71e7d6583028e6d2f",
    "branch" : "9bc800c8fc0417d3210c",
    "_op" : "update"
  },
  "cover" : {
    "id" : "default",
    "name" : "default.jpg",
    "size" : 60545,
    "contentType" : "image/jpeg"
  },
  "pdf" : {
    "id" : "book_pdf",
    "name" : "book_pdf.pdf",
    "size" : 260062,
    "contentType" : "application/pdf"
  }
}