{
  "_system" : {
    "deleted" : false,
    "changeset" : "21:c9fc46e025332bc86bd4",
    "created_on" : {
      "timestamp" : "14-Feb-2019 15:32:52",
      "year" : 2019,
      "month" : 1,
      "day_of_month" : 14,
      "hour" : 15,
      "minute" : 32,
      "second" : 52,
      "millisecond" : 292,
      "ms" : 1550158372292,
      "iso_8601" : "2019-02-14T15:32:52Z"
    },
    "created_by" : "admin",
    "created_by_principal_id" : "5bab281f1cb2047f12ba",
    "created_by_principal_domain_id" : "default",
    "modified_on" : {
      "timestamp" : "14-Feb-2019 15:32:52",
      "year" : 2019,
      "month" : 1,
      "day_of_month" : 14,
      "hour" : 15,
      "minute" : 32,
      "second" : 52,
      "millisecond" : 344,
      "ms" : 1550158372344,
      "iso_8601" : "2019-02-14T15:32:52Z"
    },
    "modified_by" : "admin",
    "modified_by_principal_id" : "5bab281f1cb2047f12ba",
    "modified_by_principal_domain_id" : "default",
    "edited_on" : {
      "timestamp" : "14-Feb-2019 15:32:52",
      "year" : 2019,
      "month" : 1,
      "day_of_month" : 14,
      "hour" : 15,
      "minute" : 32,
      "second" : 52,
      "millisecond" : 344,
      "ms" : 1550158372344,
      "iso_8601" : "2019-02-14T15:32:52Z"
    },
    "edited_by" : "admin",
    "edited_by_principal_id" : "5bab281f1cb2047f12ba",
    "edited_by_principal_domain_id" : "default"
  },
  "_doc" : "378d4a4558cc8186b7a5",
  "_qname" : "o:378d4a4558cc8186b7a5",
  "_type" : "a:child",
  "directionality" : "DIRECTED",
  "_features" : {
    "f:audit" : { },
    "f:indexable" : { },
    "f:propagates-authorities" : {
      "enabled" : true
    },
    "f:non-cyclic" : { },
    "f:knowledge-sharing" : {
      "enabled" : true
    }
  },
  "source_type" : "n:node",
  "source" : "970c30014926467afba1",
  "target_type" : "catalog:person",
  "target" : "d391e50ea0968d6bb5ba"
}