{
  "_doc" : "127:e38e63509f12647ac138",
  "_system" : {
    "created_on" : {
      "timestamp" : "14-Feb-2019 15:33:32",
      "year" : 2019,
      "month" : 1,
      "day_of_month" : 14,
      "hour" : 15,
      "minute" : 33,
      "second" : 32,
      "millisecond" : 853,
      "ms" : 1550158412853,
      "iso_8601" : "2019-02-14T15:33:32Z"
    },
    "created_by" : "system",
    "created_by_principal_id" : "system",
    "created_by_principal_domain_id" : null,
    "modified_on" : {
      "timestamp" : "14-Feb-2019 15:33:33",
      "year" : 2019,
      "month" : 1,
      "day_of_month" : 14,
      "hour" : 15,
      "minute" : 33,
      "second" : 33,
      "millisecond" : 85,
      "ms" : 1550158413085,
      "iso_8601" : "2019-02-14T15:33:33Z"
    },
    "modified_by" : "system",
    "modified_by_principal_id" : "system",
    "modified_by_principal_domain_id" : null,
    "edited_on" : {
      "timestamp" : "14-Feb-2019 15:33:32",
      "year" : 2019,
      "month" : 1,
      "day_of_month" : 14,
      "hour" : 15,
      "minute" : 33,
      "second" : 32,
      "millisecond" : 853,
      "ms" : 1550158412853,
      "iso_8601" : "2019-02-14T15:33:32Z"
    },
    "edited_by" : "system",
    "edited_by_principal_id" : "system",
    "edited_by_principal_domain_id" : null
  },
  "revision" : 127,
  "active" : true,
  "parents" : [ "126:39ad305c7b7a8432995d" ],
  "branch" : "4a11b3490f5cf2a8a2b7"
}