{
  "tag" : "montague",
  "title" : "montague",
  "_system" : {
    "deleted" : false,
    "changeset" : "29:6bd0671440d51cfedcd7",
    "created_on" : {
      "timestamp" : "21-Jan-2021 16:22:32",
      "year" : 2021,
      "month" : 0,
      "day_of_month" : 21,
      "hour" : 16,
      "minute" : 22,
      "second" : 32,
      "millisecond" : 234,
      "ms" : 1611264152234,
      "iso_8601" : "2021-01-21T16:22:32-05:00"
    },
    "created_by" : "system",
    "created_by_principal_id" : "system",
    "created_by_principal_domain_id" : null,
    "modified_on" : {
      "timestamp" : "21-Jan-2021 16:22:32",
      "year" : 2021,
      "month" : 0,
      "day_of_month" : 21,
      "hour" : 16,
      "minute" : 22,
      "second" : 32,
      "millisecond" : 258,
      "ms" : 1611264152258,
      "iso_8601" : "2021-01-21T16:22:32-05:00"
    },
    "modified_by" : "system",
    "modified_by_principal_id" : "system",
    "modified_by_principal_domain_id" : null,
    "edited_on" : {
      "timestamp" : "21-Jan-2021 16:22:32",
      "year" : 2021,
      "month" : 0,
      "day_of_month" : 21,
      "hour" : 16,
      "minute" : 22,
      "second" : 32,
      "millisecond" : 234,
      "ms" : 1611264152234,
      "iso_8601" : "2021-01-21T16:22:32-05:00"
    },
    "edited_by" : "system",
    "edited_by_principal_id" : "system",
    "edited_by_principal_domain_id" : null,
    "rev" : 29,
    "branch" : "3d4e3a21a7c02c55017c",
    "_op" : "create"
  },
  "_doc" : "3dbf7fdb69cb18b7f8f5",
  "_qname" : "o:3dbf7fdb69cb18b7f8f5",
  "_type" : "n:tag",
  "_features" : {
    "f:audit" : { },
    "f:titled" : { },
    "f:filename" : {
      "filename" : "montague"
    },
    "f:geolocation" : { },
    "f:indexable" : { }
  }
}