{
  "teamableObjectTypeId" : "domain",
  "teamableObjectId" : "429f4c8560260c790575",
  "key" : "owners",
  "groupId" : "4de3f841091f45311ad0",
  "groupDomainId" : "78981089f96c14a8b699",
  "roleKeys" : [ "owner" ],
  "title" : "Owners",
  "description" : "Owners Team",
  "_system" : {
    "created_on" : {
      "timestamp" : "28-Sep-2020 15:25:05",
      "year" : 2020,
      "month" : 8,
      "day_of_month" : 28,
      "hour" : 15,
      "minute" : 25,
      "second" : 5,
      "millisecond" : 218,
      "ms" : 1601306705218,
      "iso_8601" : "2020-09-28T15:25:05Z"
    },
    "created_by" : "admin",
    "created_by_principal_id" : "bb39303eba0c35a3d2da",
    "created_by_principal_domain_id" : "default",
    "modified_on" : {
      "timestamp" : "28-Sep-2020 15:25:05",
      "year" : 2020,
      "month" : 8,
      "day_of_month" : 28,
      "hour" : 15,
      "minute" : 25,
      "second" : 5,
      "millisecond" : 218,
      "ms" : 1601306705218,
      "iso_8601" : "2020-09-28T15:25:05Z"
    },
    "modified_by" : "admin",
    "modified_by_principal_id" : "bb39303eba0c35a3d2da",
    "modified_by_principal_domain_id" : "default",
    "edited_on" : {
      "timestamp" : "28-Sep-2020 15:25:05",
      "year" : 2020,
      "month" : 8,
      "day_of_month" : 28,
      "hour" : 15,
      "minute" : 25,
      "second" : 5,
      "millisecond" : 218,
      "ms" : 1601306705218,
      "iso_8601" : "2020-09-28T15:25:05Z"
    },
    "edited_by" : "admin",
    "edited_by_principal_id" : "bb39303eba0c35a3d2da",
    "edited_by_principal_domain_id" : "default"
  },
  "_doc" : "f28e53c89e8be99485ab"
}