{
  "_features" : {
    "f:relator" : {
      "propertyHolder" : "source",
      "propertyPath" : "/author",
      "active" : true
    },
    "f:audit" : { },
    "f:indexable" : { }
  },
  "source" : "aa448c8ac3a447b9bd57",
  "source_type" : "store:book",
  "target" : "a4e91dcaea4547e1bbbf",
  "target_type" : "store:author",
  "directionality" : "DIRECTED",
  "_system" : {
    "deleted" : false,
    "changeset" : "28:b557eeaf2f1ccc19ce5d",
    "created_on" : {
      "timestamp" : "17-Nov-2021 09:28:05",
      "year" : 2021,
      "month" : 10,
      "day_of_month" : 17,
      "hour" : 9,
      "minute" : 28,
      "second" : 5,
      "millisecond" : 741,
      "ms" : 1637159285741,
      "iso_8601" : "2021-11-17T09:28:05-05:00"
    },
    "created_by" : "admin",
    "created_by_principal_id" : "4dbc7eeadc99359ba687",
    "created_by_principal_domain_id" : "default",
    "modified_on" : {
      "timestamp" : "17-Nov-2021 09:28:05",
      "year" : 2021,
      "month" : 10,
      "day_of_month" : 17,
      "hour" : 9,
      "minute" : 28,
      "second" : 5,
      "millisecond" : 941,
      "ms" : 1637159285941,
      "iso_8601" : "2021-11-17T09:28:05-05:00"
    },
    "modified_by" : "admin",
    "modified_by_principal_id" : "4dbc7eeadc99359ba687",
    "modified_by_principal_domain_id" : "default",
    "edited_on" : {
      "timestamp" : "17-Nov-2021 09:28:05",
      "year" : 2021,
      "month" : 10,
      "day_of_month" : 17,
      "hour" : 9,
      "minute" : 28,
      "second" : 5,
      "millisecond" : 941,
      "ms" : 1637159285941,
      "iso_8601" : "2021-11-17T09:28:05-05:00"
    },
    "edited_by" : "admin",
    "edited_by_principal_id" : "4dbc7eeadc99359ba687",
    "edited_by_principal_domain_id" : "default",
    "rev" : 28,
    "branch" : "921fd3299d530ef02309",
    "_op" : "create"
  },
  "_doc" : "e1912f39e7be9b5c4c10",
  "_qname" : "o:e1912f39e7be9b5c4c10",
  "_type" : "store:authored-by"
}