{
  "_doc" : "27:01e722236514faa06f2a",
  "_system" : {
    "created_on" : {
      "timestamp" : "20-Oct-2021 09:34:21",
      "year" : 2021,
      "month" : 9,
      "day_of_month" : 20,
      "hour" : 9,
      "minute" : 34,
      "second" : 21,
      "millisecond" : 385,
      "ms" : 1634736861385,
      "iso_8601" : "2021-10-20T09:34:21-04:00"
    },
    "created_by" : "admin",
    "created_by_principal_id" : "2a7c6669601b1ba4c958",
    "created_by_principal_domain_id" : "default",
    "modified_on" : {
      "timestamp" : "20-Oct-2021 09:34:21",
      "year" : 2021,
      "month" : 9,
      "day_of_month" : 20,
      "hour" : 9,
      "minute" : 34,
      "second" : 21,
      "millisecond" : 428,
      "ms" : 1634736861428,
      "iso_8601" : "2021-10-20T09:34:21-04:00"
    },
    "modified_by" : "admin",
    "modified_by_principal_id" : "2a7c6669601b1ba4c958",
    "modified_by_principal_domain_id" : "default",
    "edited_on" : {
      "timestamp" : "20-Oct-2021 09:34:21",
      "year" : 2021,
      "month" : 9,
      "day_of_month" : 20,
      "hour" : 9,
      "minute" : 34,
      "second" : 21,
      "millisecond" : 428,
      "ms" : 1634736861428,
      "iso_8601" : "2021-10-20T09:34:21-04:00"
    },
    "edited_by" : "admin",
    "edited_by_principal_id" : "2a7c6669601b1ba4c958",
    "edited_by_principal_domain_id" : "default"
  },
  "revision" : 27,
  "active" : true,
  "parents" : [ "26:f32954eb80156bfd1530" ],
  "branch" : "1ad06a3e9160fdc88c85"
}