{
  "_system" : {
    "deleted" : false,
    "changeset" : "1:5fb67d53b3d72490ef49",
    "created_on" : {
      "timestamp" : "19-Nov-2021 17:36:29",
      "year" : 2021,
      "month" : 10,
      "day_of_month" : 19,
      "hour" : 17,
      "minute" : 36,
      "second" : 29,
      "millisecond" : 832,
      "ms" : 1637361389832,
      "iso_8601" : "2021-11-19T17:36:29-05:00"
    },
    "created_by" : "admin",
    "created_by_principal_id" : "e319a2cd626b671ba7f7",
    "created_by_principal_domain_id" : "default",
    "modified_on" : {
      "timestamp" : "19-Nov-2021 17:36:29",
      "year" : 2021,
      "month" : 10,
      "day_of_month" : 19,
      "hour" : 17,
      "minute" : 36,
      "second" : 29,
      "millisecond" : 966,
      "ms" : 1637361389966,
      "iso_8601" : "2021-11-19T17:36:29-05:00"
    },
    "modified_by" : "admin",
    "modified_by_principal_id" : "e319a2cd626b671ba7f7",
    "modified_by_principal_domain_id" : "default",
    "edited_on" : {
      "timestamp" : "19-Nov-2021 17:36:29",
      "year" : 2021,
      "month" : 10,
      "day_of_month" : 19,
      "hour" : 17,
      "minute" : 36,
      "second" : 29,
      "millisecond" : 966,
      "ms" : 1637361389966,
      "iso_8601" : "2021-11-19T17:36:29-05:00"
    },
    "edited_by" : "admin",
    "edited_by_principal_id" : "e319a2cd626b671ba7f7",
    "edited_by_principal_domain_id" : "default",
    "rev" : 1,
    "branch" : "187193302a18db2eb328",
    "_op" : "create"
  },
  "_doc" : "44594b6b59242d7127ef",
  "_qname" : "o:44594b6b59242d7127ef",
  "_type" : "n:node",
  "_features" : {
    "f:audit" : { },
    "f:titled" : { },
    "f:filename" : {
      "filename" : "System"
    },
    "f:geolocation" : { },
    "f:indexable" : { },
    "f:container" : { }
  },
  "title" : "System"
}