{
  "_doc" : "36:d1ebaaa23ef8270cc78b",
  "_system" : {
    "created_on" : {
      "timestamp" : "17-Nov-2021 09:28:10",
      "year" : 2021,
      "month" : 10,
      "day_of_month" : 17,
      "hour" : 9,
      "minute" : 28,
      "second" : 10,
      "millisecond" : 137,
      "ms" : 1637159290137,
      "iso_8601" : "2021-11-17T09:28:10-05:00"
    },
    "created_by" : "admin",
    "created_by_principal_id" : "4dbc7eeadc99359ba687",
    "created_by_principal_domain_id" : "default",
    "modified_on" : {
      "timestamp" : "17-Nov-2021 09:28:10",
      "year" : 2021,
      "month" : 10,
      "day_of_month" : 17,
      "hour" : 9,
      "minute" : 28,
      "second" : 10,
      "millisecond" : 320,
      "ms" : 1637159290320,
      "iso_8601" : "2021-11-17T09:28:10-05:00"
    },
    "modified_by" : "admin",
    "modified_by_principal_id" : "4dbc7eeadc99359ba687",
    "modified_by_principal_domain_id" : "default",
    "edited_on" : {
      "timestamp" : "17-Nov-2021 09:28:10",
      "year" : 2021,
      "month" : 10,
      "day_of_month" : 17,
      "hour" : 9,
      "minute" : 28,
      "second" : 10,
      "millisecond" : 320,
      "ms" : 1637159290320,
      "iso_8601" : "2021-11-17T09:28:10-05:00"
    },
    "edited_by" : "admin",
    "edited_by_principal_id" : "4dbc7eeadc99359ba687",
    "edited_by_principal_domain_id" : "default"
  },
  "revision" : 36,
  "active" : true,
  "parents" : [ "35:50c05db29a0992d43f17" ],
  "branch" : "921fd3299d530ef02309"
}