{
  "_doc" : "29:53087ab0a585aeee7c33",
  "_system" : {
    "created_on" : {
      "timestamp" : "19-Nov-2021 22:41:25",
      "year" : 2021,
      "month" : 10,
      "day_of_month" : 19,
      "hour" : 22,
      "minute" : 41,
      "second" : 25,
      "millisecond" : 169,
      "ms" : 1637379685169,
      "iso_8601" : "2021-11-19T22:41:25-05:00"
    },
    "created_by" : "admin",
    "created_by_principal_id" : "e319a2cd626b671ba7f7",
    "created_by_principal_domain_id" : "default",
    "modified_on" : {
      "timestamp" : "19-Nov-2021 22:41:25",
      "year" : 2021,
      "month" : 10,
      "day_of_month" : 19,
      "hour" : 22,
      "minute" : 41,
      "second" : 25,
      "millisecond" : 204,
      "ms" : 1637379685204,
      "iso_8601" : "2021-11-19T22:41:25-05:00"
    },
    "modified_by" : "admin",
    "modified_by_principal_id" : "e319a2cd626b671ba7f7",
    "modified_by_principal_domain_id" : "default",
    "edited_on" : {
      "timestamp" : "19-Nov-2021 22:41:25",
      "year" : 2021,
      "month" : 10,
      "day_of_month" : 19,
      "hour" : 22,
      "minute" : 41,
      "second" : 25,
      "millisecond" : 204,
      "ms" : 1637379685204,
      "iso_8601" : "2021-11-19T22:41:25-05:00"
    },
    "edited_by" : "admin",
    "edited_by_principal_id" : "e319a2cd626b671ba7f7",
    "edited_by_principal_domain_id" : "default"
  },
  "revision" : 29,
  "active" : true,
  "parents" : [ "28:f092b76b83c6713d9452" ],
  "branch" : "d13c41461bea0e1eaef1"
}