{
  "_system" : {
    "deleted" : false,
    "changeset" : "11:aaa71e7d6583028e6d2f",
    "created_on" : {
      "timestamp" : "26-Nov-2021 22:42:43",
      "year" : 2021,
      "month" : 10,
      "day_of_month" : 26,
      "hour" : 22,
      "minute" : 42,
      "second" : 43,
      "millisecond" : 645,
      "ms" : 1637984563645,
      "iso_8601" : "2021-11-26T22:42:43-05:00"
    },
    "created_by" : "admin",
    "created_by_principal_id" : "5bef34d1ea45b9e98ee7",
    "created_by_principal_domain_id" : "default",
    "modified_on" : {
      "timestamp" : "26-Nov-2021 22:42:43",
      "year" : 2021,
      "month" : 10,
      "day_of_month" : 26,
      "hour" : 22,
      "minute" : 42,
      "second" : 43,
      "millisecond" : 654,
      "ms" : 1637984563654,
      "iso_8601" : "2021-11-26T22:42:43-05:00"
    },
    "modified_by" : "admin",
    "modified_by_principal_id" : "5bef34d1ea45b9e98ee7",
    "modified_by_principal_domain_id" : "default",
    "edited_on" : {
      "timestamp" : "26-Nov-2021 22:42:43",
      "year" : 2021,
      "month" : 10,
      "day_of_month" : 26,
      "hour" : 22,
      "minute" : 42,
      "second" : 43,
      "millisecond" : 654,
      "ms" : 1637984563654,
      "iso_8601" : "2021-11-26T22:42:43-05:00"
    },
    "edited_by" : "admin",
    "edited_by_principal_id" : "5bef34d1ea45b9e98ee7",
    "edited_by_principal_domain_id" : "default",
    "rev" : 11,
    "branch" : "9bc800c8fc0417d3210c",
    "_op" : "create"
  },
  "_doc" : "520dbc2b8b773d848bbc",
  "_qname" : "o:520dbc2b8b773d848bbc",
  "_type" : "a:has_tag",
  "directionality" : "DIRECTED",
  "_features" : {
    "f:audit" : { },
    "f:indexable" : { }
  },
  "source_type" : "store:book",
  "source" : "522430c0d22a46719106",
  "target_type" : "n:tag",
  "target" : "728b78883fbf615cd914"
}