{
  "_system" : {
    "deleted" : false,
    "changeset" : "8:e86f845abfc22f1c13c1",
    "created_on" : {
      "timestamp" : "17-Nov-2021 09:27:39",
      "year" : 2021,
      "month" : 10,
      "day_of_month" : 17,
      "hour" : 9,
      "minute" : 27,
      "second" : 39,
      "millisecond" : 905,
      "ms" : 1637159259905,
      "iso_8601" : "2021-11-17T09:27:39-05:00"
    },
    "created_by" : "admin",
    "created_by_principal_id" : "4dbc7eeadc99359ba687",
    "created_by_principal_domain_id" : "default",
    "modified_on" : {
      "timestamp" : "17-Nov-2021 09:27:39",
      "year" : 2021,
      "month" : 10,
      "day_of_month" : 17,
      "hour" : 9,
      "minute" : 27,
      "second" : 39,
      "millisecond" : 942,
      "ms" : 1637159259942,
      "iso_8601" : "2021-11-17T09:27:39-05:00"
    },
    "modified_by" : "admin",
    "modified_by_principal_id" : "4dbc7eeadc99359ba687",
    "modified_by_principal_domain_id" : "default",
    "edited_on" : {
      "timestamp" : "17-Nov-2021 09:27:39",
      "year" : 2021,
      "month" : 10,
      "day_of_month" : 17,
      "hour" : 9,
      "minute" : 27,
      "second" : 39,
      "millisecond" : 942,
      "ms" : 1637159259942,
      "iso_8601" : "2021-11-17T09:27:39-05:00"
    },
    "edited_by" : "admin",
    "edited_by_principal_id" : "4dbc7eeadc99359ba687",
    "edited_by_principal_domain_id" : "default",
    "rev" : 8,
    "branch" : "921fd3299d530ef02309",
    "_op" : "create"
  },
  "_doc" : "d581a03b81fb4ed776fa",
  "_qname" : "o:d581a03b81fb4ed776fa",
  "_type" : "a:child",
  "directionality" : "DIRECTED",
  "_features" : {
    "f:audit" : { },
    "f:indexable" : { },
    "f:propagates-authorities" : {
      "enabled" : true
    },
    "f:non-cyclic" : { },
    "f:knowledge-sharing" : {
      "enabled" : true
    }
  },
  "source_type" : "n:node",
  "source" : "d3b5ada7d937a02f1ef5",
  "target_type" : "n:email_template",
  "target" : "8104031aeafec4819a01"
}