{
  "_system" : {
    "deleted" : false,
    "changeset" : "1:ab62c2ac98f2779cb0b8",
    "created_on" : {
      "timestamp" : "21-Jan-2021 16:22:15",
      "year" : 2021,
      "month" : 0,
      "day_of_month" : 21,
      "hour" : 16,
      "minute" : 22,
      "second" : 15,
      "millisecond" : 134,
      "ms" : 1611264135134,
      "iso_8601" : "2021-01-21T16:22:15-05:00"
    },
    "created_by" : "admin",
    "created_by_principal_id" : "8df8c30d1c2f95496937",
    "created_by_principal_domain_id" : "default",
    "modified_on" : {
      "timestamp" : "21-Jan-2021 16:22:15",
      "year" : 2021,
      "month" : 0,
      "day_of_month" : 21,
      "hour" : 16,
      "minute" : 22,
      "second" : 15,
      "millisecond" : 226,
      "ms" : 1611264135226,
      "iso_8601" : "2021-01-21T16:22:15-05:00"
    },
    "modified_by" : "admin",
    "modified_by_principal_id" : "8df8c30d1c2f95496937",
    "modified_by_principal_domain_id" : "default",
    "edited_on" : {
      "timestamp" : "21-Jan-2021 16:22:15",
      "year" : 2021,
      "month" : 0,
      "day_of_month" : 21,
      "hour" : 16,
      "minute" : 22,
      "second" : 15,
      "millisecond" : 226,
      "ms" : 1611264135226,
      "iso_8601" : "2021-01-21T16:22:15-05:00"
    },
    "edited_by" : "admin",
    "edited_by_principal_id" : "8df8c30d1c2f95496937",
    "edited_by_principal_domain_id" : "default",
    "rev" : 1,
    "branch" : "3d4e3a21a7c02c55017c",
    "_op" : "create"
  },
  "_doc" : "6e2870f46a3eefc4dfe3",
  "_qname" : "o:6e2870f46a3eefc4dfe3",
  "_type" : "n:node",
  "_features" : {
    "f:audit" : { },
    "f:titled" : { },
    "f:filename" : {
      "filename" : "System"
    },
    "f:geolocation" : { },
    "f:indexable" : { },
    "f:container" : { }
  },
  "title" : "System"
}