{
  "_doc" : "131:712150c402a6144cdcb1",
  "_system" : {
    "created_on" : {
      "timestamp" : "14-Feb-2019 15:33:33",
      "year" : 2019,
      "month" : 1,
      "day_of_month" : 14,
      "hour" : 15,
      "minute" : 33,
      "second" : 33,
      "millisecond" : 706,
      "ms" : 1550158413706,
      "iso_8601" : "2019-02-14T15:33:33Z"
    },
    "created_by" : "admin",
    "created_by_principal_id" : "5bab281f1cb2047f12ba",
    "created_by_principal_domain_id" : "default",
    "modified_on" : {
      "timestamp" : "14-Feb-2019 15:33:33",
      "year" : 2019,
      "month" : 1,
      "day_of_month" : 14,
      "hour" : 15,
      "minute" : 33,
      "second" : 33,
      "millisecond" : 809,
      "ms" : 1550158413809,
      "iso_8601" : "2019-02-14T15:33:33Z"
    },
    "modified_by" : "admin",
    "modified_by_principal_id" : "5bab281f1cb2047f12ba",
    "modified_by_principal_domain_id" : "default",
    "edited_on" : {
      "timestamp" : "14-Feb-2019 15:33:33",
      "year" : 2019,
      "month" : 1,
      "day_of_month" : 14,
      "hour" : 15,
      "minute" : 33,
      "second" : 33,
      "millisecond" : 809,
      "ms" : 1550158413809,
      "iso_8601" : "2019-02-14T15:33:33Z"
    },
    "edited_by" : "admin",
    "edited_by_principal_id" : "5bab281f1cb2047f12ba",
    "edited_by_principal_domain_id" : "default"
  },
  "revision" : 131,
  "active" : true,
  "parents" : [ "130:17404b73089a1a5c2538" ],
  "branch" : "4a11b3490f5cf2a8a2b7"
}