{
  "_doc" : "58:2e31d44786400d5e4535",
  "_system" : {
    "created_on" : {
      "timestamp" : "14-Feb-2019 15:33:06",
      "year" : 2019,
      "month" : 1,
      "day_of_month" : 14,
      "hour" : 15,
      "minute" : 33,
      "second" : 6,
      "millisecond" : 515,
      "ms" : 1550158386515,
      "iso_8601" : "2019-02-14T15:33:06Z"
    },
    "created_by" : "admin",
    "created_by_principal_id" : "5bab281f1cb2047f12ba",
    "created_by_principal_domain_id" : "default",
    "modified_on" : {
      "timestamp" : "14-Feb-2019 15:33:06",
      "year" : 2019,
      "month" : 1,
      "day_of_month" : 14,
      "hour" : 15,
      "minute" : 33,
      "second" : 6,
      "millisecond" : 636,
      "ms" : 1550158386636,
      "iso_8601" : "2019-02-14T15:33:06Z"
    },
    "modified_by" : "admin",
    "modified_by_principal_id" : "5bab281f1cb2047f12ba",
    "modified_by_principal_domain_id" : "default",
    "edited_on" : {
      "timestamp" : "14-Feb-2019 15:33:06",
      "year" : 2019,
      "month" : 1,
      "day_of_month" : 14,
      "hour" : 15,
      "minute" : 33,
      "second" : 6,
      "millisecond" : 636,
      "ms" : 1550158386636,
      "iso_8601" : "2019-02-14T15:33:06Z"
    },
    "edited_by" : "admin",
    "edited_by_principal_id" : "5bab281f1cb2047f12ba",
    "edited_by_principal_domain_id" : "default"
  },
  "revision" : 58,
  "active" : true,
  "parents" : [ "57:de8a073283e1454280b4" ],
  "branch" : "4a11b3490f5cf2a8a2b7"
}