{
  "primary" : true,
  "defaultDirectoryId" : "587f4b003fe1d3ad1d78",
  "platformId" : "66b2c66f83966dedf452",
  "datastoreId" : "e923dd740a03ee3f2447",
  "datastoreTypeId" : "domain",
  "enableAuditing" : false,
  "enableAuthorities" : true,
  "maxsize" : -1,
  "size" : 0,
  "objectcount" : 0,
  "_system" : {
    "created_on" : {
      "timestamp" : "21-Jan-2021 16:16:48",
      "year" : 2021,
      "month" : 0,
      "day_of_month" : 21,
      "hour" : 16,
      "minute" : 16,
      "second" : 48,
      "millisecond" : 521,
      "ms" : 1611263808521,
      "iso_8601" : "2021-01-21T16:16:48-05:00"
    },
    "created_by" : "system",
    "created_by_principal_id" : "system",
    "created_by_principal_domain_id" : null,
    "modified_on" : {
      "timestamp" : "21-Jan-2021 16:16:48",
      "year" : 2021,
      "month" : 0,
      "day_of_month" : 21,
      "hour" : 16,
      "minute" : 16,
      "second" : 48,
      "millisecond" : 783,
      "ms" : 1611263808783,
      "iso_8601" : "2021-01-21T16:16:48-05:00"
    },
    "modified_by" : "system",
    "modified_by_principal_id" : "system",
    "modified_by_principal_domain_id" : null,
    "edited_on" : {
      "timestamp" : "21-Jan-2021 16:16:48",
      "year" : 2021,
      "month" : 0,
      "day_of_month" : 21,
      "hour" : 16,
      "minute" : 16,
      "second" : 48,
      "millisecond" : 521,
      "ms" : 1611263808521,
      "iso_8601" : "2021-01-21T16:16:48-05:00"
    },
    "edited_by" : "system",
    "edited_by_principal_id" : "system",
    "edited_by_principal_domain_id" : null
  },
  "_doc" : "7cf65965db62027ede88",
  "statisticsDate" : {
    "timestamp" : "31-Dec-1969 19:00:00",
    "year" : 1969,
    "month" : 11,
    "day_of_month" : 31,
    "hour" : 19,
    "minute" : 0,
    "second" : 0,
    "millisecond" : 1,
    "ms" : 1,
    "iso_8601" : "1969-12-31T19:00:00-05:00"
  },
  "statisticsDirty" : true
}