{
  "_doc" : "126:39ad305c7b7a8432995d",
  "_system" : {
    "created_on" : {
      "timestamp" : "14-Feb-2019 15:33:32",
      "year" : 2019,
      "month" : 1,
      "day_of_month" : 14,
      "hour" : 15,
      "minute" : 33,
      "second" : 32,
      "millisecond" : 638,
      "ms" : 1550158412638,
      "iso_8601" : "2019-02-14T15:33:32Z"
    },
    "created_by" : "admin",
    "created_by_principal_id" : "5bab281f1cb2047f12ba",
    "created_by_principal_domain_id" : "default",
    "modified_on" : {
      "timestamp" : "14-Feb-2019 15:33:32",
      "year" : 2019,
      "month" : 1,
      "day_of_month" : 14,
      "hour" : 15,
      "minute" : 33,
      "second" : 32,
      "millisecond" : 699,
      "ms" : 1550158412699,
      "iso_8601" : "2019-02-14T15:33:32Z"
    },
    "modified_by" : "admin",
    "modified_by_principal_id" : "5bab281f1cb2047f12ba",
    "modified_by_principal_domain_id" : "default",
    "edited_on" : {
      "timestamp" : "14-Feb-2019 15:33:32",
      "year" : 2019,
      "month" : 1,
      "day_of_month" : 14,
      "hour" : 15,
      "minute" : 33,
      "second" : 32,
      "millisecond" : 699,
      "ms" : 1550158412699,
      "iso_8601" : "2019-02-14T15:33:32Z"
    },
    "edited_by" : "admin",
    "edited_by_principal_id" : "5bab281f1cb2047f12ba",
    "edited_by_principal_domain_id" : "default"
  },
  "revision" : 126,
  "active" : true,
  "parents" : [ "125:6d33eb3d5a612f58651a" ],
  "branch" : "4a11b3490f5cf2a8a2b7"
}