{
  "_type" : "n:email_template",
  "_system" : {
    "deleted" : false,
    "changeset" : "8:61a115a0761d2ce24ed2",
    "created_on" : {
      "timestamp" : "07-Mar-2023 09:39:18",
      "year" : 2023,
      "month" : 2,
      "day_of_month" : 7,
      "hour" : 9,
      "minute" : 39,
      "second" : 18,
      "millisecond" : 550,
      "ms" : 1678199958550,
      "iso_8601" : "2023-03-07T09:39:18-05:00"
    },
    "created_by" : "admin",
    "created_by_principal_id" : "046cf0d415feaf45bcf2",
    "created_by_principal_domain_id" : "default",
    "modified_on" : {
      "timestamp" : "07-Mar-2023 09:39:18",
      "year" : 2023,
      "month" : 2,
      "day_of_month" : 7,
      "hour" : 9,
      "minute" : 39,
      "second" : 18,
      "millisecond" : 619,
      "ms" : 1678199958619,
      "iso_8601" : "2023-03-07T09:39:18-05:00"
    },
    "modified_by" : "admin",
    "modified_by_principal_id" : "046cf0d415feaf45bcf2",
    "modified_by_principal_domain_id" : "default",
    "edited_on" : {
      "timestamp" : "07-Mar-2023 09:39:18",
      "year" : 2023,
      "month" : 2,
      "day_of_month" : 7,
      "hour" : 9,
      "minute" : 39,
      "second" : 18,
      "millisecond" : 619,
      "ms" : 1678199958619,
      "iso_8601" : "2023-03-07T09:39:18-05:00"
    },
    "edited_by" : "admin",
    "edited_by_principal_id" : "046cf0d415feaf45bcf2",
    "rev" : 8,
    "branch" : "660838eae4eeba015a76",
    "_op" : "create",
    "edited_by_principal_domain_id" : "default",
    "attachments" : {
      "default" : {
        "contentType" : "text/x-handlebars-template",
        "length" : 475,
        "objectId" : "attachment_b2f164af9f664453dc6a_89e20de68d6c82be2279",
        "filename" : "default",
        "md5" : "e09f22b8d4aa3950783d3a75596930"
      }
    }
  },
  "_doc" : "b2f164af9f664453dc6a",
  "_qname" : "o:b2f164af9f664453dc6a",
  "_features" : {
    "f:audit" : { },
    "f:titled" : { },
    "f:filename" : {
      "filename" : "Invite+User+-+Welcome+Email+Template"
    },
    "f:geolocation" : { },
    "f:indexable" : { }
  },
  "title" : "Invite User - Welcome Email Template"
}