{
  "root" : "0:root",
  "tip" : "0:root",
  "title" : "master",
  "type" : "MASTER",
  "_system" : {
    "modified_on" : {
      "timestamp" : "19-Apr-2019 20:08:30",
      "year" : 2019,
      "month" : 3,
      "day_of_month" : 19,
      "hour" : 20,
      "minute" : 8,
      "second" : 30,
      "millisecond" : 568,
      "ms" : 1555704510568,
      "iso_8601" : "2019-04-19T20:08:30Z"
    },
    "modified_by" : "admin",
    "modified_by_principal_id" : "74004ce2e8561e763ac4",
    "modified_by_principal_domain_id" : "default",
    "edited_on" : {
      "timestamp" : "19-Apr-2019 20:08:30",
      "year" : 2019,
      "month" : 3,
      "day_of_month" : 19,
      "hour" : 20,
      "minute" : 8,
      "second" : 30,
      "millisecond" : 568,
      "ms" : 1555704510568,
      "iso_8601" : "2019-04-19T20:08:30Z"
    },
    "edited_by" : "admin",
    "edited_by_principal_id" : "74004ce2e8561e763ac4",
    "edited_by_principal_domain_id" : "default",
    "created_on" : {
      "timestamp" : "19-Apr-2019 20:08:30",
      "year" : 2019,
      "month" : 3,
      "day_of_month" : 19,
      "hour" : 20,
      "minute" : 8,
      "second" : 30,
      "millisecond" : 568,
      "ms" : 1555704510568,
      "iso_8601" : "2019-04-19T20:08:30Z"
    },
    "created_by" : "admin",
    "created_by_principal_id" : "74004ce2e8561e763ac4",
    "created_by_principal_domain_id" : "default"
  },
  "archived" : false,
  "snapshot" : false,
  "_doc" : "0ca850a91b1a89defa83"
}