{
  "_doc" : "14:b6fd5650fbdad17490d2",
  "_system" : {
    "created_on" : {
      "timestamp" : "15-Nov-2021 14:54:03",
      "year" : 2021,
      "month" : 10,
      "day_of_month" : 15,
      "hour" : 14,
      "minute" : 54,
      "second" : 3,
      "millisecond" : 255,
      "ms" : 1637006043255,
      "iso_8601" : "2021-11-15T14:54:03-05:00"
    },
    "created_by" : "admin",
    "created_by_principal_id" : "b9ed9753748864134424",
    "created_by_principal_domain_id" : "default",
    "modified_on" : {
      "timestamp" : "15-Nov-2021 14:54:03",
      "year" : 2021,
      "month" : 10,
      "day_of_month" : 15,
      "hour" : 14,
      "minute" : 54,
      "second" : 3,
      "millisecond" : 296,
      "ms" : 1637006043296,
      "iso_8601" : "2021-11-15T14:54:03-05:00"
    },
    "modified_by" : "admin",
    "modified_by_principal_id" : "b9ed9753748864134424",
    "modified_by_principal_domain_id" : "default",
    "edited_on" : {
      "timestamp" : "15-Nov-2021 14:54:03",
      "year" : 2021,
      "month" : 10,
      "day_of_month" : 15,
      "hour" : 14,
      "minute" : 54,
      "second" : 3,
      "millisecond" : 296,
      "ms" : 1637006043296,
      "iso_8601" : "2021-11-15T14:54:03-05:00"
    },
    "edited_by" : "admin",
    "edited_by_principal_id" : "b9ed9753748864134424",
    "edited_by_principal_domain_id" : "default"
  },
  "revision" : 14,
  "active" : true,
  "parents" : [ "13:502843f157ec866cad03" ],
  "branch" : "cdcfc25b8b052c9d2586"
}