{
  "_doc" : "3:1afbad01f88a8b23d09a",
  "_system" : {
    "created_on" : {
      "timestamp" : "15-Nov-2021 14:53:45",
      "year" : 2021,
      "month" : 10,
      "day_of_month" : 15,
      "hour" : 14,
      "minute" : 53,
      "second" : 45,
      "millisecond" : 285,
      "ms" : 1637006025285,
      "iso_8601" : "2021-11-15T14:53:45-05:00"
    },
    "created_by" : "admin",
    "created_by_principal_id" : "b9ed9753748864134424",
    "created_by_principal_domain_id" : "default",
    "modified_on" : {
      "timestamp" : "15-Nov-2021 14:53:45",
      "year" : 2021,
      "month" : 10,
      "day_of_month" : 15,
      "hour" : 14,
      "minute" : 53,
      "second" : 45,
      "millisecond" : 667,
      "ms" : 1637006025667,
      "iso_8601" : "2021-11-15T14:53:45-05:00"
    },
    "modified_by" : "admin",
    "modified_by_principal_id" : "b9ed9753748864134424",
    "modified_by_principal_domain_id" : "default",
    "edited_on" : {
      "timestamp" : "15-Nov-2021 14:53:45",
      "year" : 2021,
      "month" : 10,
      "day_of_month" : 15,
      "hour" : 14,
      "minute" : 53,
      "second" : 45,
      "millisecond" : 667,
      "ms" : 1637006025667,
      "iso_8601" : "2021-11-15T14:53:45-05:00"
    },
    "edited_by" : "admin",
    "edited_by_principal_id" : "b9ed9753748864134424",
    "edited_by_principal_domain_id" : "default"
  },
  "revision" : 3,
  "active" : true,
  "parents" : [ "2:245ada12830d8412e848" ],
  "branch" : "cdcfc25b8b052c9d2586"
}