{
  "type" : "MOVE",
  "timestamp" : {
    "timestamp" : "24-Aug-2022 16:09:04",
    "year" : 2022,
    "month" : 7,
    "day_of_month" : 24,
    "hour" : 16,
    "minute" : 9,
    "second" : 4,
    "millisecond" : 798,
    "ms" : 1661357344798,
    "iso_8601" : "2022-08-24T16:09:04Z"
  },
  "userDomainId" : "default",
  "userId" : "fda4fc3b0ff3e7838fbe",
  "userTitle" : "admin",
  "userName" : "admin",
  "objectDatastoreTypeId" : "repository",
  "objectDatastoreId" : "be7d4afe10e21f420374",
  "objectDatastoreTitle" : "Sample Project 'content' repository",
  "objectId" : "b1b27ff9de3e150fb607",
  "objectTypeId" : "node",
  "objectTitle" : "New York City",
  "stackId" : "0a7fc8e20274200ad031",
  "projectId" : "bf7b27842892908c8ade",
  "projectTitle" : "Sample Project",
  "_system" : {
    "created_on" : {
      "timestamp" : "24-Aug-2022 16:09:04",
      "year" : 2022,
      "month" : 7,
      "day_of_month" : 24,
      "hour" : 16,
      "minute" : 9,
      "second" : 4,
      "millisecond" : 802,
      "ms" : 1661357344802,
      "iso_8601" : "2022-08-24T16:09:04Z"
    },
    "created_by" : "admin",
    "created_by_principal_id" : "fda4fc3b0ff3e7838fbe",
    "created_by_principal_domain_id" : "default",
    "modified_on" : {
      "timestamp" : "24-Aug-2022 16:09:04",
      "year" : 2022,
      "month" : 7,
      "day_of_month" : 24,
      "hour" : 16,
      "minute" : 9,
      "second" : 4,
      "millisecond" : 802,
      "ms" : 1661357344802,
      "iso_8601" : "2022-08-24T16:09:04Z"
    },
    "modified_by" : "admin",
    "modified_by_principal_id" : "fda4fc3b0ff3e7838fbe",
    "modified_by_principal_domain_id" : "default",
    "edited_on" : {
      "timestamp" : "24-Aug-2022 16:09:04",
      "year" : 2022,
      "month" : 7,
      "day_of_month" : 24,
      "hour" : 16,
      "minute" : 9,
      "second" : 4,
      "millisecond" : 802,
      "ms" : 1661357344802,
      "iso_8601" : "2022-08-24T16:09:04Z"
    },
    "edited_by" : "admin",
    "edited_by_principal_id" : "fda4fc3b0ff3e7838fbe",
    "edited_by_principal_domain_id" : "default"
  },
  "_doc" : "2bf6109a14057bf944ab"
}