{
  "_doc" : "3:bcd6ca046e037b8ba57b",
  "_system" : {
    "created_on" : {
      "timestamp" : "19-Nov-2021 17:36:30",
      "year" : 2021,
      "month" : 10,
      "day_of_month" : 19,
      "hour" : 17,
      "minute" : 36,
      "second" : 30,
      "millisecond" : 323,
      "ms" : 1637361390323,
      "iso_8601" : "2021-11-19T17:36:30-05:00"
    },
    "created_by" : "admin",
    "created_by_principal_id" : "e319a2cd626b671ba7f7",
    "created_by_principal_domain_id" : "default",
    "modified_on" : {
      "timestamp" : "19-Nov-2021 17:36:30",
      "year" : 2021,
      "month" : 10,
      "day_of_month" : 19,
      "hour" : 17,
      "minute" : 36,
      "second" : 30,
      "millisecond" : 695,
      "ms" : 1637361390695,
      "iso_8601" : "2021-11-19T17:36:30-05:00"
    },
    "modified_by" : "admin",
    "modified_by_principal_id" : "e319a2cd626b671ba7f7",
    "modified_by_principal_domain_id" : "default",
    "edited_on" : {
      "timestamp" : "19-Nov-2021 17:36:30",
      "year" : 2021,
      "month" : 10,
      "day_of_month" : 19,
      "hour" : 17,
      "minute" : 36,
      "second" : 30,
      "millisecond" : 695,
      "ms" : 1637361390695,
      "iso_8601" : "2021-11-19T17:36:30-05:00"
    },
    "edited_by" : "admin",
    "edited_by_principal_id" : "e319a2cd626b671ba7f7",
    "edited_by_principal_domain_id" : "default"
  },
  "revision" : 3,
  "active" : true,
  "parents" : [ "2:0f651e2f613a7ddd7f52" ],
  "branch" : "187193302a18db2eb328"
}