{
  "_system" : {
    "deleted" : false,
    "changeset" : "3:9f6c22dd4d45de7468d8",
    "created_on" : {
      "timestamp" : "31-Aug-2022 15:26:01",
      "year" : 2022,
      "month" : 7,
      "day_of_month" : 31,
      "hour" : 15,
      "minute" : 26,
      "second" : 1,
      "millisecond" : 597,
      "ms" : 1661959561597,
      "iso_8601" : "2022-08-31T15:26:01Z"
    },
    "created_by" : "admin",
    "created_by_principal_id" : "2f873756d87a4ad1befc",
    "created_by_principal_domain_id" : "default",
    "modified_on" : {
      "timestamp" : "31-Aug-2022 15:26:01",
      "year" : 2022,
      "month" : 7,
      "day_of_month" : 31,
      "hour" : 15,
      "minute" : 26,
      "second" : 1,
      "millisecond" : 781,
      "ms" : 1661959561781,
      "iso_8601" : "2022-08-31T15:26:01Z"
    },
    "modified_by" : "admin",
    "modified_by_principal_id" : "2f873756d87a4ad1befc",
    "modified_by_principal_domain_id" : "default",
    "edited_on" : {
      "timestamp" : "31-Aug-2022 15:26:01",
      "year" : 2022,
      "month" : 7,
      "day_of_month" : 31,
      "hour" : 15,
      "minute" : 26,
      "second" : 1,
      "millisecond" : 781,
      "ms" : 1661959561781,
      "iso_8601" : "2022-08-31T15:26:01Z"
    },
    "edited_by" : "admin",
    "edited_by_principal_id" : "2f873756d87a4ad1befc",
    "rev" : 3,
    "branch" : "88810405bb84bac72aab",
    "_op" : "create",
    "edited_by_principal_domain_id" : "default",
    "attachments" : {
      "default" : {
        "contentType" : "image/png",
        "length" : 6080,
        "objectId" : "attachment_95698c3cd88e08736f4a_f3050e38ab256f94525c",
        "filename" : "default",
        "md5" : "251082514dfb599f6f0fcc83321f9c7"
      }
    }
  },
  "_doc" : "95698c3cd88e08736f4a",
  "_qname" : "o:95698c3cd88e08736f4a",
  "_type" : "n:node",
  "_features" : {
    "f:audit" : { },
    "f:titled" : { },
    "f:filename" : {
      "filename" : "logo.png"
    },
    "f:geolocation" : { },
    "f:indexable" : { }
  },
  "title" : "logo.png"
}