{
  "_features" : {
    "f:relator" : {
      "propertyHolder" : "source",
      "propertyPath" : "/author",
      "active" : true
    },
    "f:audit" : { },
    "f:indexable" : { }
  },
  "source" : "2e54d49f5ad546059251",
  "source_type" : "store:book",
  "target" : "3fbf894ca3e448ed8105",
  "target_type" : "store:author",
  "directionality" : "DIRECTED",
  "_system" : {
    "deleted" : false,
    "changeset" : "31:55a1a5bbdf524ec262f5",
    "created_on" : {
      "timestamp" : "17-Nov-2021 09:28:07",
      "year" : 2021,
      "month" : 10,
      "day_of_month" : 17,
      "hour" : 9,
      "minute" : 28,
      "second" : 7,
      "millisecond" : 310,
      "ms" : 1637159287310,
      "iso_8601" : "2021-11-17T09:28:07-05:00"
    },
    "created_by" : "admin",
    "created_by_principal_id" : "4dbc7eeadc99359ba687",
    "created_by_principal_domain_id" : "default",
    "modified_on" : {
      "timestamp" : "17-Nov-2021 09:28:07",
      "year" : 2021,
      "month" : 10,
      "day_of_month" : 17,
      "hour" : 9,
      "minute" : 28,
      "second" : 7,
      "millisecond" : 541,
      "ms" : 1637159287541,
      "iso_8601" : "2021-11-17T09:28:07-05:00"
    },
    "modified_by" : "admin",
    "modified_by_principal_id" : "4dbc7eeadc99359ba687",
    "modified_by_principal_domain_id" : "default",
    "edited_on" : {
      "timestamp" : "17-Nov-2021 09:28:07",
      "year" : 2021,
      "month" : 10,
      "day_of_month" : 17,
      "hour" : 9,
      "minute" : 28,
      "second" : 7,
      "millisecond" : 541,
      "ms" : 1637159287541,
      "iso_8601" : "2021-11-17T09:28:07-05:00"
    },
    "edited_by" : "admin",
    "edited_by_principal_id" : "4dbc7eeadc99359ba687",
    "edited_by_principal_domain_id" : "default",
    "rev" : 31,
    "branch" : "921fd3299d530ef02309",
    "_op" : "create"
  },
  "_doc" : "1513b8432d31051b1393",
  "_qname" : "o:1513b8432d31051b1393",
  "_type" : "store:authored-by"
}