{
  "projectId" : "793e15a97767b62dce29",
  "conditions" : [ {
    "type" : "and",
    "config" : {
      "conditions" : [ {
        "type" : "branch",
        "config" : {
          "id" : "3d4e3a21a7c02c55017c"
        }
      }, {
        "type" : "state",
        "config" : {
          "state" : "approved"
        }
      } ]
    }
  } ],
  "config" : {
    "strategyId" : "03029dd45778b5440582",
    "realtime" : false
  },
  "_system" : {
    "created_on" : {
      "timestamp" : "21-Jan-2021 16:22:36",
      "year" : 2021,
      "month" : 0,
      "day_of_month" : 21,
      "hour" : 16,
      "minute" : 22,
      "second" : 36,
      "millisecond" : 290,
      "ms" : 1611264156290,
      "iso_8601" : "2021-01-21T16:22:36-05:00"
    },
    "created_by" : "admin",
    "created_by_principal_id" : "8df8c30d1c2f95496937",
    "created_by_principal_domain_id" : "default",
    "modified_on" : {
      "timestamp" : "21-Jan-2021 16:22:36",
      "year" : 2021,
      "month" : 0,
      "day_of_month" : 21,
      "hour" : 16,
      "minute" : 22,
      "second" : 36,
      "millisecond" : 290,
      "ms" : 1611264156290,
      "iso_8601" : "2021-01-21T16:22:36-05:00"
    },
    "modified_by" : "admin",
    "modified_by_principal_id" : "8df8c30d1c2f95496937",
    "modified_by_principal_domain_id" : "default",
    "edited_on" : {
      "timestamp" : "21-Jan-2021 16:22:36",
      "year" : 2021,
      "month" : 0,
      "day_of_month" : 21,
      "hour" : 16,
      "minute" : 22,
      "second" : 36,
      "millisecond" : 290,
      "ms" : 1611264156290,
      "iso_8601" : "2021-01-21T16:22:36-05:00"
    },
    "edited_by" : "admin",
    "edited_by_principal_id" : "8df8c30d1c2f95496937",
    "edited_by_principal_domain_id" : "default"
  },
  "_doc" : "b29199a15e5ebb110640"
}