{
  "_doc" : "37:e6fb6dde9ab9e3e98a74",
  "_system" : {
    "created_on" : {
      "timestamp" : "19-Nov-2021 22:41:27",
      "year" : 2021,
      "month" : 10,
      "day_of_month" : 19,
      "hour" : 22,
      "minute" : 41,
      "second" : 27,
      "millisecond" : 748,
      "ms" : 1637379687748,
      "iso_8601" : "2021-11-19T22:41:27-05:00"
    },
    "created_by" : "admin",
    "created_by_principal_id" : "e319a2cd626b671ba7f7",
    "created_by_principal_domain_id" : "default",
    "modified_on" : {
      "timestamp" : "19-Nov-2021 22:41:27",
      "year" : 2021,
      "month" : 10,
      "day_of_month" : 19,
      "hour" : 22,
      "minute" : 41,
      "second" : 27,
      "millisecond" : 808,
      "ms" : 1637379687808,
      "iso_8601" : "2021-11-19T22:41:27-05:00"
    },
    "modified_by" : "admin",
    "modified_by_principal_id" : "e319a2cd626b671ba7f7",
    "modified_by_principal_domain_id" : "default",
    "edited_on" : {
      "timestamp" : "19-Nov-2021 22:41:27",
      "year" : 2021,
      "month" : 10,
      "day_of_month" : 19,
      "hour" : 22,
      "minute" : 41,
      "second" : 27,
      "millisecond" : 808,
      "ms" : 1637379687808,
      "iso_8601" : "2021-11-19T22:41:27-05:00"
    },
    "edited_by" : "admin",
    "edited_by_principal_id" : "e319a2cd626b671ba7f7",
    "edited_by_principal_domain_id" : "default"
  },
  "revision" : 37,
  "active" : true,
  "parents" : [ "36:34a7a6fb14c509f4d8ae" ],
  "branch" : "d13c41461bea0e1eaef1"
}