{
  "_doc" : "14:d615a90a89b92d15a350",
  "_system" : {
    "created_on" : {
      "timestamp" : "17-Nov-2021 09:27:59",
      "year" : 2021,
      "month" : 10,
      "day_of_month" : 17,
      "hour" : 9,
      "minute" : 27,
      "second" : 59,
      "millisecond" : 743,
      "ms" : 1637159279743,
      "iso_8601" : "2021-11-17T09:27:59-05:00"
    },
    "created_by" : "admin",
    "created_by_principal_id" : "4dbc7eeadc99359ba687",
    "created_by_principal_domain_id" : "default",
    "modified_on" : {
      "timestamp" : "17-Nov-2021 09:27:59",
      "year" : 2021,
      "month" : 10,
      "day_of_month" : 17,
      "hour" : 9,
      "minute" : 27,
      "second" : 59,
      "millisecond" : 831,
      "ms" : 1637159279831,
      "iso_8601" : "2021-11-17T09:27:59-05:00"
    },
    "modified_by" : "admin",
    "modified_by_principal_id" : "4dbc7eeadc99359ba687",
    "modified_by_principal_domain_id" : "default",
    "edited_on" : {
      "timestamp" : "17-Nov-2021 09:27:59",
      "year" : 2021,
      "month" : 10,
      "day_of_month" : 17,
      "hour" : 9,
      "minute" : 27,
      "second" : 59,
      "millisecond" : 831,
      "ms" : 1637159279831,
      "iso_8601" : "2021-11-17T09:27:59-05:00"
    },
    "edited_by" : "admin",
    "edited_by_principal_id" : "4dbc7eeadc99359ba687",
    "edited_by_principal_domain_id" : "default"
  },
  "revision" : 14,
  "active" : true,
  "parents" : [ "13:0d657a5fe99c191f3eae" ],
  "branch" : "921fd3299d530ef02309"
}