{
  "platformId" : "28b3e8dfea1ba2c05c57",
  "datastoreId" : "a3545c62812c69d5ec71",
  "datastoreTypeId" : "application",
  "enableAuditing" : false,
  "enableAuthorities" : true,
  "maxsize" : -1,
  "size" : 0,
  "objectcount" : 0,
  "_system" : {
    "created_on" : {
      "timestamp" : "28-Sep-2020 15:25:07",
      "year" : 2020,
      "month" : 8,
      "day_of_month" : 28,
      "hour" : 15,
      "minute" : 25,
      "second" : 7,
      "millisecond" : 464,
      "ms" : 1601306707464,
      "iso_8601" : "2020-09-28T15:25:07Z"
    },
    "created_by" : "admin",
    "created_by_principal_id" : "bb39303eba0c35a3d2da",
    "created_by_principal_domain_id" : "default",
    "modified_on" : {
      "timestamp" : "28-Sep-2020 15:25:40",
      "year" : 2020,
      "month" : 8,
      "day_of_month" : 28,
      "hour" : 15,
      "minute" : 25,
      "second" : 40,
      "millisecond" : 509,
      "ms" : 1601306740509,
      "iso_8601" : "2020-09-28T15:25:40Z"
    },
    "modified_by" : "admin",
    "modified_by_principal_id" : "bb39303eba0c35a3d2da",
    "modified_by_principal_domain_id" : "default",
    "edited_on" : {
      "timestamp" : "28-Sep-2020 15:25:40",
      "year" : 2020,
      "month" : 8,
      "day_of_month" : 28,
      "hour" : 15,
      "minute" : 25,
      "second" : 40,
      "millisecond" : 509,
      "ms" : 1601306740509,
      "iso_8601" : "2020-09-28T15:25:40Z"
    },
    "edited_by" : "admin",
    "edited_by_principal_id" : "bb39303eba0c35a3d2da",
    "edited_by_principal_domain_id" : "default"
  },
  "_doc" : "59c223bd20cb4c1acf91",
  "statisticsDate" : {
    "timestamp" : "01-Jan-1970 00:00:00",
    "year" : 1970,
    "month" : 0,
    "day_of_month" : 1,
    "hour" : 0,
    "minute" : 0,
    "second" : 0,
    "millisecond" : 1,
    "ms" : 1,
    "iso_8601" : "1970-01-01T00:00:00Z"
  },
  "statisticsDirty" : true,
  "title" : "Sample Web Application",
  "projectId" : "306ea1212729386e883f",
  "deployments" : {
    "default" : {
      "webhost" : "primary",
      "domain" : "cloudcms.net",
      "baseURL" : "https://api.cloudcms.com",
      "clientId" : "b1fcc70f388dc3051474",
      "authGrantId" : "41fc2ee79a5d8facfda1"
    }
  },
  "applicationType" : "web",
  "source" : {
    "type" : "github",
    "uri" : "https://github.com/gitana/sdk.git",
    "path" : "/sample-website"
  }
}