{
  "type" : "UPDATE",
  "timestamp" : {
    "timestamp" : "24-Aug-2022 16:10:13",
    "year" : 2022,
    "month" : 7,
    "day_of_month" : 24,
    "hour" : 16,
    "minute" : 10,
    "second" : 13,
    "millisecond" : 657,
    "ms" : 1661357413657,
    "iso_8601" : "2022-08-24T16:10:13Z"
  },
  "userDomainId" : "default",
  "userId" : "fda4fc3b0ff3e7838fbe",
  "userTitle" : "admin",
  "userName" : "admin",
  "objectDatastoreTypeId" : "platform",
  "objectDatastoreId" : "976d0d81e5ef6071f051",
  "objectDatastoreTitle" : "Root Platform",
  "objectId" : "f8b2464f47ce34b6b3f3",
  "objectTypeId" : "application",
  "objectTitle" : "Sample Web Application",
  "stackId" : "0a7fc8e20274200ad031",
  "projectId" : "bf7b27842892908c8ade",
  "projectTitle" : "Sample Project",
  "_system" : {
    "created_on" : {
      "timestamp" : "24-Aug-2022 16:10:13",
      "year" : 2022,
      "month" : 7,
      "day_of_month" : 24,
      "hour" : 16,
      "minute" : 10,
      "second" : 13,
      "millisecond" : 660,
      "ms" : 1661357413660,
      "iso_8601" : "2022-08-24T16:10:13Z"
    },
    "created_by" : "admin",
    "created_by_principal_id" : "fda4fc3b0ff3e7838fbe",
    "created_by_principal_domain_id" : "default",
    "modified_on" : {
      "timestamp" : "24-Aug-2022 16:10:13",
      "year" : 2022,
      "month" : 7,
      "day_of_month" : 24,
      "hour" : 16,
      "minute" : 10,
      "second" : 13,
      "millisecond" : 660,
      "ms" : 1661357413660,
      "iso_8601" : "2022-08-24T16:10:13Z"
    },
    "modified_by" : "admin",
    "modified_by_principal_id" : "fda4fc3b0ff3e7838fbe",
    "modified_by_principal_domain_id" : "default",
    "edited_on" : {
      "timestamp" : "24-Aug-2022 16:10:13",
      "year" : 2022,
      "month" : 7,
      "day_of_month" : 24,
      "hour" : 16,
      "minute" : 10,
      "second" : 13,
      "millisecond" : 660,
      "ms" : 1661357413660,
      "iso_8601" : "2022-08-24T16:10:13Z"
    },
    "edited_by" : "admin",
    "edited_by_principal_id" : "fda4fc3b0ff3e7838fbe",
    "edited_by_principal_domain_id" : "default"
  },
  "_doc" : "2f03bbbfdd4ab4a69bc8"
}