{
  "_doc" : "10:cdb756ee01abaa305621",
  "_system" : {
    "created_on" : {
      "timestamp" : "21-Jan-2021 16:22:30",
      "year" : 2021,
      "month" : 0,
      "day_of_month" : 21,
      "hour" : 16,
      "minute" : 22,
      "second" : 30,
      "millisecond" : 193,
      "ms" : 1611264150193,
      "iso_8601" : "2021-01-21T16:22:30-05:00"
    },
    "created_by" : "system",
    "created_by_principal_id" : "system",
    "created_by_principal_domain_id" : null,
    "modified_on" : {
      "timestamp" : "21-Jan-2021 16:22:30",
      "year" : 2021,
      "month" : 0,
      "day_of_month" : 21,
      "hour" : 16,
      "minute" : 22,
      "second" : 30,
      "millisecond" : 832,
      "ms" : 1611264150832,
      "iso_8601" : "2021-01-21T16:22:30-05:00"
    },
    "modified_by" : "system",
    "modified_by_principal_id" : "system",
    "modified_by_principal_domain_id" : null,
    "edited_on" : {
      "timestamp" : "21-Jan-2021 16:22:30",
      "year" : 2021,
      "month" : 0,
      "day_of_month" : 21,
      "hour" : 16,
      "minute" : 22,
      "second" : 30,
      "millisecond" : 193,
      "ms" : 1611264150193,
      "iso_8601" : "2021-01-21T16:22:30-05:00"
    },
    "edited_by" : "system",
    "edited_by_principal_id" : "system",
    "edited_by_principal_domain_id" : null
  },
  "revision" : 10,
  "active" : true,
  "parents" : [ "9:8428e1f2e5072f3dbdfa" ],
  "branch" : "3d4e3a21a7c02c55017c"
}