{
  "_system" : {
    "deleted" : false,
    "changeset" : "52:abbb05b1770cce7e75a6",
    "created_on" : {
      "timestamp" : "14-Feb-2019 15:33:05",
      "year" : 2019,
      "month" : 1,
      "day_of_month" : 14,
      "hour" : 15,
      "minute" : 33,
      "second" : 5,
      "millisecond" : 111,
      "ms" : 1550158385111,
      "iso_8601" : "2019-02-14T15:33:05Z"
    },
    "created_by" : "admin",
    "created_by_principal_id" : "5bab281f1cb2047f12ba",
    "created_by_principal_domain_id" : "default",
    "modified_on" : {
      "timestamp" : "14-Feb-2019 15:33:05",
      "year" : 2019,
      "month" : 1,
      "day_of_month" : 14,
      "hour" : 15,
      "minute" : 33,
      "second" : 5,
      "millisecond" : 153,
      "ms" : 1550158385153,
      "iso_8601" : "2019-02-14T15:33:05Z"
    },
    "modified_by" : "admin",
    "modified_by_principal_id" : "5bab281f1cb2047f12ba",
    "modified_by_principal_domain_id" : "default",
    "edited_on" : {
      "timestamp" : "14-Feb-2019 15:33:05",
      "year" : 2019,
      "month" : 1,
      "day_of_month" : 14,
      "hour" : 15,
      "minute" : 33,
      "second" : 5,
      "millisecond" : 153,
      "ms" : 1550158385153,
      "iso_8601" : "2019-02-14T15:33:05Z"
    },
    "edited_by" : "admin",
    "edited_by_principal_id" : "5bab281f1cb2047f12ba",
    "edited_by_principal_domain_id" : "default"
  },
  "_doc" : "5f27ff0df2bbb175c276",
  "_qname" : "o:5f27ff0df2bbb175c276",
  "_type" : "a:has_role",
  "directionality" : "DIRECTED",
  "_features" : {
    "f:audit" : { },
    "f:indexable" : { }
  },
  "source_type" : "n:person",
  "source" : "fb528b3cc0f4915e1ab5",
  "target_type" : "n:form",
  "target" : "09f7c3b332797f2750c1",
  "role-key" : "owner"
}