{
  "_doc" : "9:8428e1f2e5072f3dbdfa",
  "_system" : {
    "created_on" : {
      "timestamp" : "21-Jan-2021 16:22:25",
      "year" : 2021,
      "month" : 0,
      "day_of_month" : 21,
      "hour" : 16,
      "minute" : 22,
      "second" : 25,
      "millisecond" : 739,
      "ms" : 1611264145739,
      "iso_8601" : "2021-01-21T16:22:25-05:00"
    },
    "created_by" : "system",
    "created_by_principal_id" : "system",
    "created_by_principal_domain_id" : null,
    "modified_on" : {
      "timestamp" : "21-Jan-2021 16:22:27",
      "year" : 2021,
      "month" : 0,
      "day_of_month" : 21,
      "hour" : 16,
      "minute" : 22,
      "second" : 27,
      "millisecond" : 967,
      "ms" : 1611264147967,
      "iso_8601" : "2021-01-21T16:22:27-05:00"
    },
    "modified_by" : "system",
    "modified_by_principal_id" : "system",
    "modified_by_principal_domain_id" : null,
    "edited_on" : {
      "timestamp" : "21-Jan-2021 16:22:25",
      "year" : 2021,
      "month" : 0,
      "day_of_month" : 21,
      "hour" : 16,
      "minute" : 22,
      "second" : 25,
      "millisecond" : 739,
      "ms" : 1611264145739,
      "iso_8601" : "2021-01-21T16:22:25-05:00"
    },
    "edited_by" : "system",
    "edited_by_principal_id" : "system",
    "edited_by_principal_domain_id" : null
  },
  "revision" : 9,
  "active" : true,
  "parents" : [ "8:b51f6d3780611ba033b7" ],
  "branch" : "3d4e3a21a7c02c55017c"
}