{
  "_doc" : "12:f14c40108ed1b7697e04",
  "_system" : {
    "created_on" : {
      "timestamp" : "20-Oct-2021 09:34:17",
      "year" : 2021,
      "month" : 9,
      "day_of_month" : 20,
      "hour" : 9,
      "minute" : 34,
      "second" : 17,
      "millisecond" : 38,
      "ms" : 1634736857038,
      "iso_8601" : "2021-10-20T09:34:17-04:00"
    },
    "created_by" : "admin",
    "created_by_principal_id" : "2a7c6669601b1ba4c958",
    "created_by_principal_domain_id" : "default",
    "modified_on" : {
      "timestamp" : "20-Oct-2021 09:34:17",
      "year" : 2021,
      "month" : 9,
      "day_of_month" : 20,
      "hour" : 9,
      "minute" : 34,
      "second" : 17,
      "millisecond" : 66,
      "ms" : 1634736857066,
      "iso_8601" : "2021-10-20T09:34:17-04:00"
    },
    "modified_by" : "admin",
    "modified_by_principal_id" : "2a7c6669601b1ba4c958",
    "modified_by_principal_domain_id" : "default",
    "edited_on" : {
      "timestamp" : "20-Oct-2021 09:34:17",
      "year" : 2021,
      "month" : 9,
      "day_of_month" : 20,
      "hour" : 9,
      "minute" : 34,
      "second" : 17,
      "millisecond" : 66,
      "ms" : 1634736857066,
      "iso_8601" : "2021-10-20T09:34:17-04:00"
    },
    "edited_by" : "admin",
    "edited_by_principal_id" : "2a7c6669601b1ba4c958",
    "edited_by_principal_domain_id" : "default"
  },
  "revision" : 12,
  "active" : true,
  "parents" : [ "11:12c9a68feb3769db4174" ],
  "branch" : "1ad06a3e9160fdc88c85"
}