{
  "_doc" : "134:3225f2ea981922cc71a5",
  "_system" : {
    "created_on" : {
      "timestamp" : "14-Feb-2019 15:33:34",
      "year" : 2019,
      "month" : 1,
      "day_of_month" : 14,
      "hour" : 15,
      "minute" : 33,
      "second" : 34,
      "millisecond" : 517,
      "ms" : 1550158414517,
      "iso_8601" : "2019-02-14T15:33:34Z"
    },
    "created_by" : "admin",
    "created_by_principal_id" : "5bab281f1cb2047f12ba",
    "created_by_principal_domain_id" : "default",
    "modified_on" : {
      "timestamp" : "14-Feb-2019 15:33:34",
      "year" : 2019,
      "month" : 1,
      "day_of_month" : 14,
      "hour" : 15,
      "minute" : 33,
      "second" : 34,
      "millisecond" : 697,
      "ms" : 1550158414697,
      "iso_8601" : "2019-02-14T15:33:34Z"
    },
    "modified_by" : "admin",
    "modified_by_principal_id" : "5bab281f1cb2047f12ba",
    "modified_by_principal_domain_id" : "default",
    "edited_on" : {
      "timestamp" : "14-Feb-2019 15:33:34",
      "year" : 2019,
      "month" : 1,
      "day_of_month" : 14,
      "hour" : 15,
      "minute" : 33,
      "second" : 34,
      "millisecond" : 697,
      "ms" : 1550158414697,
      "iso_8601" : "2019-02-14T15:33:34Z"
    },
    "edited_by" : "admin",
    "edited_by_principal_id" : "5bab281f1cb2047f12ba",
    "edited_by_principal_domain_id" : "default"
  },
  "revision" : 134,
  "active" : true,
  "parents" : [ "133:50cb2e427bc1dd0ac407" ],
  "branch" : "4a11b3490f5cf2a8a2b7"
}