{
  "_doc" : "83:cbceda20850ccf7a2430",
  "_system" : {
    "created_on" : {
      "timestamp" : "14-Feb-2019 15:33:14",
      "year" : 2019,
      "month" : 1,
      "day_of_month" : 14,
      "hour" : 15,
      "minute" : 33,
      "second" : 14,
      "millisecond" : 904,
      "ms" : 1550158394904,
      "iso_8601" : "2019-02-14T15:33:14Z"
    },
    "created_by" : "admin",
    "created_by_principal_id" : "5bab281f1cb2047f12ba",
    "created_by_principal_domain_id" : "default",
    "modified_on" : {
      "timestamp" : "14-Feb-2019 15:33:15",
      "year" : 2019,
      "month" : 1,
      "day_of_month" : 14,
      "hour" : 15,
      "minute" : 33,
      "second" : 15,
      "millisecond" : 17,
      "ms" : 1550158395017,
      "iso_8601" : "2019-02-14T15:33:15Z"
    },
    "modified_by" : "admin",
    "modified_by_principal_id" : "5bab281f1cb2047f12ba",
    "modified_by_principal_domain_id" : "default",
    "edited_on" : {
      "timestamp" : "14-Feb-2019 15:33:15",
      "year" : 2019,
      "month" : 1,
      "day_of_month" : 14,
      "hour" : 15,
      "minute" : 33,
      "second" : 15,
      "millisecond" : 17,
      "ms" : 1550158395017,
      "iso_8601" : "2019-02-14T15:33:15Z"
    },
    "edited_by" : "admin",
    "edited_by_principal_id" : "5bab281f1cb2047f12ba",
    "edited_by_principal_domain_id" : "default"
  },
  "revision" : 83,
  "active" : true,
  "parents" : [ "82:84bb024c012d0d508f95" ],
  "branch" : "4a11b3490f5cf2a8a2b7"
}