{
  "ownerRegistrarId" : "0baff3ee82ca212fce1e",
  "ownerTenantId" : "f076074615376beee5fb",
  "datastoreId" : "4f1b3d609f298befd197",
  "datastoreTypeId" : "platform",
  "enableAuditing" : false,
  "enableAuthorities" : true,
  "maxsize" : -1,
  "size" : 0,
  "objectcount" : 0,
  "_system" : {
    "created_on" : {
      "timestamp" : "30-Nov-2018 12:48:17",
      "year" : 2018,
      "month" : 10,
      "day_of_month" : 30,
      "hour" : 12,
      "minute" : 48,
      "second" : 17,
      "millisecond" : 511,
      "ms" : 1543600097511,
      "iso_8601" : "2018-11-30T12:48:17-05:00"
    },
    "created_by" : "system",
    "created_by_principal_id" : "system",
    "created_by_principal_domain_id" : null,
    "modified_on" : {
      "timestamp" : "30-Nov-2018 13:12:47",
      "year" : 2018,
      "month" : 10,
      "day_of_month" : 30,
      "hour" : 13,
      "minute" : 12,
      "second" : 47,
      "millisecond" : 907,
      "ms" : 1543601567907,
      "iso_8601" : "2018-11-30T13:12:47-05:00"
    },
    "modified_by" : "admin",
    "modified_by_principal_id" : "b21109a86c218d02306f",
    "modified_by_principal_domain_id" : "default",
    "edited_on" : {
      "timestamp" : "30-Nov-2018 13:12:47",
      "year" : 2018,
      "month" : 10,
      "day_of_month" : 30,
      "hour" : 13,
      "minute" : 12,
      "second" : 47,
      "millisecond" : 907,
      "ms" : 1543601567907,
      "iso_8601" : "2018-11-30T13:12:47-05:00"
    },
    "edited_by" : "admin",
    "edited_by_principal_id" : "b21109a86c218d02306f",
    "edited_by_principal_domain_id" : "default"
  },
  "_doc" : "93c31a91cae95dbbe3e8",
  "statisticsDate" : {
    "timestamp" : "31-Dec-1969 19:00:00",
    "year" : 1969,
    "month" : 11,
    "day_of_month" : 31,
    "hour" : 19,
    "minute" : 0,
    "second" : 0,
    "millisecond" : 1,
    "ms" : 1,
    "iso_8601" : "1969-12-31T19:00:00-05:00"
  },
  "statisticsDirty" : true,
  "antivirusEnabled" : false,
  "sessionTimeout" : 3600000,
  "authenticationMaxAttempts" : 3,
  "authenticationResetTimeout" : 900000
}