{
  "teamableObjectTypeId" : "stack",
  "teamableObjectId" : "f2ffa990c303089e5bd5",
  "key" : "project-managers-team",
  "groupId" : "96b088b0bf71bebc65f9",
  "groupDomainId" : "517f3cccd310dd6b487b",
  "roleKeys" : [ ],
  "title" : "Project Managers",
  "description" : "Project Managers Team",
  "_system" : {
    "created_on" : {
      "timestamp" : "07-Mar-2023 09:39:15",
      "year" : 2023,
      "month" : 2,
      "day_of_month" : 7,
      "hour" : 9,
      "minute" : 39,
      "second" : 15,
      "millisecond" : 229,
      "ms" : 1678199955229,
      "iso_8601" : "2023-03-07T09:39:15-05:00"
    },
    "created_by" : "admin",
    "created_by_principal_id" : "046cf0d415feaf45bcf2",
    "created_by_principal_domain_id" : "default",
    "modified_on" : {
      "timestamp" : "07-Mar-2023 09:39:15",
      "year" : 2023,
      "month" : 2,
      "day_of_month" : 7,
      "hour" : 9,
      "minute" : 39,
      "second" : 15,
      "millisecond" : 229,
      "ms" : 1678199955229,
      "iso_8601" : "2023-03-07T09:39:15-05:00"
    },
    "modified_by" : "admin",
    "modified_by_principal_id" : "046cf0d415feaf45bcf2",
    "modified_by_principal_domain_id" : "default",
    "edited_on" : {
      "timestamp" : "07-Mar-2023 09:39:15",
      "year" : 2023,
      "month" : 2,
      "day_of_month" : 7,
      "hour" : 9,
      "minute" : 39,
      "second" : 15,
      "millisecond" : 229,
      "ms" : 1678199955229,
      "iso_8601" : "2023-03-07T09:39:15-05:00"
    },
    "edited_by" : "admin",
    "edited_by_principal_id" : "046cf0d415feaf45bcf2",
    "edited_by_principal_domain_id" : "default"
  },
  "_doc" : "5d715a7833dda652efe8"
}