{
  "_doc" : "3:c484b1100c437fb054f5",
  "_system" : {
    "created_on" : {
      "timestamp" : "05-Aug-2021 15:36:47",
      "year" : 2021,
      "month" : 7,
      "day_of_month" : 5,
      "hour" : 15,
      "minute" : 36,
      "second" : 47,
      "millisecond" : 715,
      "ms" : 1628177807715,
      "iso_8601" : "2021-08-05T15:36:47Z"
    },
    "created_by" : "admin",
    "created_by_principal_id" : "b3236127dacc03f40cd9",
    "created_by_principal_domain_id" : "default",
    "modified_on" : {
      "timestamp" : "05-Aug-2021 15:36:48",
      "year" : 2021,
      "month" : 7,
      "day_of_month" : 5,
      "hour" : 15,
      "minute" : 36,
      "second" : 48,
      "millisecond" : 507,
      "ms" : 1628177808507,
      "iso_8601" : "2021-08-05T15:36:48Z"
    },
    "modified_by" : "admin",
    "modified_by_principal_id" : "b3236127dacc03f40cd9",
    "modified_by_principal_domain_id" : "default",
    "edited_on" : {
      "timestamp" : "05-Aug-2021 15:36:48",
      "year" : 2021,
      "month" : 7,
      "day_of_month" : 5,
      "hour" : 15,
      "minute" : 36,
      "second" : 48,
      "millisecond" : 507,
      "ms" : 1628177808507,
      "iso_8601" : "2021-08-05T15:36:48Z"
    },
    "edited_by" : "admin",
    "edited_by_principal_id" : "b3236127dacc03f40cd9",
    "edited_by_principal_domain_id" : "default"
  },
  "revision" : 3,
  "active" : true,
  "parents" : [ "2:435fa411a4a815d883fe" ],
  "branch" : "23fafbfbb544c803da8d"
}