{
  "tag" : "elizabeth",
  "title" : "elizabeth",
  "_system" : {
    "deleted" : false,
    "changeset" : "11:c03014cef749137c9232",
    "created_on" : {
      "timestamp" : "05-Aug-2021 15:37:11",
      "year" : 2021,
      "month" : 7,
      "day_of_month" : 5,
      "hour" : 15,
      "minute" : 37,
      "second" : 11,
      "millisecond" : 518,
      "ms" : 1628177831518,
      "iso_8601" : "2021-08-05T15:37:11Z"
    },
    "created_by" : "system",
    "created_by_principal_id" : "system",
    "modified_on" : {
      "timestamp" : "05-Aug-2021 15:37:11",
      "year" : 2021,
      "month" : 7,
      "day_of_month" : 5,
      "hour" : 15,
      "minute" : 37,
      "second" : 11,
      "millisecond" : 582,
      "ms" : 1628177831582,
      "iso_8601" : "2021-08-05T15:37:11Z"
    },
    "modified_by" : "system",
    "modified_by_principal_id" : "system",
    "edited_on" : {
      "timestamp" : "05-Aug-2021 15:37:11",
      "year" : 2021,
      "month" : 7,
      "day_of_month" : 5,
      "hour" : 15,
      "minute" : 37,
      "second" : 11,
      "millisecond" : 518,
      "ms" : 1628177831518,
      "iso_8601" : "2021-08-05T15:37:11Z"
    },
    "edited_by" : "system",
    "edited_by_principal_id" : "system",
    "rev" : 11,
    "branch" : "23fafbfbb544c803da8d",
    "_op" : "create"
  },
  "_doc" : "843d90a825fd8ae8dd4a",
  "_qname" : "o:843d90a825fd8ae8dd4a",
  "_type" : "n:tag",
  "_features" : {
    "f:audit" : { },
    "f:titled" : { },
    "f:filename" : {
      "filename" : "elizabeth"
    },
    "f:geolocation" : { },
    "f:indexable" : { }
  }
}