{
  "principalDomainId" : "b1e084f3c95733e7f332",
  "principalId" : "6773f1d18ad7f515779e",
  "clientId" : "37646a23-dc98-44e8-a9a0-44440b69bc7a",
  "key" : "3ca01bf9-9a78-4b36-8a9d-bdd25ba4f5a1",
  "secret" : "8pyYEY+MR/dN88R+6uo2RocyLMnwA8e1yyYDZkTjHOjzfOa7jPqHTr+TZb/bup6+VxWdgMyjh4nl14t+UjqvhLRhti8BoC2d80Z5hipRHB8=",
  "enabled" : true,
  "_system" : {
    "created_on" : {
      "timestamp" : "20-Oct-2021 09:44:11",
      "year" : 2021,
      "month" : 9,
      "day_of_month" : 20,
      "hour" : 9,
      "minute" : 44,
      "second" : 11,
      "millisecond" : 103,
      "ms" : 1634737451103,
      "iso_8601" : "2021-10-20T09:44:11-04:00"
    },
    "created_by" : "admin",
    "created_by_principal_id" : "2a7c6669601b1ba4c958",
    "created_by_principal_domain_id" : "default",
    "modified_on" : {
      "timestamp" : "20-Oct-2021 09:44:11",
      "year" : 2021,
      "month" : 9,
      "day_of_month" : 20,
      "hour" : 9,
      "minute" : 44,
      "second" : 11,
      "millisecond" : 112,
      "ms" : 1634737451112,
      "iso_8601" : "2021-10-20T09:44:11-04:00"
    },
    "modified_by" : "admin",
    "modified_by_principal_id" : "2a7c6669601b1ba4c958",
    "modified_by_principal_domain_id" : "default",
    "edited_on" : {
      "timestamp" : "20-Oct-2021 09:44:11",
      "year" : 2021,
      "month" : 9,
      "day_of_month" : 20,
      "hour" : 9,
      "minute" : 44,
      "second" : 11,
      "millisecond" : 112,
      "ms" : 1634737451112,
      "iso_8601" : "2021-10-20T09:44:11-04:00"
    },
    "edited_by" : "admin",
    "edited_by_principal_id" : "2a7c6669601b1ba4c958",
    "edited_by_principal_domain_id" : "default"
  },
  "_doc" : "ac2ef7bd6c57acef9cec",
  "applicationId" : "9b7a5f6b17badd79d018",
  "applicationDeploymentManaged" : true
}