{
  "_doc" : "41:82ccf68ebc0eda0c80c6",
  "_system" : {
    "created_on" : {
      "timestamp" : "05-Aug-2021 15:37:17",
      "year" : 2021,
      "month" : 7,
      "day_of_month" : 5,
      "hour" : 15,
      "minute" : 37,
      "second" : 17,
      "millisecond" : 484,
      "ms" : 1628177837484,
      "iso_8601" : "2021-08-05T15:37:17Z"
    },
    "created_by" : "system",
    "created_by_principal_id" : "system",
    "created_by_principal_domain_id" : null,
    "modified_on" : {
      "timestamp" : "05-Aug-2021 15:37:17",
      "year" : 2021,
      "month" : 7,
      "day_of_month" : 5,
      "hour" : 15,
      "minute" : 37,
      "second" : 17,
      "millisecond" : 588,
      "ms" : 1628177837588,
      "iso_8601" : "2021-08-05T15:37:17Z"
    },
    "modified_by" : "system",
    "modified_by_principal_id" : "system",
    "modified_by_principal_domain_id" : null,
    "edited_on" : {
      "timestamp" : "05-Aug-2021 15:37:17",
      "year" : 2021,
      "month" : 7,
      "day_of_month" : 5,
      "hour" : 15,
      "minute" : 37,
      "second" : 17,
      "millisecond" : 484,
      "ms" : 1628177837484,
      "iso_8601" : "2021-08-05T15:37:17Z"
    },
    "edited_by" : "system",
    "edited_by_principal_id" : "system",
    "edited_by_principal_domain_id" : null
  },
  "revision" : 41,
  "active" : true,
  "parents" : [ "40:dc4f2790eeb71cd1978f" ],
  "branch" : "23fafbfbb544c803da8d"
}