{
  "_type" : "catalog:product",
  "title" : "Vanilla Magic",
  "sku" : "Vanilla Magic SKU",
  "headline" : "Baaheautiful Sheep Cupcake",
  "summary" : "Have you any wool? No sir, no sir, just pound cake with mini marshmallows and a Milano cookie head. The black sheep’s color comes from a tasty dusting of cocoa powder.",
  "body" : "A perfect gift for somebody that loves sheep. These cupcakes are made from a vanilla sponge with a layer of strawberry jam topped with a disc of white fondant icing and decorated with grassy green and some fluffy looking sheep, with a sprinkle of magic dust. The cupcakes are beautifully gift wrapped in a Kraft box tied with ribbon and a personal handwritten gift tag, the message for this tag will be specified at the checkout. Each cupcake is handmade and approximately 6cm across and 3.5cm deep, the weight of 12 cupcakes packaged in the box is approximately 900 grams.",
  "price" : 2.49,
  "categories" : [ "holidays", "birthdays" ],
  "_doc" : "fa7dab9030721cb42e95",
  "_system" : {
    "deleted" : false,
    "changeset" : "64:635d3428803ab02e9d17",
    "created_on" : {
      "timestamp" : "14-Feb-2019 15:33:02",
      "year" : 2019,
      "month" : 1,
      "day_of_month" : 14,
      "hour" : 15,
      "minute" : 33,
      "second" : 2,
      "millisecond" : 441,
      "ms" : 1550158382441,
      "iso_8601" : "2019-02-14T15:33:02Z"
    },
    "created_by" : "admin",
    "created_by_principal_id" : "5bab281f1cb2047f12ba",
    "created_by_principal_domain_id" : "default",
    "modified_on" : {
      "timestamp" : "14-Feb-2019 15:33:08",
      "year" : 2019,
      "month" : 1,
      "day_of_month" : 14,
      "hour" : 15,
      "minute" : 33,
      "second" : 8,
      "millisecond" : 413,
      "ms" : 1550158388413,
      "iso_8601" : "2019-02-14T15:33:08Z"
    },
    "modified_by" : "admin",
    "modified_by_principal_id" : "5bab281f1cb2047f12ba",
    "modified_by_principal_domain_id" : "default",
    "edited_on" : {
      "timestamp" : "14-Feb-2019 15:33:08",
      "year" : 2019,
      "month" : 1,
      "day_of_month" : 14,
      "hour" : 15,
      "minute" : 33,
      "second" : 8,
      "millisecond" : 413,
      "ms" : 1550158388413,
      "iso_8601" : "2019-02-14T15:33:08Z"
    },
    "edited_by" : "admin",
    "edited_by_principal_id" : "5bab281f1cb2047f12ba",
    "edited_by_principal_domain_id" : "default",
    "previousChangeset" : "38:40fc32621b06ff828b02",
    "attachments" : {
      "default" : {
        "contentType" : "image/jpeg",
        "length" : 35135,
        "objectId" : "attachment_fa7dab9030721cb42e95_7e15ada4b2165ca18fc8",
        "filename" : "default"
      }
    }
  },
  "_qname" : "o:fa7dab9030721cb42e95",
  "_features" : {
    "f:audit" : { },
    "f:titled" : { },
    "f:filename" : {
      "filename" : "Vanilla_Magic"
    },
    "f:geolocation" : { },
    "f:indexable" : { }
  },
  "_statistics" : {
    "a:has_role" : 3,
    "a:has_role_INCOMING" : 3,
    "a:child" : 1,
    "a:child_INCOMING" : 1,
    "ratingTotalCount" : 1,
    "ratingTotalValue" : 1,
    "ratingAverageValue" : 1.0,
    "catalog:product-has-review" : 1,
    "catalog:product-has-review_OUTGOING" : 1
  }
}