{
  "_doc" : "821c40ab613d9b5bcbbc656b6222932d",
  "_qname" : "n:comment",
  "_type" : "d:type",
  "_parent" : "n:node",
  "type" : "object",
  "title" : "Comment",
  "description" : "A comment with a title, description and rating",
  "properties" : {
    "rating" : {
      "title" : "Rating",
      "description" : "Rating",
      "type" : "number",
      "default" : 0,
      "required" : false
    }
  },
  "systemBootstrapped" : true,
  "_system" : {
    "deleted" : false,
    "changeset" : "0:root",
    "created_on" : {
      "timestamp" : "14-Feb-2019 15:32:41",
      "year" : 2019,
      "month" : 1,
      "day_of_month" : 14,
      "hour" : 15,
      "minute" : 32,
      "second" : 41,
      "millisecond" : 910,
      "ms" : 1550158361910,
      "iso_8601" : "2019-02-14T15:32:41Z"
    },
    "created_by" : "admin",
    "created_by_principal_id" : "5bab281f1cb2047f12ba",
    "created_by_principal_domain_id" : "default",
    "modified_on" : {
      "timestamp" : "14-Feb-2019 15:32:42",
      "year" : 2019,
      "month" : 1,
      "day_of_month" : 14,
      "hour" : 15,
      "minute" : 32,
      "second" : 42,
      "millisecond" : 100,
      "ms" : 1550158362100,
      "iso_8601" : "2019-02-14T15:32:42Z"
    },
    "modified_by" : "admin",
    "modified_by_principal_id" : "5bab281f1cb2047f12ba",
    "modified_by_principal_domain_id" : "default",
    "edited_on" : {
      "timestamp" : "14-Feb-2019 15:32:42",
      "year" : 2019,
      "month" : 1,
      "day_of_month" : 14,
      "hour" : 15,
      "minute" : 32,
      "second" : 42,
      "millisecond" : 100,
      "ms" : 1550158362100,
      "iso_8601" : "2019-02-14T15:32:42Z"
    },
    "edited_by" : "admin",
    "edited_by_principal_id" : "5bab281f1cb2047f12ba",
    "edited_by_principal_domain_id" : "default"
  }
}