{
  "teamableObjectTypeId" : "stack",
  "teamableObjectId" : "b48d74fbf1ea77e17591",
  "key" : "appusers-a341d52a32e3044a9d17",
  "groupId" : "95f97a872e29a72cc8f8",
  "groupDomainId" : "1e3c2c7d803c1f966f71",
  "roleKeys" : [ "collaborator" ],
  "title" : "Application Users for Application: a341d52a32e3044a9d17",
  "description" : "",
  "_system" : {
    "created_on" : {
      "timestamp" : "05-Aug-2021 15:36:52",
      "year" : 2021,
      "month" : 7,
      "day_of_month" : 5,
      "hour" : 15,
      "minute" : 36,
      "second" : 52,
      "millisecond" : 522,
      "ms" : 1628177812522,
      "iso_8601" : "2021-08-05T15:36:52Z"
    },
    "created_by" : "admin",
    "created_by_principal_id" : "b3236127dacc03f40cd9",
    "created_by_principal_domain_id" : "default",
    "modified_on" : {
      "timestamp" : "05-Aug-2021 15:36:52",
      "year" : 2021,
      "month" : 7,
      "day_of_month" : 5,
      "hour" : 15,
      "minute" : 36,
      "second" : 52,
      "millisecond" : 549,
      "ms" : 1628177812549,
      "iso_8601" : "2021-08-05T15:36:52Z"
    },
    "modified_by" : "admin",
    "modified_by_principal_id" : "b3236127dacc03f40cd9",
    "modified_by_principal_domain_id" : "default",
    "edited_on" : {
      "timestamp" : "05-Aug-2021 15:36:52",
      "year" : 2021,
      "month" : 7,
      "day_of_month" : 5,
      "hour" : 15,
      "minute" : 36,
      "second" : 52,
      "millisecond" : 549,
      "ms" : 1628177812549,
      "iso_8601" : "2021-08-05T15:36:52Z"
    },
    "edited_by" : "admin",
    "edited_by_principal_id" : "b3236127dacc03f40cd9",
    "edited_by_principal_domain_id" : "default"
  },
  "_doc" : "084e1c26c83cee254adf"
}