{
  "title" : "Add Auto Analyze Text Feature to children of this folder",
  "_system" : {
    "deleted" : false,
    "changeset" : "25:2a02968445fd8a992221",
    "created_on" : {
      "timestamp" : "07-Mar-2023 09:39:23",
      "year" : 2023,
      "month" : 2,
      "day_of_month" : 7,
      "hour" : 9,
      "minute" : 39,
      "second" : 23,
      "millisecond" : 81,
      "ms" : 1678199963081,
      "iso_8601" : "2023-03-07T09:39:23-05:00"
    },
    "created_by" : "admin",
    "created_by_principal_id" : "046cf0d415feaf45bcf2",
    "created_by_principal_domain_id" : "default",
    "modified_on" : {
      "timestamp" : "07-Mar-2023 09:39:23",
      "year" : 2023,
      "month" : 2,
      "day_of_month" : 7,
      "hour" : 9,
      "minute" : 39,
      "second" : 23,
      "millisecond" : 154,
      "ms" : 1678199963154,
      "iso_8601" : "2023-03-07T09:39:23-05:00"
    },
    "modified_by" : "admin",
    "modified_by_principal_id" : "046cf0d415feaf45bcf2",
    "modified_by_principal_domain_id" : "default",
    "edited_on" : {
      "timestamp" : "07-Mar-2023 09:39:23",
      "year" : 2023,
      "month" : 2,
      "day_of_month" : 7,
      "hour" : 9,
      "minute" : 39,
      "second" : 23,
      "millisecond" : 154,
      "ms" : 1678199963154,
      "iso_8601" : "2023-03-07T09:39:23-05:00"
    },
    "edited_by" : "admin",
    "edited_by_principal_id" : "046cf0d415feaf45bcf2",
    "rev" : 25,
    "branch" : "660838eae4eeba015a76",
    "_op" : "update",
    "previousChangeset" : "23:73bc6cfba4da6f3d9456",
    "edited_by_principal_domain_id" : "default"
  },
  "_doc" : "21800e9663db905e1a60",
  "_qname" : "o:21800e9663db905e1a60",
  "_type" : "n:rule",
  "_features" : {
    "f:behavior" : { },
    "f:audit" : { },
    "f:titled" : { },
    "f:filename" : {
      "filename" : "Add+Auto+Analyze+Text+Feature+to+children+of+this+folder"
    },
    "f:geolocation" : { },
    "f:indexable" : { },
    "f:auto-analyze-text" : { }
  },
  "actions" : [ {
    "type" : "addFeature",
    "config" : {
      "qname" : "f:auto-analyze-text",
      "config" : { }
    }
  } ]
}