{
  "_system" : {
    "created_on" : {
      "timestamp" : "26-Nov-2021 22:42:29",
      "year" : 2021,
      "month" : 10,
      "day_of_month" : 26,
      "hour" : 22,
      "minute" : 42,
      "second" : 29,
      "millisecond" : 927,
      "ms" : 1637984549927,
      "iso_8601" : "2021-11-26T22:42:29-05:00"
    },
    "created_by" : "admin",
    "created_by_principal_id" : "5bef34d1ea45b9e98ee7",
    "created_by_principal_domain_id" : "default",
    "modified_on" : {
      "timestamp" : "26-Nov-2021 22:43:00",
      "year" : 2021,
      "month" : 10,
      "day_of_month" : 26,
      "hour" : 22,
      "minute" : 43,
      "second" : 0,
      "millisecond" : 391,
      "ms" : 1637984580391,
      "iso_8601" : "2021-11-26T22:43:00-05:00"
    },
    "modified_by" : "admin",
    "modified_by_principal_id" : "5bef34d1ea45b9e98ee7",
    "modified_by_principal_domain_id" : "default",
    "edited_on" : {
      "timestamp" : "26-Nov-2021 22:43:00",
      "year" : 2021,
      "month" : 10,
      "day_of_month" : 26,
      "hour" : 22,
      "minute" : 43,
      "second" : 0,
      "millisecond" : 391,
      "ms" : 1637984580391,
      "iso_8601" : "2021-11-26T22:43:00-05:00"
    },
    "edited_by" : "admin",
    "edited_by_principal_id" : "5bef34d1ea45b9e98ee7",
    "edited_by_principal_domain_id" : "default"
  },
  "_doc" : "a2ef58c9a6f55b19411a",
  "title" : "Sample Project Stack"
}