{
  "_system" : {
    "deleted" : false,
    "changeset" : "75:f7180271f8a165be6acc",
    "created_on" : {
      "timestamp" : "14-Feb-2019 15:33:13",
      "year" : 2019,
      "month" : 1,
      "day_of_month" : 14,
      "hour" : 15,
      "minute" : 33,
      "second" : 13,
      "millisecond" : 553,
      "ms" : 1550158393553,
      "iso_8601" : "2019-02-14T15:33:13Z"
    },
    "created_by" : "admin",
    "created_by_principal_id" : "5bab281f1cb2047f12ba",
    "created_by_principal_domain_id" : "default",
    "modified_on" : {
      "timestamp" : "14-Feb-2019 15:33:13",
      "year" : 2019,
      "month" : 1,
      "day_of_month" : 14,
      "hour" : 15,
      "minute" : 33,
      "second" : 13,
      "millisecond" : 591,
      "ms" : 1550158393591,
      "iso_8601" : "2019-02-14T15:33:13Z"
    },
    "modified_by" : "admin",
    "modified_by_principal_id" : "5bab281f1cb2047f12ba",
    "modified_by_principal_domain_id" : "default",
    "edited_on" : {
      "timestamp" : "14-Feb-2019 15:33:13",
      "year" : 2019,
      "month" : 1,
      "day_of_month" : 14,
      "hour" : 15,
      "minute" : 33,
      "second" : 13,
      "millisecond" : 591,
      "ms" : 1550158393591,
      "iso_8601" : "2019-02-14T15:33:13Z"
    },
    "edited_by" : "admin",
    "edited_by_principal_id" : "5bab281f1cb2047f12ba",
    "edited_by_principal_domain_id" : "default"
  },
  "_doc" : "1f30af7b1f33d7ab6eed",
  "_qname" : "o:1f30af7b1f33d7ab6eed",
  "_type" : "a:has_role",
  "directionality" : "DIRECTED",
  "_features" : {
    "f:audit" : { },
    "f:indexable" : { }
  },
  "source_type" : "n:person",
  "source" : "fb528b3cc0f4915e1ab5",
  "target_type" : "n:form",
  "target" : "d10453ff8438976f56ca",
  "role-key" : "owner"
}