{
  "_type" : "a:linked",
  "_features" : {
    "f:relator" : {
      "propertyHolder" : "source",
      "propertyPath" : "/recommendations[0]"
    }
  },
  "source_type" : "store:book",
  "source" : "71644ab71637418eb484",
  "target_type" : "store:book",
  "target" : "6cf15486d6fc4790951a",
  "directionality" : "DIRECTED",
  "_qname" : "o:52c88b50deeb4da398fb",
  "_doc" : "52c88b50deeb4da398fb",
  "_system" : {
    "deleted" : false,
    "changeset" : "9:439a5eea561726b57df7",
    "created_on" : {
      "timestamp" : "15-Nov-2021 14:53:54",
      "year" : 2021,
      "month" : 10,
      "day_of_month" : 15,
      "hour" : 14,
      "minute" : 53,
      "second" : 54,
      "millisecond" : 683,
      "ms" : 1637006034683,
      "iso_8601" : "2021-11-15T14:53:54-05:00"
    },
    "created_by" : "admin",
    "created_by_principal_id" : "b9ed9753748864134424",
    "created_by_principal_domain_id" : "default",
    "modified_on" : {
      "timestamp" : "15-Nov-2021 14:53:56",
      "year" : 2021,
      "month" : 10,
      "day_of_month" : 15,
      "hour" : 14,
      "minute" : 53,
      "second" : 56,
      "millisecond" : 101,
      "ms" : 1637006036101,
      "iso_8601" : "2021-11-15T14:53:56-05:00"
    },
    "modified_by" : "admin",
    "modified_by_principal_id" : "b9ed9753748864134424",
    "modified_by_principal_domain_id" : "default",
    "edited_on" : {
      "timestamp" : "15-Nov-2021 14:53:56",
      "year" : 2021,
      "month" : 10,
      "day_of_month" : 15,
      "hour" : 14,
      "minute" : 53,
      "second" : 56,
      "millisecond" : 101,
      "ms" : 1637006036101,
      "iso_8601" : "2021-11-15T14:53:56-05:00"
    },
    "edited_by" : "admin",
    "edited_by_principal_id" : "b9ed9753748864134424",
    "edited_by_principal_domain_id" : "default",
    "rev" : 9,
    "branch" : "cdcfc25b8b052c9d2586",
    "_op" : "create"
  }
}