{
  "_doc" : "6:e4126ec655da5f49d1f9",
  "_system" : {
    "created_on" : {
      "timestamp" : "20-Oct-2021 00:03:17",
      "year" : 2021,
      "month" : 9,
      "day_of_month" : 20,
      "hour" : 0,
      "minute" : 3,
      "second" : 17,
      "millisecond" : 786,
      "ms" : 1634702597786,
      "iso_8601" : "2021-10-20T00:03:17-04:00"
    },
    "created_by" : "admin",
    "created_by_principal_id" : "2a7c6669601b1ba4c958",
    "created_by_principal_domain_id" : "default",
    "modified_on" : {
      "timestamp" : "20-Oct-2021 00:03:17",
      "year" : 2021,
      "month" : 9,
      "day_of_month" : 20,
      "hour" : 0,
      "minute" : 3,
      "second" : 17,
      "millisecond" : 928,
      "ms" : 1634702597928,
      "iso_8601" : "2021-10-20T00:03:17-04:00"
    },
    "modified_by" : "admin",
    "modified_by_principal_id" : "2a7c6669601b1ba4c958",
    "modified_by_principal_domain_id" : "default",
    "edited_on" : {
      "timestamp" : "20-Oct-2021 00:03:17",
      "year" : 2021,
      "month" : 9,
      "day_of_month" : 20,
      "hour" : 0,
      "minute" : 3,
      "second" : 17,
      "millisecond" : 928,
      "ms" : 1634702597928,
      "iso_8601" : "2021-10-20T00:03:17-04:00"
    },
    "edited_by" : "admin",
    "edited_by_principal_id" : "2a7c6669601b1ba4c958",
    "edited_by_principal_domain_id" : "default"
  },
  "revision" : 6,
  "active" : true,
  "parents" : [ "5:91b3681d8e9dac36dc4d" ],
  "branch" : "a73f26b4127e018473e1"
}