{
  "_doc" : "120:d0bfc5747cb189d4d777",
  "_system" : {
    "created_on" : {
      "timestamp" : "14-Feb-2019 15:33:28",
      "year" : 2019,
      "month" : 1,
      "day_of_month" : 14,
      "hour" : 15,
      "minute" : 33,
      "second" : 28,
      "millisecond" : 49,
      "ms" : 1550158408049,
      "iso_8601" : "2019-02-14T15:33:28Z"
    },
    "created_by" : "admin",
    "created_by_principal_id" : "5bab281f1cb2047f12ba",
    "created_by_principal_domain_id" : "default",
    "modified_on" : {
      "timestamp" : "14-Feb-2019 15:33:29",
      "year" : 2019,
      "month" : 1,
      "day_of_month" : 14,
      "hour" : 15,
      "minute" : 33,
      "second" : 29,
      "millisecond" : 533,
      "ms" : 1550158409533,
      "iso_8601" : "2019-02-14T15:33:29Z"
    },
    "modified_by" : "admin",
    "modified_by_principal_id" : "5bab281f1cb2047f12ba",
    "modified_by_principal_domain_id" : "default",
    "edited_on" : {
      "timestamp" : "14-Feb-2019 15:33:29",
      "year" : 2019,
      "month" : 1,
      "day_of_month" : 14,
      "hour" : 15,
      "minute" : 33,
      "second" : 29,
      "millisecond" : 533,
      "ms" : 1550158409533,
      "iso_8601" : "2019-02-14T15:33:29Z"
    },
    "edited_by" : "admin",
    "edited_by_principal_id" : "5bab281f1cb2047f12ba",
    "edited_by_principal_domain_id" : "default"
  },
  "revision" : 120,
  "active" : true,
  "parents" : [ "119:6bf8a5b138e706fb47f2" ],
  "branch" : "4a11b3490f5cf2a8a2b7"
}