{
  "_type" : "catalog:product-has-review",
  "source" : "8e5a04c329ee5755d668",
  "target" : "7d29eca15dc587245eff",
  "_is_instance" : true,
  "_system" : {
    "deleted" : false,
    "changeset" : "0:root",
    "modified_on" : {
      "timestamp" : "19-Apr-2019 20:08:35",
      "year" : 2019,
      "month" : 3,
      "day_of_month" : 19,
      "hour" : 20,
      "minute" : 8,
      "second" : 35,
      "millisecond" : 271,
      "ms" : 1555704515271,
      "iso_8601" : "2019-04-19T20:08:35Z"
    },
    "modified_by" : "admin",
    "modified_by_principal_id" : "74004ce2e8561e763ac4",
    "modified_by_principal_domain_id" : "default",
    "edited_on" : {
      "timestamp" : "19-Apr-2019 20:08:35",
      "year" : 2019,
      "month" : 3,
      "day_of_month" : 19,
      "hour" : 20,
      "minute" : 8,
      "second" : 35,
      "millisecond" : 271,
      "ms" : 1555704515271,
      "iso_8601" : "2019-04-19T20:08:35Z"
    },
    "edited_by" : "admin",
    "edited_by_principal_id" : "74004ce2e8561e763ac4",
    "edited_by_principal_domain_id" : "default",
    "created_on" : {
      "timestamp" : "19-Apr-2019 20:08:35",
      "year" : 2019,
      "month" : 3,
      "day_of_month" : 19,
      "hour" : 20,
      "minute" : 8,
      "second" : 35,
      "millisecond" : 271,
      "ms" : 1555704515271,
      "iso_8601" : "2019-04-19T20:08:35Z"
    },
    "created_by" : "admin",
    "created_by_principal_id" : "74004ce2e8561e763ac4",
    "created_by_principal_domain_id" : "default"
  },
  "_qname" : "o:61a5c315a39bce9b8290",
  "directionality" : "DIRECTED",
  "_features" : {
    "f:audit" : { },
    "f:indexable" : { },
    "f:rates" : {
      "property" : "rating"
    }
  },
  "source_type" : "catalog:product",
  "target_type" : "catalog:product-review",
  "_doc" : "61a5c315a39bce9b8290"
}