{
  "_type" : "store:author",
  "title" : "Garrison Keillor",
  "firstName" : "Garrison",
  "lastName" : "Keillor",
  "slug" : "garrison-keillor",
  "_features" : {
    "f:filename" : {
      "filename" : "Garrison_Keillor"
    },
    "f:audit" : { },
    "f:titled" : { },
    "f:geolocation" : { },
    "f:indexable" : { },
    "f:deployment-config" : {
      "default" : {
        "mappings" : [ {
          "type" : "object-to-file",
          "config" : {
            "filepath" : "/store/authors/{{object.slug}}.json"
          }
        }, {
          "type" : "attachment-to-file",
          "config" : {
            "attachmentId" : "*",
            "filepath" : "/store/authors/{{object.slug}}.{{attachment.ext}}"
          }
        } ]
      }
    },
    "f:publishable" : {
      "state" : "approved"
    }
  },
  "_qname" : "o:557aa39b423c440e9912",
  "_doc" : "557aa39b423c440e9912",
  "_system" : {
    "deleted" : false,
    "changeset" : "16:554fbf0d6a76d0a26c3c",
    "created_on" : {
      "timestamp" : "20-Oct-2021 09:44:16",
      "year" : 2021,
      "month" : 9,
      "day_of_month" : 20,
      "hour" : 9,
      "minute" : 44,
      "second" : 16,
      "millisecond" : 904,
      "ms" : 1634737456904,
      "iso_8601" : "2021-10-20T09:44:16-04:00"
    },
    "created_by" : "admin",
    "created_by_principal_id" : "2a7c6669601b1ba4c958",
    "created_by_principal_domain_id" : "default",
    "modified_on" : {
      "timestamp" : "20-Oct-2021 09:44:26",
      "year" : 2021,
      "month" : 9,
      "day_of_month" : 20,
      "hour" : 9,
      "minute" : 44,
      "second" : 26,
      "millisecond" : 977,
      "ms" : 1634737466977,
      "iso_8601" : "2021-10-20T09:44:26-04:00"
    },
    "modified_by" : "admin",
    "modified_by_principal_id" : "2a7c6669601b1ba4c958",
    "modified_by_principal_domain_id" : "default",
    "edited_on" : {
      "timestamp" : "20-Oct-2021 09:44:26",
      "year" : 2021,
      "month" : 9,
      "day_of_month" : 20,
      "hour" : 9,
      "minute" : 44,
      "second" : 26,
      "millisecond" : 977,
      "ms" : 1634737466977,
      "iso_8601" : "2021-10-20T09:44:26-04:00"
    },
    "edited_by" : "admin",
    "edited_by_principal_id" : "2a7c6669601b1ba4c958",
    "edited_by_principal_domain_id" : "default",
    "rev" : 16,
    "attachments" : {
      "default" : {
        "contentType" : "image/jpeg",
        "length" : 157408,
        "objectId" : "attachment_557aa39b423c440e9912_755af5bd790d10793b5c",
        "filename" : "default.jpg"
      }
    },
    "previousChangeset" : "9:ca165aba5dfc8a5c6b4a",
    "branch" : "c05d26b68d5e6c9699cf",
    "_op" : "update"
  }
}