{
  "_system" : {
    "deleted" : false,
    "changeset" : "3:c484b1100c437fb054f5",
    "created_on" : {
      "timestamp" : "05-Aug-2021 15:36:47",
      "year" : 2021,
      "month" : 7,
      "day_of_month" : 5,
      "hour" : 15,
      "minute" : 36,
      "second" : 47,
      "millisecond" : 722,
      "ms" : 1628177807722,
      "iso_8601" : "2021-08-05T15:36:47Z"
    },
    "created_by" : "admin",
    "created_by_principal_id" : "b3236127dacc03f40cd9",
    "created_by_principal_domain_id" : "default",
    "modified_on" : {
      "timestamp" : "05-Aug-2021 15:36:48",
      "year" : 2021,
      "month" : 7,
      "day_of_month" : 5,
      "hour" : 15,
      "minute" : 36,
      "second" : 48,
      "millisecond" : 354,
      "ms" : 1628177808354,
      "iso_8601" : "2021-08-05T15:36:48Z"
    },
    "modified_by" : "admin",
    "modified_by_principal_id" : "b3236127dacc03f40cd9",
    "modified_by_principal_domain_id" : "default",
    "edited_on" : {
      "timestamp" : "05-Aug-2021 15:36:48",
      "year" : 2021,
      "month" : 7,
      "day_of_month" : 5,
      "hour" : 15,
      "minute" : 36,
      "second" : 48,
      "millisecond" : 354,
      "ms" : 1628177808354,
      "iso_8601" : "2021-08-05T15:36:48Z"
    },
    "edited_by" : "admin",
    "edited_by_principal_id" : "b3236127dacc03f40cd9",
    "edited_by_principal_domain_id" : "default",
    "rev" : 3,
    "branch" : "23fafbfbb544c803da8d",
    "_op" : "create",
    "attachments" : {
      "default" : {
        "contentType" : "text/css",
        "length" : 748,
        "objectId" : "attachment_1adfceda1306bdecbbda_2e89aa26390441282012",
        "filename" : "default"
      }
    }
  },
  "_doc" : "1adfceda1306bdecbbda",
  "_qname" : "o:1adfceda1306bdecbbda",
  "_type" : "n:node",
  "_features" : {
    "f:audit" : { },
    "f:titled" : { },
    "f:filename" : {
      "filename" : "theme.css"
    },
    "f:geolocation" : { },
    "f:indexable" : { }
  },
  "title" : "theme.css"
}