{
  "projectId" : "55e100a508d0f50b5077",
  "conditions" : [ {
    "type" : "and",
    "config" : {
      "conditions" : [ {
        "type" : "branch",
        "config" : {
          "id" : "4375d1eb9094255abf40"
        }
      }, {
        "type" : "state",
        "config" : {
          "state" : "approved"
        }
      } ]
    }
  } ],
  "config" : {
    "strategyId" : "bada9f08a1eac05ab1e3",
    "realtime" : false
  },
  "_system" : {
    "created_on" : {
      "timestamp" : "20-Oct-2021 14:37:34",
      "year" : 2021,
      "month" : 9,
      "day_of_month" : 20,
      "hour" : 14,
      "minute" : 37,
      "second" : 34,
      "millisecond" : 298,
      "ms" : 1634755054298,
      "iso_8601" : "2021-10-20T14:37:34-04:00"
    },
    "created_by" : "admin",
    "created_by_principal_id" : "b4d6c22caee99692904d",
    "created_by_principal_domain_id" : "default",
    "modified_on" : {
      "timestamp" : "20-Oct-2021 14:37:34",
      "year" : 2021,
      "month" : 9,
      "day_of_month" : 20,
      "hour" : 14,
      "minute" : 37,
      "second" : 34,
      "millisecond" : 298,
      "ms" : 1634755054298,
      "iso_8601" : "2021-10-20T14:37:34-04:00"
    },
    "modified_by" : "admin",
    "modified_by_principal_id" : "b4d6c22caee99692904d",
    "modified_by_principal_domain_id" : "default",
    "edited_on" : {
      "timestamp" : "20-Oct-2021 14:37:34",
      "year" : 2021,
      "month" : 9,
      "day_of_month" : 20,
      "hour" : 14,
      "minute" : 37,
      "second" : 34,
      "millisecond" : 298,
      "ms" : 1634755054298,
      "iso_8601" : "2021-10-20T14:37:34-04:00"
    },
    "edited_by" : "admin",
    "edited_by_principal_id" : "b4d6c22caee99692904d",
    "edited_by_principal_domain_id" : "default"
  },
  "_doc" : "7677a91083c30a836a3b"
}