{
  "teamableObjectTypeId" : "stack",
  "teamableObjectId" : "0a9e4a0bb74c1e7308fa",
  "key" : "project-developers-team",
  "groupId" : "09885c159c2d11385b8b",
  "groupDomainId" : "8a11739a997caa7f8dac",
  "roleKeys" : [ ],
  "title" : "Project Developers",
  "description" : "Project Developers Team",
  "_system" : {
    "created_on" : {
      "timestamp" : "20-Oct-2021 00:03:15",
      "year" : 2021,
      "month" : 9,
      "day_of_month" : 20,
      "hour" : 0,
      "minute" : 3,
      "second" : 15,
      "millisecond" : 882,
      "ms" : 1634702595882,
      "iso_8601" : "2021-10-20T00:03:15-04:00"
    },
    "created_by" : "admin",
    "created_by_principal_id" : "2a7c6669601b1ba4c958",
    "created_by_principal_domain_id" : "default",
    "modified_on" : {
      "timestamp" : "20-Oct-2021 00:03:15",
      "year" : 2021,
      "month" : 9,
      "day_of_month" : 20,
      "hour" : 0,
      "minute" : 3,
      "second" : 15,
      "millisecond" : 882,
      "ms" : 1634702595882,
      "iso_8601" : "2021-10-20T00:03:15-04:00"
    },
    "modified_by" : "admin",
    "modified_by_principal_id" : "2a7c6669601b1ba4c958",
    "modified_by_principal_domain_id" : "default",
    "edited_on" : {
      "timestamp" : "20-Oct-2021 00:03:15",
      "year" : 2021,
      "month" : 9,
      "day_of_month" : 20,
      "hour" : 0,
      "minute" : 3,
      "second" : 15,
      "millisecond" : 882,
      "ms" : 1634702595882,
      "iso_8601" : "2021-10-20T00:03:15-04:00"
    },
    "edited_by" : "admin",
    "edited_by_principal_id" : "2a7c6669601b1ba4c958",
    "edited_by_principal_domain_id" : "default"
  },
  "_doc" : "4a537f5316d69828520b"
}