{
  "_system" : {
    "deleted" : false,
    "changeset" : "3:d7fabb20462009c31a65",
    "created_on" : {
      "timestamp" : "19-Nov-2021 22:41:01",
      "year" : 2021,
      "month" : 10,
      "day_of_month" : 19,
      "hour" : 22,
      "minute" : 41,
      "second" : 1,
      "millisecond" : 651,
      "ms" : 1637379661651,
      "iso_8601" : "2021-11-19T22:41:01-05:00"
    },
    "created_by" : "admin",
    "created_by_principal_id" : "e319a2cd626b671ba7f7",
    "created_by_principal_domain_id" : "default",
    "modified_on" : {
      "timestamp" : "19-Nov-2021 22:41:01",
      "year" : 2021,
      "month" : 10,
      "day_of_month" : 19,
      "hour" : 22,
      "minute" : 41,
      "second" : 1,
      "millisecond" : 667,
      "ms" : 1637379661667,
      "iso_8601" : "2021-11-19T22:41:01-05:00"
    },
    "modified_by" : "admin",
    "modified_by_principal_id" : "e319a2cd626b671ba7f7",
    "modified_by_principal_domain_id" : "default",
    "edited_on" : {
      "timestamp" : "19-Nov-2021 22:41:01",
      "year" : 2021,
      "month" : 10,
      "day_of_month" : 19,
      "hour" : 22,
      "minute" : 41,
      "second" : 1,
      "millisecond" : 667,
      "ms" : 1637379661667,
      "iso_8601" : "2021-11-19T22:41:01-05:00"
    },
    "edited_by" : "admin",
    "edited_by_principal_id" : "e319a2cd626b671ba7f7",
    "edited_by_principal_domain_id" : "default",
    "rev" : 3,
    "branch" : "d13c41461bea0e1eaef1",
    "_op" : "create"
  },
  "_doc" : "5f3903079d9c6c15bbb3",
  "_qname" : "o:5f3903079d9c6c15bbb3",
  "_type" : "a:child",
  "directionality" : "DIRECTED",
  "_features" : {
    "f:audit" : { },
    "f:indexable" : { },
    "f:propagates-authorities" : {
      "enabled" : true
    },
    "f:non-cyclic" : { },
    "f:knowledge-sharing" : {
      "enabled" : true
    }
  },
  "source_type" : "n:node",
  "source" : "803c92e68526d87a6f02",
  "target_type" : "n:node",
  "target" : "bf50cf308a2a81cf7dc5"
}