{
  "type" : "UPDATE",
  "timestamp" : {
    "timestamp" : "07-Dec-2021 18:02:22",
    "year" : 2021,
    "month" : 11,
    "day_of_month" : 7,
    "hour" : 18,
    "minute" : 2,
    "second" : 22,
    "millisecond" : 615,
    "ms" : 1638900142615,
    "iso_8601" : "2021-12-07T18:02:22Z"
  },
  "userDomainId" : "default",
  "userId" : "9a36db8c2529d3cf7b7b",
  "userTitle" : "admin",
  "userName" : "admin",
  "objectDatastoreTypeId" : "platform",
  "objectDatastoreId" : "7c44b45c5ae05aec7e45",
  "objectDatastoreTitle" : "Root Platform",
  "objectId" : "f94809da6b272fb71091",
  "objectTypeId" : "repository",
  "objectTitle" : "Sample Project 'content' repository",
  "stackId" : "7bb366f549b7530ad72b",
  "projectId" : "7fb79119a8212211b304",
  "projectTitle" : "Sample Project",
  "_system" : {
    "created_on" : {
      "timestamp" : "07-Dec-2021 18:02:22",
      "year" : 2021,
      "month" : 11,
      "day_of_month" : 7,
      "hour" : 18,
      "minute" : 2,
      "second" : 22,
      "millisecond" : 616,
      "ms" : 1638900142616,
      "iso_8601" : "2021-12-07T18:02:22Z"
    },
    "created_by" : "admin",
    "created_by_principal_id" : "9a36db8c2529d3cf7b7b",
    "created_by_principal_domain_id" : "default",
    "modified_on" : {
      "timestamp" : "07-Dec-2021 18:02:22",
      "year" : 2021,
      "month" : 11,
      "day_of_month" : 7,
      "hour" : 18,
      "minute" : 2,
      "second" : 22,
      "millisecond" : 616,
      "ms" : 1638900142616,
      "iso_8601" : "2021-12-07T18:02:22Z"
    },
    "modified_by" : "admin",
    "modified_by_principal_id" : "9a36db8c2529d3cf7b7b",
    "modified_by_principal_domain_id" : "default",
    "edited_on" : {
      "timestamp" : "07-Dec-2021 18:02:22",
      "year" : 2021,
      "month" : 11,
      "day_of_month" : 7,
      "hour" : 18,
      "minute" : 2,
      "second" : 22,
      "millisecond" : 616,
      "ms" : 1638900142616,
      "iso_8601" : "2021-12-07T18:02:22Z"
    },
    "edited_by" : "admin",
    "edited_by_principal_id" : "9a36db8c2529d3cf7b7b",
    "edited_by_principal_domain_id" : "default"
  },
  "_doc" : "77d947b634eb89cbd8d5"
}