{
  "_type" : "catalog:product",
  "title" : "Chocolate Delight",
  "sku" : "Chocolate Delight SKU",
  "headline" : "If you love chocolate, hold on to your sweet tooth!",
  "summary" : "Treat the chocolate lovers of your family with this delicious cupcake - a perfect baked dessert.",
  "body" : "This lovely Chocolate Cupcake is all about having your own little cake that you do not have to share. It has a mild chocolate flavor and moist texture that is topped with a rich and creamy chocolate butter frosting. The frosting can be either piped into lovely swirls or, for the kids, all you need is a quick swipe of frosting with a liberal dusting of colored sprinkles.",
  "price" : 2.99,
  "categories" : [ "chocolate", "birthdays" ],
  "_doc" : "db246f20344f16e36275",
  "_system" : {
    "deleted" : false,
    "changeset" : "34:cb3c2281b699aa095977",
    "created_on" : {
      "timestamp" : "14-Feb-2019 15:33:00",
      "year" : 2019,
      "month" : 1,
      "day_of_month" : 14,
      "hour" : 15,
      "minute" : 33,
      "second" : 0,
      "millisecond" : 302,
      "ms" : 1550158380302,
      "iso_8601" : "2019-02-14T15:33:00Z"
    },
    "created_by" : "admin",
    "created_by_principal_id" : "5bab281f1cb2047f12ba",
    "created_by_principal_domain_id" : "default",
    "modified_on" : {
      "timestamp" : "14-Feb-2019 15:33:00",
      "year" : 2019,
      "month" : 1,
      "day_of_month" : 14,
      "hour" : 15,
      "minute" : 33,
      "second" : 0,
      "millisecond" : 332,
      "ms" : 1550158380332,
      "iso_8601" : "2019-02-14T15:33:00Z"
    },
    "modified_by" : "admin",
    "modified_by_principal_id" : "5bab281f1cb2047f12ba",
    "modified_by_principal_domain_id" : "default",
    "edited_on" : {
      "timestamp" : "14-Feb-2019 15:33:00",
      "year" : 2019,
      "month" : 1,
      "day_of_month" : 14,
      "hour" : 15,
      "minute" : 33,
      "second" : 0,
      "millisecond" : 332,
      "ms" : 1550158380332,
      "iso_8601" : "2019-02-14T15:33:00Z"
    },
    "edited_by" : "admin",
    "edited_by_principal_id" : "5bab281f1cb2047f12ba",
    "edited_by_principal_domain_id" : "default"
  },
  "_qname" : "o:db246f20344f16e36275",
  "_features" : {
    "f:audit" : { },
    "f:titled" : { },
    "f:filename" : {
      "filename" : "Chocolate_Delight"
    },
    "f:geolocation" : { },
    "f:indexable" : { }
  }
}