{
  "ownerRegistrarId" : "default",
  "ownerTenantId" : "b40f9abde5ff8f04dd42",
  "datastoreId" : "28b3e8dfea1ba2c05c57",
  "datastoreTypeId" : "platform",
  "enableAuditing" : false,
  "enableAuthorities" : true,
  "maxsize" : -1,
  "size" : 0,
  "objectcount" : 0,
  "_system" : {
    "created_on" : {
      "timestamp" : "09-Jul-2020 15:32:27",
      "year" : 2020,
      "month" : 6,
      "day_of_month" : 9,
      "hour" : 15,
      "minute" : 32,
      "second" : 27,
      "millisecond" : 614,
      "ms" : 1594308747614,
      "iso_8601" : "2020-07-09T15:32:27Z"
    },
    "created_by" : "system",
    "created_by_principal_id" : "system",
    "created_by_principal_domain_id" : null,
    "modified_on" : {
      "timestamp" : "06-Aug-2020 13:25:34",
      "year" : 2020,
      "month" : 7,
      "day_of_month" : 6,
      "hour" : 13,
      "minute" : 25,
      "second" : 34,
      "millisecond" : 157,
      "ms" : 1596720334157,
      "iso_8601" : "2020-08-06T13:25:34Z"
    },
    "modified_by" : "admin",
    "modified_by_principal_id" : "bb39303eba0c35a3d2da",
    "modified_by_principal_domain_id" : "default",
    "edited_on" : {
      "timestamp" : "06-Aug-2020 13:25:34",
      "year" : 2020,
      "month" : 7,
      "day_of_month" : 6,
      "hour" : 13,
      "minute" : 25,
      "second" : 34,
      "millisecond" : 157,
      "ms" : 1596720334157,
      "iso_8601" : "2020-08-06T13:25:34Z"
    },
    "edited_by" : "admin",
    "edited_by_principal_id" : "bb39303eba0c35a3d2da",
    "edited_by_principal_domain_id" : "default"
  },
  "_doc" : "71535a67cb4a9570e442",
  "statisticsDate" : {
    "timestamp" : "01-Jan-1970 00:00:00",
    "year" : 1970,
    "month" : 0,
    "day_of_month" : 1,
    "hour" : 0,
    "minute" : 0,
    "second" : 0,
    "millisecond" : 1,
    "ms" : 1,
    "iso_8601" : "1970-01-01T00:00:00Z"
  },
  "statisticsDirty" : true,
  "antivirusEnabled" : false,
  "sessionTimeout" : 3600000,
  "authenticationMaxAttempts" : 3,
  "authenticationResetTimeout" : 900000,
  "title" : "Root Platform"
}