{
  "type" : "UPDATE",
  "timestamp" : {
    "timestamp" : "07-Dec-2021 18:01:36",
    "year" : 2021,
    "month" : 11,
    "day_of_month" : 7,
    "hour" : 18,
    "minute" : 1,
    "second" : 36,
    "millisecond" : 703,
    "ms" : 1638900096703,
    "iso_8601" : "2021-12-07T18:01:36Z"
  },
  "userDomainId" : "default",
  "userId" : "9a36db8c2529d3cf7b7b",
  "userTitle" : "admin",
  "userName" : "admin",
  "objectDatastoreTypeId" : "platform",
  "objectDatastoreId" : "7c44b45c5ae05aec7e45",
  "objectDatastoreTitle" : "Root Platform",
  "objectId" : "f94809da6b272fb71091",
  "objectTypeId" : "repository",
  "objectTitle" : "f94809da6b272fb71091",
  "_system" : {
    "created_on" : {
      "timestamp" : "07-Dec-2021 18:01:36",
      "year" : 2021,
      "month" : 11,
      "day_of_month" : 7,
      "hour" : 18,
      "minute" : 1,
      "second" : 36,
      "millisecond" : 704,
      "ms" : 1638900096704,
      "iso_8601" : "2021-12-07T18:01:36Z"
    },
    "created_by" : "admin",
    "created_by_principal_id" : "9a36db8c2529d3cf7b7b",
    "created_by_principal_domain_id" : "default",
    "modified_on" : {
      "timestamp" : "07-Dec-2021 18:01:36",
      "year" : 2021,
      "month" : 11,
      "day_of_month" : 7,
      "hour" : 18,
      "minute" : 1,
      "second" : 36,
      "millisecond" : 704,
      "ms" : 1638900096704,
      "iso_8601" : "2021-12-07T18:01:36Z"
    },
    "modified_by" : "admin",
    "modified_by_principal_id" : "9a36db8c2529d3cf7b7b",
    "modified_by_principal_domain_id" : "default",
    "edited_on" : {
      "timestamp" : "07-Dec-2021 18:01:36",
      "year" : 2021,
      "month" : 11,
      "day_of_month" : 7,
      "hour" : 18,
      "minute" : 1,
      "second" : 36,
      "millisecond" : 704,
      "ms" : 1638900096704,
      "iso_8601" : "2021-12-07T18:01:36Z"
    },
    "edited_by" : "admin",
    "edited_by_principal_id" : "9a36db8c2529d3cf7b7b",
    "edited_by_principal_domain_id" : "default"
  },
  "_doc" : "b9933579c7a6688c6e44"
}