{
  "_features" : {
    "f:relator" : {
      "propertyHolder" : "source",
      "propertyPath" : "/author",
      "active" : true
    },
    "f:audit" : { },
    "f:indexable" : { }
  },
  "source" : "4abd3241f0ec464d8daf",
  "source_type" : "store:book",
  "target" : "be7f701dc0ae4c57a17d",
  "target_type" : "store:author",
  "directionality" : "DIRECTED",
  "_system" : {
    "deleted" : false,
    "changeset" : "45:e03606bf34a511781329",
    "created_on" : {
      "timestamp" : "31-Aug-2022 15:26:24",
      "year" : 2022,
      "month" : 7,
      "day_of_month" : 31,
      "hour" : 15,
      "minute" : 26,
      "second" : 24,
      "millisecond" : 637,
      "ms" : 1661959584637,
      "iso_8601" : "2022-08-31T15:26:24Z"
    },
    "created_by" : "admin",
    "created_by_principal_id" : "2f873756d87a4ad1befc",
    "created_by_principal_domain_id" : "default",
    "modified_on" : {
      "timestamp" : "31-Aug-2022 15:26:24",
      "year" : 2022,
      "month" : 7,
      "day_of_month" : 31,
      "hour" : 15,
      "minute" : 26,
      "second" : 24,
      "millisecond" : 709,
      "ms" : 1661959584709,
      "iso_8601" : "2022-08-31T15:26:24Z"
    },
    "modified_by" : "admin",
    "modified_by_principal_id" : "2f873756d87a4ad1befc",
    "modified_by_principal_domain_id" : "default",
    "edited_on" : {
      "timestamp" : "31-Aug-2022 15:26:24",
      "year" : 2022,
      "month" : 7,
      "day_of_month" : 31,
      "hour" : 15,
      "minute" : 26,
      "second" : 24,
      "millisecond" : 709,
      "ms" : 1661959584709,
      "iso_8601" : "2022-08-31T15:26:24Z"
    },
    "edited_by" : "admin",
    "edited_by_principal_id" : "2f873756d87a4ad1befc",
    "rev" : 45,
    "branch" : "88810405bb84bac72aab",
    "_op" : "create",
    "edited_by_principal_domain_id" : "default"
  },
  "_doc" : "e56d4348d49df1c3b43b",
  "_qname" : "o:e56d4348d49df1c3b43b",
  "_type" : "store:authored-by"
}