{
  "_doc" : "12:83829ad591fe644ea08b",
  "_system" : {
    "created_on" : {
      "timestamp" : "20-Oct-2021 00:03:33",
      "year" : 2021,
      "month" : 9,
      "day_of_month" : 20,
      "hour" : 0,
      "minute" : 3,
      "second" : 33,
      "millisecond" : 594,
      "ms" : 1634702613594,
      "iso_8601" : "2021-10-20T00:03:33-04:00"
    },
    "created_by" : "admin",
    "created_by_principal_id" : "2a7c6669601b1ba4c958",
    "created_by_principal_domain_id" : "default",
    "modified_on" : {
      "timestamp" : "20-Oct-2021 00:03:33",
      "year" : 2021,
      "month" : 9,
      "day_of_month" : 20,
      "hour" : 0,
      "minute" : 3,
      "second" : 33,
      "millisecond" : 628,
      "ms" : 1634702613628,
      "iso_8601" : "2021-10-20T00:03:33-04:00"
    },
    "modified_by" : "admin",
    "modified_by_principal_id" : "2a7c6669601b1ba4c958",
    "modified_by_principal_domain_id" : "default",
    "edited_on" : {
      "timestamp" : "20-Oct-2021 00:03:33",
      "year" : 2021,
      "month" : 9,
      "day_of_month" : 20,
      "hour" : 0,
      "minute" : 3,
      "second" : 33,
      "millisecond" : 628,
      "ms" : 1634702613628,
      "iso_8601" : "2021-10-20T00:03:33-04:00"
    },
    "edited_by" : "admin",
    "edited_by_principal_id" : "2a7c6669601b1ba4c958",
    "edited_by_principal_domain_id" : "default"
  },
  "revision" : 12,
  "active" : true,
  "parents" : [ "11:27e0bb3c2498fa7440b3" ],
  "branch" : "a73f26b4127e018473e1"
}