{
  "_doc" : "116:16e0fd9b853eeb9bd282",
  "_system" : {
    "created_on" : {
      "timestamp" : "14-Feb-2019 15:33:25",
      "year" : 2019,
      "month" : 1,
      "day_of_month" : 14,
      "hour" : 15,
      "minute" : 33,
      "second" : 25,
      "millisecond" : 206,
      "ms" : 1550158405206,
      "iso_8601" : "2019-02-14T15:33:25Z"
    },
    "created_by" : "admin",
    "created_by_principal_id" : "5bab281f1cb2047f12ba",
    "created_by_principal_domain_id" : "default",
    "modified_on" : {
      "timestamp" : "14-Feb-2019 15:33:26",
      "year" : 2019,
      "month" : 1,
      "day_of_month" : 14,
      "hour" : 15,
      "minute" : 33,
      "second" : 26,
      "millisecond" : 532,
      "ms" : 1550158406532,
      "iso_8601" : "2019-02-14T15:33:26Z"
    },
    "modified_by" : "admin",
    "modified_by_principal_id" : "5bab281f1cb2047f12ba",
    "modified_by_principal_domain_id" : "default",
    "edited_on" : {
      "timestamp" : "14-Feb-2019 15:33:26",
      "year" : 2019,
      "month" : 1,
      "day_of_month" : 14,
      "hour" : 15,
      "minute" : 33,
      "second" : 26,
      "millisecond" : 532,
      "ms" : 1550158406532,
      "iso_8601" : "2019-02-14T15:33:26Z"
    },
    "edited_by" : "admin",
    "edited_by_principal_id" : "5bab281f1cb2047f12ba",
    "edited_by_principal_domain_id" : "default"
  },
  "revision" : 116,
  "active" : true,
  "parents" : [ "115:5f75c386fe827b272a9e" ],
  "branch" : "4a11b3490f5cf2a8a2b7"
}