{
  "_doc" : "13:48d107468a6fd8bdb49b",
  "_system" : {
    "created_on" : {
      "timestamp" : "14-Feb-2019 15:32:48",
      "year" : 2019,
      "month" : 1,
      "day_of_month" : 14,
      "hour" : 15,
      "minute" : 32,
      "second" : 48,
      "millisecond" : 19,
      "ms" : 1550158368019,
      "iso_8601" : "2019-02-14T15:32:48Z"
    },
    "created_by" : "admin",
    "created_by_principal_id" : "5bab281f1cb2047f12ba",
    "created_by_principal_domain_id" : "default",
    "modified_on" : {
      "timestamp" : "14-Feb-2019 15:32:48",
      "year" : 2019,
      "month" : 1,
      "day_of_month" : 14,
      "hour" : 15,
      "minute" : 32,
      "second" : 48,
      "millisecond" : 179,
      "ms" : 1550158368179,
      "iso_8601" : "2019-02-14T15:32:48Z"
    },
    "modified_by" : "admin",
    "modified_by_principal_id" : "5bab281f1cb2047f12ba",
    "modified_by_principal_domain_id" : "default",
    "edited_on" : {
      "timestamp" : "14-Feb-2019 15:32:48",
      "year" : 2019,
      "month" : 1,
      "day_of_month" : 14,
      "hour" : 15,
      "minute" : 32,
      "second" : 48,
      "millisecond" : 179,
      "ms" : 1550158368179,
      "iso_8601" : "2019-02-14T15:32:48Z"
    },
    "edited_by" : "admin",
    "edited_by_principal_id" : "5bab281f1cb2047f12ba",
    "edited_by_principal_domain_id" : "default"
  },
  "revision" : 13,
  "active" : true,
  "parents" : [ "12:9586b89c6bf13112ee53" ],
  "branch" : "4a11b3490f5cf2a8a2b7"
}