{
  "stackId" : "bf9a02a4872cc3a3ca14",
  "key" : "f29f9576e6d6a9d742a6",
  "datastoreTypeId" : "application",
  "datastoreId" : "f29f9576e6d6a9d742a6",
  "_system" : {
    "modified_on" : {
      "timestamp" : "19-Apr-2019 20:08:29",
      "year" : 2019,
      "month" : 3,
      "day_of_month" : 19,
      "hour" : 20,
      "minute" : 8,
      "second" : 29,
      "millisecond" : 152,
      "ms" : 1555704509152,
      "iso_8601" : "2019-04-19T20:08:29Z"
    },
    "modified_by" : "admin",
    "modified_by_principal_id" : "74004ce2e8561e763ac4",
    "modified_by_principal_domain_id" : "default",
    "edited_on" : {
      "timestamp" : "19-Apr-2019 20:08:29",
      "year" : 2019,
      "month" : 3,
      "day_of_month" : 19,
      "hour" : 20,
      "minute" : 8,
      "second" : 29,
      "millisecond" : 152,
      "ms" : 1555704509152,
      "iso_8601" : "2019-04-19T20:08:29Z"
    },
    "edited_by" : "admin",
    "edited_by_principal_id" : "74004ce2e8561e763ac4",
    "edited_by_principal_domain_id" : "default",
    "created_on" : {
      "timestamp" : "19-Apr-2019 20:08:29",
      "year" : 2019,
      "month" : 3,
      "day_of_month" : 19,
      "hour" : 20,
      "minute" : 8,
      "second" : 29,
      "millisecond" : 152,
      "ms" : 1555704509152,
      "iso_8601" : "2019-04-19T20:08:29Z"
    },
    "created_by" : "admin",
    "created_by_principal_id" : "74004ce2e8561e763ac4",
    "created_by_principal_domain_id" : "default"
  },
  "_doc" : "f777c0dd00c0a0a204c3"
}