{
  "title" : "William Shakespeare",
  "firstName" : "William",
  "lastName" : "Shakespeare",
  "slug" : "william-shakespeare",
  "_system" : {
    "deleted" : false,
    "changeset" : "23:00184cab40290b9cd752",
    "created_on" : {
      "timestamp" : "20-Oct-2021 14:37:27",
      "year" : 2021,
      "month" : 9,
      "day_of_month" : 20,
      "hour" : 14,
      "minute" : 37,
      "second" : 27,
      "millisecond" : 384,
      "ms" : 1634755047384,
      "iso_8601" : "2021-10-20T14:37:27-04:00"
    },
    "created_by" : "admin",
    "created_by_principal_id" : "b4d6c22caee99692904d",
    "created_by_principal_domain_id" : "default",
    "modified_on" : {
      "timestamp" : "20-Oct-2021 14:37:39",
      "year" : 2021,
      "month" : 9,
      "day_of_month" : 20,
      "hour" : 14,
      "minute" : 37,
      "second" : 39,
      "millisecond" : 12,
      "ms" : 1634755059012,
      "iso_8601" : "2021-10-20T14:37:39-04:00"
    },
    "modified_by" : "admin",
    "modified_by_principal_id" : "b4d6c22caee99692904d",
    "modified_by_principal_domain_id" : "default",
    "edited_on" : {
      "timestamp" : "20-Oct-2021 14:37:39",
      "year" : 2021,
      "month" : 9,
      "day_of_month" : 20,
      "hour" : 14,
      "minute" : 37,
      "second" : 39,
      "millisecond" : 12,
      "ms" : 1634755059012,
      "iso_8601" : "2021-10-20T14:37:39-04:00"
    },
    "edited_by" : "admin",
    "edited_by_principal_id" : "b4d6c22caee99692904d",
    "edited_by_principal_domain_id" : "default",
    "rev" : 23,
    "attachments" : {
      "default" : {
        "contentType" : "image/jpeg",
        "length" : 28573,
        "objectId" : "attachment_b6aa81e808dd4fc9ad4e_9820c908bab6d0b91966",
        "filename" : "default.jpg"
      }
    },
    "previousChangeset" : "22:9751551d3ca4f194b478",
    "branch" : "4375d1eb9094255abf40",
    "_op" : "update"
  },
  "_doc" : "b6aa81e808dd4fc9ad4e",
  "_qname" : "o:b6aa81e808dd4fc9ad4e",
  "_features" : {
    "f:filename" : {
      "filename" : "William_Shakespeare"
    },
    "f:audit" : { },
    "f:titled" : { },
    "f:geolocation" : { },
    "f:indexable" : { },
    "f:deployment-config" : {
      "default" : {
        "mappings" : [ {
          "type" : "object-to-file",
          "config" : {
            "filepath" : "/store/authors/{{object.slug}}.json"
          }
        }, {
          "type" : "attachment-to-file",
          "config" : {
            "attachmentId" : "*",
            "filepath" : "/store/authors/{{object.slug}}.{{attachment.ext}}"
          }
        } ]
      }
    },
    "f:related" : { },
    "f:publishable" : {
      "state" : "approved"
    }
  },
  "_type" : "store:author"
}