{
  "type" : "CREATE",
  "timestamp" : {
    "timestamp" : "06-Aug-2020 13:25:39",
    "year" : 2020,
    "month" : 7,
    "day_of_month" : 6,
    "hour" : 13,
    "minute" : 25,
    "second" : 39,
    "millisecond" : 661,
    "ms" : 1596720339661,
    "iso_8601" : "2020-08-06T13:25:39Z"
  },
  "userDomainId" : "default",
  "userId" : "bb39303eba0c35a3d2da",
  "userTitle" : "admin",
  "userName" : "admin",
  "objectDatastoreTypeId" : "repository",
  "objectDatastoreId" : "79744a15485f5518f804",
  "objectDatastoreTitle" : "Sample Project 'content' repository",
  "objectId" : "1bc144b8c70757d747a3",
  "objectTypeId" : "node",
  "objectTitle" : "Review #11 Too much Chocolate",
  "stackId" : "bf423d3b68217f5306b7",
  "projectId" : "6953224c8c18e66f4e1c",
  "projectTitle" : "Sample Project",
  "_system" : {
    "created_on" : {
      "timestamp" : "06-Aug-2020 13:25:39",
      "year" : 2020,
      "month" : 7,
      "day_of_month" : 6,
      "hour" : 13,
      "minute" : 25,
      "second" : 39,
      "millisecond" : 665,
      "ms" : 1596720339665,
      "iso_8601" : "2020-08-06T13:25:39Z"
    },
    "created_by" : "admin",
    "created_by_principal_id" : "bb39303eba0c35a3d2da",
    "created_by_principal_domain_id" : "default",
    "modified_on" : {
      "timestamp" : "06-Aug-2020 13:25:39",
      "year" : 2020,
      "month" : 7,
      "day_of_month" : 6,
      "hour" : 13,
      "minute" : 25,
      "second" : 39,
      "millisecond" : 665,
      "ms" : 1596720339665,
      "iso_8601" : "2020-08-06T13:25:39Z"
    },
    "modified_by" : "admin",
    "modified_by_principal_id" : "bb39303eba0c35a3d2da",
    "modified_by_principal_domain_id" : "default",
    "edited_on" : {
      "timestamp" : "06-Aug-2020 13:25:39",
      "year" : 2020,
      "month" : 7,
      "day_of_month" : 6,
      "hour" : 13,
      "minute" : 25,
      "second" : 39,
      "millisecond" : 665,
      "ms" : 1596720339665,
      "iso_8601" : "2020-08-06T13:25:39Z"
    },
    "edited_by" : "admin",
    "edited_by_principal_id" : "bb39303eba0c35a3d2da",
    "edited_by_principal_domain_id" : "default"
  },
  "_doc" : "661fa29fe0a81cde9313"
}