{
  "_system" : {
    "created_on" : {
      "timestamp" : "07-Dec-2021 18:01:31",
      "year" : 2021,
      "month" : 11,
      "day_of_month" : 7,
      "hour" : 18,
      "minute" : 1,
      "second" : 31,
      "millisecond" : 490,
      "ms" : 1638900091490,
      "iso_8601" : "2021-12-07T18:01:31Z"
    },
    "created_by" : "admin",
    "created_by_principal_id" : "9a36db8c2529d3cf7b7b",
    "created_by_principal_domain_id" : "default",
    "modified_on" : {
      "timestamp" : "07-Dec-2021 18:02:23",
      "year" : 2021,
      "month" : 11,
      "day_of_month" : 7,
      "hour" : 18,
      "minute" : 2,
      "second" : 23,
      "millisecond" : 650,
      "ms" : 1638900143650,
      "iso_8601" : "2021-12-07T18:02:23Z"
    },
    "modified_by" : "admin",
    "modified_by_principal_id" : "9a36db8c2529d3cf7b7b",
    "modified_by_principal_domain_id" : "default",
    "edited_on" : {
      "timestamp" : "07-Dec-2021 18:02:23",
      "year" : 2021,
      "month" : 11,
      "day_of_month" : 7,
      "hour" : 18,
      "minute" : 2,
      "second" : 23,
      "millisecond" : 650,
      "ms" : 1638900143650,
      "iso_8601" : "2021-12-07T18:02:23Z"
    },
    "edited_by" : "admin",
    "edited_by_principal_id" : "9a36db8c2529d3cf7b7b",
    "edited_by_principal_domain_id" : "default"
  },
  "_doc" : "7bb366f549b7530ad72b",
  "title" : "Sample Project Stack"
}