{
  "_system" : {
    "deleted" : false,
    "changeset" : "4:5a4fb82e7918665f843b",
    "created_on" : {
      "timestamp" : "19-Nov-2021 22:41:02",
      "year" : 2021,
      "month" : 10,
      "day_of_month" : 19,
      "hour" : 22,
      "minute" : 41,
      "second" : 2,
      "millisecond" : 639,
      "ms" : 1637379662639,
      "iso_8601" : "2021-11-19T22:41:02-05:00"
    },
    "created_by" : "admin",
    "created_by_principal_id" : "e319a2cd626b671ba7f7",
    "created_by_principal_domain_id" : "default",
    "modified_on" : {
      "timestamp" : "19-Nov-2021 22:41:02",
      "year" : 2021,
      "month" : 10,
      "day_of_month" : 19,
      "hour" : 22,
      "minute" : 41,
      "second" : 2,
      "millisecond" : 764,
      "ms" : 1637379662764,
      "iso_8601" : "2021-11-19T22:41:02-05:00"
    },
    "modified_by" : "admin",
    "modified_by_principal_id" : "e319a2cd626b671ba7f7",
    "modified_by_principal_domain_id" : "default",
    "edited_on" : {
      "timestamp" : "19-Nov-2021 22:41:02",
      "year" : 2021,
      "month" : 10,
      "day_of_month" : 19,
      "hour" : 22,
      "minute" : 41,
      "second" : 2,
      "millisecond" : 764,
      "ms" : 1637379662764,
      "iso_8601" : "2021-11-19T22:41:02-05:00"
    },
    "edited_by" : "admin",
    "edited_by_principal_id" : "e319a2cd626b671ba7f7",
    "edited_by_principal_domain_id" : "default",
    "rev" : 4,
    "branch" : "d13c41461bea0e1eaef1",
    "_op" : "create",
    "attachments" : {
      "default" : {
        "contentType" : "image/png",
        "length" : 6080,
        "objectId" : "attachment_d380e46c936bb5ddbec1_4be19be3ec61004f8e51",
        "filename" : "default"
      }
    }
  },
  "_doc" : "d380e46c936bb5ddbec1",
  "_qname" : "o:d380e46c936bb5ddbec1",
  "_type" : "n:node",
  "_features" : {
    "f:audit" : { },
    "f:titled" : { },
    "f:filename" : {
      "filename" : "logo.png"
    },
    "f:geolocation" : { },
    "f:indexable" : { }
  },
  "title" : "logo.png"
}