{
  "policy" : "p:afterAssociateNode",
  "scope" : 0,
  "_features" : {
    "f:behavior" : {
      "active" : true
    },
    "f:behavior-binding" : { },
    "f:audit" : { },
    "f:indexable" : { }
  },
  "_system" : {
    "deleted" : false,
    "changeset" : "16:5e0e9c634bf42a9b2ee5",
    "created_on" : {
      "timestamp" : "07-Mar-2023 09:39:22",
      "year" : 2023,
      "month" : 2,
      "day_of_month" : 7,
      "hour" : 9,
      "minute" : 39,
      "second" : 22,
      "millisecond" : 250,
      "ms" : 1678199962250,
      "iso_8601" : "2023-03-07T09:39:22-05:00"
    },
    "created_by" : "admin",
    "created_by_principal_id" : "046cf0d415feaf45bcf2",
    "created_by_principal_domain_id" : "default",
    "modified_on" : {
      "timestamp" : "07-Mar-2023 09:39:22",
      "year" : 2023,
      "month" : 2,
      "day_of_month" : 7,
      "hour" : 9,
      "minute" : 39,
      "second" : 22,
      "millisecond" : 257,
      "ms" : 1678199962257,
      "iso_8601" : "2023-03-07T09:39:22-05:00"
    },
    "modified_by" : "admin",
    "modified_by_principal_id" : "046cf0d415feaf45bcf2",
    "modified_by_principal_domain_id" : "default",
    "edited_on" : {
      "timestamp" : "07-Mar-2023 09:39:22",
      "year" : 2023,
      "month" : 2,
      "day_of_month" : 7,
      "hour" : 9,
      "minute" : 39,
      "second" : 22,
      "millisecond" : 257,
      "ms" : 1678199962257,
      "iso_8601" : "2023-03-07T09:39:22-05:00"
    },
    "edited_by" : "admin",
    "edited_by_principal_id" : "046cf0d415feaf45bcf2",
    "rev" : 16,
    "branch" : "660838eae4eeba015a76",
    "_op" : "create",
    "edited_by_principal_domain_id" : "default"
  },
  "_doc" : "38a14e32861d433ba985",
  "_qname" : "o:38a14e32861d433ba985",
  "_type" : "a:has_behavior",
  "directionality" : "DIRECTED",
  "source_type" : "n:node",
  "source" : "a854b159522d2c754137",
  "target_type" : "n:rule",
  "target" : "4e8efc979d09d7165b26"
}