{
  "_doc" : "821c40ab613d9b5bcbbc656b62229316",
  "_qname" : "n:node",
  "_type" : "d:type",
  "type" : "object",
  "title" : "Node",
  "description" : "A general purpose node",
  "mandatoryFeatures" : {
    "f:audit" : { },
    "f:titled" : { },
    "f:filename" : { },
    "f:geolocation" : { },
    "f:indexable" : { }
  },
  "systemBootstrapped" : true,
  "_system" : {
    "deleted" : false,
    "changeset" : "0:root",
    "created_on" : {
      "timestamp" : "17-Nov-2021 09:27:35",
      "year" : 2021,
      "month" : 10,
      "day_of_month" : 17,
      "hour" : 9,
      "minute" : 27,
      "second" : 35,
      "millisecond" : 864,
      "ms" : 1637159255864,
      "iso_8601" : "2021-11-17T09:27:35-05:00"
    },
    "created_by" : "admin",
    "created_by_principal_id" : "4dbc7eeadc99359ba687",
    "created_by_principal_domain_id" : "default",
    "modified_on" : {
      "timestamp" : "17-Nov-2021 09:27:35",
      "year" : 2021,
      "month" : 10,
      "day_of_month" : 17,
      "hour" : 9,
      "minute" : 27,
      "second" : 35,
      "millisecond" : 932,
      "ms" : 1637159255932,
      "iso_8601" : "2021-11-17T09:27:35-05:00"
    },
    "modified_by" : "admin",
    "modified_by_principal_id" : "4dbc7eeadc99359ba687",
    "modified_by_principal_domain_id" : "default",
    "edited_on" : {
      "timestamp" : "17-Nov-2021 09:27:35",
      "year" : 2021,
      "month" : 10,
      "day_of_month" : 17,
      "hour" : 9,
      "minute" : 27,
      "second" : 35,
      "millisecond" : 932,
      "ms" : 1637159255932,
      "iso_8601" : "2021-11-17T09:27:35-05:00"
    },
    "edited_by" : "admin",
    "edited_by_principal_id" : "4dbc7eeadc99359ba687",
    "edited_by_principal_domain_id" : "default",
    "rev" : 0,
    "branch" : "921fd3299d530ef02309",
    "_op" : "create"
  },
  "$schema" : "http://json-schema.org/draft-04/schema#"
}