{
  "_doc" : "90:83c5b46a6674c432ff77",
  "_system" : {
    "created_on" : {
      "timestamp" : "14-Feb-2019 15:33:16",
      "year" : 2019,
      "month" : 1,
      "day_of_month" : 14,
      "hour" : 15,
      "minute" : 33,
      "second" : 16,
      "millisecond" : 769,
      "ms" : 1550158396769,
      "iso_8601" : "2019-02-14T15:33:16Z"
    },
    "created_by" : "admin",
    "created_by_principal_id" : "5bab281f1cb2047f12ba",
    "created_by_principal_domain_id" : "default",
    "modified_on" : {
      "timestamp" : "14-Feb-2019 15:33:16",
      "year" : 2019,
      "month" : 1,
      "day_of_month" : 14,
      "hour" : 15,
      "minute" : 33,
      "second" : 16,
      "millisecond" : 878,
      "ms" : 1550158396878,
      "iso_8601" : "2019-02-14T15:33:16Z"
    },
    "modified_by" : "admin",
    "modified_by_principal_id" : "5bab281f1cb2047f12ba",
    "modified_by_principal_domain_id" : "default",
    "edited_on" : {
      "timestamp" : "14-Feb-2019 15:33:16",
      "year" : 2019,
      "month" : 1,
      "day_of_month" : 14,
      "hour" : 15,
      "minute" : 33,
      "second" : 16,
      "millisecond" : 878,
      "ms" : 1550158396878,
      "iso_8601" : "2019-02-14T15:33:16Z"
    },
    "edited_by" : "admin",
    "edited_by_principal_id" : "5bab281f1cb2047f12ba",
    "edited_by_principal_domain_id" : "default"
  },
  "revision" : 90,
  "active" : true,
  "parents" : [ "89:56573d18932aa478d756" ],
  "branch" : "4a11b3490f5cf2a8a2b7"
}