{
  "_system" : {
    "deleted" : false,
    "changeset" : "1:e9ef9526ee8eb17712c4",
    "created_on" : {
      "timestamp" : "31-Aug-2022 15:26:01",
      "year" : 2022,
      "month" : 7,
      "day_of_month" : 31,
      "hour" : 15,
      "minute" : 26,
      "second" : 1,
      "millisecond" : 315,
      "ms" : 1661959561315,
      "iso_8601" : "2022-08-31T15:26:01Z"
    },
    "created_by" : "admin",
    "created_by_principal_id" : "2f873756d87a4ad1befc",
    "created_by_principal_domain_id" : "default",
    "modified_on" : {
      "timestamp" : "31-Aug-2022 15:26:01",
      "year" : 2022,
      "month" : 7,
      "day_of_month" : 31,
      "hour" : 15,
      "minute" : 26,
      "second" : 1,
      "millisecond" : 327,
      "ms" : 1661959561327,
      "iso_8601" : "2022-08-31T15:26:01Z"
    },
    "modified_by" : "admin",
    "modified_by_principal_id" : "2f873756d87a4ad1befc",
    "modified_by_principal_domain_id" : "default",
    "edited_on" : {
      "timestamp" : "31-Aug-2022 15:26:01",
      "year" : 2022,
      "month" : 7,
      "day_of_month" : 31,
      "hour" : 15,
      "minute" : 26,
      "second" : 1,
      "millisecond" : 327,
      "ms" : 1661959561327,
      "iso_8601" : "2022-08-31T15:26:01Z"
    },
    "edited_by" : "admin",
    "edited_by_principal_id" : "2f873756d87a4ad1befc",
    "rev" : 1,
    "branch" : "88810405bb84bac72aab",
    "_op" : "create",
    "edited_by_principal_domain_id" : "default"
  },
  "_doc" : "bd3f1a41d052d56a95a5",
  "_qname" : "o:bd3f1a41d052d56a95a5",
  "_type" : "a:child",
  "directionality" : "DIRECTED",
  "_features" : {
    "f:propagates-authorities" : {
      "enabled" : true
    },
    "f:non-cyclic" : { },
    "f:knowledge-sharing" : {
      "enabled" : true
    },
    "f:audit" : { },
    "f:indexable" : { }
  },
  "source_type" : "n:root",
  "source" : "821c40ab613d9b5bcbbc656b62229301",
  "target_type" : "n:node",
  "target" : "e4290e11d92116b6af11"
}