{
  "_doc" : "101:730a646ce988acca05eb",
  "_system" : {
    "created_on" : {
      "timestamp" : "14-Feb-2019 15:33:20",
      "year" : 2019,
      "month" : 1,
      "day_of_month" : 14,
      "hour" : 15,
      "minute" : 33,
      "second" : 20,
      "millisecond" : 381,
      "ms" : 1550158400381,
      "iso_8601" : "2019-02-14T15:33:20Z"
    },
    "created_by" : "system",
    "created_by_principal_id" : "system",
    "created_by_principal_domain_id" : null,
    "modified_on" : {
      "timestamp" : "14-Feb-2019 15:33:20",
      "year" : 2019,
      "month" : 1,
      "day_of_month" : 14,
      "hour" : 15,
      "minute" : 33,
      "second" : 20,
      "millisecond" : 489,
      "ms" : 1550158400489,
      "iso_8601" : "2019-02-14T15:33:20Z"
    },
    "modified_by" : "system",
    "modified_by_principal_id" : "system",
    "modified_by_principal_domain_id" : null,
    "edited_on" : {
      "timestamp" : "14-Feb-2019 15:33:20",
      "year" : 2019,
      "month" : 1,
      "day_of_month" : 14,
      "hour" : 15,
      "minute" : 33,
      "second" : 20,
      "millisecond" : 381,
      "ms" : 1550158400381,
      "iso_8601" : "2019-02-14T15:33:20Z"
    },
    "edited_by" : "system",
    "edited_by_principal_id" : "system",
    "edited_by_principal_domain_id" : null
  },
  "revision" : 101,
  "active" : true,
  "parents" : [ "100:ece8f1387ae465482e9f" ],
  "branch" : "4a11b3490f5cf2a8a2b7"
}