{
  "_system" : {
    "deleted" : false,
    "changeset" : "5:df1a8a41163e54619217",
    "created_on" : {
      "timestamp" : "05-Aug-2021 15:36:49",
      "year" : 2021,
      "month" : 7,
      "day_of_month" : 5,
      "hour" : 15,
      "minute" : 36,
      "second" : 49,
      "millisecond" : 54,
      "ms" : 1628177809054,
      "iso_8601" : "2021-08-05T15:36:49Z"
    },
    "created_by" : "admin",
    "created_by_principal_id" : "b3236127dacc03f40cd9",
    "created_by_principal_domain_id" : "default",
    "modified_on" : {
      "timestamp" : "05-Aug-2021 15:36:49",
      "year" : 2021,
      "month" : 7,
      "day_of_month" : 5,
      "hour" : 15,
      "minute" : 36,
      "second" : 49,
      "millisecond" : 87,
      "ms" : 1628177809087,
      "iso_8601" : "2021-08-05T15:36:49Z"
    },
    "modified_by" : "admin",
    "modified_by_principal_id" : "b3236127dacc03f40cd9",
    "modified_by_principal_domain_id" : "default",
    "edited_on" : {
      "timestamp" : "05-Aug-2021 15:36:49",
      "year" : 2021,
      "month" : 7,
      "day_of_month" : 5,
      "hour" : 15,
      "minute" : 36,
      "second" : 49,
      "millisecond" : 87,
      "ms" : 1628177809087,
      "iso_8601" : "2021-08-05T15:36:49Z"
    },
    "edited_by" : "admin",
    "edited_by_principal_id" : "b3236127dacc03f40cd9",
    "edited_by_principal_domain_id" : "default",
    "rev" : 5,
    "branch" : "23fafbfbb544c803da8d",
    "_op" : "create"
  },
  "_doc" : "039d31bb453c9806ed2a",
  "_qname" : "o:039d31bb453c9806ed2a",
  "_type" : "n:node",
  "_features" : {
    "f:audit" : { },
    "f:titled" : { },
    "f:filename" : {
      "filename" : "Templates"
    },
    "f:geolocation" : { },
    "f:indexable" : { },
    "f:container" : { }
  },
  "title" : "Templates"
}