{
  "principal-id" : "4128036bda68ab5ecae3",
  "principal-name" : "oneteam-users",
  "principal-domain" : "1f711dba35910aa24705",
  "_system" : {
    "deleted" : false,
    "changeset" : "0:root",
    "created_on" : {
      "timestamp" : "19-Apr-2019 20:09:39",
      "year" : 2019,
      "month" : 3,
      "day_of_month" : 19,
      "hour" : 20,
      "minute" : 9,
      "second" : 39,
      "millisecond" : 882,
      "ms" : 1555704579882,
      "iso_8601" : "2019-04-19T20:09:39Z"
    },
    "created_by" : "system",
    "created_by_principal_id" : "system",
    "created_by_principal_domain_id" : null,
    "modified_on" : {
      "timestamp" : "19-Apr-2019 20:09:39",
      "year" : 2019,
      "month" : 3,
      "day_of_month" : 19,
      "hour" : 20,
      "minute" : 9,
      "second" : 39,
      "millisecond" : 911,
      "ms" : 1555704579911,
      "iso_8601" : "2019-04-19T20:09:39Z"
    },
    "modified_by" : "system",
    "modified_by_principal_id" : "system",
    "modified_by_principal_domain_id" : null,
    "edited_on" : {
      "timestamp" : "19-Apr-2019 20:09:39",
      "year" : 2019,
      "month" : 3,
      "day_of_month" : 19,
      "hour" : 20,
      "minute" : 9,
      "second" : 39,
      "millisecond" : 882,
      "ms" : 1555704579882,
      "iso_8601" : "2019-04-19T20:09:39Z"
    },
    "edited_by" : "system",
    "edited_by_principal_id" : "system",
    "edited_by_principal_domain_id" : null
  },
  "_doc" : "a5133de73a0de986644f",
  "_qname" : "o:a5133de73a0de986644f",
  "_type" : "n:group",
  "_features" : {
    "f:audit" : { },
    "f:titled" : { },
    "f:filename" : {
      "filename" : "a5133de73a0de986644f"
    },
    "f:geolocation" : { },
    "f:indexable" : { }
  }
}