{
  "_doc" : "34:aa0a6d546ed096b57dfc",
  "_system" : {
    "created_on" : {
      "timestamp" : "20-Oct-2021 14:37:42",
      "year" : 2021,
      "month" : 9,
      "day_of_month" : 20,
      "hour" : 14,
      "minute" : 37,
      "second" : 42,
      "millisecond" : 831,
      "ms" : 1634755062831,
      "iso_8601" : "2021-10-20T14:37:42-04:00"
    },
    "created_by" : "admin",
    "created_by_principal_id" : "b4d6c22caee99692904d",
    "created_by_principal_domain_id" : "default",
    "modified_on" : {
      "timestamp" : "20-Oct-2021 14:37:42",
      "year" : 2021,
      "month" : 9,
      "day_of_month" : 20,
      "hour" : 14,
      "minute" : 37,
      "second" : 42,
      "millisecond" : 921,
      "ms" : 1634755062921,
      "iso_8601" : "2021-10-20T14:37:42-04:00"
    },
    "modified_by" : "admin",
    "modified_by_principal_id" : "b4d6c22caee99692904d",
    "modified_by_principal_domain_id" : "default",
    "edited_on" : {
      "timestamp" : "20-Oct-2021 14:37:42",
      "year" : 2021,
      "month" : 9,
      "day_of_month" : 20,
      "hour" : 14,
      "minute" : 37,
      "second" : 42,
      "millisecond" : 921,
      "ms" : 1634755062921,
      "iso_8601" : "2021-10-20T14:37:42-04:00"
    },
    "edited_by" : "admin",
    "edited_by_principal_id" : "b4d6c22caee99692904d",
    "edited_by_principal_domain_id" : "default"
  },
  "revision" : 34,
  "active" : true,
  "parents" : [ "33:81000b23ab505557fde5" ],
  "branch" : "4375d1eb9094255abf40"
}