{
  "_doc" : "118:52646c5ffa0518b806c4",
  "_system" : {
    "created_on" : {
      "timestamp" : "14-Feb-2019 15:33:26",
      "year" : 2019,
      "month" : 1,
      "day_of_month" : 14,
      "hour" : 15,
      "minute" : 33,
      "second" : 26,
      "millisecond" : 704,
      "ms" : 1550158406704,
      "iso_8601" : "2019-02-14T15:33:26Z"
    },
    "created_by" : "admin",
    "created_by_principal_id" : "5bab281f1cb2047f12ba",
    "created_by_principal_domain_id" : "default",
    "modified_on" : {
      "timestamp" : "14-Feb-2019 15:33:27",
      "year" : 2019,
      "month" : 1,
      "day_of_month" : 14,
      "hour" : 15,
      "minute" : 33,
      "second" : 27,
      "millisecond" : 856,
      "ms" : 1550158407856,
      "iso_8601" : "2019-02-14T15:33:27Z"
    },
    "modified_by" : "admin",
    "modified_by_principal_id" : "5bab281f1cb2047f12ba",
    "modified_by_principal_domain_id" : "default",
    "edited_on" : {
      "timestamp" : "14-Feb-2019 15:33:27",
      "year" : 2019,
      "month" : 1,
      "day_of_month" : 14,
      "hour" : 15,
      "minute" : 33,
      "second" : 27,
      "millisecond" : 856,
      "ms" : 1550158407856,
      "iso_8601" : "2019-02-14T15:33:27Z"
    },
    "edited_by" : "admin",
    "edited_by_principal_id" : "5bab281f1cb2047f12ba",
    "edited_by_principal_domain_id" : "default"
  },
  "revision" : 118,
  "active" : true,
  "parents" : [ "117:6e7418166502bb19744b" ],
  "branch" : "4a11b3490f5cf2a8a2b7"
}