{
  "permissioned" : "17918e6833017098a150",
  "principal" : "560655c6b050a42ec1d7",
  "authority" : "connector",
  "domain" : "default",
  "_system" : {
    "created_on" : {
      "timestamp" : "19-Apr-2019 20:08:30",
      "year" : 2019,
      "month" : 3,
      "day_of_month" : 19,
      "hour" : 20,
      "minute" : 8,
      "second" : 30,
      "millisecond" : 247,
      "ms" : 1555704510247,
      "iso_8601" : "2019-04-19T20:08:30Z"
    },
    "created_by" : "admin",
    "created_by_principal_id" : "74004ce2e8561e763ac4",
    "created_by_principal_domain_id" : "default",
    "modified_on" : {
      "timestamp" : "19-Apr-2019 20:08:30",
      "year" : 2019,
      "month" : 3,
      "day_of_month" : 19,
      "hour" : 20,
      "minute" : 8,
      "second" : 30,
      "millisecond" : 247,
      "ms" : 1555704510247,
      "iso_8601" : "2019-04-19T20:08:30Z"
    },
    "modified_by" : "admin",
    "modified_by_principal_id" : "74004ce2e8561e763ac4",
    "modified_by_principal_domain_id" : "default",
    "edited_on" : {
      "timestamp" : "19-Apr-2019 20:08:30",
      "year" : 2019,
      "month" : 3,
      "day_of_month" : 19,
      "hour" : 20,
      "minute" : 8,
      "second" : 30,
      "millisecond" : 247,
      "ms" : 1555704510247,
      "iso_8601" : "2019-04-19T20:08:30Z"
    },
    "edited_by" : "admin",
    "edited_by_principal_id" : "74004ce2e8561e763ac4",
    "edited_by_principal_domain_id" : "default"
  },
  "_doc" : "53c0acbd671a0cc2860d"
}