{
  "principalDomainId" : "37cdfb9fc3bc0ebe5727",
  "principalId" : "591b0e338e65241a3591",
  "clientId" : "7f207912-3235-4e65-ab07-61c14c29b448",
  "key" : "0a53d986-15a2-4943-a769-ecdba19bb5f2",
  "secret" : "D2zaPwz9Vccid/r9nYfI/2GPg6w+BAXPgqyxOxRgdQn3EnOYO3uyCyRal9OyD9zqfGGyMyoyqI03gwZRYjtkhdAFbopXIxpKKQm/9Kk3MvU=",
  "enabled" : true,
  "_system" : {
    "created_on" : {
      "timestamp" : "15-Nov-2021 14:53:48",
      "year" : 2021,
      "month" : 10,
      "day_of_month" : 15,
      "hour" : 14,
      "minute" : 53,
      "second" : 48,
      "millisecond" : 95,
      "ms" : 1637006028095,
      "iso_8601" : "2021-11-15T14:53:48-05:00"
    },
    "created_by" : "admin",
    "created_by_principal_id" : "b9ed9753748864134424",
    "created_by_principal_domain_id" : "default",
    "modified_on" : {
      "timestamp" : "15-Nov-2021 14:53:48",
      "year" : 2021,
      "month" : 10,
      "day_of_month" : 15,
      "hour" : 14,
      "minute" : 53,
      "second" : 48,
      "millisecond" : 100,
      "ms" : 1637006028100,
      "iso_8601" : "2021-11-15T14:53:48-05:00"
    },
    "modified_by" : "admin",
    "modified_by_principal_id" : "b9ed9753748864134424",
    "modified_by_principal_domain_id" : "default",
    "edited_on" : {
      "timestamp" : "15-Nov-2021 14:53:48",
      "year" : 2021,
      "month" : 10,
      "day_of_month" : 15,
      "hour" : 14,
      "minute" : 53,
      "second" : 48,
      "millisecond" : 100,
      "ms" : 1637006028100,
      "iso_8601" : "2021-11-15T14:53:48-05:00"
    },
    "edited_by" : "admin",
    "edited_by_principal_id" : "b9ed9753748864134424",
    "edited_by_principal_domain_id" : "default"
  },
  "_doc" : "65bb6fe5b6762c64a2ea",
  "applicationId" : "fe7dc87ac32e2f273ebd",
  "applicationDeploymentManaged" : true
}