{
  "_doc" : "18:11766b9445216d0970aa",
  "_system" : {
    "created_on" : {
      "timestamp" : "31-Aug-2022 15:26:04",
      "year" : 2022,
      "month" : 7,
      "day_of_month" : 31,
      "hour" : 15,
      "minute" : 26,
      "second" : 4,
      "millisecond" : 418,
      "ms" : 1661959564418,
      "iso_8601" : "2022-08-31T15:26:04Z"
    },
    "created_by" : "admin",
    "created_by_principal_id" : "2f873756d87a4ad1befc",
    "created_by_principal_domain_id" : "default",
    "modified_on" : {
      "timestamp" : "31-Aug-2022 15:26:04",
      "year" : 2022,
      "month" : 7,
      "day_of_month" : 31,
      "hour" : 15,
      "minute" : 26,
      "second" : 4,
      "millisecond" : 548,
      "ms" : 1661959564548,
      "iso_8601" : "2022-08-31T15:26:04Z"
    },
    "modified_by" : "admin",
    "modified_by_principal_id" : "2f873756d87a4ad1befc",
    "modified_by_principal_domain_id" : "default",
    "edited_on" : {
      "timestamp" : "31-Aug-2022 15:26:04",
      "year" : 2022,
      "month" : 7,
      "day_of_month" : 31,
      "hour" : 15,
      "minute" : 26,
      "second" : 4,
      "millisecond" : 548,
      "ms" : 1661959564548,
      "iso_8601" : "2022-08-31T15:26:04Z"
    },
    "edited_by" : "admin",
    "edited_by_principal_id" : "2f873756d87a4ad1befc",
    "edited_by_principal_domain_id" : "default"
  },
  "revision" : 18,
  "active" : true,
  "parents" : [ "17:b7489ecd47c2ca4ae2ee" ],
  "branch" : "88810405bb84bac72aab"
}