{
  "_doc" : "64:a92a490a38b193929b80",
  "_system" : {
    "created_on" : {
      "timestamp" : "05-Aug-2021 15:37:24",
      "year" : 2021,
      "month" : 7,
      "day_of_month" : 5,
      "hour" : 15,
      "minute" : 37,
      "second" : 24,
      "millisecond" : 105,
      "ms" : 1628177844105,
      "iso_8601" : "2021-08-05T15:37:24Z"
    },
    "created_by" : "admin",
    "created_by_principal_id" : "b3236127dacc03f40cd9",
    "created_by_principal_domain_id" : "default",
    "modified_on" : {
      "timestamp" : "05-Aug-2021 15:37:24",
      "year" : 2021,
      "month" : 7,
      "day_of_month" : 5,
      "hour" : 15,
      "minute" : 37,
      "second" : 24,
      "millisecond" : 235,
      "ms" : 1628177844235,
      "iso_8601" : "2021-08-05T15:37:24Z"
    },
    "modified_by" : "admin",
    "modified_by_principal_id" : "b3236127dacc03f40cd9",
    "modified_by_principal_domain_id" : "default",
    "edited_on" : {
      "timestamp" : "05-Aug-2021 15:37:24",
      "year" : 2021,
      "month" : 7,
      "day_of_month" : 5,
      "hour" : 15,
      "minute" : 37,
      "second" : 24,
      "millisecond" : 235,
      "ms" : 1628177844235,
      "iso_8601" : "2021-08-05T15:37:24Z"
    },
    "edited_by" : "admin",
    "edited_by_principal_id" : "b3236127dacc03f40cd9",
    "edited_by_principal_domain_id" : "default"
  },
  "revision" : 64,
  "active" : true,
  "parents" : [ "63:759a73684579ab4a8482" ],
  "branch" : "23fafbfbb544c803da8d"
}