{
  "_type" : "catalog:product-review",
  "title" : "Review #12 Death by Chocolate",
  "author" : "dean.martin",
  "body" : "I didn’t know what death by chocolate actually meant, but I knew I wanted to achieve something with different textures and flavors to highlight the amazing entity that is chocolate.  I ended up choosing a dark chocolate cupcake with a chocolate mousse filling topped with a chocolate buttercream frosting and bits of bittersweet chocolate.  These cupcakes were met with rave reviews and I was very pleased with the end product.",
  "rating" : 4,
  "_doc" : "9bd195e26a118ed2a512",
  "_system" : {
    "deleted" : false,
    "changeset" : "26:d1f8ed34b12fd3766d3a",
    "created_on" : {
      "timestamp" : "14-Feb-2019 15:32:55",
      "year" : 2019,
      "month" : 1,
      "day_of_month" : 14,
      "hour" : 15,
      "minute" : 32,
      "second" : 55,
      "millisecond" : 817,
      "ms" : 1550158375817,
      "iso_8601" : "2019-02-14T15:32:55Z"
    },
    "created_by" : "admin",
    "created_by_principal_id" : "5bab281f1cb2047f12ba",
    "created_by_principal_domain_id" : "default",
    "modified_on" : {
      "timestamp" : "14-Feb-2019 15:32:55",
      "year" : 2019,
      "month" : 1,
      "day_of_month" : 14,
      "hour" : 15,
      "minute" : 32,
      "second" : 55,
      "millisecond" : 853,
      "ms" : 1550158375853,
      "iso_8601" : "2019-02-14T15:32:55Z"
    },
    "modified_by" : "admin",
    "modified_by_principal_id" : "5bab281f1cb2047f12ba",
    "modified_by_principal_domain_id" : "default",
    "edited_on" : {
      "timestamp" : "14-Feb-2019 15:32:55",
      "year" : 2019,
      "month" : 1,
      "day_of_month" : 14,
      "hour" : 15,
      "minute" : 32,
      "second" : 55,
      "millisecond" : 853,
      "ms" : 1550158375853,
      "iso_8601" : "2019-02-14T15:32:55Z"
    },
    "edited_by" : "admin",
    "edited_by_principal_id" : "5bab281f1cb2047f12ba",
    "edited_by_principal_domain_id" : "default"
  },
  "_qname" : "o:9bd195e26a118ed2a512",
  "_features" : {
    "f:audit" : { },
    "f:titled" : { },
    "f:filename" : {
      "filename" : "Review+%2312+Death+by+Chocolate"
    },
    "f:geolocation" : { },
    "f:indexable" : { }
  }
}