{
  "_system" : {
    "deleted" : false,
    "changeset" : "3:989595a42ea8dfa54ba4",
    "created_on" : {
      "timestamp" : "07-Mar-2023 09:39:15",
      "year" : 2023,
      "month" : 2,
      "day_of_month" : 7,
      "hour" : 9,
      "minute" : 39,
      "second" : 15,
      "millisecond" : 505,
      "ms" : 1678199955505,
      "iso_8601" : "2023-03-07T09:39:15-05:00"
    },
    "created_by" : "admin",
    "created_by_principal_id" : "046cf0d415feaf45bcf2",
    "created_by_principal_domain_id" : "default",
    "modified_on" : {
      "timestamp" : "07-Mar-2023 09:39:15",
      "year" : 2023,
      "month" : 2,
      "day_of_month" : 7,
      "hour" : 9,
      "minute" : 39,
      "second" : 15,
      "millisecond" : 513,
      "ms" : 1678199955513,
      "iso_8601" : "2023-03-07T09:39:15-05:00"
    },
    "modified_by" : "admin",
    "modified_by_principal_id" : "046cf0d415feaf45bcf2",
    "modified_by_principal_domain_id" : "default",
    "edited_on" : {
      "timestamp" : "07-Mar-2023 09:39:15",
      "year" : 2023,
      "month" : 2,
      "day_of_month" : 7,
      "hour" : 9,
      "minute" : 39,
      "second" : 15,
      "millisecond" : 513,
      "ms" : 1678199955513,
      "iso_8601" : "2023-03-07T09:39:15-05:00"
    },
    "edited_by" : "admin",
    "edited_by_principal_id" : "046cf0d415feaf45bcf2",
    "rev" : 3,
    "branch" : "660838eae4eeba015a76",
    "_op" : "create",
    "edited_by_principal_domain_id" : "default"
  },
  "_doc" : "0de8adc29a1cc4d8c2cc",
  "_qname" : "o:0de8adc29a1cc4d8c2cc",
  "_type" : "a:child",
  "directionality" : "DIRECTED",
  "_features" : {
    "f:propagates-authorities" : {
      "enabled" : true
    },
    "f:non-cyclic" : { },
    "f:knowledge-sharing" : {
      "enabled" : true
    },
    "f:audit" : { },
    "f:indexable" : { }
  },
  "source_type" : "n:node",
  "source" : "68c28bfd2b150a7deca0",
  "target_type" : "n:node",
  "target" : "2a7c335e976395be8557"
}