{
  "_system" : {
    "deleted" : false,
    "changeset" : "6:3acd45ff2d4401dd7c27",
    "created_on" : {
      "timestamp" : "14-Feb-2019 15:32:44",
      "year" : 2019,
      "month" : 1,
      "day_of_month" : 14,
      "hour" : 15,
      "minute" : 32,
      "second" : 44,
      "millisecond" : 531,
      "ms" : 1550158364531,
      "iso_8601" : "2019-02-14T15:32:44Z"
    },
    "created_by" : "admin",
    "created_by_principal_id" : "5bab281f1cb2047f12ba",
    "created_by_principal_domain_id" : "default",
    "modified_on" : {
      "timestamp" : "14-Feb-2019 15:32:44",
      "year" : 2019,
      "month" : 1,
      "day_of_month" : 14,
      "hour" : 15,
      "minute" : 32,
      "second" : 44,
      "millisecond" : 543,
      "ms" : 1550158364543,
      "iso_8601" : "2019-02-14T15:32:44Z"
    },
    "modified_by" : "admin",
    "modified_by_principal_id" : "5bab281f1cb2047f12ba",
    "modified_by_principal_domain_id" : "default",
    "edited_on" : {
      "timestamp" : "14-Feb-2019 15:32:44",
      "year" : 2019,
      "month" : 1,
      "day_of_month" : 14,
      "hour" : 15,
      "minute" : 32,
      "second" : 44,
      "millisecond" : 543,
      "ms" : 1550158364543,
      "iso_8601" : "2019-02-14T15:32:44Z"
    },
    "edited_by" : "admin",
    "edited_by_principal_id" : "5bab281f1cb2047f12ba",
    "edited_by_principal_domain_id" : "default"
  },
  "_doc" : "b66f19132decf99506c8",
  "_qname" : "o:b66f19132decf99506c8",
  "_type" : "n:node",
  "_features" : {
    "f:audit" : { },
    "f:titled" : { },
    "f:filename" : {
      "filename" : "Email"
    },
    "f:geolocation" : { },
    "f:indexable" : { },
    "f:container" : { }
  },
  "title" : "Email"
}