{
  "_type" : "n:email_template",
  "_system" : {
    "deleted" : false,
    "changeset" : "7:207d92d41effd58c30db",
    "created_on" : {
      "timestamp" : "19-Nov-2021 22:41:03",
      "year" : 2021,
      "month" : 10,
      "day_of_month" : 19,
      "hour" : 22,
      "minute" : 41,
      "second" : 3,
      "millisecond" : 151,
      "ms" : 1637379663151,
      "iso_8601" : "2021-11-19T22:41:03-05:00"
    },
    "created_by" : "admin",
    "created_by_principal_id" : "e319a2cd626b671ba7f7",
    "created_by_principal_domain_id" : "default",
    "modified_on" : {
      "timestamp" : "19-Nov-2021 22:41:03",
      "year" : 2021,
      "month" : 10,
      "day_of_month" : 19,
      "hour" : 22,
      "minute" : 41,
      "second" : 3,
      "millisecond" : 274,
      "ms" : 1637379663274,
      "iso_8601" : "2021-11-19T22:41:03-05:00"
    },
    "modified_by" : "admin",
    "modified_by_principal_id" : "e319a2cd626b671ba7f7",
    "modified_by_principal_domain_id" : "default",
    "edited_on" : {
      "timestamp" : "19-Nov-2021 22:41:03",
      "year" : 2021,
      "month" : 10,
      "day_of_month" : 19,
      "hour" : 22,
      "minute" : 41,
      "second" : 3,
      "millisecond" : 274,
      "ms" : 1637379663274,
      "iso_8601" : "2021-11-19T22:41:03-05:00"
    },
    "edited_by" : "admin",
    "edited_by_principal_id" : "e319a2cd626b671ba7f7",
    "edited_by_principal_domain_id" : "default",
    "rev" : 7,
    "branch" : "d13c41461bea0e1eaef1",
    "_op" : "create",
    "attachments" : {
      "default" : {
        "contentType" : "text/x-handlebars-template",
        "length" : 472,
        "objectId" : "attachment_ccbc1ad4f3a71a2b6784_38c37a0fbca1ec7382a6",
        "filename" : "default"
      }
    }
  },
  "_doc" : "ccbc1ad4f3a71a2b6784",
  "_qname" : "o:ccbc1ad4f3a71a2b6784",
  "_features" : {
    "f:audit" : { },
    "f:titled" : { },
    "f:filename" : {
      "filename" : "Invite+User+-+Confirmation+Email+Template"
    },
    "f:geolocation" : { },
    "f:indexable" : { }
  },
  "title" : "Invite User - Confirmation Email Template"
}