{
  "title" : "Carl Sagan",
  "firstName" : "Carl",
  "lastName" : "Sagan",
  "slug" : "carl-sagan",
  "_system" : {
    "deleted" : false,
    "changeset" : "11:c8b55af41f4da7f5368c",
    "created_on" : {
      "timestamp" : "20-Oct-2021 09:44:16",
      "year" : 2021,
      "month" : 9,
      "day_of_month" : 20,
      "hour" : 9,
      "minute" : 44,
      "second" : 16,
      "millisecond" : 904,
      "ms" : 1634737456904,
      "iso_8601" : "2021-10-20T09:44:16-04:00"
    },
    "created_by" : "admin",
    "created_by_principal_id" : "2a7c6669601b1ba4c958",
    "created_by_principal_domain_id" : "default",
    "modified_on" : {
      "timestamp" : "20-Oct-2021 09:44:25",
      "year" : 2021,
      "month" : 9,
      "day_of_month" : 20,
      "hour" : 9,
      "minute" : 44,
      "second" : 25,
      "millisecond" : 428,
      "ms" : 1634737465428,
      "iso_8601" : "2021-10-20T09:44:25-04:00"
    },
    "modified_by" : "admin",
    "modified_by_principal_id" : "2a7c6669601b1ba4c958",
    "modified_by_principal_domain_id" : "default",
    "edited_on" : {
      "timestamp" : "20-Oct-2021 09:44:25",
      "year" : 2021,
      "month" : 9,
      "day_of_month" : 20,
      "hour" : 9,
      "minute" : 44,
      "second" : 25,
      "millisecond" : 428,
      "ms" : 1634737465428,
      "iso_8601" : "2021-10-20T09:44:25-04:00"
    },
    "edited_by" : "admin",
    "edited_by_principal_id" : "2a7c6669601b1ba4c958",
    "edited_by_principal_domain_id" : "default",
    "rev" : 11,
    "attachments" : {
      "default" : {
        "contentType" : "image/jpeg",
        "length" : 20989,
        "objectId" : "attachment_3f1a5a15a1d240d0b1eb_ded9c9110decff1a62ec",
        "filename" : "default.jpg"
      }
    },
    "previousChangeset" : "10:3aafeddcbf369ca73ec9",
    "branch" : "c05d26b68d5e6c9699cf",
    "_op" : "update"
  },
  "_doc" : "3f1a5a15a1d240d0b1eb",
  "_qname" : "o:3f1a5a15a1d240d0b1eb",
  "_features" : {
    "f:filename" : {
      "filename" : "Carl_Sagan"
    },
    "f:audit" : { },
    "f:titled" : { },
    "f:geolocation" : { },
    "f:indexable" : { },
    "f:deployment-config" : {
      "default" : {
        "mappings" : [ {
          "type" : "object-to-file",
          "config" : {
            "filepath" : "/store/authors/{{object.slug}}.json"
          }
        }, {
          "type" : "attachment-to-file",
          "config" : {
            "attachmentId" : "*",
            "filepath" : "/store/authors/{{object.slug}}.{{attachment.ext}}"
          }
        } ]
      }
    },
    "f:publishable" : {
      "state" : "approved"
    }
  },
  "_type" : "store:author"
}