{
  "_doc" : "141:439674322e940ac425b9",
  "_system" : {
    "created_on" : {
      "timestamp" : "14-Feb-2019 15:33:37",
      "year" : 2019,
      "month" : 1,
      "day_of_month" : 14,
      "hour" : 15,
      "minute" : 33,
      "second" : 37,
      "millisecond" : 167,
      "ms" : 1550158417167,
      "iso_8601" : "2019-02-14T15:33:37Z"
    },
    "created_by" : "admin",
    "created_by_principal_id" : "5bab281f1cb2047f12ba",
    "created_by_principal_domain_id" : "default",
    "modified_on" : {
      "timestamp" : "14-Feb-2019 15:33:37",
      "year" : 2019,
      "month" : 1,
      "day_of_month" : 14,
      "hour" : 15,
      "minute" : 33,
      "second" : 37,
      "millisecond" : 347,
      "ms" : 1550158417347,
      "iso_8601" : "2019-02-14T15:33:37Z"
    },
    "modified_by" : "admin",
    "modified_by_principal_id" : "5bab281f1cb2047f12ba",
    "modified_by_principal_domain_id" : "default",
    "edited_on" : {
      "timestamp" : "14-Feb-2019 15:33:37",
      "year" : 2019,
      "month" : 1,
      "day_of_month" : 14,
      "hour" : 15,
      "minute" : 33,
      "second" : 37,
      "millisecond" : 347,
      "ms" : 1550158417347,
      "iso_8601" : "2019-02-14T15:33:37Z"
    },
    "edited_by" : "admin",
    "edited_by_principal_id" : "5bab281f1cb2047f12ba",
    "edited_by_principal_domain_id" : "default"
  },
  "revision" : 141,
  "active" : true,
  "parents" : [ "140:ba0b0fb1b35e8afef790" ],
  "branch" : "4a11b3490f5cf2a8a2b7"
}