{
  "type" : "UPDATE",
  "timestamp" : {
    "timestamp" : "27-Oct-2021 15:38:29",
    "year" : 2021,
    "month" : 9,
    "day_of_month" : 27,
    "hour" : 15,
    "minute" : 38,
    "second" : 29,
    "millisecond" : 338,
    "ms" : 1635349109338,
    "iso_8601" : "2021-10-27T15:38:29Z"
  },
  "userDomainId" : "default",
  "userId" : "ed403cd3ae171ad7caf0",
  "userTitle" : "admin",
  "userName" : "admin",
  "objectDatastoreTypeId" : "platform",
  "objectDatastoreId" : "497454044b0555145fd7",
  "objectDatastoreTitle" : "497454044b0555145fd7",
  "objectId" : "a8db999c5898f0b5d950",
  "objectTypeId" : "repository",
  "objectTitle" : "Sample Project 'content' repository",
  "stackId" : "60d86c9f942917d841ff",
  "projectId" : "99607efb08eb40e18532",
  "projectTitle" : "Sample Project",
  "_system" : {
    "created_on" : {
      "timestamp" : "27-Oct-2021 15:38:29",
      "year" : 2021,
      "month" : 9,
      "day_of_month" : 27,
      "hour" : 15,
      "minute" : 38,
      "second" : 29,
      "millisecond" : 342,
      "ms" : 1635349109342,
      "iso_8601" : "2021-10-27T15:38:29Z"
    },
    "created_by" : "admin",
    "created_by_principal_id" : "ed403cd3ae171ad7caf0",
    "created_by_principal_domain_id" : "default",
    "modified_on" : {
      "timestamp" : "27-Oct-2021 15:38:29",
      "year" : 2021,
      "month" : 9,
      "day_of_month" : 27,
      "hour" : 15,
      "minute" : 38,
      "second" : 29,
      "millisecond" : 342,
      "ms" : 1635349109342,
      "iso_8601" : "2021-10-27T15:38:29Z"
    },
    "modified_by" : "admin",
    "modified_by_principal_id" : "ed403cd3ae171ad7caf0",
    "modified_by_principal_domain_id" : "default",
    "edited_on" : {
      "timestamp" : "27-Oct-2021 15:38:29",
      "year" : 2021,
      "month" : 9,
      "day_of_month" : 27,
      "hour" : 15,
      "minute" : 38,
      "second" : 29,
      "millisecond" : 342,
      "ms" : 1635349109342,
      "iso_8601" : "2021-10-27T15:38:29Z"
    },
    "edited_by" : "admin",
    "edited_by_principal_id" : "ed403cd3ae171ad7caf0",
    "edited_by_principal_domain_id" : "default"
  },
  "_doc" : "ac8d9ff5ca4a82b4c6c3"
}