{
  "_system" : {
    "deleted" : false,
    "changeset" : "4:84c2a0a3ae706c9eb0f1",
    "created_on" : {
      "timestamp" : "26-Nov-2021 22:42:33",
      "year" : 2021,
      "month" : 10,
      "day_of_month" : 26,
      "hour" : 22,
      "minute" : 42,
      "second" : 33,
      "millisecond" : 461,
      "ms" : 1637984553461,
      "iso_8601" : "2021-11-26T22:42:33-05:00"
    },
    "created_by" : "admin",
    "created_by_principal_id" : "5bef34d1ea45b9e98ee7",
    "created_by_principal_domain_id" : "default",
    "modified_on" : {
      "timestamp" : "26-Nov-2021 22:42:33",
      "year" : 2021,
      "month" : 10,
      "day_of_month" : 26,
      "hour" : 22,
      "minute" : 42,
      "second" : 33,
      "millisecond" : 474,
      "ms" : 1637984553474,
      "iso_8601" : "2021-11-26T22:42:33-05:00"
    },
    "modified_by" : "admin",
    "modified_by_principal_id" : "5bef34d1ea45b9e98ee7",
    "modified_by_principal_domain_id" : "default",
    "edited_on" : {
      "timestamp" : "26-Nov-2021 22:42:33",
      "year" : 2021,
      "month" : 10,
      "day_of_month" : 26,
      "hour" : 22,
      "minute" : 42,
      "second" : 33,
      "millisecond" : 474,
      "ms" : 1637984553474,
      "iso_8601" : "2021-11-26T22:42:33-05:00"
    },
    "edited_by" : "admin",
    "edited_by_principal_id" : "5bef34d1ea45b9e98ee7",
    "edited_by_principal_domain_id" : "default",
    "rev" : 4,
    "branch" : "9bc800c8fc0417d3210c",
    "_op" : "create"
  },
  "_doc" : "2f968045447194bdeb3c",
  "_qname" : "o:2f968045447194bdeb3c",
  "_type" : "a:child",
  "directionality" : "DIRECTED",
  "_features" : {
    "f:audit" : { },
    "f:indexable" : { },
    "f:propagates-authorities" : {
      "enabled" : true
    },
    "f:non-cyclic" : { },
    "f:knowledge-sharing" : {
      "enabled" : true
    }
  },
  "source_type" : "n:node",
  "source" : "502881bcf826c877133e",
  "target_type" : "n:node",
  "target" : "7e89144655f057450850"
}