{
  "_doc" : "38:f6a4d1c868a1b488bfe5",
  "_system" : {
    "created_on" : {
      "timestamp" : "05-Aug-2021 15:37:16",
      "year" : 2021,
      "month" : 7,
      "day_of_month" : 5,
      "hour" : 15,
      "minute" : 37,
      "second" : 16,
      "millisecond" : 680,
      "ms" : 1628177836680,
      "iso_8601" : "2021-08-05T15:37:16Z"
    },
    "created_by" : "system",
    "created_by_principal_id" : "system",
    "created_by_principal_domain_id" : null,
    "modified_on" : {
      "timestamp" : "05-Aug-2021 15:37:16",
      "year" : 2021,
      "month" : 7,
      "day_of_month" : 5,
      "hour" : 15,
      "minute" : 37,
      "second" : 16,
      "millisecond" : 796,
      "ms" : 1628177836796,
      "iso_8601" : "2021-08-05T15:37:16Z"
    },
    "modified_by" : "system",
    "modified_by_principal_id" : "system",
    "modified_by_principal_domain_id" : null,
    "edited_on" : {
      "timestamp" : "05-Aug-2021 15:37:16",
      "year" : 2021,
      "month" : 7,
      "day_of_month" : 5,
      "hour" : 15,
      "minute" : 37,
      "second" : 16,
      "millisecond" : 680,
      "ms" : 1628177836680,
      "iso_8601" : "2021-08-05T15:37:16Z"
    },
    "edited_by" : "system",
    "edited_by_principal_id" : "system",
    "edited_by_principal_domain_id" : null
  },
  "revision" : 38,
  "active" : true,
  "parents" : [ "37:a8b8373fdf06360158d1" ],
  "branch" : "23fafbfbb544c803da8d"
}