{
  "_doc" : "24:bb40c3b91f8ea7b64c80",
  "_system" : {
    "created_on" : {
      "timestamp" : "26-Nov-2021 22:42:52",
      "year" : 2021,
      "month" : 10,
      "day_of_month" : 26,
      "hour" : 22,
      "minute" : 42,
      "second" : 52,
      "millisecond" : 586,
      "ms" : 1637984572586,
      "iso_8601" : "2021-11-26T22:42:52-05:00"
    },
    "created_by" : "admin",
    "created_by_principal_id" : "5bef34d1ea45b9e98ee7",
    "created_by_principal_domain_id" : "default",
    "modified_on" : {
      "timestamp" : "26-Nov-2021 22:42:52",
      "year" : 2021,
      "month" : 10,
      "day_of_month" : 26,
      "hour" : 22,
      "minute" : 42,
      "second" : 52,
      "millisecond" : 621,
      "ms" : 1637984572621,
      "iso_8601" : "2021-11-26T22:42:52-05:00"
    },
    "modified_by" : "admin",
    "modified_by_principal_id" : "5bef34d1ea45b9e98ee7",
    "modified_by_principal_domain_id" : "default",
    "edited_on" : {
      "timestamp" : "26-Nov-2021 22:42:52",
      "year" : 2021,
      "month" : 10,
      "day_of_month" : 26,
      "hour" : 22,
      "minute" : 42,
      "second" : 52,
      "millisecond" : 621,
      "ms" : 1637984572621,
      "iso_8601" : "2021-11-26T22:42:52-05:00"
    },
    "edited_by" : "admin",
    "edited_by_principal_id" : "5bef34d1ea45b9e98ee7",
    "edited_by_principal_domain_id" : "default"
  },
  "revision" : 24,
  "active" : true,
  "parents" : [ "23:e6eab4d979d27852f445" ],
  "branch" : "9bc800c8fc0417d3210c"
}