{
  "_system" : {
    "deleted" : false,
    "changeset" : "33:b41a5ab18cbb207691b2",
    "created_on" : {
      "timestamp" : "05-Aug-2021 15:37:15",
      "year" : 2021,
      "month" : 7,
      "day_of_month" : 5,
      "hour" : 15,
      "minute" : 37,
      "second" : 15,
      "millisecond" : 970,
      "ms" : 1628177835970,
      "iso_8601" : "2021-08-05T15:37:15Z"
    },
    "created_by" : "system",
    "created_by_principal_id" : "system",
    "modified_on" : {
      "timestamp" : "05-Aug-2021 15:37:16",
      "year" : 2021,
      "month" : 7,
      "day_of_month" : 5,
      "hour" : 15,
      "minute" : 37,
      "second" : 16,
      "millisecond" : 27,
      "ms" : 1628177836027,
      "iso_8601" : "2021-08-05T15:37:16Z"
    },
    "modified_by" : "system",
    "modified_by_principal_id" : "system",
    "edited_on" : {
      "timestamp" : "05-Aug-2021 15:37:15",
      "year" : 2021,
      "month" : 7,
      "day_of_month" : 5,
      "hour" : 15,
      "minute" : 37,
      "second" : 15,
      "millisecond" : 970,
      "ms" : 1628177835970,
      "iso_8601" : "2021-08-05T15:37:15Z"
    },
    "edited_by" : "system",
    "edited_by_principal_id" : "system",
    "rev" : 33,
    "branch" : "23fafbfbb544c803da8d",
    "_op" : "create"
  },
  "_doc" : "e0ed1153ed4a045413c1",
  "_qname" : "o:e0ed1153ed4a045413c1",
  "_type" : "a:has_tag",
  "directionality" : "DIRECTED",
  "_features" : {
    "f:audit" : { },
    "f:indexable" : { }
  },
  "source_type" : "store:book",
  "source" : "3e8cd53490a94c278f79",
  "target_type" : "n:tag",
  "target" : "33ac068d8611e3b5162a"
}