{
  "_system" : {
    "deleted" : false,
    "changeset" : "5:9808c977f9e66bf55258",
    "created_on" : {
      "timestamp" : "20-Oct-2021 14:37:20",
      "year" : 2021,
      "month" : 9,
      "day_of_month" : 20,
      "hour" : 14,
      "minute" : 37,
      "second" : 20,
      "millisecond" : 159,
      "ms" : 1634755040159,
      "iso_8601" : "2021-10-20T14:37:20-04:00"
    },
    "created_by" : "admin",
    "created_by_principal_id" : "b4d6c22caee99692904d",
    "created_by_principal_domain_id" : "default",
    "modified_on" : {
      "timestamp" : "20-Oct-2021 14:37:20",
      "year" : 2021,
      "month" : 9,
      "day_of_month" : 20,
      "hour" : 14,
      "minute" : 37,
      "second" : 20,
      "millisecond" : 175,
      "ms" : 1634755040175,
      "iso_8601" : "2021-10-20T14:37:20-04:00"
    },
    "modified_by" : "admin",
    "modified_by_principal_id" : "b4d6c22caee99692904d",
    "modified_by_principal_domain_id" : "default",
    "edited_on" : {
      "timestamp" : "20-Oct-2021 14:37:20",
      "year" : 2021,
      "month" : 9,
      "day_of_month" : 20,
      "hour" : 14,
      "minute" : 37,
      "second" : 20,
      "millisecond" : 175,
      "ms" : 1634755040175,
      "iso_8601" : "2021-10-20T14:37:20-04:00"
    },
    "edited_by" : "admin",
    "edited_by_principal_id" : "b4d6c22caee99692904d",
    "edited_by_principal_domain_id" : "default",
    "rev" : 5,
    "branch" : "4375d1eb9094255abf40",
    "_op" : "create"
  },
  "_doc" : "7097f0fe323a780ba46a",
  "_qname" : "o:7097f0fe323a780ba46a",
  "_type" : "n:node",
  "_features" : {
    "f:audit" : { },
    "f:titled" : { },
    "f:filename" : {
      "filename" : "Templates"
    },
    "f:geolocation" : { },
    "f:indexable" : { },
    "f:container" : { }
  },
  "title" : "Templates"
}