{
  "type" : "CREATE",
  "timestamp" : {
    "timestamp" : "28-Sep-2020 15:25:29",
    "year" : 2020,
    "month" : 8,
    "day_of_month" : 28,
    "hour" : 15,
    "minute" : 25,
    "second" : 29,
    "millisecond" : 181,
    "ms" : 1601306729181,
    "iso_8601" : "2020-09-28T15:25:29Z"
  },
  "userDomainId" : "default",
  "userId" : "bb39303eba0c35a3d2da",
  "userTitle" : "admin",
  "userName" : "admin",
  "objectDatastoreTypeId" : "repository",
  "objectDatastoreId" : "498224610e7fececb279",
  "objectDatastoreTitle" : "Sample Project 'content' repository",
  "objectId" : "c5bace41dee6a6ee2dfc",
  "objectTypeId" : "association",
  "objectTitle" : "c5bace41dee6a6ee2dfc",
  "stackId" : "f72701f84fe21f3fcb2d",
  "projectId" : "306ea1212729386e883f",
  "projectTitle" : "Sample Project",
  "_system" : {
    "created_on" : {
      "timestamp" : "28-Sep-2020 15:25:29",
      "year" : 2020,
      "month" : 8,
      "day_of_month" : 28,
      "hour" : 15,
      "minute" : 25,
      "second" : 29,
      "millisecond" : 183,
      "ms" : 1601306729183,
      "iso_8601" : "2020-09-28T15:25:29Z"
    },
    "created_by" : "admin",
    "created_by_principal_id" : "bb39303eba0c35a3d2da",
    "created_by_principal_domain_id" : "default",
    "modified_on" : {
      "timestamp" : "28-Sep-2020 15:25:29",
      "year" : 2020,
      "month" : 8,
      "day_of_month" : 28,
      "hour" : 15,
      "minute" : 25,
      "second" : 29,
      "millisecond" : 183,
      "ms" : 1601306729183,
      "iso_8601" : "2020-09-28T15:25:29Z"
    },
    "modified_by" : "admin",
    "modified_by_principal_id" : "bb39303eba0c35a3d2da",
    "modified_by_principal_domain_id" : "default",
    "edited_on" : {
      "timestamp" : "28-Sep-2020 15:25:29",
      "year" : 2020,
      "month" : 8,
      "day_of_month" : 28,
      "hour" : 15,
      "minute" : 25,
      "second" : 29,
      "millisecond" : 183,
      "ms" : 1601306729183,
      "iso_8601" : "2020-09-28T15:25:29Z"
    },
    "edited_by" : "admin",
    "edited_by_principal_id" : "bb39303eba0c35a3d2da",
    "edited_by_principal_domain_id" : "default"
  },
  "_doc" : "2c5868175750fbbe9f86"
}