{
  "_doc" : "4:3de09c0d223492a3f295",
  "_system" : {
    "created_on" : {
      "timestamp" : "07-Mar-2023 09:39:17",
      "year" : 2023,
      "month" : 2,
      "day_of_month" : 7,
      "hour" : 9,
      "minute" : 39,
      "second" : 17,
      "millisecond" : 462,
      "ms" : 1678199957462,
      "iso_8601" : "2023-03-07T09:39:17-05:00"
    },
    "created_by" : "admin",
    "created_by_principal_id" : "046cf0d415feaf45bcf2",
    "created_by_principal_domain_id" : "default",
    "modified_on" : {
      "timestamp" : "07-Mar-2023 09:39:17",
      "year" : 2023,
      "month" : 2,
      "day_of_month" : 7,
      "hour" : 9,
      "minute" : 39,
      "second" : 17,
      "millisecond" : 536,
      "ms" : 1678199957536,
      "iso_8601" : "2023-03-07T09:39:17-05:00"
    },
    "modified_by" : "admin",
    "modified_by_principal_id" : "046cf0d415feaf45bcf2",
    "modified_by_principal_domain_id" : "default",
    "edited_on" : {
      "timestamp" : "07-Mar-2023 09:39:17",
      "year" : 2023,
      "month" : 2,
      "day_of_month" : 7,
      "hour" : 9,
      "minute" : 39,
      "second" : 17,
      "millisecond" : 536,
      "ms" : 1678199957536,
      "iso_8601" : "2023-03-07T09:39:17-05:00"
    },
    "edited_by" : "admin",
    "edited_by_principal_id" : "046cf0d415feaf45bcf2",
    "edited_by_principal_domain_id" : "default"
  },
  "revision" : 4,
  "active" : true,
  "parents" : [ "3:989595a42ea8dfa54ba4" ],
  "branch" : "660838eae4eeba015a76"
}