{
  "type" : "UPDATE",
  "timestamp" : {
    "timestamp" : "30-Nov-2018 13:13:15",
    "year" : 2018,
    "month" : 10,
    "day_of_month" : 30,
    "hour" : 13,
    "minute" : 13,
    "second" : 15,
    "millisecond" : 818,
    "ms" : 1543601595818,
    "iso_8601" : "2018-11-30T13:13:15-05:00"
  },
  "userDomainId" : "default",
  "userId" : "b21109a86c218d02306f",
  "userTitle" : "admin",
  "userName" : "admin",
  "objectDatastoreTypeId" : "platform",
  "objectDatastoreId" : "4f1b3d609f298befd197",
  "objectDatastoreTitle" : "4f1b3d609f298befd197",
  "objectId" : "633ed6cf1733de643c77",
  "objectTypeId" : "application",
  "objectTitle" : "Sample Web Application",
  "stackId" : "6931bd635578ad329684",
  "projectId" : "4386fa9d4fbaa4754d5e",
  "projectTitle" : "Sample Project",
  "_system" : {
    "created_on" : {
      "timestamp" : "30-Nov-2018 13:13:15",
      "year" : 2018,
      "month" : 10,
      "day_of_month" : 30,
      "hour" : 13,
      "minute" : 13,
      "second" : 15,
      "millisecond" : 821,
      "ms" : 1543601595821,
      "iso_8601" : "2018-11-30T13:13:15-05:00"
    },
    "created_by" : "admin",
    "created_by_principal_id" : "b21109a86c218d02306f",
    "created_by_principal_domain_id" : "default",
    "modified_on" : {
      "timestamp" : "30-Nov-2018 13:13:15",
      "year" : 2018,
      "month" : 10,
      "day_of_month" : 30,
      "hour" : 13,
      "minute" : 13,
      "second" : 15,
      "millisecond" : 821,
      "ms" : 1543601595821,
      "iso_8601" : "2018-11-30T13:13:15-05:00"
    },
    "modified_by" : "admin",
    "modified_by_principal_id" : "b21109a86c218d02306f",
    "modified_by_principal_domain_id" : "default",
    "edited_on" : {
      "timestamp" : "30-Nov-2018 13:13:15",
      "year" : 2018,
      "month" : 10,
      "day_of_month" : 30,
      "hour" : 13,
      "minute" : 13,
      "second" : 15,
      "millisecond" : 821,
      "ms" : 1543601595821,
      "iso_8601" : "2018-11-30T13:13:15-05:00"
    },
    "edited_by" : "admin",
    "edited_by_principal_id" : "b21109a86c218d02306f",
    "edited_by_principal_domain_id" : "default"
  },
  "_doc" : "4852c1373d8ebb084f14"
}