{
  "title" : "Book",
  "_qname" : "store:book",
  "_type" : "d:type",
  "type" : "object",
  "properties" : {
    "title" : {
      "type" : "string"
    },
    "description" : {
      "type" : "string"
    },
    "summary" : {
      "type" : "string"
    },
    "author" : {
      "type" : "object",
      "_relator" : {
        "associationType" : "store:authored-by",
        "nodeType" : "store:author"
      }
    },
    "recommendations" : {
      "type" : "array",
      "items" : {
        "type" : "object",
        "_relator" : {
          "associationType" : "store:suggests",
          "nodeType" : "store:book"
        }
      }
    },
    "tags" : {
      "type" : "array",
      "items" : {
        "type" : "string"
      }
    }
  },
  "mandatoryFeatures" : {
    "f:taggable" : {
      "enabled" : true
    }
  },
  "_system" : {
    "deleted" : false,
    "changeset" : "0:root",
    "modified_on" : {
      "timestamp" : "19-Apr-2019 20:08:36",
      "year" : 2019,
      "month" : 3,
      "day_of_month" : 19,
      "hour" : 20,
      "minute" : 8,
      "second" : 36,
      "millisecond" : 481,
      "ms" : 1555704516481,
      "iso_8601" : "2019-04-19T20:08:36Z"
    },
    "modified_by" : "admin",
    "modified_by_principal_id" : "74004ce2e8561e763ac4",
    "modified_by_principal_domain_id" : "default",
    "edited_on" : {
      "timestamp" : "19-Apr-2019 20:08:36",
      "year" : 2019,
      "month" : 3,
      "day_of_month" : 19,
      "hour" : 20,
      "minute" : 8,
      "second" : 36,
      "millisecond" : 481,
      "ms" : 1555704516481,
      "iso_8601" : "2019-04-19T20:08:36Z"
    },
    "edited_by" : "admin",
    "edited_by_principal_id" : "74004ce2e8561e763ac4",
    "edited_by_principal_domain_id" : "default",
    "created_on" : {
      "timestamp" : "19-Apr-2019 20:08:36",
      "year" : 2019,
      "month" : 3,
      "day_of_month" : 19,
      "hour" : 20,
      "minute" : 8,
      "second" : 36,
      "millisecond" : 481,
      "ms" : 1555704516481,
      "iso_8601" : "2019-04-19T20:08:36Z"
    },
    "created_by" : "admin",
    "created_by_principal_id" : "74004ce2e8561e763ac4",
    "created_by_principal_domain_id" : "default"
  },
  "_parent" : "n:node",
  "_doc" : "6f2a35fa89efe19185a0"
}