{
  "_type" : "catalog:product-review",
  "title" : "Review #32 Life Changing",
  "author" : "johnny.carson",
  "body" : "I made these for a party. These were life changing. I don’t know how else to describe how fabulous they are! Thank you so much for sharing this recipe.",
  "rating" : 3,
  "_doc" : "4cc6bba7efd98c8eaae5",
  "_system" : {
    "deleted" : false,
    "changeset" : "31:6aba5c90d0b59a2836fe",
    "created_on" : {
      "timestamp" : "14-Feb-2019 15:32:58",
      "year" : 2019,
      "month" : 1,
      "day_of_month" : 14,
      "hour" : 15,
      "minute" : 32,
      "second" : 58,
      "millisecond" : 748,
      "ms" : 1550158378748,
      "iso_8601" : "2019-02-14T15:32:58Z"
    },
    "created_by" : "admin",
    "created_by_principal_id" : "5bab281f1cb2047f12ba",
    "created_by_principal_domain_id" : "default",
    "modified_on" : {
      "timestamp" : "14-Feb-2019 15:32:58",
      "year" : 2019,
      "month" : 1,
      "day_of_month" : 14,
      "hour" : 15,
      "minute" : 32,
      "second" : 58,
      "millisecond" : 788,
      "ms" : 1550158378788,
      "iso_8601" : "2019-02-14T15:32:58Z"
    },
    "modified_by" : "admin",
    "modified_by_principal_id" : "5bab281f1cb2047f12ba",
    "modified_by_principal_domain_id" : "default",
    "edited_on" : {
      "timestamp" : "14-Feb-2019 15:32:58",
      "year" : 2019,
      "month" : 1,
      "day_of_month" : 14,
      "hour" : 15,
      "minute" : 32,
      "second" : 58,
      "millisecond" : 788,
      "ms" : 1550158378788,
      "iso_8601" : "2019-02-14T15:32:58Z"
    },
    "edited_by" : "admin",
    "edited_by_principal_id" : "5bab281f1cb2047f12ba",
    "edited_by_principal_domain_id" : "default"
  },
  "_qname" : "o:4cc6bba7efd98c8eaae5",
  "_features" : {
    "f:audit" : { },
    "f:titled" : { },
    "f:filename" : {
      "filename" : "Review+%2332+Life+Changing"
    },
    "f:geolocation" : { },
    "f:indexable" : { }
  }
}