{
  "title" : "Jane Austen",
  "firstName" : "Jane",
  "lastName" : "Austen",
  "slug" : "jane-austen",
  "_system" : {
    "deleted" : false,
    "changeset" : "20:7c51238e6c747585e881",
    "created_on" : {
      "timestamp" : "20-Oct-2021 00:03:25",
      "year" : 2021,
      "month" : 9,
      "day_of_month" : 20,
      "hour" : 0,
      "minute" : 3,
      "second" : 25,
      "millisecond" : 598,
      "ms" : 1634702605598,
      "iso_8601" : "2021-10-20T00:03:25-04:00"
    },
    "created_by" : "admin",
    "created_by_principal_id" : "2a7c6669601b1ba4c958",
    "created_by_principal_domain_id" : "default",
    "modified_on" : {
      "timestamp" : "20-Oct-2021 00:03:36",
      "year" : 2021,
      "month" : 9,
      "day_of_month" : 20,
      "hour" : 0,
      "minute" : 3,
      "second" : 36,
      "millisecond" : 244,
      "ms" : 1634702616244,
      "iso_8601" : "2021-10-20T00:03:36-04:00"
    },
    "modified_by" : "admin",
    "modified_by_principal_id" : "2a7c6669601b1ba4c958",
    "modified_by_principal_domain_id" : "default",
    "edited_on" : {
      "timestamp" : "20-Oct-2021 00:03:36",
      "year" : 2021,
      "month" : 9,
      "day_of_month" : 20,
      "hour" : 0,
      "minute" : 3,
      "second" : 36,
      "millisecond" : 244,
      "ms" : 1634702616244,
      "iso_8601" : "2021-10-20T00:03:36-04:00"
    },
    "edited_by" : "admin",
    "edited_by_principal_id" : "2a7c6669601b1ba4c958",
    "edited_by_principal_domain_id" : "default",
    "rev" : 20,
    "previousChangeset" : "19:30c042c6b632899c29b3",
    "branch" : "a73f26b4127e018473e1",
    "_op" : "update"
  },
  "_doc" : "1820a48494ec4f65a941",
  "_qname" : "o:1820a48494ec4f65a941",
  "_features" : {
    "f:filename" : {
      "filename" : "Jane_Austen"
    },
    "f:audit" : { },
    "f:titled" : { },
    "f:geolocation" : { },
    "f:indexable" : { },
    "f:deployment-config" : {
      "default" : {
        "mappings" : [ {
          "type" : "object-to-file",
          "config" : {
            "filepath" : "/store/authors/{{object.slug}}.json"
          }
        }, {
          "type" : "attachment-to-file",
          "config" : {
            "attachmentId" : "*",
            "filepath" : "/store/authors/{{object.slug}}.{{attachment.ext}}"
          }
        } ]
      }
    },
    "f:related" : { },
    "f:publishable" : {
      "state" : "approved"
    }
  },
  "_type" : "store:author"
}