{
  "teamableObjectTypeId" : "repository",
  "teamableObjectId" : "6682b7301a9cd9aa9e2c",
  "key" : "owners",
  "groupId" : "ef0bcf4899f8ff217de0",
  "groupDomainId" : "517f3cccd310dd6b487b",
  "roleKeys" : [ "owner" ],
  "title" : "Owners",
  "description" : "Owners Team",
  "_system" : {
    "created_on" : {
      "timestamp" : "07-Mar-2023 09:39:12",
      "year" : 2023,
      "month" : 2,
      "day_of_month" : 7,
      "hour" : 9,
      "minute" : 39,
      "second" : 12,
      "millisecond" : 821,
      "ms" : 1678199952821,
      "iso_8601" : "2023-03-07T09:39:12-05:00"
    },
    "created_by" : "admin",
    "created_by_principal_id" : "046cf0d415feaf45bcf2",
    "created_by_principal_domain_id" : "default",
    "modified_on" : {
      "timestamp" : "07-Mar-2023 09:39:12",
      "year" : 2023,
      "month" : 2,
      "day_of_month" : 7,
      "hour" : 9,
      "minute" : 39,
      "second" : 12,
      "millisecond" : 821,
      "ms" : 1678199952821,
      "iso_8601" : "2023-03-07T09:39:12-05:00"
    },
    "modified_by" : "admin",
    "modified_by_principal_id" : "046cf0d415feaf45bcf2",
    "modified_by_principal_domain_id" : "default",
    "edited_on" : {
      "timestamp" : "07-Mar-2023 09:39:12",
      "year" : 2023,
      "month" : 2,
      "day_of_month" : 7,
      "hour" : 9,
      "minute" : 39,
      "second" : 12,
      "millisecond" : 821,
      "ms" : 1678199952821,
      "iso_8601" : "2023-03-07T09:39:12-05:00"
    },
    "edited_by" : "admin",
    "edited_by_principal_id" : "046cf0d415feaf45bcf2",
    "edited_by_principal_domain_id" : "default"
  },
  "_doc" : "7f01e33bcf05cbcecd3f"
}