{
  "_doc" : "5:9808c977f9e66bf55258",
  "_system" : {
    "created_on" : {
      "timestamp" : "20-Oct-2021 14:37:20",
      "year" : 2021,
      "month" : 9,
      "day_of_month" : 20,
      "hour" : 14,
      "minute" : 37,
      "second" : 20,
      "millisecond" : 156,
      "ms" : 1634755040156,
      "iso_8601" : "2021-10-20T14:37:20-04:00"
    },
    "created_by" : "admin",
    "created_by_principal_id" : "b4d6c22caee99692904d",
    "created_by_principal_domain_id" : "default",
    "modified_on" : {
      "timestamp" : "20-Oct-2021 14:37:20",
      "year" : 2021,
      "month" : 9,
      "day_of_month" : 20,
      "hour" : 14,
      "minute" : 37,
      "second" : 20,
      "millisecond" : 283,
      "ms" : 1634755040283,
      "iso_8601" : "2021-10-20T14:37:20-04:00"
    },
    "modified_by" : "admin",
    "modified_by_principal_id" : "b4d6c22caee99692904d",
    "modified_by_principal_domain_id" : "default",
    "edited_on" : {
      "timestamp" : "20-Oct-2021 14:37:20",
      "year" : 2021,
      "month" : 9,
      "day_of_month" : 20,
      "hour" : 14,
      "minute" : 37,
      "second" : 20,
      "millisecond" : 283,
      "ms" : 1634755040283,
      "iso_8601" : "2021-10-20T14:37:20-04:00"
    },
    "edited_by" : "admin",
    "edited_by_principal_id" : "b4d6c22caee99692904d",
    "edited_by_principal_domain_id" : "default"
  },
  "revision" : 5,
  "active" : true,
  "parents" : [ "4:6239d94f357721bf0261" ],
  "branch" : "4375d1eb9094255abf40"
}