{
  "_system" : {
    "deleted" : false,
    "changeset" : "6:b288c1fb6dcbe36bc60b",
    "created_on" : {
      "timestamp" : "20-Oct-2021 09:34:03",
      "year" : 2021,
      "month" : 9,
      "day_of_month" : 20,
      "hour" : 9,
      "minute" : 34,
      "second" : 3,
      "millisecond" : 633,
      "ms" : 1634736843633,
      "iso_8601" : "2021-10-20T09:34:03-04:00"
    },
    "created_by" : "admin",
    "created_by_principal_id" : "2a7c6669601b1ba4c958",
    "created_by_principal_domain_id" : "default",
    "modified_on" : {
      "timestamp" : "20-Oct-2021 09:34:03",
      "year" : 2021,
      "month" : 9,
      "day_of_month" : 20,
      "hour" : 9,
      "minute" : 34,
      "second" : 3,
      "millisecond" : 646,
      "ms" : 1634736843646,
      "iso_8601" : "2021-10-20T09:34:03-04:00"
    },
    "modified_by" : "admin",
    "modified_by_principal_id" : "2a7c6669601b1ba4c958",
    "modified_by_principal_domain_id" : "default",
    "edited_on" : {
      "timestamp" : "20-Oct-2021 09:34:03",
      "year" : 2021,
      "month" : 9,
      "day_of_month" : 20,
      "hour" : 9,
      "minute" : 34,
      "second" : 3,
      "millisecond" : 646,
      "ms" : 1634736843646,
      "iso_8601" : "2021-10-20T09:34:03-04:00"
    },
    "edited_by" : "admin",
    "edited_by_principal_id" : "2a7c6669601b1ba4c958",
    "edited_by_principal_domain_id" : "default",
    "rev" : 6,
    "branch" : "1ad06a3e9160fdc88c85",
    "_op" : "create"
  },
  "_doc" : "4d88a3836463f14601e9",
  "_qname" : "o:4d88a3836463f14601e9",
  "_type" : "a:child",
  "directionality" : "DIRECTED",
  "_features" : {
    "f:audit" : { },
    "f:indexable" : { },
    "f:propagates-authorities" : {
      "enabled" : true
    },
    "f:non-cyclic" : { },
    "f:knowledge-sharing" : {
      "enabled" : true
    }
  },
  "source_type" : "n:node",
  "source" : "06ce336273416acb3b5d",
  "target_type" : "n:node",
  "target" : "876f34ecd9d2848c5ae1"
}