{
  "title" : "Master Form",
  "fields" : {
    "title" : {
      "type" : "text",
      "label" : "Title"
    },
    "summary" : {
      "type" : "textarea",
      "label" : "Summary"
    },
    "body" : {
      "type" : "ckeditor",
      "label" : "Body",
      "ckeditor" : {
        "toolbar" : [ [ "Format", "Font", "FontSize" ], [ "Bold", "Italic", "Underline", "StrikeThrough", "-", "Undo", "Redo", "-", "Cut", "Copy", "Paste", "Find", "Replace", "-", "Outdent", "Indent", "-", "Print" ], "/", [ "NumberedList", "BulletedList", "-", "JustifyLeft", "JustifyCenter", "JustifyRight", "JustifyBlock" ], [ "Image", "Table", "-", "Link", "Flash", "Smiley", "TextColor", "BGColor", "Source" ] ]
      }
    },
    "state" : {
      "type" : "state",
      "label" : "State"
    },
    "loc" : {
      "type" : "object",
      "label" : "Location",
      "fields" : {
        "latitude" : {
          "type" : "number",
          "label" : "Latitude"
        },
        "longitude" : {
          "type" : "number",
          "label" : "Longitude"
        }
      }
    }
  },
  "engineId" : "alpaca1",
  "_type" : "n:form",
  "_system" : {
    "deleted" : false,
    "changeset" : "0:root",
    "modified_on" : {
      "timestamp" : "19-Apr-2019 20:08:36",
      "year" : 2019,
      "month" : 3,
      "day_of_month" : 19,
      "hour" : 20,
      "minute" : 8,
      "second" : 36,
      "millisecond" : 130,
      "ms" : 1555704516130,
      "iso_8601" : "2019-04-19T20:08:36Z"
    },
    "modified_by" : "admin",
    "modified_by_principal_id" : "74004ce2e8561e763ac4",
    "modified_by_principal_domain_id" : "default",
    "edited_on" : {
      "timestamp" : "19-Apr-2019 20:08:36",
      "year" : 2019,
      "month" : 3,
      "day_of_month" : 19,
      "hour" : 20,
      "minute" : 8,
      "second" : 36,
      "millisecond" : 130,
      "ms" : 1555704516130,
      "iso_8601" : "2019-04-19T20:08:36Z"
    },
    "edited_by" : "admin",
    "edited_by_principal_id" : "74004ce2e8561e763ac4",
    "edited_by_principal_domain_id" : "default",
    "created_on" : {
      "timestamp" : "19-Apr-2019 20:08:36",
      "year" : 2019,
      "month" : 3,
      "day_of_month" : 19,
      "hour" : 20,
      "minute" : 8,
      "second" : 36,
      "millisecond" : 130,
      "ms" : 1555704516130,
      "iso_8601" : "2019-04-19T20:08:36Z"
    },
    "created_by" : "admin",
    "created_by_principal_id" : "74004ce2e8561e763ac4",
    "created_by_principal_domain_id" : "default"
  },
  "_qname" : "o:c379e2b2e26bf42d5ffe",
  "_features" : {
    "f:audit" : { },
    "f:titled" : { },
    "f:filename" : {
      "filename" : "Master_Form"
    },
    "f:geolocation" : { },
    "f:indexable" : { }
  },
  "_doc" : "c379e2b2e26bf42d5ffe"
}