{
  "_system" : {
    "deleted" : false,
    "changeset" : "2:4f5eb9a86594209440bf",
    "created_on" : {
      "timestamp" : "14-Feb-2019 15:32:43",
      "year" : 2019,
      "month" : 1,
      "day_of_month" : 14,
      "hour" : 15,
      "minute" : 32,
      "second" : 43,
      "millisecond" : 781,
      "ms" : 1550158363781,
      "iso_8601" : "2019-02-14T15:32:43Z"
    },
    "created_by" : "admin",
    "created_by_principal_id" : "5bab281f1cb2047f12ba",
    "created_by_principal_domain_id" : "default",
    "modified_on" : {
      "timestamp" : "14-Feb-2019 15:32:43",
      "year" : 2019,
      "month" : 1,
      "day_of_month" : 14,
      "hour" : 15,
      "minute" : 32,
      "second" : 43,
      "millisecond" : 793,
      "ms" : 1550158363793,
      "iso_8601" : "2019-02-14T15:32:43Z"
    },
    "modified_by" : "admin",
    "modified_by_principal_id" : "5bab281f1cb2047f12ba",
    "modified_by_principal_domain_id" : "default",
    "edited_on" : {
      "timestamp" : "14-Feb-2019 15:32:43",
      "year" : 2019,
      "month" : 1,
      "day_of_month" : 14,
      "hour" : 15,
      "minute" : 32,
      "second" : 43,
      "millisecond" : 793,
      "ms" : 1550158363793,
      "iso_8601" : "2019-02-14T15:32:43Z"
    },
    "edited_by" : "admin",
    "edited_by_principal_id" : "5bab281f1cb2047f12ba",
    "edited_by_principal_domain_id" : "default"
  },
  "_doc" : "b57854a415c888fc4b26",
  "_qname" : "o:b57854a415c888fc4b26",
  "_type" : "n:node",
  "_features" : {
    "f:audit" : { },
    "f:titled" : { },
    "f:filename" : {
      "filename" : "Theme"
    },
    "f:geolocation" : { },
    "f:indexable" : { },
    "f:container" : { }
  },
  "title" : "Theme"
}