{
  "_system" : {
    "deleted" : false,
    "changeset" : "8:9fa58392667b6675d702",
    "created_on" : {
      "timestamp" : "26-Nov-2021 22:42:34",
      "year" : 2021,
      "month" : 10,
      "day_of_month" : 26,
      "hour" : 22,
      "minute" : 42,
      "second" : 34,
      "millisecond" : 461,
      "ms" : 1637984554461,
      "iso_8601" : "2021-11-26T22:42:34-05:00"
    },
    "created_by" : "admin",
    "created_by_principal_id" : "5bef34d1ea45b9e98ee7",
    "created_by_principal_domain_id" : "default",
    "modified_on" : {
      "timestamp" : "26-Nov-2021 22:42:34",
      "year" : 2021,
      "month" : 10,
      "day_of_month" : 26,
      "hour" : 22,
      "minute" : 42,
      "second" : 34,
      "millisecond" : 475,
      "ms" : 1637984554475,
      "iso_8601" : "2021-11-26T22:42:34-05:00"
    },
    "modified_by" : "admin",
    "modified_by_principal_id" : "5bef34d1ea45b9e98ee7",
    "modified_by_principal_domain_id" : "default",
    "edited_on" : {
      "timestamp" : "26-Nov-2021 22:42:34",
      "year" : 2021,
      "month" : 10,
      "day_of_month" : 26,
      "hour" : 22,
      "minute" : 42,
      "second" : 34,
      "millisecond" : 475,
      "ms" : 1637984554475,
      "iso_8601" : "2021-11-26T22:42:34-05:00"
    },
    "edited_by" : "admin",
    "edited_by_principal_id" : "5bef34d1ea45b9e98ee7",
    "edited_by_principal_domain_id" : "default",
    "rev" : 8,
    "branch" : "9bc800c8fc0417d3210c",
    "_op" : "create"
  },
  "_doc" : "c9a763f73c5093f3b494",
  "_qname" : "o:c9a763f73c5093f3b494",
  "_type" : "a:child",
  "directionality" : "DIRECTED",
  "_features" : {
    "f:audit" : { },
    "f:indexable" : { },
    "f:propagates-authorities" : {
      "enabled" : true
    },
    "f:non-cyclic" : { },
    "f:knowledge-sharing" : {
      "enabled" : true
    }
  },
  "source_type" : "n:node",
  "source" : "529b0475ddc0adfbf01a",
  "target_type" : "n:email_template",
  "target" : "c7c9bc5034258229fa6a"
}