{
  "principal-id" : "afcd76a5eafd2916ec6b",
  "principal-domain" : "1f711dba35910aa24705",
  "principal-name" : "appuser-88b433dc29d756a2ab41",
  "_system" : {
    "deleted" : false,
    "changeset" : "0:root",
    "created_on" : {
      "timestamp" : "19-Apr-2019 20:09:39",
      "year" : 2019,
      "month" : 3,
      "day_of_month" : 19,
      "hour" : 20,
      "minute" : 9,
      "second" : 39,
      "millisecond" : 783,
      "ms" : 1555704579783,
      "iso_8601" : "2019-04-19T20:09:39Z"
    },
    "created_by" : "system",
    "created_by_principal_id" : "system",
    "created_by_principal_domain_id" : null,
    "modified_on" : {
      "timestamp" : "19-Apr-2019 20:09:39",
      "year" : 2019,
      "month" : 3,
      "day_of_month" : 19,
      "hour" : 20,
      "minute" : 9,
      "second" : 39,
      "millisecond" : 805,
      "ms" : 1555704579805,
      "iso_8601" : "2019-04-19T20:09:39Z"
    },
    "modified_by" : "system",
    "modified_by_principal_id" : "system",
    "modified_by_principal_domain_id" : null,
    "edited_on" : {
      "timestamp" : "19-Apr-2019 20:09:39",
      "year" : 2019,
      "month" : 3,
      "day_of_month" : 19,
      "hour" : 20,
      "minute" : 9,
      "second" : 39,
      "millisecond" : 783,
      "ms" : 1555704579783,
      "iso_8601" : "2019-04-19T20:09:39Z"
    },
    "edited_by" : "system",
    "edited_by_principal_id" : "system",
    "edited_by_principal_domain_id" : null
  },
  "_doc" : "918d60d3bc7c3d0a6b48",
  "_qname" : "o:918d60d3bc7c3d0a6b48",
  "_type" : "n:person",
  "_features" : {
    "f:audit" : { },
    "f:titled" : { },
    "f:filename" : {
      "filename" : "918d60d3bc7c3d0a6b48"
    },
    "f:geolocation" : { },
    "f:indexable" : { }
  }
}