{
  "_features" : {
    "f:relator" : {
      "propertyHolder" : "source",
      "propertyPath" : "/author",
      "active" : true
    },
    "f:audit" : { },
    "f:indexable" : { }
  },
  "source" : "11d3b1c1e30b4ef0b0b3",
  "source_type" : "store:book",
  "target" : "ff415d5065e842419510",
  "target_type" : "store:author",
  "directionality" : "DIRECTED",
  "_system" : {
    "deleted" : false,
    "changeset" : "28:f092b76b83c6713d9452",
    "created_on" : {
      "timestamp" : "19-Nov-2021 22:41:24",
      "year" : 2021,
      "month" : 10,
      "day_of_month" : 19,
      "hour" : 22,
      "minute" : 41,
      "second" : 24,
      "millisecond" : 691,
      "ms" : 1637379684691,
      "iso_8601" : "2021-11-19T22:41:24-05:00"
    },
    "created_by" : "admin",
    "created_by_principal_id" : "e319a2cd626b671ba7f7",
    "created_by_principal_domain_id" : "default",
    "modified_on" : {
      "timestamp" : "19-Nov-2021 22:41:24",
      "year" : 2021,
      "month" : 10,
      "day_of_month" : 19,
      "hour" : 22,
      "minute" : 41,
      "second" : 24,
      "millisecond" : 748,
      "ms" : 1637379684748,
      "iso_8601" : "2021-11-19T22:41:24-05:00"
    },
    "modified_by" : "admin",
    "modified_by_principal_id" : "e319a2cd626b671ba7f7",
    "modified_by_principal_domain_id" : "default",
    "edited_on" : {
      "timestamp" : "19-Nov-2021 22:41:24",
      "year" : 2021,
      "month" : 10,
      "day_of_month" : 19,
      "hour" : 22,
      "minute" : 41,
      "second" : 24,
      "millisecond" : 748,
      "ms" : 1637379684748,
      "iso_8601" : "2021-11-19T22:41:24-05:00"
    },
    "edited_by" : "admin",
    "edited_by_principal_id" : "e319a2cd626b671ba7f7",
    "edited_by_principal_domain_id" : "default",
    "rev" : 28,
    "branch" : "d13c41461bea0e1eaef1",
    "_op" : "create"
  },
  "_doc" : "11c74cb7a7bba8b50c83",
  "_qname" : "o:11c74cb7a7bba8b50c83",
  "_type" : "store:authored-by"
}