{
  "primary" : true,
  "defaultDirectoryId" : "f90bfe9b7197eb06b107",
  "platformId" : "28b3e8dfea1ba2c05c57",
  "datastoreId" : "78981089f96c14a8b699",
  "datastoreTypeId" : "domain",
  "enableAuditing" : false,
  "enableAuthorities" : true,
  "maxsize" : -1,
  "size" : 0,
  "objectcount" : 0,
  "_system" : {
    "created_on" : {
      "timestamp" : "09-Jul-2020 15:32:27",
      "year" : 2020,
      "month" : 6,
      "day_of_month" : 9,
      "hour" : 15,
      "minute" : 32,
      "second" : 27,
      "millisecond" : 729,
      "ms" : 1594308747729,
      "iso_8601" : "2020-07-09T15:32:27Z"
    },
    "created_by" : "system",
    "created_by_principal_id" : "system",
    "created_by_principal_domain_id" : null,
    "modified_on" : {
      "timestamp" : "09-Jul-2020 15:32:28",
      "year" : 2020,
      "month" : 6,
      "day_of_month" : 9,
      "hour" : 15,
      "minute" : 32,
      "second" : 28,
      "millisecond" : 116,
      "ms" : 1594308748116,
      "iso_8601" : "2020-07-09T15:32:28Z"
    },
    "modified_by" : "system",
    "modified_by_principal_id" : "system",
    "modified_by_principal_domain_id" : null,
    "edited_on" : {
      "timestamp" : "09-Jul-2020 15:32:27",
      "year" : 2020,
      "month" : 6,
      "day_of_month" : 9,
      "hour" : 15,
      "minute" : 32,
      "second" : 27,
      "millisecond" : 729,
      "ms" : 1594308747729,
      "iso_8601" : "2020-07-09T15:32:27Z"
    },
    "edited_by" : "system",
    "edited_by_principal_id" : "system",
    "edited_by_principal_domain_id" : null
  },
  "_doc" : "1660c385eb8de5a28f17",
  "statisticsDate" : {
    "timestamp" : "01-Jan-1970 00:00:00",
    "year" : 1970,
    "month" : 0,
    "day_of_month" : 1,
    "hour" : 0,
    "minute" : 0,
    "second" : 0,
    "millisecond" : 1,
    "ms" : 1,
    "iso_8601" : "1970-01-01T00:00:00Z"
  },
  "statisticsDirty" : true
}