{
  "_doc" : "25:4cf91bff9a16e53965dd",
  "_system" : {
    "created_on" : {
      "timestamp" : "20-Oct-2021 14:37:39",
      "year" : 2021,
      "month" : 9,
      "day_of_month" : 20,
      "hour" : 14,
      "minute" : 37,
      "second" : 39,
      "millisecond" : 551,
      "ms" : 1634755059551,
      "iso_8601" : "2021-10-20T14:37:39-04:00"
    },
    "created_by" : "admin",
    "created_by_principal_id" : "b4d6c22caee99692904d",
    "created_by_principal_domain_id" : "default",
    "modified_on" : {
      "timestamp" : "20-Oct-2021 14:37:39",
      "year" : 2021,
      "month" : 9,
      "day_of_month" : 20,
      "hour" : 14,
      "minute" : 37,
      "second" : 39,
      "millisecond" : 631,
      "ms" : 1634755059631,
      "iso_8601" : "2021-10-20T14:37:39-04:00"
    },
    "modified_by" : "admin",
    "modified_by_principal_id" : "b4d6c22caee99692904d",
    "modified_by_principal_domain_id" : "default",
    "edited_on" : {
      "timestamp" : "20-Oct-2021 14:37:39",
      "year" : 2021,
      "month" : 9,
      "day_of_month" : 20,
      "hour" : 14,
      "minute" : 37,
      "second" : 39,
      "millisecond" : 631,
      "ms" : 1634755059631,
      "iso_8601" : "2021-10-20T14:37:39-04:00"
    },
    "edited_by" : "admin",
    "edited_by_principal_id" : "b4d6c22caee99692904d",
    "edited_by_principal_domain_id" : "default"
  },
  "revision" : 25,
  "active" : true,
  "parents" : [ "24:2b0e736b914725b38e58" ],
  "branch" : "4375d1eb9094255abf40"
}