{
  "_doc" : "41:f6582e84eae35ca71751",
  "_system" : {
    "created_on" : {
      "timestamp" : "31-Aug-2022 15:26:24",
      "year" : 2022,
      "month" : 7,
      "day_of_month" : 31,
      "hour" : 15,
      "minute" : 26,
      "second" : 24,
      "millisecond" : 76,
      "ms" : 1661959584076,
      "iso_8601" : "2022-08-31T15:26:24Z"
    },
    "created_by" : "admin",
    "created_by_principal_id" : "2f873756d87a4ad1befc",
    "created_by_principal_domain_id" : "default",
    "modified_on" : {
      "timestamp" : "31-Aug-2022 15:26:24",
      "year" : 2022,
      "month" : 7,
      "day_of_month" : 31,
      "hour" : 15,
      "minute" : 26,
      "second" : 24,
      "millisecond" : 131,
      "ms" : 1661959584131,
      "iso_8601" : "2022-08-31T15:26:24Z"
    },
    "modified_by" : "admin",
    "modified_by_principal_id" : "2f873756d87a4ad1befc",
    "modified_by_principal_domain_id" : "default",
    "edited_on" : {
      "timestamp" : "31-Aug-2022 15:26:24",
      "year" : 2022,
      "month" : 7,
      "day_of_month" : 31,
      "hour" : 15,
      "minute" : 26,
      "second" : 24,
      "millisecond" : 131,
      "ms" : 1661959584131,
      "iso_8601" : "2022-08-31T15:26:24Z"
    },
    "edited_by" : "admin",
    "edited_by_principal_id" : "2f873756d87a4ad1befc",
    "edited_by_principal_domain_id" : "default"
  },
  "revision" : 41,
  "active" : true,
  "parents" : [ "40:a49f0a4647fae706fb7c" ],
  "branch" : "88810405bb84bac72aab"
}