{
  "_doc" : "123:68ad5052be711319ed47",
  "_system" : {
    "created_on" : {
      "timestamp" : "14-Feb-2019 15:33:31",
      "year" : 2019,
      "month" : 1,
      "day_of_month" : 14,
      "hour" : 15,
      "minute" : 33,
      "second" : 31,
      "millisecond" : 260,
      "ms" : 1550158411260,
      "iso_8601" : "2019-02-14T15:33:31Z"
    },
    "created_by" : "system",
    "created_by_principal_id" : "system",
    "created_by_principal_domain_id" : null,
    "modified_on" : {
      "timestamp" : "14-Feb-2019 15:33:31",
      "year" : 2019,
      "month" : 1,
      "day_of_month" : 14,
      "hour" : 15,
      "minute" : 33,
      "second" : 31,
      "millisecond" : 475,
      "ms" : 1550158411475,
      "iso_8601" : "2019-02-14T15:33:31Z"
    },
    "modified_by" : "system",
    "modified_by_principal_id" : "system",
    "modified_by_principal_domain_id" : null,
    "edited_on" : {
      "timestamp" : "14-Feb-2019 15:33:31",
      "year" : 2019,
      "month" : 1,
      "day_of_month" : 14,
      "hour" : 15,
      "minute" : 33,
      "second" : 31,
      "millisecond" : 260,
      "ms" : 1550158411260,
      "iso_8601" : "2019-02-14T15:33:31Z"
    },
    "edited_by" : "system",
    "edited_by_principal_id" : "system",
    "edited_by_principal_domain_id" : null
  },
  "revision" : 123,
  "active" : true,
  "parents" : [ "122:0bd778a1d4a703d9d4b1" ],
  "branch" : "4a11b3490f5cf2a8a2b7"
}