{
  "_system" : {
    "deleted" : false,
    "changeset" : "4:84c2a0a3ae706c9eb0f1",
    "created_on" : {
      "timestamp" : "26-Nov-2021 22:42:33",
      "year" : 2021,
      "month" : 10,
      "day_of_month" : 26,
      "hour" : 22,
      "minute" : 42,
      "second" : 33,
      "millisecond" : 437,
      "ms" : 1637984553437,
      "iso_8601" : "2021-11-26T22:42:33-05:00"
    },
    "created_by" : "admin",
    "created_by_principal_id" : "5bef34d1ea45b9e98ee7",
    "created_by_principal_domain_id" : "default",
    "modified_on" : {
      "timestamp" : "26-Nov-2021 22:42:33",
      "year" : 2021,
      "month" : 10,
      "day_of_month" : 26,
      "hour" : 22,
      "minute" : 42,
      "second" : 33,
      "millisecond" : 550,
      "ms" : 1637984553550,
      "iso_8601" : "2021-11-26T22:42:33-05:00"
    },
    "modified_by" : "admin",
    "modified_by_principal_id" : "5bef34d1ea45b9e98ee7",
    "modified_by_principal_domain_id" : "default",
    "edited_on" : {
      "timestamp" : "26-Nov-2021 22:42:33",
      "year" : 2021,
      "month" : 10,
      "day_of_month" : 26,
      "hour" : 22,
      "minute" : 42,
      "second" : 33,
      "millisecond" : 550,
      "ms" : 1637984553550,
      "iso_8601" : "2021-11-26T22:42:33-05:00"
    },
    "edited_by" : "admin",
    "edited_by_principal_id" : "5bef34d1ea45b9e98ee7",
    "edited_by_principal_domain_id" : "default",
    "rev" : 4,
    "branch" : "9bc800c8fc0417d3210c",
    "_op" : "create",
    "attachments" : {
      "default" : {
        "contentType" : "image/png",
        "length" : 6080,
        "objectId" : "attachment_7e89144655f057450850_77939de1946578da4d8b",
        "filename" : "default"
      }
    }
  },
  "_doc" : "7e89144655f057450850",
  "_qname" : "o:7e89144655f057450850",
  "_type" : "n:node",
  "_features" : {
    "f:audit" : { },
    "f:titled" : { },
    "f:filename" : {
      "filename" : "logo.png"
    },
    "f:geolocation" : { },
    "f:indexable" : { }
  },
  "title" : "logo.png"
}