{
  "_type" : "a:child",
  "directionality" : "DIRECTED",
  "source_type" : "n:node",
  "source" : "8265997da1164a95a363",
  "target_type" : "n:node",
  "target" : "e74976275bd24043b1d0",
  "_qname" : "o:68f5a8fe90ea41b2a451",
  "_doc" : "68f5a8fe90ea41b2a451",
  "_system" : {
    "deleted" : false,
    "changeset" : "9:3b664005a314cd703f2e",
    "created_on" : {
      "timestamp" : "19-Nov-2021 22:41:10",
      "year" : 2021,
      "month" : 10,
      "day_of_month" : 19,
      "hour" : 22,
      "minute" : 41,
      "second" : 10,
      "millisecond" : 184,
      "ms" : 1637379670184,
      "iso_8601" : "2021-11-19T22:41:10-05:00"
    },
    "created_by" : "admin",
    "created_by_principal_id" : "e319a2cd626b671ba7f7",
    "created_by_principal_domain_id" : "default",
    "modified_on" : {
      "timestamp" : "19-Nov-2021 22:41:11",
      "year" : 2021,
      "month" : 10,
      "day_of_month" : 19,
      "hour" : 22,
      "minute" : 41,
      "second" : 11,
      "millisecond" : 541,
      "ms" : 1637379671541,
      "iso_8601" : "2021-11-19T22:41:11-05:00"
    },
    "modified_by" : "admin",
    "modified_by_principal_id" : "e319a2cd626b671ba7f7",
    "modified_by_principal_domain_id" : "default",
    "edited_on" : {
      "timestamp" : "19-Nov-2021 22:41:11",
      "year" : 2021,
      "month" : 10,
      "day_of_month" : 19,
      "hour" : 22,
      "minute" : 41,
      "second" : 11,
      "millisecond" : 541,
      "ms" : 1637379671541,
      "iso_8601" : "2021-11-19T22:41:11-05:00"
    },
    "edited_by" : "admin",
    "edited_by_principal_id" : "e319a2cd626b671ba7f7",
    "edited_by_principal_domain_id" : "default",
    "rev" : 9,
    "branch" : "d13c41461bea0e1eaef1",
    "_op" : "create"
  }
}