{
  "_system" : {
    "deleted" : false,
    "changeset" : "10:fd29b89dcb4dad7f9567",
    "created_on" : {
      "timestamp" : "20-Oct-2021 00:03:32",
      "year" : 2021,
      "month" : 9,
      "day_of_month" : 20,
      "hour" : 0,
      "minute" : 3,
      "second" : 32,
      "millisecond" : 827,
      "ms" : 1634702612827,
      "iso_8601" : "2021-10-20T00:03:32-04:00"
    },
    "created_by" : "admin",
    "created_by_principal_id" : "2a7c6669601b1ba4c958",
    "created_by_principal_domain_id" : "default",
    "modified_on" : {
      "timestamp" : "20-Oct-2021 00:03:32",
      "year" : 2021,
      "month" : 9,
      "day_of_month" : 20,
      "hour" : 0,
      "minute" : 3,
      "second" : 32,
      "millisecond" : 898,
      "ms" : 1634702612898,
      "iso_8601" : "2021-10-20T00:03:32-04:00"
    },
    "modified_by" : "admin",
    "modified_by_principal_id" : "2a7c6669601b1ba4c958",
    "modified_by_principal_domain_id" : "default",
    "edited_on" : {
      "timestamp" : "20-Oct-2021 00:03:32",
      "year" : 2021,
      "month" : 9,
      "day_of_month" : 20,
      "hour" : 0,
      "minute" : 3,
      "second" : 32,
      "millisecond" : 898,
      "ms" : 1634702612898,
      "iso_8601" : "2021-10-20T00:03:32-04:00"
    },
    "edited_by" : "admin",
    "edited_by_principal_id" : "2a7c6669601b1ba4c958",
    "edited_by_principal_domain_id" : "default",
    "rev" : 10,
    "branch" : "a73f26b4127e018473e1",
    "_op" : "create"
  },
  "_doc" : "13daa8a67726a180213e",
  "_qname" : "o:13daa8a67726a180213e",
  "_type" : "a:linked",
  "directionality" : "DIRECTED",
  "_features" : {
    "f:audit" : { },
    "f:indexable" : { }
  },
  "source_type" : "n:node",
  "source" : "821c40ab613d9b5bcbbc656b62229303",
  "target_type" : "n:person",
  "target" : "70b9b0264e20f45554b7"
}