{
  "_doc" : "26:9fc7ac229484e7455c6f",
  "_system" : {
    "created_on" : {
      "timestamp" : "17-Nov-2021 09:28:04",
      "year" : 2021,
      "month" : 10,
      "day_of_month" : 17,
      "hour" : 9,
      "minute" : 28,
      "second" : 4,
      "millisecond" : 991,
      "ms" : 1637159284991,
      "iso_8601" : "2021-11-17T09:28:04-05:00"
    },
    "created_by" : "admin",
    "created_by_principal_id" : "4dbc7eeadc99359ba687",
    "created_by_principal_domain_id" : "default",
    "modified_on" : {
      "timestamp" : "17-Nov-2021 09:28:05",
      "year" : 2021,
      "month" : 10,
      "day_of_month" : 17,
      "hour" : 9,
      "minute" : 28,
      "second" : 5,
      "millisecond" : 131,
      "ms" : 1637159285131,
      "iso_8601" : "2021-11-17T09:28:05-05:00"
    },
    "modified_by" : "admin",
    "modified_by_principal_id" : "4dbc7eeadc99359ba687",
    "modified_by_principal_domain_id" : "default",
    "edited_on" : {
      "timestamp" : "17-Nov-2021 09:28:05",
      "year" : 2021,
      "month" : 10,
      "day_of_month" : 17,
      "hour" : 9,
      "minute" : 28,
      "second" : 5,
      "millisecond" : 131,
      "ms" : 1637159285131,
      "iso_8601" : "2021-11-17T09:28:05-05:00"
    },
    "edited_by" : "admin",
    "edited_by_principal_id" : "4dbc7eeadc99359ba687",
    "edited_by_principal_domain_id" : "default"
  },
  "revision" : 26,
  "active" : true,
  "parents" : [ "25:fb9286367c80add296a6" ],
  "branch" : "921fd3299d530ef02309"
}