{
  "teamableObjectTypeId" : "stack",
  "teamableObjectId" : "010196bcf394fe8849b9",
  "key" : "project-appusers-team",
  "groupId" : "84681b3312b5651e563d",
  "groupDomainId" : "962ecda8e27eae5237d1",
  "roleKeys" : [ ],
  "title" : "Project Application Users",
  "description" : "Project Application Users Team",
  "_system" : {
    "created_on" : {
      "timestamp" : "15-Nov-2021 14:53:44",
      "year" : 2021,
      "month" : 10,
      "day_of_month" : 15,
      "hour" : 14,
      "minute" : 53,
      "second" : 44,
      "millisecond" : 617,
      "ms" : 1637006024617,
      "iso_8601" : "2021-11-15T14:53:44-05:00"
    },
    "created_by" : "admin",
    "created_by_principal_id" : "b9ed9753748864134424",
    "created_by_principal_domain_id" : "default",
    "modified_on" : {
      "timestamp" : "15-Nov-2021 14:53:44",
      "year" : 2021,
      "month" : 10,
      "day_of_month" : 15,
      "hour" : 14,
      "minute" : 53,
      "second" : 44,
      "millisecond" : 617,
      "ms" : 1637006024617,
      "iso_8601" : "2021-11-15T14:53:44-05:00"
    },
    "modified_by" : "admin",
    "modified_by_principal_id" : "b9ed9753748864134424",
    "modified_by_principal_domain_id" : "default",
    "edited_on" : {
      "timestamp" : "15-Nov-2021 14:53:44",
      "year" : 2021,
      "month" : 10,
      "day_of_month" : 15,
      "hour" : 14,
      "minute" : 53,
      "second" : 44,
      "millisecond" : 617,
      "ms" : 1637006024617,
      "iso_8601" : "2021-11-15T14:53:44-05:00"
    },
    "edited_by" : "admin",
    "edited_by_principal_id" : "b9ed9753748864134424",
    "edited_by_principal_domain_id" : "default"
  },
  "_doc" : "3d59d9c8975f52bdbaed"
}